<?xml version="1.0" encoding="UTF-8"?>
<gpx creator="StravaGPX" version="1.1" xmlns="http://www.topografix.com/GPX/1/1" xmlns:xsi="http://www.w3.org/2001/XMLSchema-instance" xsi:schemaLocation="http://www.topografix.com/GPX/1/1 http://www.topografix.com/GPX/1/1/gpx.xsd">
 <metadata>
  <time>2026-01-18T10:28:18Z</time>
 </metadata>
 <trk>
  <name>Afternoon Ride</name>
  <type>cycling</type>
  <trkseg>
   <trkpt lat="31.0009520" lon="75.7874970">
    <ele>235.6</ele>
    <time>2026-01-18T10:28:18Z</time>
   </trkpt>
   <trkpt lat="31.0009310" lon="75.7875050">
    <ele>235.7</ele>
    <time>2026-01-18T10:28:19Z</time>
   </trkpt>
   <trkpt lat="31.0009100" lon="75.7875130">
    <ele>235.7</ele>
    <time>2026-01-18T10:28:20Z</time>
   </trkpt>
   <trkpt lat="31.0008680" lon="75.7875240">
    <ele>235.7</ele>
    <time>2026-01-18T10:28:21Z</time>
   </trkpt>
   <trkpt lat="31.0008250" lon="75.7875320">
    <ele>235.7</ele>
    <time>2026-01-18T10:28:22Z</time>
   </trkpt>
   <trkpt lat="31.0007810" lon="75.7875450">
    <ele>235.8</ele>
    <time>2026-01-18T10:28:23Z</time>
   </trkpt>
   <trkpt lat="31.0007320" lon="75.7875590">
    <ele>235.8</ele>
    <time>2026-01-18T10:28:24Z</time>
   </trkpt>
   <trkpt lat="31.0006880" lon="75.7875710">
    <ele>235.9</ele>
    <time>2026-01-18T10:28:25Z</time>
   </trkpt>
   <trkpt lat="31.0006470" lon="75.7875730">
    <ele>236.0</ele>
    <time>2026-01-18T10:28:26Z</time>
   </trkpt>
   <trkpt lat="31.0006050" lon="75.7875840">
    <ele>236.0</ele>
    <time>2026-01-18T10:28:27Z</time>
   </trkpt>
   <trkpt lat="31.0005590" lon="75.7875970">
    <ele>236.1</ele>
    <time>2026-01-18T10:28:28Z</time>
   </trkpt>
   <trkpt lat="31.0005240" lon="75.7876030">
    <ele>236.1</ele>
    <time>2026-01-18T10:28:29Z</time>
   </trkpt>
   <trkpt lat="31.0004850" lon="75.7876130">
    <ele>236.2</ele>
    <time>2026-01-18T10:28:30Z</time>
   </trkpt>
   <trkpt lat="31.0004500" lon="75.7876200">
    <ele>236.2</ele>
    <time>2026-01-18T10:28:31Z</time>
   </trkpt>
   <trkpt lat="31.0004150" lon="75.7876320">
    <ele>236.2</ele>
    <time>2026-01-18T10:28:32Z</time>
   </trkpt>
   <trkpt lat="31.0003790" lon="75.7876400">
    <ele>236.3</ele>
    <time>2026-01-18T10:28:33Z</time>
   </trkpt>
   <trkpt lat="31.0003460" lon="75.7876490">
    <ele>236.3</ele>
    <time>2026-01-18T10:28:34Z</time>
   </trkpt>
   <trkpt lat="31.0003130" lon="75.7876550">
    <ele>236.4</ele>
    <time>2026-01-18T10:28:35Z</time>
   </trkpt>
   <trkpt lat="31.0002730" lon="75.7876650">
    <ele>236.4</ele>
    <time>2026-01-18T10:28:36Z</time>
   </trkpt>
   <trkpt lat="31.0002330" lon="75.7876770">
    <ele>236.5</ele>
    <time>2026-01-18T10:28:37Z</time>
   </trkpt>
   <trkpt lat="31.0001900" lon="75.7876900">
    <ele>236.5</ele>
    <time>2026-01-18T10:28:38Z</time>
   </trkpt>
   <trkpt lat="31.0001390" lon="75.7877040">
    <ele>236.6</ele>
    <time>2026-01-18T10:28:39Z</time>
   </trkpt>
   <trkpt lat="31.0000830" lon="75.7877170">
    <ele>236.7</ele>
    <time>2026-01-18T10:28:40Z</time>
   </trkpt>
   <trkpt lat="31.0000250" lon="75.7877330">
    <ele>236.7</ele>
    <time>2026-01-18T10:28:41Z</time>
   </trkpt>
   <trkpt lat="30.9999670" lon="75.7877450">
    <ele>236.8</ele>
    <time>2026-01-18T10:28:42Z</time>
   </trkpt>
   <trkpt lat="30.9999010" lon="75.7877610">
    <ele>236.9</ele>
    <time>2026-01-18T10:28:43Z</time>
   </trkpt>
   <trkpt lat="30.9998320" lon="75.7877800">
    <ele>237.0</ele>
    <time>2026-01-18T10:28:44Z</time>
   </trkpt>
   <trkpt lat="30.9997580" lon="75.7877940">
    <ele>237.1</ele>
    <time>2026-01-18T10:28:45Z</time>
   </trkpt>
   <trkpt lat="30.9996860" lon="75.7878150">
    <ele>237.1</ele>
    <time>2026-01-18T10:28:46Z</time>
   </trkpt>
   <trkpt lat="30.9996070" lon="75.7878380">
    <ele>237.2</ele>
    <time>2026-01-18T10:28:47Z</time>
   </trkpt>
   <trkpt lat="30.9995210" lon="75.7878590">
    <ele>237.3</ele>
    <time>2026-01-18T10:28:48Z</time>
   </trkpt>
   <trkpt lat="30.9994350" lon="75.7878790">
    <ele>237.3</ele>
    <time>2026-01-18T10:28:49Z</time>
   </trkpt>
   <trkpt lat="30.9993460" lon="75.7879000">
    <ele>237.4</ele>
    <time>2026-01-18T10:28:50Z</time>
   </trkpt>
   <trkpt lat="30.9992570" lon="75.7879270">
    <ele>237.5</ele>
    <time>2026-01-18T10:28:51Z</time>
   </trkpt>
   <trkpt lat="30.9991630" lon="75.7879510">
    <ele>237.6</ele>
    <time>2026-01-18T10:28:52Z</time>
   </trkpt>
   <trkpt lat="30.9990670" lon="75.7879780">
    <ele>237.7</ele>
    <time>2026-01-18T10:28:53Z</time>
   </trkpt>
   <trkpt lat="30.9989680" lon="75.7880030">
    <ele>237.8</ele>
    <time>2026-01-18T10:28:54Z</time>
   </trkpt>
   <trkpt lat="30.9988700" lon="75.7880260">
    <ele>237.9</ele>
    <time>2026-01-18T10:28:55Z</time>
   </trkpt>
   <trkpt lat="30.9987720" lon="75.7880510">
    <ele>238.0</ele>
    <time>2026-01-18T10:28:56Z</time>
   </trkpt>
   <trkpt lat="30.9986810" lon="75.7880770">
    <ele>238.0</ele>
    <time>2026-01-18T10:28:57Z</time>
   </trkpt>
   <trkpt lat="30.9985930" lon="75.7881040">
    <ele>238.1</ele>
    <time>2026-01-18T10:28:58Z</time>
   </trkpt>
   <trkpt lat="30.9985060" lon="75.7881290">
    <ele>238.2</ele>
    <time>2026-01-18T10:28:59Z</time>
   </trkpt>
   <trkpt lat="30.9984220" lon="75.7881490">
    <ele>238.3</ele>
    <time>2026-01-18T10:29:00Z</time>
   </trkpt>
   <trkpt lat="30.9983400" lon="75.7881680">
    <ele>238.4</ele>
    <time>2026-01-18T10:29:01Z</time>
   </trkpt>
   <trkpt lat="30.9982590" lon="75.7881880">
    <ele>238.5</ele>
    <time>2026-01-18T10:29:02Z</time>
   </trkpt>
   <trkpt lat="30.9981790" lon="75.7882110">
    <ele>238.6</ele>
    <time>2026-01-18T10:29:03Z</time>
   </trkpt>
   <trkpt lat="30.9980220" lon="75.7882490">
    <ele>238.7</ele>
    <time>2026-01-18T10:29:04Z</time>
   </trkpt>
   <trkpt lat="30.9979460" lon="75.7882690">
    <ele>238.8</ele>
    <time>2026-01-18T10:29:05Z</time>
   </trkpt>
   <trkpt lat="30.9978710" lon="75.7882890">
    <ele>238.9</ele>
    <time>2026-01-18T10:29:06Z</time>
   </trkpt>
   <trkpt lat="30.9978000" lon="75.7883110">
    <ele>238.9</ele>
    <time>2026-01-18T10:29:07Z</time>
   </trkpt>
   <trkpt lat="30.9977290" lon="75.7883260">
    <ele>239.0</ele>
    <time>2026-01-18T10:29:08Z</time>
   </trkpt>
   <trkpt lat="30.9976590" lon="75.7883400">
    <ele>239.1</ele>
    <time>2026-01-18T10:29:09Z</time>
   </trkpt>
   <trkpt lat="30.9975880" lon="75.7883560">
    <ele>239.1</ele>
    <time>2026-01-18T10:29:10Z</time>
   </trkpt>
   <trkpt lat="30.9975160" lon="75.7883710">
    <ele>239.2</ele>
    <time>2026-01-18T10:29:11Z</time>
   </trkpt>
   <trkpt lat="30.9974450" lon="75.7883900">
    <ele>239.2</ele>
    <time>2026-01-18T10:29:12Z</time>
   </trkpt>
   <trkpt lat="30.9973710" lon="75.7884080">
    <ele>239.2</ele>
    <time>2026-01-18T10:29:13Z</time>
   </trkpt>
   <trkpt lat="30.9972980" lon="75.7884280">
    <ele>239.3</ele>
    <time>2026-01-18T10:29:14Z</time>
   </trkpt>
   <trkpt lat="30.9972280" lon="75.7884480">
    <ele>239.3</ele>
    <time>2026-01-18T10:29:15Z</time>
   </trkpt>
   <trkpt lat="30.9971600" lon="75.7884670">
    <ele>239.3</ele>
    <time>2026-01-18T10:29:16Z</time>
   </trkpt>
   <trkpt lat="30.9970910" lon="75.7884870">
    <ele>239.3</ele>
    <time>2026-01-18T10:29:17Z</time>
   </trkpt>
   <trkpt lat="30.9970190" lon="75.7885070">
    <ele>239.2</ele>
    <time>2026-01-18T10:29:18Z</time>
   </trkpt>
   <trkpt lat="30.9969450" lon="75.7885260">
    <ele>239.2</ele>
    <time>2026-01-18T10:29:19Z</time>
   </trkpt>
   <trkpt lat="30.9968730" lon="75.7885450">
    <ele>239.2</ele>
    <time>2026-01-18T10:29:20Z</time>
   </trkpt>
   <trkpt lat="30.9968050" lon="75.7885660">
    <ele>239.2</ele>
    <time>2026-01-18T10:29:21Z</time>
   </trkpt>
   <trkpt lat="30.9967330" lon="75.7885840">
    <ele>239.2</ele>
    <time>2026-01-18T10:29:22Z</time>
   </trkpt>
   <trkpt lat="30.9966610" lon="75.7886010">
    <ele>239.2</ele>
    <time>2026-01-18T10:29:23Z</time>
   </trkpt>
   <trkpt lat="30.9965890" lon="75.7886220">
    <ele>239.1</ele>
    <time>2026-01-18T10:29:24Z</time>
   </trkpt>
   <trkpt lat="30.9965140" lon="75.7886420">
    <ele>239.1</ele>
    <time>2026-01-18T10:29:25Z</time>
   </trkpt>
   <trkpt lat="30.9964420" lon="75.7886640">
    <ele>239.1</ele>
    <time>2026-01-18T10:29:26Z</time>
   </trkpt>
   <trkpt lat="30.9963680" lon="75.7886850">
    <ele>239.1</ele>
    <time>2026-01-18T10:29:27Z</time>
   </trkpt>
   <trkpt lat="30.9962920" lon="75.7887000">
    <ele>239.1</ele>
    <time>2026-01-18T10:29:28Z</time>
   </trkpt>
   <trkpt lat="30.9962130" lon="75.7887160">
    <ele>239.0</ele>
    <time>2026-01-18T10:29:29Z</time>
   </trkpt>
   <trkpt lat="30.9961350" lon="75.7887290">
    <ele>239.0</ele>
    <time>2026-01-18T10:29:30Z</time>
   </trkpt>
   <trkpt lat="30.9960610" lon="75.7887480">
    <ele>239.0</ele>
    <time>2026-01-18T10:29:31Z</time>
   </trkpt>
   <trkpt lat="30.9959850" lon="75.7887800">
    <ele>239.0</ele>
    <time>2026-01-18T10:29:32Z</time>
   </trkpt>
   <trkpt lat="30.9959080" lon="75.7888090">
    <ele>239.0</ele>
    <time>2026-01-18T10:29:33Z</time>
   </trkpt>
   <trkpt lat="30.9958280" lon="75.7888280">
    <ele>239.0</ele>
    <time>2026-01-18T10:29:34Z</time>
   </trkpt>
   <trkpt lat="30.9957500" lon="75.7888520">
    <ele>239.0</ele>
    <time>2026-01-18T10:29:35Z</time>
   </trkpt>
   <trkpt lat="30.9956680" lon="75.7888750">
    <ele>239.0</ele>
    <time>2026-01-18T10:29:36Z</time>
   </trkpt>
   <trkpt lat="30.9955820" lon="75.7888970">
    <ele>239.0</ele>
    <time>2026-01-18T10:29:37Z</time>
   </trkpt>
   <trkpt lat="30.9954940" lon="75.7889190">
    <ele>239.0</ele>
    <time>2026-01-18T10:29:38Z</time>
   </trkpt>
   <trkpt lat="30.9954100" lon="75.7889460">
    <ele>239.0</ele>
    <time>2026-01-18T10:29:39Z</time>
   </trkpt>
   <trkpt lat="30.9953240" lon="75.7889730">
    <ele>239.0</ele>
    <time>2026-01-18T10:29:40Z</time>
   </trkpt>
   <trkpt lat="30.9952370" lon="75.7889950">
    <ele>239.0</ele>
    <time>2026-01-18T10:29:41Z</time>
   </trkpt>
   <trkpt lat="30.9951470" lon="75.7890170">
    <ele>239.0</ele>
    <time>2026-01-18T10:29:42Z</time>
   </trkpt>
   <trkpt lat="30.9950640" lon="75.7890440">
    <ele>239.0</ele>
    <time>2026-01-18T10:29:43Z</time>
   </trkpt>
   <trkpt lat="30.9949790" lon="75.7890680">
    <ele>239.1</ele>
    <time>2026-01-18T10:29:44Z</time>
   </trkpt>
   <trkpt lat="30.9948940" lon="75.7890900">
    <ele>239.1</ele>
    <time>2026-01-18T10:29:45Z</time>
   </trkpt>
   <trkpt lat="30.9948100" lon="75.7891130">
    <ele>239.1</ele>
    <time>2026-01-18T10:29:46Z</time>
   </trkpt>
   <trkpt lat="30.9947290" lon="75.7891380">
    <ele>239.0</ele>
    <time>2026-01-18T10:29:47Z</time>
   </trkpt>
   <trkpt lat="30.9946450" lon="75.7891610">
    <ele>239.0</ele>
    <time>2026-01-18T10:29:48Z</time>
   </trkpt>
   <trkpt lat="30.9945600" lon="75.7891840">
    <ele>239.0</ele>
    <time>2026-01-18T10:29:49Z</time>
   </trkpt>
   <trkpt lat="30.9944770" lon="75.7892080">
    <ele>239.0</ele>
    <time>2026-01-18T10:29:50Z</time>
   </trkpt>
   <trkpt lat="30.9943980" lon="75.7892300">
    <ele>238.9</ele>
    <time>2026-01-18T10:29:51Z</time>
   </trkpt>
   <trkpt lat="30.9943160" lon="75.7892490">
    <ele>238.9</ele>
    <time>2026-01-18T10:29:52Z</time>
   </trkpt>
   <trkpt lat="30.9942330" lon="75.7892740">
    <ele>238.9</ele>
    <time>2026-01-18T10:29:53Z</time>
   </trkpt>
   <trkpt lat="30.9941500" lon="75.7892950">
    <ele>238.9</ele>
    <time>2026-01-18T10:29:54Z</time>
   </trkpt>
   <trkpt lat="30.9940710" lon="75.7893210">
    <ele>238.9</ele>
    <time>2026-01-18T10:29:55Z</time>
   </trkpt>
   <trkpt lat="30.9939900" lon="75.7893440">
    <ele>238.9</ele>
    <time>2026-01-18T10:29:56Z</time>
   </trkpt>
   <trkpt lat="30.9939100" lon="75.7893620">
    <ele>238.9</ele>
    <time>2026-01-18T10:29:57Z</time>
   </trkpt>
   <trkpt lat="30.9938350" lon="75.7893810">
    <ele>238.9</ele>
    <time>2026-01-18T10:29:58Z</time>
   </trkpt>
   <trkpt lat="30.9937800" lon="75.7893960">
    <ele>238.9</ele>
    <time>2026-01-18T10:29:59Z</time>
   </trkpt>
   <trkpt lat="30.9937260" lon="75.7894100">
    <ele>239.0</ele>
    <time>2026-01-18T10:30:00Z</time>
   </trkpt>
   <trkpt lat="30.9936750" lon="75.7894280">
    <ele>239.0</ele>
    <time>2026-01-18T10:30:01Z</time>
   </trkpt>
   <trkpt lat="30.9936200" lon="75.7894420">
    <ele>239.0</ele>
    <time>2026-01-18T10:30:02Z</time>
   </trkpt>
   <trkpt lat="30.9935640" lon="75.7894570">
    <ele>238.9</ele>
    <time>2026-01-18T10:30:03Z</time>
   </trkpt>
   <trkpt lat="30.9935100" lon="75.7894740">
    <ele>238.9</ele>
    <time>2026-01-18T10:30:04Z</time>
   </trkpt>
   <trkpt lat="30.9934650" lon="75.7894850">
    <ele>238.9</ele>
    <time>2026-01-18T10:30:05Z</time>
   </trkpt>
   <trkpt lat="30.9934270" lon="75.7894990">
    <ele>238.9</ele>
    <time>2026-01-18T10:30:06Z</time>
   </trkpt>
   <trkpt lat="30.9933920" lon="75.7895120">
    <ele>238.9</ele>
    <time>2026-01-18T10:30:07Z</time>
   </trkpt>
   <trkpt lat="30.9933550" lon="75.7895200">
    <ele>238.9</ele>
    <time>2026-01-18T10:30:08Z</time>
   </trkpt>
   <trkpt lat="30.9933160" lon="75.7895300">
    <ele>238.9</ele>
    <time>2026-01-18T10:30:09Z</time>
   </trkpt>
   <trkpt lat="30.9932730" lon="75.7895420">
    <ele>238.9</ele>
    <time>2026-01-18T10:30:10Z</time>
   </trkpt>
   <trkpt lat="30.9932300" lon="75.7895560">
    <ele>239.0</ele>
    <time>2026-01-18T10:30:11Z</time>
   </trkpt>
   <trkpt lat="30.9931880" lon="75.7895690">
    <ele>239.0</ele>
    <time>2026-01-18T10:30:12Z</time>
   </trkpt>
   <trkpt lat="30.9931490" lon="75.7895800">
    <ele>239.0</ele>
    <time>2026-01-18T10:30:13Z</time>
   </trkpt>
   <trkpt lat="30.9931050" lon="75.7895900">
    <ele>239.0</ele>
    <time>2026-01-18T10:30:15Z</time>
   </trkpt>
   <trkpt lat="30.9930580" lon="75.7896000">
    <ele>239.0</ele>
    <time>2026-01-18T10:30:16Z</time>
   </trkpt>
   <trkpt lat="30.9930090" lon="75.7896130">
    <ele>239.0</ele>
    <time>2026-01-18T10:30:17Z</time>
   </trkpt>
   <trkpt lat="30.9929600" lon="75.7896270">
    <ele>239.1</ele>
    <time>2026-01-18T10:30:18Z</time>
   </trkpt>
   <trkpt lat="30.9929140" lon="75.7896390">
    <ele>239.1</ele>
    <time>2026-01-18T10:30:19Z</time>
   </trkpt>
   <trkpt lat="30.9928790" lon="75.7896490">
    <ele>239.1</ele>
    <time>2026-01-18T10:30:20Z</time>
   </trkpt>
   <trkpt lat="30.9928470" lon="75.7896580">
    <ele>239.1</ele>
    <time>2026-01-18T10:30:21Z</time>
   </trkpt>
   <trkpt lat="30.9928170" lon="75.7896610">
    <ele>239.1</ele>
    <time>2026-01-18T10:30:22Z</time>
   </trkpt>
   <trkpt lat="30.9927840" lon="75.7896680">
    <ele>239.1</ele>
    <time>2026-01-18T10:30:23Z</time>
   </trkpt>
   <trkpt lat="30.9927460" lon="75.7896860">
    <ele>239.1</ele>
    <time>2026-01-18T10:30:24Z</time>
   </trkpt>
   <trkpt lat="30.9927050" lon="75.7896990">
    <ele>239.1</ele>
    <time>2026-01-18T10:30:25Z</time>
   </trkpt>
   <trkpt lat="30.9926660" lon="75.7897090">
    <ele>239.1</ele>
    <time>2026-01-18T10:30:26Z</time>
   </trkpt>
   <trkpt lat="30.9926190" lon="75.7897210">
    <ele>239.1</ele>
    <time>2026-01-18T10:30:27Z</time>
   </trkpt>
   <trkpt lat="30.9925740" lon="75.7897350">
    <ele>239.1</ele>
    <time>2026-01-18T10:30:28Z</time>
   </trkpt>
   <trkpt lat="30.9925240" lon="75.7897490">
    <ele>239.1</ele>
    <time>2026-01-18T10:30:29Z</time>
   </trkpt>
   <trkpt lat="30.9924750" lon="75.7897600">
    <ele>239.2</ele>
    <time>2026-01-18T10:30:30Z</time>
   </trkpt>
   <trkpt lat="30.9924300" lon="75.7897730">
    <ele>239.2</ele>
    <time>2026-01-18T10:30:31Z</time>
   </trkpt>
   <trkpt lat="30.9923800" lon="75.7897850">
    <ele>239.2</ele>
    <time>2026-01-18T10:30:32Z</time>
   </trkpt>
   <trkpt lat="30.9923300" lon="75.7898000">
    <ele>239.2</ele>
    <time>2026-01-18T10:30:33Z</time>
   </trkpt>
   <trkpt lat="30.9922740" lon="75.7898150">
    <ele>239.2</ele>
    <time>2026-01-18T10:30:34Z</time>
   </trkpt>
   <trkpt lat="30.9922240" lon="75.7898310">
    <ele>239.2</ele>
    <time>2026-01-18T10:30:35Z</time>
   </trkpt>
   <trkpt lat="30.9921700" lon="75.7898460">
    <ele>239.2</ele>
    <time>2026-01-18T10:30:36Z</time>
   </trkpt>
   <trkpt lat="30.9921240" lon="75.7898600">
    <ele>239.2</ele>
    <time>2026-01-18T10:30:37Z</time>
   </trkpt>
   <trkpt lat="30.9920920" lon="75.7898660">
    <ele>239.2</ele>
    <time>2026-01-18T10:30:38Z</time>
   </trkpt>
   <trkpt lat="30.9920550" lon="75.7898740">
    <ele>239.2</ele>
    <time>2026-01-18T10:30:39Z</time>
   </trkpt>
   <trkpt lat="30.9920140" lon="75.7898780">
    <ele>239.2</ele>
    <time>2026-01-18T10:30:40Z</time>
   </trkpt>
   <trkpt lat="30.9919680" lon="75.7898950">
    <ele>239.2</ele>
    <time>2026-01-18T10:30:41Z</time>
   </trkpt>
   <trkpt lat="30.9919230" lon="75.7899090">
    <ele>239.2</ele>
    <time>2026-01-18T10:30:42Z</time>
   </trkpt>
   <trkpt lat="30.9918690" lon="75.7899250">
    <ele>239.2</ele>
    <time>2026-01-18T10:30:43Z</time>
   </trkpt>
   <trkpt lat="30.9918180" lon="75.7899370">
    <ele>239.2</ele>
    <time>2026-01-18T10:30:44Z</time>
   </trkpt>
   <trkpt lat="30.9917700" lon="75.7899550">
    <ele>239.2</ele>
    <time>2026-01-18T10:30:45Z</time>
   </trkpt>
   <trkpt lat="30.9917300" lon="75.7899620">
    <ele>239.2</ele>
    <time>2026-01-18T10:30:46Z</time>
   </trkpt>
   <trkpt lat="30.9916950" lon="75.7899710">
    <ele>239.2</ele>
    <time>2026-01-18T10:30:47Z</time>
   </trkpt>
   <trkpt lat="30.9916820" lon="75.7899740">
    <ele>239.2</ele>
    <time>2026-01-18T10:30:48Z</time>
   </trkpt>
   <trkpt lat="30.9916520" lon="75.7899820">
    <ele>239.2</ele>
    <time>2026-01-18T10:30:49Z</time>
   </trkpt>
   <trkpt lat="30.9916230" lon="75.7899910">
    <ele>239.2</ele>
    <time>2026-01-18T10:30:50Z</time>
   </trkpt>
   <trkpt lat="30.9915880" lon="75.7900020">
    <ele>239.2</ele>
    <time>2026-01-18T10:30:51Z</time>
   </trkpt>
   <trkpt lat="30.9915770" lon="75.7900050">
    <ele>239.2</ele>
    <time>2026-01-18T10:30:52Z</time>
   </trkpt>
   <trkpt lat="30.9915390" lon="75.7900150">
    <ele>239.2</ele>
    <time>2026-01-18T10:30:53Z</time>
   </trkpt>
   <trkpt lat="30.9915250" lon="75.7900190">
    <ele>239.2</ele>
    <time>2026-01-18T10:30:54Z</time>
   </trkpt>
   <trkpt lat="30.9914960" lon="75.7900280">
    <ele>239.2</ele>
    <time>2026-01-18T10:30:55Z</time>
   </trkpt>
   <trkpt lat="30.9914620" lon="75.7900380">
    <ele>239.2</ele>
    <time>2026-01-18T10:30:56Z</time>
   </trkpt>
   <trkpt lat="30.9914290" lon="75.7900460">
    <ele>239.2</ele>
    <time>2026-01-18T10:30:57Z</time>
   </trkpt>
   <trkpt lat="30.9913860" lon="75.7900570">
    <ele>239.2</ele>
    <time>2026-01-18T10:30:58Z</time>
   </trkpt>
   <trkpt lat="30.9913590" lon="75.7900650">
    <ele>239.2</ele>
    <time>2026-01-18T10:30:59Z</time>
   </trkpt>
   <trkpt lat="30.9913320" lon="75.7900740">
    <ele>239.2</ele>
    <time>2026-01-18T10:31:00Z</time>
   </trkpt>
   <trkpt lat="30.9913230" lon="75.7900750">
    <ele>239.2</ele>
    <time>2026-01-18T10:31:01Z</time>
   </trkpt>
   <trkpt lat="30.9912930" lon="75.7900820">
    <ele>239.2</ele>
    <time>2026-01-18T10:31:02Z</time>
   </trkpt>
   <trkpt lat="30.9912820" lon="75.7900850">
    <ele>239.2</ele>
    <time>2026-01-18T10:31:03Z</time>
   </trkpt>
   <trkpt lat="30.9912440" lon="75.7900950">
    <ele>239.2</ele>
    <time>2026-01-18T10:31:04Z</time>
   </trkpt>
   <trkpt lat="30.9912310" lon="75.7900990">
    <ele>239.2</ele>
    <time>2026-01-18T10:31:05Z</time>
   </trkpt>
   <trkpt lat="30.9911940" lon="75.7901080">
    <ele>239.2</ele>
    <time>2026-01-18T10:31:06Z</time>
   </trkpt>
   <trkpt lat="30.9911790" lon="75.7901120">
    <ele>239.2</ele>
    <time>2026-01-18T10:31:07Z</time>
   </trkpt>
   <trkpt lat="30.9911540" lon="75.7901190">
    <ele>239.2</ele>
    <time>2026-01-18T10:31:08Z</time>
   </trkpt>
   <trkpt lat="30.9911240" lon="75.7901280">
    <ele>239.2</ele>
    <time>2026-01-18T10:31:09Z</time>
   </trkpt>
   <trkpt lat="30.9911150" lon="75.7901310">
    <ele>239.2</ele>
    <time>2026-01-18T10:31:10Z</time>
   </trkpt>
   <trkpt lat="30.9910760" lon="75.7901410">
    <ele>239.2</ele>
    <time>2026-01-18T10:31:11Z</time>
   </trkpt>
   <trkpt lat="30.9910600" lon="75.7901450">
    <ele>239.2</ele>
    <time>2026-01-18T10:31:12Z</time>
   </trkpt>
   <trkpt lat="30.9910200" lon="75.7901520">
    <ele>239.2</ele>
    <time>2026-01-18T10:31:13Z</time>
   </trkpt>
   <trkpt lat="30.9909750" lon="75.7901580">
    <ele>239.2</ele>
    <time>2026-01-18T10:31:14Z</time>
   </trkpt>
   <trkpt lat="30.9909310" lon="75.7901740">
    <ele>239.2</ele>
    <time>2026-01-18T10:31:15Z</time>
   </trkpt>
   <trkpt lat="30.9908860" lon="75.7901960">
    <ele>239.2</ele>
    <time>2026-01-18T10:31:16Z</time>
   </trkpt>
   <trkpt lat="30.9908360" lon="75.7902130">
    <ele>239.2</ele>
    <time>2026-01-18T10:31:17Z</time>
   </trkpt>
   <trkpt lat="30.9907850" lon="75.7902310">
    <ele>239.2</ele>
    <time>2026-01-18T10:31:18Z</time>
   </trkpt>
   <trkpt lat="30.9907310" lon="75.7902470">
    <ele>239.2</ele>
    <time>2026-01-18T10:31:19Z</time>
   </trkpt>
   <trkpt lat="30.9906790" lon="75.7902620">
    <ele>239.2</ele>
    <time>2026-01-18T10:31:20Z</time>
   </trkpt>
   <trkpt lat="30.9906270" lon="75.7902760">
    <ele>239.2</ele>
    <time>2026-01-18T10:31:21Z</time>
   </trkpt>
   <trkpt lat="30.9905720" lon="75.7902910">
    <ele>239.2</ele>
    <time>2026-01-18T10:31:22Z</time>
   </trkpt>
   <trkpt lat="30.9905170" lon="75.7903050">
    <ele>239.1</ele>
    <time>2026-01-18T10:31:23Z</time>
   </trkpt>
   <trkpt lat="30.9904600" lon="75.7903200">
    <ele>239.1</ele>
    <time>2026-01-18T10:31:24Z</time>
   </trkpt>
   <trkpt lat="30.9904010" lon="75.7903370">
    <ele>239.0</ele>
    <time>2026-01-18T10:31:25Z</time>
   </trkpt>
   <trkpt lat="30.9903420" lon="75.7903530">
    <ele>239.0</ele>
    <time>2026-01-18T10:31:26Z</time>
   </trkpt>
   <trkpt lat="30.9902780" lon="75.7903700">
    <ele>238.9</ele>
    <time>2026-01-18T10:31:27Z</time>
   </trkpt>
   <trkpt lat="30.9902150" lon="75.7903890">
    <ele>238.8</ele>
    <time>2026-01-18T10:31:28Z</time>
   </trkpt>
   <trkpt lat="30.9901530" lon="75.7904090">
    <ele>238.8</ele>
    <time>2026-01-18T10:31:29Z</time>
   </trkpt>
   <trkpt lat="30.9900930" lon="75.7904330">
    <ele>238.7</ele>
    <time>2026-01-18T10:31:30Z</time>
   </trkpt>
   <trkpt lat="30.9900330" lon="75.7904600">
    <ele>238.7</ele>
    <time>2026-01-18T10:31:31Z</time>
   </trkpt>
   <trkpt lat="30.9899740" lon="75.7904920">
    <ele>238.6</ele>
    <time>2026-01-18T10:31:32Z</time>
   </trkpt>
   <trkpt lat="30.9899150" lon="75.7905240">
    <ele>238.6</ele>
    <time>2026-01-18T10:31:33Z</time>
   </trkpt>
   <trkpt lat="30.9898600" lon="75.7905590">
    <ele>238.6</ele>
    <time>2026-01-18T10:31:34Z</time>
   </trkpt>
   <trkpt lat="30.9898080" lon="75.7905980">
    <ele>238.5</ele>
    <time>2026-01-18T10:31:35Z</time>
   </trkpt>
   <trkpt lat="30.9897560" lon="75.7906370">
    <ele>238.5</ele>
    <time>2026-01-18T10:31:36Z</time>
   </trkpt>
   <trkpt lat="30.9897030" lon="75.7906730">
    <ele>238.5</ele>
    <time>2026-01-18T10:31:37Z</time>
   </trkpt>
   <trkpt lat="30.9896500" lon="75.7907030">
    <ele>238.4</ele>
    <time>2026-01-18T10:31:38Z</time>
   </trkpt>
   <trkpt lat="30.9895990" lon="75.7907320">
    <ele>238.4</ele>
    <time>2026-01-18T10:31:39Z</time>
   </trkpt>
   <trkpt lat="30.9895450" lon="75.7907600">
    <ele>238.4</ele>
    <time>2026-01-18T10:31:40Z</time>
   </trkpt>
   <trkpt lat="30.9894930" lon="75.7907860">
    <ele>238.4</ele>
    <time>2026-01-18T10:31:41Z</time>
   </trkpt>
   <trkpt lat="30.9894420" lon="75.7908140">
    <ele>238.3</ele>
    <time>2026-01-18T10:31:42Z</time>
   </trkpt>
   <trkpt lat="30.9893910" lon="75.7908420">
    <ele>238.3</ele>
    <time>2026-01-18T10:31:43Z</time>
   </trkpt>
   <trkpt lat="30.9893420" lon="75.7908720">
    <ele>238.3</ele>
    <time>2026-01-18T10:31:44Z</time>
   </trkpt>
   <trkpt lat="30.9892960" lon="75.7909090">
    <ele>238.3</ele>
    <time>2026-01-18T10:31:45Z</time>
   </trkpt>
   <trkpt lat="30.9892490" lon="75.7909480">
    <ele>238.2</ele>
    <time>2026-01-18T10:31:46Z</time>
   </trkpt>
   <trkpt lat="30.9891980" lon="75.7909890">
    <ele>238.2</ele>
    <time>2026-01-18T10:31:47Z</time>
   </trkpt>
   <trkpt lat="30.9891500" lon="75.7910270">
    <ele>238.2</ele>
    <time>2026-01-18T10:31:48Z</time>
   </trkpt>
   <trkpt lat="30.9891010" lon="75.7910660">
    <ele>238.1</ele>
    <time>2026-01-18T10:31:49Z</time>
   </trkpt>
   <trkpt lat="30.9890540" lon="75.7911030">
    <ele>238.0</ele>
    <time>2026-01-18T10:31:50Z</time>
   </trkpt>
   <trkpt lat="30.9890060" lon="75.7911390">
    <ele>238.0</ele>
    <time>2026-01-18T10:31:51Z</time>
   </trkpt>
   <trkpt lat="30.9889570" lon="75.7911760">
    <ele>237.9</ele>
    <time>2026-01-18T10:31:52Z</time>
   </trkpt>
   <trkpt lat="30.9889080" lon="75.7912150">
    <ele>238.0</ele>
    <time>2026-01-18T10:31:53Z</time>
   </trkpt>
   <trkpt lat="30.9888590" lon="75.7912530">
    <ele>238.0</ele>
    <time>2026-01-18T10:31:54Z</time>
   </trkpt>
   <trkpt lat="30.9888130" lon="75.7912890">
    <ele>238.0</ele>
    <time>2026-01-18T10:31:55Z</time>
   </trkpt>
   <trkpt lat="30.9887860" lon="75.7913260">
    <ele>238.1</ele>
    <time>2026-01-18T10:31:56Z</time>
   </trkpt>
   <trkpt lat="30.9887530" lon="75.7913420">
    <ele>238.1</ele>
    <time>2026-01-18T10:31:57Z</time>
   </trkpt>
   <trkpt lat="30.9887290" lon="75.7913560">
    <ele>238.1</ele>
    <time>2026-01-18T10:31:58Z</time>
   </trkpt>
   <trkpt lat="30.9887040" lon="75.7913690">
    <ele>238.2</ele>
    <time>2026-01-18T10:31:59Z</time>
   </trkpt>
   <trkpt lat="30.9886730" lon="75.7913830">
    <ele>238.2</ele>
    <time>2026-01-18T10:32:00Z</time>
   </trkpt>
   <trkpt lat="30.9886390" lon="75.7913920">
    <ele>238.2</ele>
    <time>2026-01-18T10:32:01Z</time>
   </trkpt>
   <trkpt lat="30.9886000" lon="75.7914050">
    <ele>238.2</ele>
    <time>2026-01-18T10:32:02Z</time>
   </trkpt>
   <trkpt lat="30.9885520" lon="75.7914210">
    <ele>238.2</ele>
    <time>2026-01-18T10:32:03Z</time>
   </trkpt>
   <trkpt lat="30.9885040" lon="75.7914350">
    <ele>238.2</ele>
    <time>2026-01-18T10:32:04Z</time>
   </trkpt>
   <trkpt lat="30.9884560" lon="75.7914510">
    <ele>238.2</ele>
    <time>2026-01-18T10:32:05Z</time>
   </trkpt>
   <trkpt lat="30.9884130" lon="75.7914700">
    <ele>238.2</ele>
    <time>2026-01-18T10:32:06Z</time>
   </trkpt>
   <trkpt lat="30.9883680" lon="75.7914840">
    <ele>238.1</ele>
    <time>2026-01-18T10:32:07Z</time>
   </trkpt>
   <trkpt lat="30.9883160" lon="75.7914970">
    <ele>238.0</ele>
    <time>2026-01-18T10:32:08Z</time>
   </trkpt>
   <trkpt lat="30.9882590" lon="75.7914980">
    <ele>237.8</ele>
    <time>2026-01-18T10:32:09Z</time>
   </trkpt>
   <trkpt lat="30.9882030" lon="75.7914870">
    <ele>237.7</ele>
    <time>2026-01-18T10:32:10Z</time>
   </trkpt>
   <trkpt lat="30.9881510" lon="75.7914720">
    <ele>237.5</ele>
    <time>2026-01-18T10:32:11Z</time>
   </trkpt>
   <trkpt lat="30.9880940" lon="75.7914600">
    <ele>237.4</ele>
    <time>2026-01-18T10:32:12Z</time>
   </trkpt>
   <trkpt lat="30.9880370" lon="75.7914470">
    <ele>237.2</ele>
    <time>2026-01-18T10:32:13Z</time>
   </trkpt>
   <trkpt lat="30.9879810" lon="75.7914240">
    <ele>237.1</ele>
    <time>2026-01-18T10:32:14Z</time>
   </trkpt>
   <trkpt lat="30.9879240" lon="75.7914250">
    <ele>237.0</ele>
    <time>2026-01-18T10:32:15Z</time>
   </trkpt>
   <trkpt lat="30.9878650" lon="75.7914190">
    <ele>236.9</ele>
    <time>2026-01-18T10:32:16Z</time>
   </trkpt>
   <trkpt lat="30.9878040" lon="75.7914150">
    <ele>236.8</ele>
    <time>2026-01-18T10:32:17Z</time>
   </trkpt>
   <trkpt lat="30.9877430" lon="75.7914150">
    <ele>236.7</ele>
    <time>2026-01-18T10:32:18Z</time>
   </trkpt>
   <trkpt lat="30.9876860" lon="75.7914140">
    <ele>236.6</ele>
    <time>2026-01-18T10:32:19Z</time>
   </trkpt>
   <trkpt lat="30.9876300" lon="75.7914100">
    <ele>236.5</ele>
    <time>2026-01-18T10:32:21Z</time>
   </trkpt>
   <trkpt lat="30.9875720" lon="75.7914080">
    <ele>236.4</ele>
    <time>2026-01-18T10:32:22Z</time>
   </trkpt>
   <trkpt lat="30.9875140" lon="75.7914110">
    <ele>236.3</ele>
    <time>2026-01-18T10:32:23Z</time>
   </trkpt>
   <trkpt lat="30.9874520" lon="75.7914170">
    <ele>236.2</ele>
    <time>2026-01-18T10:32:24Z</time>
   </trkpt>
   <trkpt lat="30.9873940" lon="75.7914220">
    <ele>236.1</ele>
    <time>2026-01-18T10:32:25Z</time>
   </trkpt>
   <trkpt lat="30.9873360" lon="75.7914290">
    <ele>236.0</ele>
    <time>2026-01-18T10:32:26Z</time>
   </trkpt>
   <trkpt lat="30.9872790" lon="75.7914390">
    <ele>235.9</ele>
    <time>2026-01-18T10:32:27Z</time>
   </trkpt>
   <trkpt lat="30.9872240" lon="75.7914470">
    <ele>235.8</ele>
    <time>2026-01-18T10:32:28Z</time>
   </trkpt>
   <trkpt lat="30.9871640" lon="75.7914520">
    <ele>235.7</ele>
    <time>2026-01-18T10:32:29Z</time>
   </trkpt>
   <trkpt lat="30.9871040" lon="75.7914480">
    <ele>235.7</ele>
    <time>2026-01-18T10:32:30Z</time>
   </trkpt>
   <trkpt lat="30.9870430" lon="75.7914420">
    <ele>235.6</ele>
    <time>2026-01-18T10:32:31Z</time>
   </trkpt>
   <trkpt lat="30.9869830" lon="75.7914350">
    <ele>235.5</ele>
    <time>2026-01-18T10:32:32Z</time>
   </trkpt>
   <trkpt lat="30.9869240" lon="75.7914320">
    <ele>235.4</ele>
    <time>2026-01-18T10:32:33Z</time>
   </trkpt>
   <trkpt lat="30.9868620" lon="75.7914250">
    <ele>235.4</ele>
    <time>2026-01-18T10:32:34Z</time>
   </trkpt>
   <trkpt lat="30.9867950" lon="75.7914120">
    <ele>235.3</ele>
    <time>2026-01-18T10:32:35Z</time>
   </trkpt>
   <trkpt lat="30.9867230" lon="75.7914000">
    <ele>235.2</ele>
    <time>2026-01-18T10:32:36Z</time>
   </trkpt>
   <trkpt lat="30.9866490" lon="75.7913840">
    <ele>235.2</ele>
    <time>2026-01-18T10:32:37Z</time>
   </trkpt>
   <trkpt lat="30.9865710" lon="75.7913710">
    <ele>235.1</ele>
    <time>2026-01-18T10:32:38Z</time>
   </trkpt>
   <trkpt lat="30.9864930" lon="75.7913580">
    <ele>235.2</ele>
    <time>2026-01-18T10:32:39Z</time>
   </trkpt>
   <trkpt lat="30.9864150" lon="75.7913520">
    <ele>235.2</ele>
    <time>2026-01-18T10:32:40Z</time>
   </trkpt>
   <trkpt lat="30.9863340" lon="75.7913500">
    <ele>235.3</ele>
    <time>2026-01-18T10:32:41Z</time>
   </trkpt>
   <trkpt lat="30.9862530" lon="75.7913510">
    <ele>235.3</ele>
    <time>2026-01-18T10:32:42Z</time>
   </trkpt>
   <trkpt lat="30.9861740" lon="75.7913520">
    <ele>235.3</ele>
    <time>2026-01-18T10:32:43Z</time>
   </trkpt>
   <trkpt lat="30.9860930" lon="75.7913530">
    <ele>235.3</ele>
    <time>2026-01-18T10:32:44Z</time>
   </trkpt>
   <trkpt lat="30.9860140" lon="75.7913550">
    <ele>235.4</ele>
    <time>2026-01-18T10:32:45Z</time>
   </trkpt>
   <trkpt lat="30.9859340" lon="75.7913610">
    <ele>235.3</ele>
    <time>2026-01-18T10:32:46Z</time>
   </trkpt>
   <trkpt lat="30.9858540" lon="75.7913690">
    <ele>235.3</ele>
    <time>2026-01-18T10:32:47Z</time>
   </trkpt>
   <trkpt lat="30.9857750" lon="75.7913720">
    <ele>235.2</ele>
    <time>2026-01-18T10:32:48Z</time>
   </trkpt>
   <trkpt lat="30.9856960" lon="75.7913700">
    <ele>235.0</ele>
    <time>2026-01-18T10:32:49Z</time>
   </trkpt>
   <trkpt lat="30.9856260" lon="75.7913680">
    <ele>234.9</ele>
    <time>2026-01-18T10:32:50Z</time>
   </trkpt>
   <trkpt lat="30.9855580" lon="75.7913630">
    <ele>234.7</ele>
    <time>2026-01-18T10:32:51Z</time>
   </trkpt>
   <trkpt lat="30.9854860" lon="75.7913720">
    <ele>234.5</ele>
    <time>2026-01-18T10:32:52Z</time>
   </trkpt>
   <trkpt lat="30.9854290" lon="75.7913650">
    <ele>234.4</ele>
    <time>2026-01-18T10:32:53Z</time>
   </trkpt>
   <trkpt lat="30.9853210" lon="75.7913700">
    <ele>234.2</ele>
    <time>2026-01-18T10:32:54Z</time>
   </trkpt>
   <trkpt lat="30.9852220" lon="75.7914130">
    <ele>234.0</ele>
    <time>2026-01-18T10:32:55Z</time>
   </trkpt>
   <trkpt lat="30.9851350" lon="75.7914740">
    <ele>233.9</ele>
    <time>2026-01-18T10:32:56Z</time>
   </trkpt>
   <trkpt lat="30.9850410" lon="75.7915250">
    <ele>233.9</ele>
    <time>2026-01-18T10:32:57Z</time>
   </trkpt>
   <trkpt lat="30.9849510" lon="75.7915750">
    <ele>233.9</ele>
    <time>2026-01-18T10:32:58Z</time>
   </trkpt>
   <trkpt lat="30.9848650" lon="75.7916360">
    <ele>233.9</ele>
    <time>2026-01-18T10:32:59Z</time>
   </trkpt>
   <trkpt lat="30.9847870" lon="75.7917080">
    <ele>234.0</ele>
    <time>2026-01-18T10:33:00Z</time>
   </trkpt>
   <trkpt lat="30.9847290" lon="75.7918020">
    <ele>234.1</ele>
    <time>2026-01-18T10:33:01Z</time>
   </trkpt>
   <trkpt lat="30.9846840" lon="75.7919020">
    <ele>234.3</ele>
    <time>2026-01-18T10:33:02Z</time>
   </trkpt>
   <trkpt lat="30.9846600" lon="75.7920070">
    <ele>234.5</ele>
    <time>2026-01-18T10:33:03Z</time>
   </trkpt>
   <trkpt lat="30.9846630" lon="75.7922180">
    <ele>235.2</ele>
    <time>2026-01-18T10:33:04Z</time>
   </trkpt>
   <trkpt lat="30.9846900" lon="75.7923160">
    <ele>235.6</ele>
    <time>2026-01-18T10:33:05Z</time>
   </trkpt>
   <trkpt lat="30.9847280" lon="75.7924070">
    <ele>235.9</ele>
    <time>2026-01-18T10:33:06Z</time>
   </trkpt>
   <trkpt lat="30.9847760" lon="75.7924860">
    <ele>236.2</ele>
    <time>2026-01-18T10:33:07Z</time>
   </trkpt>
   <trkpt lat="30.9848350" lon="75.7925520">
    <ele>236.6</ele>
    <time>2026-01-18T10:33:08Z</time>
   </trkpt>
   <trkpt lat="30.9849020" lon="75.7925950">
    <ele>236.9</ele>
    <time>2026-01-18T10:33:09Z</time>
   </trkpt>
   <trkpt lat="30.9849680" lon="75.7926320">
    <ele>237.2</ele>
    <time>2026-01-18T10:33:10Z</time>
   </trkpt>
   <trkpt lat="30.9850280" lon="75.7926550">
    <ele>237.4</ele>
    <time>2026-01-18T10:33:11Z</time>
   </trkpt>
   <trkpt lat="30.9850920" lon="75.7926660">
    <ele>237.6</ele>
    <time>2026-01-18T10:33:12Z</time>
   </trkpt>
   <trkpt lat="30.9851510" lon="75.7926590">
    <ele>237.9</ele>
    <time>2026-01-18T10:33:13Z</time>
   </trkpt>
   <trkpt lat="30.9852070" lon="75.7926460">
    <ele>238.1</ele>
    <time>2026-01-18T10:33:14Z</time>
   </trkpt>
   <trkpt lat="30.9852580" lon="75.7926300">
    <ele>238.2</ele>
    <time>2026-01-18T10:33:15Z</time>
   </trkpt>
   <trkpt lat="30.9853040" lon="75.7926130">
    <ele>238.4</ele>
    <time>2026-01-18T10:33:16Z</time>
   </trkpt>
   <trkpt lat="30.9853460" lon="75.7925900">
    <ele>238.6</ele>
    <time>2026-01-18T10:33:17Z</time>
   </trkpt>
   <trkpt lat="30.9853840" lon="75.7925600">
    <ele>238.7</ele>
    <time>2026-01-18T10:33:18Z</time>
   </trkpt>
   <trkpt lat="30.9854190" lon="75.7925210">
    <ele>238.9</ele>
    <time>2026-01-18T10:33:19Z</time>
   </trkpt>
   <trkpt lat="30.9854490" lon="75.7924810">
    <ele>239.1</ele>
    <time>2026-01-18T10:33:20Z</time>
   </trkpt>
   <trkpt lat="30.9854720" lon="75.7924400">
    <ele>239.3</ele>
    <time>2026-01-18T10:33:21Z</time>
   </trkpt>
   <trkpt lat="30.9854920" lon="75.7924000">
    <ele>239.4</ele>
    <time>2026-01-18T10:33:22Z</time>
   </trkpt>
   <trkpt lat="30.9855110" lon="75.7923630">
    <ele>239.6</ele>
    <time>2026-01-18T10:33:23Z</time>
   </trkpt>
   <trkpt lat="30.9855250" lon="75.7923260">
    <ele>239.7</ele>
    <time>2026-01-18T10:33:24Z</time>
   </trkpt>
   <trkpt lat="30.9855370" lon="75.7922870">
    <ele>239.9</ele>
    <time>2026-01-18T10:33:25Z</time>
   </trkpt>
   <trkpt lat="30.9855480" lon="75.7922390">
    <ele>240.0</ele>
    <time>2026-01-18T10:33:26Z</time>
   </trkpt>
   <trkpt lat="30.9855560" lon="75.7921940">
    <ele>240.2</ele>
    <time>2026-01-18T10:33:27Z</time>
   </trkpt>
   <trkpt lat="30.9855600" lon="75.7921550">
    <ele>240.3</ele>
    <time>2026-01-18T10:33:28Z</time>
   </trkpt>
   <trkpt lat="30.9855590" lon="75.7921180">
    <ele>240.4</ele>
    <time>2026-01-18T10:33:29Z</time>
   </trkpt>
   <trkpt lat="30.9855590" lon="75.7920800">
    <ele>240.6</ele>
    <time>2026-01-18T10:33:30Z</time>
   </trkpt>
   <trkpt lat="30.9855590" lon="75.7920360">
    <ele>240.7</ele>
    <time>2026-01-18T10:33:31Z</time>
   </trkpt>
   <trkpt lat="30.9855610" lon="75.7919910">
    <ele>240.8</ele>
    <time>2026-01-18T10:33:32Z</time>
   </trkpt>
   <trkpt lat="30.9855600" lon="75.7919440">
    <ele>241.0</ele>
    <time>2026-01-18T10:33:33Z</time>
   </trkpt>
   <trkpt lat="30.9855560" lon="75.7918930">
    <ele>241.1</ele>
    <time>2026-01-18T10:33:34Z</time>
   </trkpt>
   <trkpt lat="30.9855500" lon="75.7918410">
    <ele>241.2</ele>
    <time>2026-01-18T10:33:35Z</time>
   </trkpt>
   <trkpt lat="30.9855470" lon="75.7917890">
    <ele>241.3</ele>
    <time>2026-01-18T10:33:36Z</time>
   </trkpt>
   <trkpt lat="30.9855420" lon="75.7917410">
    <ele>241.4</ele>
    <time>2026-01-18T10:33:37Z</time>
   </trkpt>
   <trkpt lat="30.9855330" lon="75.7917010">
    <ele>241.2</ele>
    <time>2026-01-18T10:33:38Z</time>
   </trkpt>
   <trkpt lat="30.9855260" lon="75.7916600">
    <ele>241.0</ele>
    <time>2026-01-18T10:33:39Z</time>
   </trkpt>
   <trkpt lat="30.9855180" lon="75.7916180">
    <ele>240.9</ele>
    <time>2026-01-18T10:33:40Z</time>
   </trkpt>
   <trkpt lat="30.9855120" lon="75.7915790">
    <ele>240.7</ele>
    <time>2026-01-18T10:33:41Z</time>
   </trkpt>
   <trkpt lat="30.9855040" lon="75.7915410">
    <ele>240.6</ele>
    <time>2026-01-18T10:33:42Z</time>
   </trkpt>
   <trkpt lat="30.9855000" lon="75.7915020">
    <ele>240.4</ele>
    <time>2026-01-18T10:33:43Z</time>
   </trkpt>
   <trkpt lat="30.9854960" lon="75.7914640">
    <ele>240.2</ele>
    <time>2026-01-18T10:33:44Z</time>
   </trkpt>
   <trkpt lat="30.9854900" lon="75.7914280">
    <ele>240.1</ele>
    <time>2026-01-18T10:33:45Z</time>
   </trkpt>
   <trkpt lat="30.9854840" lon="75.7913950">
    <ele>239.9</ele>
    <time>2026-01-18T10:33:46Z</time>
   </trkpt>
   <trkpt lat="30.9854780" lon="75.7913510">
    <ele>239.7</ele>
    <time>2026-01-18T10:33:47Z</time>
   </trkpt>
   <trkpt lat="30.9854750" lon="75.7913380">
    <ele>239.7</ele>
    <time>2026-01-18T10:33:48Z</time>
   </trkpt>
   <trkpt lat="30.9854640" lon="75.7912980">
    <ele>239.5</ele>
    <time>2026-01-18T10:33:49Z</time>
   </trkpt>
   <trkpt lat="30.9854620" lon="75.7912850">
    <ele>239.4</ele>
    <time>2026-01-18T10:33:50Z</time>
   </trkpt>
   <trkpt lat="30.9854570" lon="75.7912620">
    <ele>239.3</ele>
    <time>2026-01-18T10:33:51Z</time>
   </trkpt>
   <trkpt lat="30.9854560" lon="75.7912530">
    <ele>239.3</ele>
    <time>2026-01-18T10:33:52Z</time>
   </trkpt>
   <trkpt lat="30.9854570" lon="75.7912600">
    <ele>239.2</ele>
    <time>2026-01-18T10:33:53Z</time>
   </trkpt>
   <trkpt lat="30.9854570" lon="75.7912630">
    <ele>239.2</ele>
    <time>2026-01-18T10:33:54Z</time>
   </trkpt>
   <trkpt lat="30.9854560" lon="75.7912620">
    <ele>239.2</ele>
    <time>2026-01-18T10:33:55Z</time>
   </trkpt>
   <trkpt lat="30.9854570" lon="75.7912620">
    <ele>239.2</ele>
    <time>2026-01-18T10:33:56Z</time>
   </trkpt>
   <trkpt lat="30.9854560" lon="75.7912610">
    <ele>239.2</ele>
    <time>2026-01-18T10:33:57Z</time>
   </trkpt>
   <trkpt lat="30.9854560" lon="75.7912610">
    <ele>239.2</ele>
    <time>2026-01-18T10:33:58Z</time>
   </trkpt>
   <trkpt lat="30.9854560" lon="75.7912620">
    <ele>239.2</ele>
    <time>2026-01-18T10:33:59Z</time>
   </trkpt>
   <trkpt lat="30.9854560" lon="75.7912610">
    <ele>239.2</ele>
    <time>2026-01-18T10:34:00Z</time>
   </trkpt>
   <trkpt lat="30.9854550" lon="75.7912610">
    <ele>239.2</ele>
    <time>2026-01-18T10:34:01Z</time>
   </trkpt>
   <trkpt lat="30.9854550" lon="75.7912620">
    <ele>239.2</ele>
    <time>2026-01-18T10:34:02Z</time>
   </trkpt>
   <trkpt lat="30.9854470" lon="75.7912890">
    <ele>239.1</ele>
    <time>2026-01-18T10:34:38Z</time>
   </trkpt>
   <trkpt lat="30.9854390" lon="75.7912810">
    <ele>239.0</ele>
    <time>2026-01-18T10:34:39Z</time>
   </trkpt>
   <trkpt lat="30.9854460" lon="75.7912840">
    <ele>239.0</ele>
    <time>2026-01-18T10:34:40Z</time>
   </trkpt>
   <trkpt lat="30.9854490" lon="75.7912750">
    <ele>238.9</ele>
    <time>2026-01-18T10:34:41Z</time>
   </trkpt>
   <trkpt lat="30.9854500" lon="75.7912750">
    <ele>238.9</ele>
    <time>2026-01-18T10:34:42Z</time>
   </trkpt>
   <trkpt lat="30.9854520" lon="75.7912760">
    <ele>238.9</ele>
    <time>2026-01-18T10:34:43Z</time>
   </trkpt>
   <trkpt lat="30.9854520" lon="75.7912750">
    <ele>238.9</ele>
    <time>2026-01-18T10:34:44Z</time>
   </trkpt>
   <trkpt lat="30.9854540" lon="75.7912730">
    <ele>238.9</ele>
    <time>2026-01-18T10:34:45Z</time>
   </trkpt>
   <trkpt lat="30.9854560" lon="75.7912740">
    <ele>238.9</ele>
    <time>2026-01-18T10:34:46Z</time>
   </trkpt>
   <trkpt lat="30.9854570" lon="75.7912710">
    <ele>238.9</ele>
    <time>2026-01-18T10:34:47Z</time>
   </trkpt>
   <trkpt lat="30.9854550" lon="75.7912710">
    <ele>238.9</ele>
    <time>2026-01-18T10:34:48Z</time>
   </trkpt>
   <trkpt lat="30.9854400" lon="75.7911860">
    <ele>238.5</ele>
    <time>2026-01-18T10:39:37Z</time>
   </trkpt>
   <trkpt lat="30.9854340" lon="75.7911480">
    <ele>238.3</ele>
    <time>2026-01-18T10:39:38Z</time>
   </trkpt>
   <trkpt lat="30.9854270" lon="75.7911090">
    <ele>238.2</ele>
    <time>2026-01-18T10:39:39Z</time>
   </trkpt>
   <trkpt lat="30.9854210" lon="75.7910680">
    <ele>238.0</ele>
    <time>2026-01-18T10:39:40Z</time>
   </trkpt>
   <trkpt lat="30.9854120" lon="75.7910230">
    <ele>237.8</ele>
    <time>2026-01-18T10:39:41Z</time>
   </trkpt>
   <trkpt lat="30.9854050" lon="75.7909770">
    <ele>237.6</ele>
    <time>2026-01-18T10:39:42Z</time>
   </trkpt>
   <trkpt lat="30.9853990" lon="75.7909350">
    <ele>237.4</ele>
    <time>2026-01-18T10:39:43Z</time>
   </trkpt>
   <trkpt lat="30.9853940" lon="75.7908910">
    <ele>237.3</ele>
    <time>2026-01-18T10:39:44Z</time>
   </trkpt>
   <trkpt lat="30.9853880" lon="75.7908520">
    <ele>237.1</ele>
    <time>2026-01-18T10:39:45Z</time>
   </trkpt>
   <trkpt lat="30.9853800" lon="75.7908160">
    <ele>237.0</ele>
    <time>2026-01-18T10:39:46Z</time>
   </trkpt>
   <trkpt lat="30.9853690" lon="75.7907830">
    <ele>237.0</ele>
    <time>2026-01-18T10:39:47Z</time>
   </trkpt>
   <trkpt lat="30.9853660" lon="75.7907340">
    <ele>237.0</ele>
    <time>2026-01-18T10:39:48Z</time>
   </trkpt>
   <trkpt lat="30.9853590" lon="75.7906880">
    <ele>237.0</ele>
    <time>2026-01-18T10:39:49Z</time>
   </trkpt>
   <trkpt lat="30.9853590" lon="75.7906360">
    <ele>237.0</ele>
    <time>2026-01-18T10:39:50Z</time>
   </trkpt>
   <trkpt lat="30.9853530" lon="75.7906110">
    <ele>237.0</ele>
    <time>2026-01-18T10:39:51Z</time>
   </trkpt>
   <trkpt lat="30.9853490" lon="75.7905740">
    <ele>237.0</ele>
    <time>2026-01-18T10:39:52Z</time>
   </trkpt>
   <trkpt lat="30.9853430" lon="75.7905280">
    <ele>237.0</ele>
    <time>2026-01-18T10:39:53Z</time>
   </trkpt>
   <trkpt lat="30.9853430" lon="75.7904830">
    <ele>236.9</ele>
    <time>2026-01-18T10:39:54Z</time>
   </trkpt>
   <trkpt lat="30.9853480" lon="75.7904510">
    <ele>236.9</ele>
    <time>2026-01-18T10:39:55Z</time>
   </trkpt>
   <trkpt lat="30.9853330" lon="75.7904000">
    <ele>236.9</ele>
    <time>2026-01-18T10:39:56Z</time>
   </trkpt>
   <trkpt lat="30.9853320" lon="75.7903620">
    <ele>236.9</ele>
    <time>2026-01-18T10:39:57Z</time>
   </trkpt>
   <trkpt lat="30.9853270" lon="75.7903180">
    <ele>236.8</ele>
    <time>2026-01-18T10:39:58Z</time>
   </trkpt>
   <trkpt lat="30.9853250" lon="75.7902780">
    <ele>236.8</ele>
    <time>2026-01-18T10:39:59Z</time>
   </trkpt>
   <trkpt lat="30.9853220" lon="75.7902340">
    <ele>236.8</ele>
    <time>2026-01-18T10:40:00Z</time>
   </trkpt>
   <trkpt lat="30.9853130" lon="75.7901920">
    <ele>236.7</ele>
    <time>2026-01-18T10:40:01Z</time>
   </trkpt>
   <trkpt lat="30.9853070" lon="75.7901490">
    <ele>236.7</ele>
    <time>2026-01-18T10:40:02Z</time>
   </trkpt>
   <trkpt lat="30.9853020" lon="75.7901000">
    <ele>236.7</ele>
    <time>2026-01-18T10:40:03Z</time>
   </trkpt>
   <trkpt lat="30.9852970" lon="75.7900500">
    <ele>236.6</ele>
    <time>2026-01-18T10:40:04Z</time>
   </trkpt>
   <trkpt lat="30.9852920" lon="75.7899930">
    <ele>236.6</ele>
    <time>2026-01-18T10:40:05Z</time>
   </trkpt>
   <trkpt lat="30.9852800" lon="75.7899420">
    <ele>236.5</ele>
    <time>2026-01-18T10:40:06Z</time>
   </trkpt>
   <trkpt lat="30.9852730" lon="75.7898840">
    <ele>236.4</ele>
    <time>2026-01-18T10:40:07Z</time>
   </trkpt>
   <trkpt lat="30.9852680" lon="75.7898320">
    <ele>236.4</ele>
    <time>2026-01-18T10:40:08Z</time>
   </trkpt>
   <trkpt lat="30.9852620" lon="75.7897770">
    <ele>236.3</ele>
    <time>2026-01-18T10:40:09Z</time>
   </trkpt>
   <trkpt lat="30.9852570" lon="75.7897220">
    <ele>236.3</ele>
    <time>2026-01-18T10:40:10Z</time>
   </trkpt>
   <trkpt lat="30.9852500" lon="75.7896660">
    <ele>236.2</ele>
    <time>2026-01-18T10:40:11Z</time>
   </trkpt>
   <trkpt lat="30.9852490" lon="75.7896070">
    <ele>236.2</ele>
    <time>2026-01-18T10:40:12Z</time>
   </trkpt>
   <trkpt lat="30.9852490" lon="75.7895430">
    <ele>236.1</ele>
    <time>2026-01-18T10:40:13Z</time>
   </trkpt>
   <trkpt lat="30.9852450" lon="75.7894830">
    <ele>236.1</ele>
    <time>2026-01-18T10:40:14Z</time>
   </trkpt>
   <trkpt lat="30.9852430" lon="75.7894210">
    <ele>236.1</ele>
    <time>2026-01-18T10:40:15Z</time>
   </trkpt>
   <trkpt lat="30.9852400" lon="75.7893610">
    <ele>236.0</ele>
    <time>2026-01-18T10:40:16Z</time>
   </trkpt>
   <trkpt lat="30.9852390" lon="75.7892980">
    <ele>236.0</ele>
    <time>2026-01-18T10:40:17Z</time>
   </trkpt>
   <trkpt lat="30.9852390" lon="75.7892340">
    <ele>235.9</ele>
    <time>2026-01-18T10:40:18Z</time>
   </trkpt>
   <trkpt lat="30.9852390" lon="75.7891760">
    <ele>235.9</ele>
    <time>2026-01-18T10:40:19Z</time>
   </trkpt>
   <trkpt lat="30.9852390" lon="75.7891130">
    <ele>235.8</ele>
    <time>2026-01-18T10:40:20Z</time>
   </trkpt>
   <trkpt lat="30.9852400" lon="75.7890490">
    <ele>235.8</ele>
    <time>2026-01-18T10:40:21Z</time>
   </trkpt>
   <trkpt lat="30.9852410" lon="75.7889850">
    <ele>235.7</ele>
    <time>2026-01-18T10:40:22Z</time>
   </trkpt>
   <trkpt lat="30.9852470" lon="75.7889170">
    <ele>235.7</ele>
    <time>2026-01-18T10:40:23Z</time>
   </trkpt>
   <trkpt lat="30.9852490" lon="75.7888560">
    <ele>235.6</ele>
    <time>2026-01-18T10:40:24Z</time>
   </trkpt>
   <trkpt lat="30.9852530" lon="75.7887930">
    <ele>235.6</ele>
    <time>2026-01-18T10:40:25Z</time>
   </trkpt>
   <trkpt lat="30.9852590" lon="75.7887290">
    <ele>235.5</ele>
    <time>2026-01-18T10:40:26Z</time>
   </trkpt>
   <trkpt lat="30.9852610" lon="75.7886640">
    <ele>235.5</ele>
    <time>2026-01-18T10:40:27Z</time>
   </trkpt>
   <trkpt lat="30.9852640" lon="75.7885950">
    <ele>235.4</ele>
    <time>2026-01-18T10:40:28Z</time>
   </trkpt>
   <trkpt lat="30.9852700" lon="75.7885310">
    <ele>235.4</ele>
    <time>2026-01-18T10:40:29Z</time>
   </trkpt>
   <trkpt lat="30.9852770" lon="75.7884650">
    <ele>235.3</ele>
    <time>2026-01-18T10:40:30Z</time>
   </trkpt>
   <trkpt lat="30.9852820" lon="75.7884010">
    <ele>235.2</ele>
    <time>2026-01-18T10:40:31Z</time>
   </trkpt>
   <trkpt lat="30.9852860" lon="75.7883330">
    <ele>235.2</ele>
    <time>2026-01-18T10:40:32Z</time>
   </trkpt>
   <trkpt lat="30.9852890" lon="75.7882680">
    <ele>235.1</ele>
    <time>2026-01-18T10:40:33Z</time>
   </trkpt>
   <trkpt lat="30.9852980" lon="75.7882010">
    <ele>235.0</ele>
    <time>2026-01-18T10:40:34Z</time>
   </trkpt>
   <trkpt lat="30.9853090" lon="75.7881300">
    <ele>235.0</ele>
    <time>2026-01-18T10:40:35Z</time>
   </trkpt>
   <trkpt lat="30.9853220" lon="75.7880590">
    <ele>234.9</ele>
    <time>2026-01-18T10:40:36Z</time>
   </trkpt>
   <trkpt lat="30.9853290" lon="75.7879880">
    <ele>234.8</ele>
    <time>2026-01-18T10:40:37Z</time>
   </trkpt>
   <trkpt lat="30.9853360" lon="75.7879160">
    <ele>234.8</ele>
    <time>2026-01-18T10:40:38Z</time>
   </trkpt>
   <trkpt lat="30.9853450" lon="75.7878440">
    <ele>234.7</ele>
    <time>2026-01-18T10:40:39Z</time>
   </trkpt>
   <trkpt lat="30.9853570" lon="75.7877700">
    <ele>234.7</ele>
    <time>2026-01-18T10:40:40Z</time>
   </trkpt>
   <trkpt lat="30.9853700" lon="75.7876950">
    <ele>234.7</ele>
    <time>2026-01-18T10:40:41Z</time>
   </trkpt>
   <trkpt lat="30.9853800" lon="75.7876150">
    <ele>234.6</ele>
    <time>2026-01-18T10:40:42Z</time>
   </trkpt>
   <trkpt lat="30.9853840" lon="75.7875380">
    <ele>234.5</ele>
    <time>2026-01-18T10:40:43Z</time>
   </trkpt>
   <trkpt lat="30.9853980" lon="75.7874670">
    <ele>234.5</ele>
    <time>2026-01-18T10:40:44Z</time>
   </trkpt>
   <trkpt lat="30.9854070" lon="75.7873870">
    <ele>234.4</ele>
    <time>2026-01-18T10:40:45Z</time>
   </trkpt>
   <trkpt lat="30.9854240" lon="75.7873070">
    <ele>234.3</ele>
    <time>2026-01-18T10:40:46Z</time>
   </trkpt>
   <trkpt lat="30.9854340" lon="75.7872250">
    <ele>234.3</ele>
    <time>2026-01-18T10:40:47Z</time>
   </trkpt>
   <trkpt lat="30.9854460" lon="75.7871470">
    <ele>234.3</ele>
    <time>2026-01-18T10:40:48Z</time>
   </trkpt>
   <trkpt lat="30.9854570" lon="75.7870680">
    <ele>234.2</ele>
    <time>2026-01-18T10:40:49Z</time>
   </trkpt>
   <trkpt lat="30.9854700" lon="75.7869850">
    <ele>234.2</ele>
    <time>2026-01-18T10:40:50Z</time>
   </trkpt>
   <trkpt lat="30.9854810" lon="75.7869060">
    <ele>234.2</ele>
    <time>2026-01-18T10:40:51Z</time>
   </trkpt>
   <trkpt lat="30.9854950" lon="75.7868270">
    <ele>234.1</ele>
    <time>2026-01-18T10:40:52Z</time>
   </trkpt>
   <trkpt lat="30.9855040" lon="75.7867490">
    <ele>234.1</ele>
    <time>2026-01-18T10:40:53Z</time>
   </trkpt>
   <trkpt lat="30.9855150" lon="75.7866680">
    <ele>234.2</ele>
    <time>2026-01-18T10:40:54Z</time>
   </trkpt>
   <trkpt lat="30.9855230" lon="75.7865910">
    <ele>234.2</ele>
    <time>2026-01-18T10:40:55Z</time>
   </trkpt>
   <trkpt lat="30.9855320" lon="75.7865140">
    <ele>234.3</ele>
    <time>2026-01-18T10:40:56Z</time>
   </trkpt>
   <trkpt lat="30.9855430" lon="75.7864400">
    <ele>234.3</ele>
    <time>2026-01-18T10:40:57Z</time>
   </trkpt>
   <trkpt lat="30.9855520" lon="75.7863640">
    <ele>234.4</ele>
    <time>2026-01-18T10:40:58Z</time>
   </trkpt>
   <trkpt lat="30.9855590" lon="75.7862890">
    <ele>234.4</ele>
    <time>2026-01-18T10:40:59Z</time>
   </trkpt>
   <trkpt lat="30.9855670" lon="75.7862190">
    <ele>234.5</ele>
    <time>2026-01-18T10:41:00Z</time>
   </trkpt>
   <trkpt lat="30.9855780" lon="75.7861480">
    <ele>234.5</ele>
    <time>2026-01-18T10:41:01Z</time>
   </trkpt>
   <trkpt lat="30.9855870" lon="75.7860780">
    <ele>234.6</ele>
    <time>2026-01-18T10:41:02Z</time>
   </trkpt>
   <trkpt lat="30.9855970" lon="75.7860120">
    <ele>234.6</ele>
    <time>2026-01-18T10:41:03Z</time>
   </trkpt>
   <trkpt lat="30.9856060" lon="75.7859480">
    <ele>234.7</ele>
    <time>2026-01-18T10:41:04Z</time>
   </trkpt>
   <trkpt lat="30.9856140" lon="75.7858840">
    <ele>234.7</ele>
    <time>2026-01-18T10:41:05Z</time>
   </trkpt>
   <trkpt lat="30.9856070" lon="75.7858190">
    <ele>234.8</ele>
    <time>2026-01-18T10:41:06Z</time>
   </trkpt>
   <trkpt lat="30.9855990" lon="75.7857570">
    <ele>234.9</ele>
    <time>2026-01-18T10:41:07Z</time>
   </trkpt>
   <trkpt lat="30.9855980" lon="75.7857020">
    <ele>234.9</ele>
    <time>2026-01-18T10:41:08Z</time>
   </trkpt>
   <trkpt lat="30.9856040" lon="75.7856200">
    <ele>235.0</ele>
    <time>2026-01-18T10:41:09Z</time>
   </trkpt>
   <trkpt lat="30.9856080" lon="75.7855410">
    <ele>235.2</ele>
    <time>2026-01-18T10:41:10Z</time>
   </trkpt>
   <trkpt lat="30.9856220" lon="75.7855070">
    <ele>235.2</ele>
    <time>2026-01-18T10:41:11Z</time>
   </trkpt>
   <trkpt lat="30.9856240" lon="75.7854530">
    <ele>235.3</ele>
    <time>2026-01-18T10:41:12Z</time>
   </trkpt>
   <trkpt lat="30.9856330" lon="75.7854090">
    <ele>235.5</ele>
    <time>2026-01-18T10:41:13Z</time>
   </trkpt>
   <trkpt lat="30.9856490" lon="75.7853680">
    <ele>235.5</ele>
    <time>2026-01-18T10:41:14Z</time>
   </trkpt>
   <trkpt lat="30.9856420" lon="75.7853170">
    <ele>235.5</ele>
    <time>2026-01-18T10:41:15Z</time>
   </trkpt>
   <trkpt lat="30.9856510" lon="75.7852580">
    <ele>235.5</ele>
    <time>2026-01-18T10:41:16Z</time>
   </trkpt>
   <trkpt lat="30.9856390" lon="75.7852100">
    <ele>235.6</ele>
    <time>2026-01-18T10:41:17Z</time>
   </trkpt>
   <trkpt lat="30.9856470" lon="75.7851740">
    <ele>235.6</ele>
    <time>2026-01-18T10:41:18Z</time>
   </trkpt>
   <trkpt lat="30.9856490" lon="75.7851320">
    <ele>235.6</ele>
    <time>2026-01-18T10:41:19Z</time>
   </trkpt>
   <trkpt lat="30.9856510" lon="75.7850900">
    <ele>235.6</ele>
    <time>2026-01-18T10:41:20Z</time>
   </trkpt>
   <trkpt lat="30.9856520" lon="75.7850470">
    <ele>235.6</ele>
    <time>2026-01-18T10:41:21Z</time>
   </trkpt>
   <trkpt lat="30.9856550" lon="75.7850030">
    <ele>235.6</ele>
    <time>2026-01-18T10:41:22Z</time>
   </trkpt>
   <trkpt lat="30.9856570" lon="75.7849550">
    <ele>235.7</ele>
    <time>2026-01-18T10:41:23Z</time>
   </trkpt>
   <trkpt lat="30.9856560" lon="75.7849070">
    <ele>235.7</ele>
    <time>2026-01-18T10:41:24Z</time>
   </trkpt>
   <trkpt lat="30.9856570" lon="75.7848550">
    <ele>235.7</ele>
    <time>2026-01-18T10:41:25Z</time>
   </trkpt>
   <trkpt lat="30.9856570" lon="75.7848020">
    <ele>235.7</ele>
    <time>2026-01-18T10:41:26Z</time>
   </trkpt>
   <trkpt lat="30.9856590" lon="75.7847460">
    <ele>235.7</ele>
    <time>2026-01-18T10:41:27Z</time>
   </trkpt>
   <trkpt lat="30.9856610" lon="75.7846890">
    <ele>235.7</ele>
    <time>2026-01-18T10:41:28Z</time>
   </trkpt>
   <trkpt lat="30.9856600" lon="75.7846310">
    <ele>235.7</ele>
    <time>2026-01-18T10:41:29Z</time>
   </trkpt>
   <trkpt lat="30.9856600" lon="75.7845730">
    <ele>235.7</ele>
    <time>2026-01-18T10:41:30Z</time>
   </trkpt>
   <trkpt lat="30.9856610" lon="75.7845160">
    <ele>235.8</ele>
    <time>2026-01-18T10:41:31Z</time>
   </trkpt>
   <trkpt lat="30.9856590" lon="75.7844600">
    <ele>235.8</ele>
    <time>2026-01-18T10:41:32Z</time>
   </trkpt>
   <trkpt lat="30.9856590" lon="75.7844050">
    <ele>235.8</ele>
    <time>2026-01-18T10:41:33Z</time>
   </trkpt>
   <trkpt lat="30.9856590" lon="75.7843510">
    <ele>235.8</ele>
    <time>2026-01-18T10:41:34Z</time>
   </trkpt>
   <trkpt lat="30.9856580" lon="75.7842980">
    <ele>235.8</ele>
    <time>2026-01-18T10:41:35Z</time>
   </trkpt>
   <trkpt lat="30.9856570" lon="75.7842490">
    <ele>235.9</ele>
    <time>2026-01-18T10:41:36Z</time>
   </trkpt>
   <trkpt lat="30.9856580" lon="75.7841970">
    <ele>235.9</ele>
    <time>2026-01-18T10:41:37Z</time>
   </trkpt>
   <trkpt lat="30.9856580" lon="75.7841420">
    <ele>235.9</ele>
    <time>2026-01-18T10:41:38Z</time>
   </trkpt>
   <trkpt lat="30.9856570" lon="75.7840880">
    <ele>235.9</ele>
    <time>2026-01-18T10:41:39Z</time>
   </trkpt>
   <trkpt lat="30.9856560" lon="75.7840340">
    <ele>235.9</ele>
    <time>2026-01-18T10:41:40Z</time>
   </trkpt>
   <trkpt lat="30.9856550" lon="75.7839780">
    <ele>236.0</ele>
    <time>2026-01-18T10:41:41Z</time>
   </trkpt>
   <trkpt lat="30.9856540" lon="75.7839220">
    <ele>236.0</ele>
    <time>2026-01-18T10:41:42Z</time>
   </trkpt>
   <trkpt lat="30.9856540" lon="75.7838660">
    <ele>236.0</ele>
    <time>2026-01-18T10:41:43Z</time>
   </trkpt>
   <trkpt lat="30.9856510" lon="75.7838110">
    <ele>236.0</ele>
    <time>2026-01-18T10:41:44Z</time>
   </trkpt>
   <trkpt lat="30.9856470" lon="75.7837530">
    <ele>236.0</ele>
    <time>2026-01-18T10:41:45Z</time>
   </trkpt>
   <trkpt lat="30.9856430" lon="75.7836950">
    <ele>236.0</ele>
    <time>2026-01-18T10:41:46Z</time>
   </trkpt>
   <trkpt lat="30.9856420" lon="75.7836350">
    <ele>236.0</ele>
    <time>2026-01-18T10:41:47Z</time>
   </trkpt>
   <trkpt lat="30.9856390" lon="75.7835780">
    <ele>236.0</ele>
    <time>2026-01-18T10:41:48Z</time>
   </trkpt>
   <trkpt lat="30.9856350" lon="75.7835210">
    <ele>236.1</ele>
    <time>2026-01-18T10:41:49Z</time>
   </trkpt>
   <trkpt lat="30.9856300" lon="75.7834620">
    <ele>236.1</ele>
    <time>2026-01-18T10:41:50Z</time>
   </trkpt>
   <trkpt lat="30.9856240" lon="75.7834020">
    <ele>236.1</ele>
    <time>2026-01-18T10:41:51Z</time>
   </trkpt>
   <trkpt lat="30.9856190" lon="75.7833430">
    <ele>236.1</ele>
    <time>2026-01-18T10:41:52Z</time>
   </trkpt>
   <trkpt lat="30.9856110" lon="75.7832830">
    <ele>236.1</ele>
    <time>2026-01-18T10:41:53Z</time>
   </trkpt>
   <trkpt lat="30.9856040" lon="75.7832240">
    <ele>236.1</ele>
    <time>2026-01-18T10:41:54Z</time>
   </trkpt>
   <trkpt lat="30.9855970" lon="75.7831650">
    <ele>236.2</ele>
    <time>2026-01-18T10:41:55Z</time>
   </trkpt>
   <trkpt lat="30.9855890" lon="75.7831050">
    <ele>236.2</ele>
    <time>2026-01-18T10:41:56Z</time>
   </trkpt>
   <trkpt lat="30.9855820" lon="75.7830450">
    <ele>236.2</ele>
    <time>2026-01-18T10:41:57Z</time>
   </trkpt>
   <trkpt lat="30.9855730" lon="75.7829860">
    <ele>236.2</ele>
    <time>2026-01-18T10:41:58Z</time>
   </trkpt>
   <trkpt lat="30.9855640" lon="75.7829260">
    <ele>236.3</ele>
    <time>2026-01-18T10:41:59Z</time>
   </trkpt>
   <trkpt lat="30.9855540" lon="75.7828670">
    <ele>236.3</ele>
    <time>2026-01-18T10:42:00Z</time>
   </trkpt>
   <trkpt lat="30.9855450" lon="75.7828080">
    <ele>236.3</ele>
    <time>2026-01-18T10:42:01Z</time>
   </trkpt>
   <trkpt lat="30.9855370" lon="75.7827480">
    <ele>236.3</ele>
    <time>2026-01-18T10:42:02Z</time>
   </trkpt>
   <trkpt lat="30.9855280" lon="75.7826860">
    <ele>236.4</ele>
    <time>2026-01-18T10:42:03Z</time>
   </trkpt>
   <trkpt lat="30.9855190" lon="75.7826260">
    <ele>236.4</ele>
    <time>2026-01-18T10:42:04Z</time>
   </trkpt>
   <trkpt lat="30.9855070" lon="75.7825660">
    <ele>236.4</ele>
    <time>2026-01-18T10:42:05Z</time>
   </trkpt>
   <trkpt lat="30.9854950" lon="75.7825040">
    <ele>236.4</ele>
    <time>2026-01-18T10:42:06Z</time>
   </trkpt>
   <trkpt lat="30.9854830" lon="75.7824430">
    <ele>236.4</ele>
    <time>2026-01-18T10:42:07Z</time>
   </trkpt>
   <trkpt lat="30.9854720" lon="75.7823800">
    <ele>236.4</ele>
    <time>2026-01-18T10:42:08Z</time>
   </trkpt>
   <trkpt lat="30.9854600" lon="75.7823180">
    <ele>236.5</ele>
    <time>2026-01-18T10:42:09Z</time>
   </trkpt>
   <trkpt lat="30.9854460" lon="75.7822540">
    <ele>236.5</ele>
    <time>2026-01-18T10:42:10Z</time>
   </trkpt>
   <trkpt lat="30.9854330" lon="75.7821930">
    <ele>236.5</ele>
    <time>2026-01-18T10:42:11Z</time>
   </trkpt>
   <trkpt lat="30.9854200" lon="75.7821310">
    <ele>236.5</ele>
    <time>2026-01-18T10:42:12Z</time>
   </trkpt>
   <trkpt lat="30.9854070" lon="75.7820660">
    <ele>236.6</ele>
    <time>2026-01-18T10:42:13Z</time>
   </trkpt>
   <trkpt lat="30.9853920" lon="75.7820040">
    <ele>236.6</ele>
    <time>2026-01-18T10:42:14Z</time>
   </trkpt>
   <trkpt lat="30.9853750" lon="75.7819410">
    <ele>236.6</ele>
    <time>2026-01-18T10:42:15Z</time>
   </trkpt>
   <trkpt lat="30.9853580" lon="75.7818770">
    <ele>236.6</ele>
    <time>2026-01-18T10:42:16Z</time>
   </trkpt>
   <trkpt lat="30.9853410" lon="75.7818150">
    <ele>236.7</ele>
    <time>2026-01-18T10:42:17Z</time>
   </trkpt>
   <trkpt lat="30.9853250" lon="75.7817520">
    <ele>236.7</ele>
    <time>2026-01-18T10:42:18Z</time>
   </trkpt>
   <trkpt lat="30.9853110" lon="75.7816890">
    <ele>236.7</ele>
    <time>2026-01-18T10:42:19Z</time>
   </trkpt>
   <trkpt lat="30.9852960" lon="75.7816270">
    <ele>236.7</ele>
    <time>2026-01-18T10:42:20Z</time>
   </trkpt>
   <trkpt lat="30.9852810" lon="75.7815670">
    <ele>236.7</ele>
    <time>2026-01-18T10:42:21Z</time>
   </trkpt>
   <trkpt lat="30.9852650" lon="75.7815040">
    <ele>236.7</ele>
    <time>2026-01-18T10:42:22Z</time>
   </trkpt>
   <trkpt lat="30.9852480" lon="75.7814420">
    <ele>236.7</ele>
    <time>2026-01-18T10:42:23Z</time>
   </trkpt>
   <trkpt lat="30.9852280" lon="75.7813800">
    <ele>236.7</ele>
    <time>2026-01-18T10:42:24Z</time>
   </trkpt>
   <trkpt lat="30.9852090" lon="75.7813180">
    <ele>236.7</ele>
    <time>2026-01-18T10:42:25Z</time>
   </trkpt>
   <trkpt lat="30.9851900" lon="75.7812550">
    <ele>236.7</ele>
    <time>2026-01-18T10:42:26Z</time>
   </trkpt>
   <trkpt lat="30.9851700" lon="75.7811930">
    <ele>236.7</ele>
    <time>2026-01-18T10:42:27Z</time>
   </trkpt>
   <trkpt lat="30.9851500" lon="75.7811290">
    <ele>236.7</ele>
    <time>2026-01-18T10:42:28Z</time>
   </trkpt>
   <trkpt lat="30.9851280" lon="75.7810640">
    <ele>236.7</ele>
    <time>2026-01-18T10:42:29Z</time>
   </trkpt>
   <trkpt lat="30.9851050" lon="75.7810010">
    <ele>236.7</ele>
    <time>2026-01-18T10:42:30Z</time>
   </trkpt>
   <trkpt lat="30.9850820" lon="75.7809380">
    <ele>236.7</ele>
    <time>2026-01-18T10:42:31Z</time>
   </trkpt>
   <trkpt lat="30.9850590" lon="75.7808740">
    <ele>236.7</ele>
    <time>2026-01-18T10:42:32Z</time>
   </trkpt>
   <trkpt lat="30.9850380" lon="75.7808110">
    <ele>236.7</ele>
    <time>2026-01-18T10:42:33Z</time>
   </trkpt>
   <trkpt lat="30.9850160" lon="75.7807480">
    <ele>236.7</ele>
    <time>2026-01-18T10:42:34Z</time>
   </trkpt>
   <trkpt lat="30.9849940" lon="75.7806860">
    <ele>236.7</ele>
    <time>2026-01-18T10:42:35Z</time>
   </trkpt>
   <trkpt lat="30.9849710" lon="75.7806220">
    <ele>236.7</ele>
    <time>2026-01-18T10:42:36Z</time>
   </trkpt>
   <trkpt lat="30.9849480" lon="75.7805590">
    <ele>236.7</ele>
    <time>2026-01-18T10:42:37Z</time>
   </trkpt>
   <trkpt lat="30.9849230" lon="75.7804960">
    <ele>236.6</ele>
    <time>2026-01-18T10:42:38Z</time>
   </trkpt>
   <trkpt lat="30.9848990" lon="75.7804310">
    <ele>236.6</ele>
    <time>2026-01-18T10:42:39Z</time>
   </trkpt>
   <trkpt lat="30.9848750" lon="75.7803660">
    <ele>236.6</ele>
    <time>2026-01-18T10:42:40Z</time>
   </trkpt>
   <trkpt lat="30.9848500" lon="75.7803020">
    <ele>236.5</ele>
    <time>2026-01-18T10:42:41Z</time>
   </trkpt>
   <trkpt lat="30.9848280" lon="75.7802370">
    <ele>236.5</ele>
    <time>2026-01-18T10:42:42Z</time>
   </trkpt>
   <trkpt lat="30.9848030" lon="75.7801720">
    <ele>236.4</ele>
    <time>2026-01-18T10:42:43Z</time>
   </trkpt>
   <trkpt lat="30.9847770" lon="75.7801060">
    <ele>236.3</ele>
    <time>2026-01-18T10:42:44Z</time>
   </trkpt>
   <trkpt lat="30.9847510" lon="75.7800420">
    <ele>236.3</ele>
    <time>2026-01-18T10:42:45Z</time>
   </trkpt>
   <trkpt lat="30.9847290" lon="75.7799760">
    <ele>236.2</ele>
    <time>2026-01-18T10:42:46Z</time>
   </trkpt>
   <trkpt lat="30.9847060" lon="75.7799100">
    <ele>236.2</ele>
    <time>2026-01-18T10:42:47Z</time>
   </trkpt>
   <trkpt lat="30.9846830" lon="75.7798440">
    <ele>236.1</ele>
    <time>2026-01-18T10:42:48Z</time>
   </trkpt>
   <trkpt lat="30.9846600" lon="75.7797780">
    <ele>236.1</ele>
    <time>2026-01-18T10:42:49Z</time>
   </trkpt>
   <trkpt lat="30.9846360" lon="75.7797140">
    <ele>236.1</ele>
    <time>2026-01-18T10:42:50Z</time>
   </trkpt>
   <trkpt lat="30.9846100" lon="75.7796470">
    <ele>236.0</ele>
    <time>2026-01-18T10:42:51Z</time>
   </trkpt>
   <trkpt lat="30.9845850" lon="75.7795800">
    <ele>236.0</ele>
    <time>2026-01-18T10:42:52Z</time>
   </trkpt>
   <trkpt lat="30.9845610" lon="75.7795140">
    <ele>236.0</ele>
    <time>2026-01-18T10:42:53Z</time>
   </trkpt>
   <trkpt lat="30.9845370" lon="75.7794450">
    <ele>235.9</ele>
    <time>2026-01-18T10:42:54Z</time>
   </trkpt>
   <trkpt lat="30.9845130" lon="75.7793780">
    <ele>235.9</ele>
    <time>2026-01-18T10:42:55Z</time>
   </trkpt>
   <trkpt lat="30.9844890" lon="75.7793100">
    <ele>235.8</ele>
    <time>2026-01-18T10:42:56Z</time>
   </trkpt>
   <trkpt lat="30.9844650" lon="75.7792420">
    <ele>235.8</ele>
    <time>2026-01-18T10:42:57Z</time>
   </trkpt>
   <trkpt lat="30.9844410" lon="75.7791720">
    <ele>235.8</ele>
    <time>2026-01-18T10:42:58Z</time>
   </trkpt>
   <trkpt lat="30.9844170" lon="75.7791030">
    <ele>235.8</ele>
    <time>2026-01-18T10:42:59Z</time>
   </trkpt>
   <trkpt lat="30.9843900" lon="75.7790340">
    <ele>235.8</ele>
    <time>2026-01-18T10:43:00Z</time>
   </trkpt>
   <trkpt lat="30.9843640" lon="75.7789640">
    <ele>235.8</ele>
    <time>2026-01-18T10:43:01Z</time>
   </trkpt>
   <trkpt lat="30.9843370" lon="75.7788950">
    <ele>235.8</ele>
    <time>2026-01-18T10:43:02Z</time>
   </trkpt>
   <trkpt lat="30.9843120" lon="75.7788260">
    <ele>235.7</ele>
    <time>2026-01-18T10:43:03Z</time>
   </trkpt>
   <trkpt lat="30.9842870" lon="75.7787560">
    <ele>235.7</ele>
    <time>2026-01-18T10:43:04Z</time>
   </trkpt>
   <trkpt lat="30.9842640" lon="75.7786850">
    <ele>235.7</ele>
    <time>2026-01-18T10:43:05Z</time>
   </trkpt>
   <trkpt lat="30.9842380" lon="75.7786130">
    <ele>235.7</ele>
    <time>2026-01-18T10:43:06Z</time>
   </trkpt>
   <trkpt lat="30.9842130" lon="75.7785420">
    <ele>235.6</ele>
    <time>2026-01-18T10:43:07Z</time>
   </trkpt>
   <trkpt lat="30.9841870" lon="75.7784700">
    <ele>235.6</ele>
    <time>2026-01-18T10:43:08Z</time>
   </trkpt>
   <trkpt lat="30.9841620" lon="75.7783980">
    <ele>235.6</ele>
    <time>2026-01-18T10:43:09Z</time>
   </trkpt>
   <trkpt lat="30.9841380" lon="75.7783280">
    <ele>235.6</ele>
    <time>2026-01-18T10:43:10Z</time>
   </trkpt>
   <trkpt lat="30.9841120" lon="75.7782570">
    <ele>235.6</ele>
    <time>2026-01-18T10:43:11Z</time>
   </trkpt>
   <trkpt lat="30.9840850" lon="75.7781870">
    <ele>235.6</ele>
    <time>2026-01-18T10:43:12Z</time>
   </trkpt>
   <trkpt lat="30.9840570" lon="75.7781170">
    <ele>235.6</ele>
    <time>2026-01-18T10:43:13Z</time>
   </trkpt>
   <trkpt lat="30.9840300" lon="75.7780470">
    <ele>235.6</ele>
    <time>2026-01-18T10:43:14Z</time>
   </trkpt>
   <trkpt lat="30.9840050" lon="75.7779770">
    <ele>235.6</ele>
    <time>2026-01-18T10:43:15Z</time>
   </trkpt>
   <trkpt lat="30.9839800" lon="75.7779050">
    <ele>235.5</ele>
    <time>2026-01-18T10:43:16Z</time>
   </trkpt>
   <trkpt lat="30.9839550" lon="75.7778350">
    <ele>235.5</ele>
    <time>2026-01-18T10:43:17Z</time>
   </trkpt>
   <trkpt lat="30.9839280" lon="75.7777650">
    <ele>235.4</ele>
    <time>2026-01-18T10:43:18Z</time>
   </trkpt>
   <trkpt lat="30.9839030" lon="75.7776960">
    <ele>235.4</ele>
    <time>2026-01-18T10:43:19Z</time>
   </trkpt>
   <trkpt lat="30.9838780" lon="75.7776250">
    <ele>235.4</ele>
    <time>2026-01-18T10:43:20Z</time>
   </trkpt>
   <trkpt lat="30.9838510" lon="75.7775520">
    <ele>235.3</ele>
    <time>2026-01-18T10:43:21Z</time>
   </trkpt>
   <trkpt lat="30.9838250" lon="75.7774810">
    <ele>235.3</ele>
    <time>2026-01-18T10:43:22Z</time>
   </trkpt>
   <trkpt lat="30.9837990" lon="75.7774100">
    <ele>235.3</ele>
    <time>2026-01-18T10:43:23Z</time>
   </trkpt>
   <trkpt lat="30.9837730" lon="75.7773380">
    <ele>235.3</ele>
    <time>2026-01-18T10:43:24Z</time>
   </trkpt>
   <trkpt lat="30.9837470" lon="75.7772660">
    <ele>235.3</ele>
    <time>2026-01-18T10:43:25Z</time>
   </trkpt>
   <trkpt lat="30.9837200" lon="75.7771950">
    <ele>235.3</ele>
    <time>2026-01-18T10:43:26Z</time>
   </trkpt>
   <trkpt lat="30.9836950" lon="75.7771240">
    <ele>235.3</ele>
    <time>2026-01-18T10:43:27Z</time>
   </trkpt>
   <trkpt lat="30.9836690" lon="75.7770540">
    <ele>235.3</ele>
    <time>2026-01-18T10:43:28Z</time>
   </trkpt>
   <trkpt lat="30.9836430" lon="75.7769840">
    <ele>235.3</ele>
    <time>2026-01-18T10:43:29Z</time>
   </trkpt>
   <trkpt lat="30.9836180" lon="75.7769120">
    <ele>235.4</ele>
    <time>2026-01-18T10:43:30Z</time>
   </trkpt>
   <trkpt lat="30.9835920" lon="75.7768410">
    <ele>235.4</ele>
    <time>2026-01-18T10:43:31Z</time>
   </trkpt>
   <trkpt lat="30.9835690" lon="75.7767700">
    <ele>235.4</ele>
    <time>2026-01-18T10:43:32Z</time>
   </trkpt>
   <trkpt lat="30.9835450" lon="75.7766970">
    <ele>235.4</ele>
    <time>2026-01-18T10:43:33Z</time>
   </trkpt>
   <trkpt lat="30.9835210" lon="75.7766240">
    <ele>235.3</ele>
    <time>2026-01-18T10:43:34Z</time>
   </trkpt>
   <trkpt lat="30.9834960" lon="75.7765490">
    <ele>235.3</ele>
    <time>2026-01-18T10:43:35Z</time>
   </trkpt>
   <trkpt lat="30.9834720" lon="75.7764740">
    <ele>235.2</ele>
    <time>2026-01-18T10:43:36Z</time>
   </trkpt>
   <trkpt lat="30.9834480" lon="75.7763980">
    <ele>235.2</ele>
    <time>2026-01-18T10:43:37Z</time>
   </trkpt>
   <trkpt lat="30.9834240" lon="75.7763230">
    <ele>235.2</ele>
    <time>2026-01-18T10:43:38Z</time>
   </trkpt>
   <trkpt lat="30.9834030" lon="75.7762450">
    <ele>235.2</ele>
    <time>2026-01-18T10:43:39Z</time>
   </trkpt>
   <trkpt lat="30.9833810" lon="75.7761670">
    <ele>235.1</ele>
    <time>2026-01-18T10:43:40Z</time>
   </trkpt>
   <trkpt lat="30.9833600" lon="75.7760890">
    <ele>235.1</ele>
    <time>2026-01-18T10:43:41Z</time>
   </trkpt>
   <trkpt lat="30.9833390" lon="75.7760100">
    <ele>235.1</ele>
    <time>2026-01-18T10:43:42Z</time>
   </trkpt>
   <trkpt lat="30.9833170" lon="75.7759320">
    <ele>235.0</ele>
    <time>2026-01-18T10:43:43Z</time>
   </trkpt>
   <trkpt lat="30.9832970" lon="75.7758510">
    <ele>235.0</ele>
    <time>2026-01-18T10:43:44Z</time>
   </trkpt>
   <trkpt lat="30.9832780" lon="75.7757730">
    <ele>234.9</ele>
    <time>2026-01-18T10:43:45Z</time>
   </trkpt>
   <trkpt lat="30.9832590" lon="75.7756930">
    <ele>234.9</ele>
    <time>2026-01-18T10:43:46Z</time>
   </trkpt>
   <trkpt lat="30.9832400" lon="75.7756130">
    <ele>234.9</ele>
    <time>2026-01-18T10:43:47Z</time>
   </trkpt>
   <trkpt lat="30.9832210" lon="75.7755350">
    <ele>234.8</ele>
    <time>2026-01-18T10:43:48Z</time>
   </trkpt>
   <trkpt lat="30.9832020" lon="75.7754560">
    <ele>234.8</ele>
    <time>2026-01-18T10:43:49Z</time>
   </trkpt>
   <trkpt lat="30.9831850" lon="75.7753750">
    <ele>234.7</ele>
    <time>2026-01-18T10:43:50Z</time>
   </trkpt>
   <trkpt lat="30.9831690" lon="75.7752960">
    <ele>234.7</ele>
    <time>2026-01-18T10:43:51Z</time>
   </trkpt>
   <trkpt lat="30.9831520" lon="75.7752140">
    <ele>234.7</ele>
    <time>2026-01-18T10:43:52Z</time>
   </trkpt>
   <trkpt lat="30.9831380" lon="75.7751330">
    <ele>234.6</ele>
    <time>2026-01-18T10:43:53Z</time>
   </trkpt>
   <trkpt lat="30.9831240" lon="75.7750500">
    <ele>234.6</ele>
    <time>2026-01-18T10:43:54Z</time>
   </trkpt>
   <trkpt lat="30.9831100" lon="75.7749700">
    <ele>234.5</ele>
    <time>2026-01-18T10:43:55Z</time>
   </trkpt>
   <trkpt lat="30.9830950" lon="75.7748870">
    <ele>234.5</ele>
    <time>2026-01-18T10:43:56Z</time>
   </trkpt>
   <trkpt lat="30.9830810" lon="75.7748050">
    <ele>234.5</ele>
    <time>2026-01-18T10:43:57Z</time>
   </trkpt>
   <trkpt lat="30.9830700" lon="75.7747220">
    <ele>234.4</ele>
    <time>2026-01-18T10:43:58Z</time>
   </trkpt>
   <trkpt lat="30.9830570" lon="75.7746390">
    <ele>234.4</ele>
    <time>2026-01-18T10:43:59Z</time>
   </trkpt>
   <trkpt lat="30.9830460" lon="75.7745550">
    <ele>234.4</ele>
    <time>2026-01-18T10:44:00Z</time>
   </trkpt>
   <trkpt lat="30.9830360" lon="75.7744700">
    <ele>234.3</ele>
    <time>2026-01-18T10:44:01Z</time>
   </trkpt>
   <trkpt lat="30.9830250" lon="75.7743860">
    <ele>234.3</ele>
    <time>2026-01-18T10:44:02Z</time>
   </trkpt>
   <trkpt lat="30.9830140" lon="75.7743030">
    <ele>234.3</ele>
    <time>2026-01-18T10:44:03Z</time>
   </trkpt>
   <trkpt lat="30.9830040" lon="75.7742200">
    <ele>234.3</ele>
    <time>2026-01-18T10:44:04Z</time>
   </trkpt>
   <trkpt lat="30.9829940" lon="75.7741360">
    <ele>234.3</ele>
    <time>2026-01-18T10:44:05Z</time>
   </trkpt>
   <trkpt lat="30.9829850" lon="75.7740530">
    <ele>234.3</ele>
    <time>2026-01-18T10:44:06Z</time>
   </trkpt>
   <trkpt lat="30.9829770" lon="75.7739700">
    <ele>234.2</ele>
    <time>2026-01-18T10:44:07Z</time>
   </trkpt>
   <trkpt lat="30.9829700" lon="75.7738870">
    <ele>234.2</ele>
    <time>2026-01-18T10:44:08Z</time>
   </trkpt>
   <trkpt lat="30.9829630" lon="75.7738020">
    <ele>234.2</ele>
    <time>2026-01-18T10:44:09Z</time>
   </trkpt>
   <trkpt lat="30.9829590" lon="75.7737170">
    <ele>234.1</ele>
    <time>2026-01-18T10:44:10Z</time>
   </trkpt>
   <trkpt lat="30.9829530" lon="75.7736340">
    <ele>234.1</ele>
    <time>2026-01-18T10:44:11Z</time>
   </trkpt>
   <trkpt lat="30.9829490" lon="75.7735500">
    <ele>234.0</ele>
    <time>2026-01-18T10:44:12Z</time>
   </trkpt>
   <trkpt lat="30.9829440" lon="75.7734650">
    <ele>234.0</ele>
    <time>2026-01-18T10:44:13Z</time>
   </trkpt>
   <trkpt lat="30.9829400" lon="75.7733810">
    <ele>234.0</ele>
    <time>2026-01-18T10:44:14Z</time>
   </trkpt>
   <trkpt lat="30.9829370" lon="75.7732960">
    <ele>234.0</ele>
    <time>2026-01-18T10:44:15Z</time>
   </trkpt>
   <trkpt lat="30.9829350" lon="75.7732110">
    <ele>234.0</ele>
    <time>2026-01-18T10:44:16Z</time>
   </trkpt>
   <trkpt lat="30.9829330" lon="75.7731260">
    <ele>234.0</ele>
    <time>2026-01-18T10:44:17Z</time>
   </trkpt>
   <trkpt lat="30.9829300" lon="75.7730420">
    <ele>234.0</ele>
    <time>2026-01-18T10:44:18Z</time>
   </trkpt>
   <trkpt lat="30.9829300" lon="75.7729560">
    <ele>233.9</ele>
    <time>2026-01-18T10:44:19Z</time>
   </trkpt>
   <trkpt lat="30.9829290" lon="75.7728730">
    <ele>233.9</ele>
    <time>2026-01-18T10:44:20Z</time>
   </trkpt>
   <trkpt lat="30.9829310" lon="75.7727890">
    <ele>233.8</ele>
    <time>2026-01-18T10:44:21Z</time>
   </trkpt>
   <trkpt lat="30.9829330" lon="75.7727040">
    <ele>233.8</ele>
    <time>2026-01-18T10:44:22Z</time>
   </trkpt>
   <trkpt lat="30.9829340" lon="75.7726220">
    <ele>233.7</ele>
    <time>2026-01-18T10:44:23Z</time>
   </trkpt>
   <trkpt lat="30.9829360" lon="75.7725360">
    <ele>233.7</ele>
    <time>2026-01-18T10:44:24Z</time>
   </trkpt>
   <trkpt lat="30.9829380" lon="75.7724520">
    <ele>233.7</ele>
    <time>2026-01-18T10:44:25Z</time>
   </trkpt>
   <trkpt lat="30.9829410" lon="75.7723670">
    <ele>233.7</ele>
    <time>2026-01-18T10:44:26Z</time>
   </trkpt>
   <trkpt lat="30.9829470" lon="75.7722830">
    <ele>233.7</ele>
    <time>2026-01-18T10:44:27Z</time>
   </trkpt>
   <trkpt lat="30.9829510" lon="75.7722000">
    <ele>233.7</ele>
    <time>2026-01-18T10:44:28Z</time>
   </trkpt>
   <trkpt lat="30.9829560" lon="75.7721150">
    <ele>233.6</ele>
    <time>2026-01-18T10:44:29Z</time>
   </trkpt>
   <trkpt lat="30.9829610" lon="75.7720300">
    <ele>233.5</ele>
    <time>2026-01-18T10:44:30Z</time>
   </trkpt>
   <trkpt lat="30.9829670" lon="75.7719440">
    <ele>233.5</ele>
    <time>2026-01-18T10:44:31Z</time>
   </trkpt>
   <trkpt lat="30.9829730" lon="75.7718590">
    <ele>233.4</ele>
    <time>2026-01-18T10:44:32Z</time>
   </trkpt>
   <trkpt lat="30.9829820" lon="75.7717710">
    <ele>233.3</ele>
    <time>2026-01-18T10:44:33Z</time>
   </trkpt>
   <trkpt lat="30.9829880" lon="75.7716830">
    <ele>233.2</ele>
    <time>2026-01-18T10:44:34Z</time>
   </trkpt>
   <trkpt lat="30.9829960" lon="75.7715950">
    <ele>233.1</ele>
    <time>2026-01-18T10:44:35Z</time>
   </trkpt>
   <trkpt lat="30.9830060" lon="75.7715060">
    <ele>233.0</ele>
    <time>2026-01-18T10:44:36Z</time>
   </trkpt>
   <trkpt lat="30.9830140" lon="75.7714180">
    <ele>233.0</ele>
    <time>2026-01-18T10:44:37Z</time>
   </trkpt>
   <trkpt lat="30.9830230" lon="75.7713290">
    <ele>232.9</ele>
    <time>2026-01-18T10:44:38Z</time>
   </trkpt>
   <trkpt lat="30.9830330" lon="75.7712410">
    <ele>232.9</ele>
    <time>2026-01-18T10:44:39Z</time>
   </trkpt>
   <trkpt lat="30.9830420" lon="75.7711530">
    <ele>232.8</ele>
    <time>2026-01-18T10:44:40Z</time>
   </trkpt>
   <trkpt lat="30.9830510" lon="75.7710660">
    <ele>232.8</ele>
    <time>2026-01-18T10:44:41Z</time>
   </trkpt>
   <trkpt lat="30.9830590" lon="75.7709790">
    <ele>232.8</ele>
    <time>2026-01-18T10:44:42Z</time>
   </trkpt>
   <trkpt lat="30.9830670" lon="75.7708910">
    <ele>232.8</ele>
    <time>2026-01-18T10:44:43Z</time>
   </trkpt>
   <trkpt lat="30.9830760" lon="75.7708050">
    <ele>232.8</ele>
    <time>2026-01-18T10:44:44Z</time>
   </trkpt>
   <trkpt lat="30.9830850" lon="75.7707180">
    <ele>232.8</ele>
    <time>2026-01-18T10:44:45Z</time>
   </trkpt>
   <trkpt lat="30.9830920" lon="75.7706320">
    <ele>232.8</ele>
    <time>2026-01-18T10:44:46Z</time>
   </trkpt>
   <trkpt lat="30.9831010" lon="75.7705460">
    <ele>232.8</ele>
    <time>2026-01-18T10:44:47Z</time>
   </trkpt>
   <trkpt lat="30.9831100" lon="75.7704610">
    <ele>232.8</ele>
    <time>2026-01-18T10:44:48Z</time>
   </trkpt>
   <trkpt lat="30.9831190" lon="75.7703770">
    <ele>232.8</ele>
    <time>2026-01-18T10:44:49Z</time>
   </trkpt>
   <trkpt lat="30.9831280" lon="75.7702940">
    <ele>232.8</ele>
    <time>2026-01-18T10:44:50Z</time>
   </trkpt>
   <trkpt lat="30.9831350" lon="75.7702090">
    <ele>232.9</ele>
    <time>2026-01-18T10:44:51Z</time>
   </trkpt>
   <trkpt lat="30.9831430" lon="75.7701250">
    <ele>232.9</ele>
    <time>2026-01-18T10:44:52Z</time>
   </trkpt>
   <trkpt lat="30.9831500" lon="75.7700440">
    <ele>233.0</ele>
    <time>2026-01-18T10:44:53Z</time>
   </trkpt>
   <trkpt lat="30.9831590" lon="75.7699630">
    <ele>233.0</ele>
    <time>2026-01-18T10:44:54Z</time>
   </trkpt>
   <trkpt lat="30.9831670" lon="75.7698810">
    <ele>233.0</ele>
    <time>2026-01-18T10:44:55Z</time>
   </trkpt>
   <trkpt lat="30.9831760" lon="75.7697990">
    <ele>233.1</ele>
    <time>2026-01-18T10:44:56Z</time>
   </trkpt>
   <trkpt lat="30.9831830" lon="75.7697180">
    <ele>233.1</ele>
    <time>2026-01-18T10:44:57Z</time>
   </trkpt>
   <trkpt lat="30.9831870" lon="75.7696380">
    <ele>233.1</ele>
    <time>2026-01-18T10:44:58Z</time>
   </trkpt>
   <trkpt lat="30.9831920" lon="75.7695610">
    <ele>233.1</ele>
    <time>2026-01-18T10:44:59Z</time>
   </trkpt>
   <trkpt lat="30.9831970" lon="75.7694850">
    <ele>233.1</ele>
    <time>2026-01-18T10:45:00Z</time>
   </trkpt>
   <trkpt lat="30.9832030" lon="75.7694100">
    <ele>233.2</ele>
    <time>2026-01-18T10:45:01Z</time>
   </trkpt>
   <trkpt lat="30.9832100" lon="75.7693370">
    <ele>233.2</ele>
    <time>2026-01-18T10:45:02Z</time>
   </trkpt>
   <trkpt lat="30.9832170" lon="75.7692660">
    <ele>233.2</ele>
    <time>2026-01-18T10:45:03Z</time>
   </trkpt>
   <trkpt lat="30.9832210" lon="75.7691970">
    <ele>233.2</ele>
    <time>2026-01-18T10:45:04Z</time>
   </trkpt>
   <trkpt lat="30.9832250" lon="75.7691290">
    <ele>233.3</ele>
    <time>2026-01-18T10:45:05Z</time>
   </trkpt>
   <trkpt lat="30.9832300" lon="75.7690580">
    <ele>233.3</ele>
    <time>2026-01-18T10:45:06Z</time>
   </trkpt>
   <trkpt lat="30.9832340" lon="75.7689840">
    <ele>233.3</ele>
    <time>2026-01-18T10:45:07Z</time>
   </trkpt>
   <trkpt lat="30.9832360" lon="75.7689100">
    <ele>233.3</ele>
    <time>2026-01-18T10:45:08Z</time>
   </trkpt>
   <trkpt lat="30.9832370" lon="75.7688330">
    <ele>233.4</ele>
    <time>2026-01-18T10:45:09Z</time>
   </trkpt>
   <trkpt lat="30.9832400" lon="75.7687570">
    <ele>233.4</ele>
    <time>2026-01-18T10:45:10Z</time>
   </trkpt>
   <trkpt lat="30.9832430" lon="75.7686790">
    <ele>233.4</ele>
    <time>2026-01-18T10:45:11Z</time>
   </trkpt>
   <trkpt lat="30.9832450" lon="75.7686040">
    <ele>233.5</ele>
    <time>2026-01-18T10:45:12Z</time>
   </trkpt>
   <trkpt lat="30.9832470" lon="75.7685280">
    <ele>233.5</ele>
    <time>2026-01-18T10:45:13Z</time>
   </trkpt>
   <trkpt lat="30.9832470" lon="75.7684500">
    <ele>233.5</ele>
    <time>2026-01-18T10:45:14Z</time>
   </trkpt>
   <trkpt lat="30.9832480" lon="75.7683730">
    <ele>233.6</ele>
    <time>2026-01-18T10:45:15Z</time>
   </trkpt>
   <trkpt lat="30.9832470" lon="75.7682970">
    <ele>233.6</ele>
    <time>2026-01-18T10:45:16Z</time>
   </trkpt>
   <trkpt lat="30.9832480" lon="75.7682190">
    <ele>233.6</ele>
    <time>2026-01-18T10:45:17Z</time>
   </trkpt>
   <trkpt lat="30.9832460" lon="75.7681440">
    <ele>233.6</ele>
    <time>2026-01-18T10:45:18Z</time>
   </trkpt>
   <trkpt lat="30.9832450" lon="75.7680690">
    <ele>233.6</ele>
    <time>2026-01-18T10:45:19Z</time>
   </trkpt>
   <trkpt lat="30.9832440" lon="75.7679940">
    <ele>233.7</ele>
    <time>2026-01-18T10:45:20Z</time>
   </trkpt>
   <trkpt lat="30.9832440" lon="75.7679210">
    <ele>233.7</ele>
    <time>2026-01-18T10:45:21Z</time>
   </trkpt>
   <trkpt lat="30.9832390" lon="75.7678480">
    <ele>233.7</ele>
    <time>2026-01-18T10:45:22Z</time>
   </trkpt>
   <trkpt lat="30.9832350" lon="75.7677740">
    <ele>233.7</ele>
    <time>2026-01-18T10:45:23Z</time>
   </trkpt>
   <trkpt lat="30.9832330" lon="75.7677030">
    <ele>233.7</ele>
    <time>2026-01-18T10:45:24Z</time>
   </trkpt>
   <trkpt lat="30.9832300" lon="75.7676310">
    <ele>233.8</ele>
    <time>2026-01-18T10:45:25Z</time>
   </trkpt>
   <trkpt lat="30.9832230" lon="75.7675600">
    <ele>233.8</ele>
    <time>2026-01-18T10:45:26Z</time>
   </trkpt>
   <trkpt lat="30.9832140" lon="75.7674860">
    <ele>233.8</ele>
    <time>2026-01-18T10:45:27Z</time>
   </trkpt>
   <trkpt lat="30.9832060" lon="75.7674140">
    <ele>233.8</ele>
    <time>2026-01-18T10:45:28Z</time>
   </trkpt>
   <trkpt lat="30.9831980" lon="75.7673420">
    <ele>233.8</ele>
    <time>2026-01-18T10:45:29Z</time>
   </trkpt>
   <trkpt lat="30.9831900" lon="75.7672690">
    <ele>233.8</ele>
    <time>2026-01-18T10:45:30Z</time>
   </trkpt>
   <trkpt lat="30.9831810" lon="75.7671990">
    <ele>233.7</ele>
    <time>2026-01-18T10:45:31Z</time>
   </trkpt>
   <trkpt lat="30.9831760" lon="75.7671250">
    <ele>233.7</ele>
    <time>2026-01-18T10:45:32Z</time>
   </trkpt>
   <trkpt lat="30.9831650" lon="75.7670530">
    <ele>233.6</ele>
    <time>2026-01-18T10:45:33Z</time>
   </trkpt>
   <trkpt lat="30.9831570" lon="75.7669790">
    <ele>233.6</ele>
    <time>2026-01-18T10:45:35Z</time>
   </trkpt>
   <trkpt lat="30.9831470" lon="75.7669040">
    <ele>233.5</ele>
    <time>2026-01-18T10:45:36Z</time>
   </trkpt>
   <trkpt lat="30.9831400" lon="75.7668290">
    <ele>233.5</ele>
    <time>2026-01-18T10:45:37Z</time>
   </trkpt>
   <trkpt lat="30.9831340" lon="75.7667560">
    <ele>233.5</ele>
    <time>2026-01-18T10:45:38Z</time>
   </trkpt>
   <trkpt lat="30.9831250" lon="75.7666820">
    <ele>233.4</ele>
    <time>2026-01-18T10:45:39Z</time>
   </trkpt>
   <trkpt lat="30.9831170" lon="75.7666060">
    <ele>233.4</ele>
    <time>2026-01-18T10:45:40Z</time>
   </trkpt>
   <trkpt lat="30.9831090" lon="75.7665310">
    <ele>233.3</ele>
    <time>2026-01-18T10:45:41Z</time>
   </trkpt>
   <trkpt lat="30.9830980" lon="75.7664560">
    <ele>233.3</ele>
    <time>2026-01-18T10:45:42Z</time>
   </trkpt>
   <trkpt lat="30.9830890" lon="75.7663810">
    <ele>233.3</ele>
    <time>2026-01-18T10:45:43Z</time>
   </trkpt>
   <trkpt lat="30.9830770" lon="75.7663060">
    <ele>233.2</ele>
    <time>2026-01-18T10:45:44Z</time>
   </trkpt>
   <trkpt lat="30.9830650" lon="75.7662300">
    <ele>233.2</ele>
    <time>2026-01-18T10:45:45Z</time>
   </trkpt>
   <trkpt lat="30.9830550" lon="75.7661540">
    <ele>233.2</ele>
    <time>2026-01-18T10:45:46Z</time>
   </trkpt>
   <trkpt lat="30.9830430" lon="75.7660780">
    <ele>233.2</ele>
    <time>2026-01-18T10:45:47Z</time>
   </trkpt>
   <trkpt lat="30.9830310" lon="75.7660010">
    <ele>233.2</ele>
    <time>2026-01-18T10:45:48Z</time>
   </trkpt>
   <trkpt lat="30.9830190" lon="75.7659260">
    <ele>233.2</ele>
    <time>2026-01-18T10:45:49Z</time>
   </trkpt>
   <trkpt lat="30.9830080" lon="75.7658480">
    <ele>233.1</ele>
    <time>2026-01-18T10:45:50Z</time>
   </trkpt>
   <trkpt lat="30.9829970" lon="75.7657710">
    <ele>233.2</ele>
    <time>2026-01-18T10:45:51Z</time>
   </trkpt>
   <trkpt lat="30.9829880" lon="75.7656910">
    <ele>233.2</ele>
    <time>2026-01-18T10:45:52Z</time>
   </trkpt>
   <trkpt lat="30.9829780" lon="75.7656120">
    <ele>233.5</ele>
    <time>2026-01-18T10:45:53Z</time>
   </trkpt>
   <trkpt lat="30.9829680" lon="75.7655350">
    <ele>233.6</ele>
    <time>2026-01-18T10:45:54Z</time>
   </trkpt>
   <trkpt lat="30.9829560" lon="75.7654560">
    <ele>233.5</ele>
    <time>2026-01-18T10:45:55Z</time>
   </trkpt>
   <trkpt lat="30.9829410" lon="75.7653770">
    <ele>233.5</ele>
    <time>2026-01-18T10:45:56Z</time>
   </trkpt>
   <trkpt lat="30.9829240" lon="75.7652950">
    <ele>233.4</ele>
    <time>2026-01-18T10:45:57Z</time>
   </trkpt>
   <trkpt lat="30.9829060" lon="75.7652140">
    <ele>233.4</ele>
    <time>2026-01-18T10:45:58Z</time>
   </trkpt>
   <trkpt lat="30.9828880" lon="75.7651310">
    <ele>233.4</ele>
    <time>2026-01-18T10:45:59Z</time>
   </trkpt>
   <trkpt lat="30.9828700" lon="75.7650450">
    <ele>233.3</ele>
    <time>2026-01-18T10:46:00Z</time>
   </trkpt>
   <trkpt lat="30.9828510" lon="75.7649630">
    <ele>233.3</ele>
    <time>2026-01-18T10:46:01Z</time>
   </trkpt>
   <trkpt lat="30.9828310" lon="75.7648800">
    <ele>233.3</ele>
    <time>2026-01-18T10:46:02Z</time>
   </trkpt>
   <trkpt lat="30.9828100" lon="75.7647970">
    <ele>233.3</ele>
    <time>2026-01-18T10:46:03Z</time>
   </trkpt>
   <trkpt lat="30.9827890" lon="75.7647150">
    <ele>233.2</ele>
    <time>2026-01-18T10:46:04Z</time>
   </trkpt>
   <trkpt lat="30.9827660" lon="75.7646300">
    <ele>233.2</ele>
    <time>2026-01-18T10:46:05Z</time>
   </trkpt>
   <trkpt lat="30.9827430" lon="75.7645470">
    <ele>233.2</ele>
    <time>2026-01-18T10:46:06Z</time>
   </trkpt>
   <trkpt lat="30.9827150" lon="75.7644660">
    <ele>233.2</ele>
    <time>2026-01-18T10:46:07Z</time>
   </trkpt>
   <trkpt lat="30.9826880" lon="75.7643830">
    <ele>233.2</ele>
    <time>2026-01-18T10:46:08Z</time>
   </trkpt>
   <trkpt lat="30.9826610" lon="75.7643000">
    <ele>233.1</ele>
    <time>2026-01-18T10:46:09Z</time>
   </trkpt>
   <trkpt lat="30.9826350" lon="75.7642170">
    <ele>233.1</ele>
    <time>2026-01-18T10:46:10Z</time>
   </trkpt>
   <trkpt lat="30.9826070" lon="75.7641360">
    <ele>233.1</ele>
    <time>2026-01-18T10:46:11Z</time>
   </trkpt>
   <trkpt lat="30.9825820" lon="75.7640540">
    <ele>233.1</ele>
    <time>2026-01-18T10:46:12Z</time>
   </trkpt>
   <trkpt lat="30.9825570" lon="75.7639720">
    <ele>233.0</ele>
    <time>2026-01-18T10:46:13Z</time>
   </trkpt>
   <trkpt lat="30.9825320" lon="75.7638910">
    <ele>233.0</ele>
    <time>2026-01-18T10:46:14Z</time>
   </trkpt>
   <trkpt lat="30.9825050" lon="75.7638110">
    <ele>233.0</ele>
    <time>2026-01-18T10:46:15Z</time>
   </trkpt>
   <trkpt lat="30.9824770" lon="75.7637300">
    <ele>232.9</ele>
    <time>2026-01-18T10:46:16Z</time>
   </trkpt>
   <trkpt lat="30.9824490" lon="75.7636510">
    <ele>232.9</ele>
    <time>2026-01-18T10:46:17Z</time>
   </trkpt>
   <trkpt lat="30.9824210" lon="75.7635690">
    <ele>232.9</ele>
    <time>2026-01-18T10:46:18Z</time>
   </trkpt>
   <trkpt lat="30.9823900" lon="75.7634920">
    <ele>232.9</ele>
    <time>2026-01-18T10:46:19Z</time>
   </trkpt>
   <trkpt lat="30.9823620" lon="75.7634150">
    <ele>232.9</ele>
    <time>2026-01-18T10:46:20Z</time>
   </trkpt>
   <trkpt lat="30.9823330" lon="75.7633360">
    <ele>232.9</ele>
    <time>2026-01-18T10:46:21Z</time>
   </trkpt>
   <trkpt lat="30.9823030" lon="75.7632600">
    <ele>232.9</ele>
    <time>2026-01-18T10:46:22Z</time>
   </trkpt>
   <trkpt lat="30.9822730" lon="75.7631840">
    <ele>232.8</ele>
    <time>2026-01-18T10:46:23Z</time>
   </trkpt>
   <trkpt lat="30.9822410" lon="75.7631130">
    <ele>232.7</ele>
    <time>2026-01-18T10:46:24Z</time>
   </trkpt>
   <trkpt lat="30.9822100" lon="75.7630380">
    <ele>232.6</ele>
    <time>2026-01-18T10:46:25Z</time>
   </trkpt>
   <trkpt lat="30.9821780" lon="75.7629650">
    <ele>232.5</ele>
    <time>2026-01-18T10:46:26Z</time>
   </trkpt>
   <trkpt lat="30.9821470" lon="75.7628930">
    <ele>232.4</ele>
    <time>2026-01-18T10:46:27Z</time>
   </trkpt>
   <trkpt lat="30.9821170" lon="75.7628210">
    <ele>232.4</ele>
    <time>2026-01-18T10:46:28Z</time>
   </trkpt>
   <trkpt lat="30.9820890" lon="75.7627480">
    <ele>232.3</ele>
    <time>2026-01-18T10:46:29Z</time>
   </trkpt>
   <trkpt lat="30.9820600" lon="75.7626750">
    <ele>232.3</ele>
    <time>2026-01-18T10:46:30Z</time>
   </trkpt>
   <trkpt lat="30.9820320" lon="75.7626010">
    <ele>232.2</ele>
    <time>2026-01-18T10:46:31Z</time>
   </trkpt>
   <trkpt lat="30.9820040" lon="75.7625300">
    <ele>232.2</ele>
    <time>2026-01-18T10:46:32Z</time>
   </trkpt>
   <trkpt lat="30.9819730" lon="75.7624600">
    <ele>232.2</ele>
    <time>2026-01-18T10:46:33Z</time>
   </trkpt>
   <trkpt lat="30.9819390" lon="75.7623900">
    <ele>232.1</ele>
    <time>2026-01-18T10:46:34Z</time>
   </trkpt>
   <trkpt lat="30.9819060" lon="75.7623210">
    <ele>232.1</ele>
    <time>2026-01-18T10:46:35Z</time>
   </trkpt>
   <trkpt lat="30.9818750" lon="75.7622530">
    <ele>232.1</ele>
    <time>2026-01-18T10:46:36Z</time>
   </trkpt>
   <trkpt lat="30.9818430" lon="75.7621870">
    <ele>232.1</ele>
    <time>2026-01-18T10:46:37Z</time>
   </trkpt>
   <trkpt lat="30.9818110" lon="75.7621210">
    <ele>232.2</ele>
    <time>2026-01-18T10:46:38Z</time>
   </trkpt>
   <trkpt lat="30.9817800" lon="75.7620570">
    <ele>232.2</ele>
    <time>2026-01-18T10:46:39Z</time>
   </trkpt>
   <trkpt lat="30.9817460" lon="75.7619940">
    <ele>232.2</ele>
    <time>2026-01-18T10:46:40Z</time>
   </trkpt>
   <trkpt lat="30.9817140" lon="75.7619330">
    <ele>232.3</ele>
    <time>2026-01-18T10:46:41Z</time>
   </trkpt>
   <trkpt lat="30.9816830" lon="75.7618740">
    <ele>232.4</ele>
    <time>2026-01-18T10:46:42Z</time>
   </trkpt>
   <trkpt lat="30.9816530" lon="75.7618130">
    <ele>232.4</ele>
    <time>2026-01-18T10:46:43Z</time>
   </trkpt>
   <trkpt lat="30.9816200" lon="75.7617550">
    <ele>232.5</ele>
    <time>2026-01-18T10:46:44Z</time>
   </trkpt>
   <trkpt lat="30.9815890" lon="75.7616980">
    <ele>232.7</ele>
    <time>2026-01-18T10:46:45Z</time>
   </trkpt>
   <trkpt lat="30.9815610" lon="75.7616420">
    <ele>232.8</ele>
    <time>2026-01-18T10:46:46Z</time>
   </trkpt>
   <trkpt lat="30.9815310" lon="75.7615850">
    <ele>233.0</ele>
    <time>2026-01-18T10:46:47Z</time>
   </trkpt>
   <trkpt lat="30.9815030" lon="75.7615320">
    <ele>233.1</ele>
    <time>2026-01-18T10:46:48Z</time>
   </trkpt>
   <trkpt lat="30.9814730" lon="75.7614790">
    <ele>233.3</ele>
    <time>2026-01-18T10:46:49Z</time>
   </trkpt>
   <trkpt lat="30.9814450" lon="75.7614290">
    <ele>233.4</ele>
    <time>2026-01-18T10:46:50Z</time>
   </trkpt>
   <trkpt lat="30.9814170" lon="75.7613810">
    <ele>233.6</ele>
    <time>2026-01-18T10:46:51Z</time>
   </trkpt>
   <trkpt lat="30.9813620" lon="75.7612870">
    <ele>233.9</ele>
    <time>2026-01-18T10:46:52Z</time>
   </trkpt>
   <trkpt lat="30.9813360" lon="75.7612440">
    <ele>234.0</ele>
    <time>2026-01-18T10:46:53Z</time>
   </trkpt>
   <trkpt lat="30.9813100" lon="75.7611990">
    <ele>234.2</ele>
    <time>2026-01-18T10:46:54Z</time>
   </trkpt>
   <trkpt lat="30.9812840" lon="75.7611550">
    <ele>234.3</ele>
    <time>2026-01-18T10:46:55Z</time>
   </trkpt>
   <trkpt lat="30.9812570" lon="75.7611120">
    <ele>234.5</ele>
    <time>2026-01-18T10:46:56Z</time>
   </trkpt>
   <trkpt lat="30.9812290" lon="75.7610690">
    <ele>234.6</ele>
    <time>2026-01-18T10:46:57Z</time>
   </trkpt>
   <trkpt lat="30.9812010" lon="75.7610240">
    <ele>234.8</ele>
    <time>2026-01-18T10:46:59Z</time>
   </trkpt>
   <trkpt lat="30.9811740" lon="75.7609800">
    <ele>234.9</ele>
    <time>2026-01-18T10:47:00Z</time>
   </trkpt>
   <trkpt lat="30.9811460" lon="75.7609350">
    <ele>235.1</ele>
    <time>2026-01-18T10:47:01Z</time>
   </trkpt>
   <trkpt lat="30.9811180" lon="75.7608900">
    <ele>235.2</ele>
    <time>2026-01-18T10:47:02Z</time>
   </trkpt>
   <trkpt lat="30.9810910" lon="75.7608460">
    <ele>235.4</ele>
    <time>2026-01-18T10:47:03Z</time>
   </trkpt>
   <trkpt lat="30.9810600" lon="75.7608030">
    <ele>235.5</ele>
    <time>2026-01-18T10:47:04Z</time>
   </trkpt>
   <trkpt lat="30.9810320" lon="75.7607560">
    <ele>235.7</ele>
    <time>2026-01-18T10:47:05Z</time>
   </trkpt>
   <trkpt lat="30.9810030" lon="75.7607120">
    <ele>235.8</ele>
    <time>2026-01-18T10:47:06Z</time>
   </trkpt>
   <trkpt lat="30.9809740" lon="75.7606680">
    <ele>236.0</ele>
    <time>2026-01-18T10:47:07Z</time>
   </trkpt>
   <trkpt lat="30.9809430" lon="75.7606260">
    <ele>236.1</ele>
    <time>2026-01-18T10:47:08Z</time>
   </trkpt>
   <trkpt lat="30.9809150" lon="75.7605870">
    <ele>236.2</ele>
    <time>2026-01-18T10:47:09Z</time>
   </trkpt>
   <trkpt lat="30.9808880" lon="75.7605450">
    <ele>236.3</ele>
    <time>2026-01-18T10:47:10Z</time>
   </trkpt>
   <trkpt lat="30.9808620" lon="75.7605060">
    <ele>236.5</ele>
    <time>2026-01-18T10:47:11Z</time>
   </trkpt>
   <trkpt lat="30.9808370" lon="75.7604690">
    <ele>236.5</ele>
    <time>2026-01-18T10:47:12Z</time>
   </trkpt>
   <trkpt lat="30.9808110" lon="75.7604280">
    <ele>236.6</ele>
    <time>2026-01-18T10:47:13Z</time>
   </trkpt>
   <trkpt lat="30.9807840" lon="75.7604000">
    <ele>236.7</ele>
    <time>2026-01-18T10:47:14Z</time>
   </trkpt>
   <trkpt lat="30.9807580" lon="75.7603720">
    <ele>236.8</ele>
    <time>2026-01-18T10:47:15Z</time>
   </trkpt>
   <trkpt lat="30.9807380" lon="75.7603370">
    <ele>236.9</ele>
    <time>2026-01-18T10:47:16Z</time>
   </trkpt>
   <trkpt lat="30.9807110" lon="75.7602980">
    <ele>237.0</ele>
    <time>2026-01-18T10:47:17Z</time>
   </trkpt>
   <trkpt lat="30.9806910" lon="75.7602670">
    <ele>237.0</ele>
    <time>2026-01-18T10:47:18Z</time>
   </trkpt>
   <trkpt lat="30.9806690" lon="75.7602330">
    <ele>237.1</ele>
    <time>2026-01-18T10:47:19Z</time>
   </trkpt>
   <trkpt lat="30.9806460" lon="75.7601930">
    <ele>237.2</ele>
    <time>2026-01-18T10:47:20Z</time>
   </trkpt>
   <trkpt lat="30.9806140" lon="75.7601580">
    <ele>237.3</ele>
    <time>2026-01-18T10:47:21Z</time>
   </trkpt>
   <trkpt lat="30.9805880" lon="75.7601180">
    <ele>237.4</ele>
    <time>2026-01-18T10:47:22Z</time>
   </trkpt>
   <trkpt lat="30.9805570" lon="75.7600760">
    <ele>237.4</ele>
    <time>2026-01-18T10:47:23Z</time>
   </trkpt>
   <trkpt lat="30.9805220" lon="75.7600340">
    <ele>237.5</ele>
    <time>2026-01-18T10:47:24Z</time>
   </trkpt>
   <trkpt lat="30.9804850" lon="75.7599880">
    <ele>237.6</ele>
    <time>2026-01-18T10:47:25Z</time>
   </trkpt>
   <trkpt lat="30.9804510" lon="75.7599430">
    <ele>237.7</ele>
    <time>2026-01-18T10:47:26Z</time>
   </trkpt>
   <trkpt lat="30.9804150" lon="75.7599000">
    <ele>237.8</ele>
    <time>2026-01-18T10:47:27Z</time>
   </trkpt>
   <trkpt lat="30.9803790" lon="75.7598550">
    <ele>237.9</ele>
    <time>2026-01-18T10:47:28Z</time>
   </trkpt>
   <trkpt lat="30.9803420" lon="75.7598090">
    <ele>238.0</ele>
    <time>2026-01-18T10:47:29Z</time>
   </trkpt>
   <trkpt lat="30.9803060" lon="75.7597650">
    <ele>238.1</ele>
    <time>2026-01-18T10:47:30Z</time>
   </trkpt>
   <trkpt lat="30.9802660" lon="75.7597180">
    <ele>238.2</ele>
    <time>2026-01-18T10:47:31Z</time>
   </trkpt>
   <trkpt lat="30.9802310" lon="75.7596720">
    <ele>238.3</ele>
    <time>2026-01-18T10:47:32Z</time>
   </trkpt>
   <trkpt lat="30.9801940" lon="75.7596300">
    <ele>238.4</ele>
    <time>2026-01-18T10:47:33Z</time>
   </trkpt>
   <trkpt lat="30.9801570" lon="75.7595860">
    <ele>238.5</ele>
    <time>2026-01-18T10:47:34Z</time>
   </trkpt>
   <trkpt lat="30.9801190" lon="75.7595390">
    <ele>238.5</ele>
    <time>2026-01-18T10:47:35Z</time>
   </trkpt>
   <trkpt lat="30.9800820" lon="75.7594950">
    <ele>238.6</ele>
    <time>2026-01-18T10:47:36Z</time>
   </trkpt>
   <trkpt lat="30.9800470" lon="75.7594500">
    <ele>238.6</ele>
    <time>2026-01-18T10:47:37Z</time>
   </trkpt>
   <trkpt lat="30.9800050" lon="75.7594140">
    <ele>238.7</ele>
    <time>2026-01-18T10:47:38Z</time>
   </trkpt>
   <trkpt lat="30.9799680" lon="75.7593750">
    <ele>238.8</ele>
    <time>2026-01-18T10:47:39Z</time>
   </trkpt>
   <trkpt lat="30.9799330" lon="75.7593370">
    <ele>238.8</ele>
    <time>2026-01-18T10:47:40Z</time>
   </trkpt>
   <trkpt lat="30.9798990" lon="75.7592990">
    <ele>238.8</ele>
    <time>2026-01-18T10:47:41Z</time>
   </trkpt>
   <trkpt lat="30.9798690" lon="75.7592620">
    <ele>238.9</ele>
    <time>2026-01-18T10:47:42Z</time>
   </trkpt>
   <trkpt lat="30.9798440" lon="75.7592360">
    <ele>238.9</ele>
    <time>2026-01-18T10:47:43Z</time>
   </trkpt>
   <trkpt lat="30.9798050" lon="75.7592000">
    <ele>239.0</ele>
    <time>2026-01-18T10:47:44Z</time>
   </trkpt>
   <trkpt lat="30.9797690" lon="75.7591670">
    <ele>239.0</ele>
    <time>2026-01-18T10:47:45Z</time>
   </trkpt>
   <trkpt lat="30.9797330" lon="75.7591260">
    <ele>239.1</ele>
    <time>2026-01-18T10:47:46Z</time>
   </trkpt>
   <trkpt lat="30.9797030" lon="75.7590900">
    <ele>239.1</ele>
    <time>2026-01-18T10:47:47Z</time>
   </trkpt>
   <trkpt lat="30.9796670" lon="75.7590570">
    <ele>239.1</ele>
    <time>2026-01-18T10:47:48Z</time>
   </trkpt>
   <trkpt lat="30.9796340" lon="75.7590270">
    <ele>239.2</ele>
    <time>2026-01-18T10:47:49Z</time>
   </trkpt>
   <trkpt lat="30.9796030" lon="75.7589890">
    <ele>239.2</ele>
    <time>2026-01-18T10:47:50Z</time>
   </trkpt>
   <trkpt lat="30.9795730" lon="75.7589490">
    <ele>239.3</ele>
    <time>2026-01-18T10:47:51Z</time>
   </trkpt>
   <trkpt lat="30.9795370" lon="75.7589080">
    <ele>239.3</ele>
    <time>2026-01-18T10:47:52Z</time>
   </trkpt>
   <trkpt lat="30.9794980" lon="75.7588720">
    <ele>239.3</ele>
    <time>2026-01-18T10:47:53Z</time>
   </trkpt>
   <trkpt lat="30.9794710" lon="75.7588480">
    <ele>239.4</ele>
    <time>2026-01-18T10:47:54Z</time>
   </trkpt>
   <trkpt lat="30.9794330" lon="75.7588130">
    <ele>239.4</ele>
    <time>2026-01-18T10:47:55Z</time>
   </trkpt>
   <trkpt lat="30.9793960" lon="75.7587770">
    <ele>239.4</ele>
    <time>2026-01-18T10:47:56Z</time>
   </trkpt>
   <trkpt lat="30.9793630" lon="75.7587420">
    <ele>239.5</ele>
    <time>2026-01-18T10:47:57Z</time>
   </trkpt>
   <trkpt lat="30.9793210" lon="75.7587060">
    <ele>239.5</ele>
    <time>2026-01-18T10:47:58Z</time>
   </trkpt>
   <trkpt lat="30.9792890" lon="75.7586730">
    <ele>239.6</ele>
    <time>2026-01-18T10:47:59Z</time>
   </trkpt>
   <trkpt lat="30.9792620" lon="75.7586410">
    <ele>239.6</ele>
    <time>2026-01-18T10:48:00Z</time>
   </trkpt>
   <trkpt lat="30.9792180" lon="75.7586100">
    <ele>239.6</ele>
    <time>2026-01-18T10:48:01Z</time>
   </trkpt>
   <trkpt lat="30.9791800" lon="75.7585780">
    <ele>239.7</ele>
    <time>2026-01-18T10:48:02Z</time>
   </trkpt>
   <trkpt lat="30.9791490" lon="75.7585400">
    <ele>239.7</ele>
    <time>2026-01-18T10:48:03Z</time>
   </trkpt>
   <trkpt lat="30.9791070" lon="75.7585100">
    <ele>239.7</ele>
    <time>2026-01-18T10:48:04Z</time>
   </trkpt>
   <trkpt lat="30.9790710" lon="75.7584800">
    <ele>239.8</ele>
    <time>2026-01-18T10:48:05Z</time>
   </trkpt>
   <trkpt lat="30.9790360" lon="75.7584430">
    <ele>239.8</ele>
    <time>2026-01-18T10:48:06Z</time>
   </trkpt>
   <trkpt lat="30.9789990" lon="75.7584120">
    <ele>239.9</ele>
    <time>2026-01-18T10:48:07Z</time>
   </trkpt>
   <trkpt lat="30.9789590" lon="75.7583830">
    <ele>239.9</ele>
    <time>2026-01-18T10:48:08Z</time>
   </trkpt>
   <trkpt lat="30.9789240" lon="75.7583600">
    <ele>239.9</ele>
    <time>2026-01-18T10:48:09Z</time>
   </trkpt>
   <trkpt lat="30.9788910" lon="75.7583360">
    <ele>239.9</ele>
    <time>2026-01-18T10:48:10Z</time>
   </trkpt>
   <trkpt lat="30.9788650" lon="75.7583030">
    <ele>239.9</ele>
    <time>2026-01-18T10:48:11Z</time>
   </trkpt>
   <trkpt lat="30.9788350" lon="75.7582760">
    <ele>239.9</ele>
    <time>2026-01-18T10:48:12Z</time>
   </trkpt>
   <trkpt lat="30.9788020" lon="75.7582500">
    <ele>239.9</ele>
    <time>2026-01-18T10:48:13Z</time>
   </trkpt>
   <trkpt lat="30.9787740" lon="75.7582210">
    <ele>239.9</ele>
    <time>2026-01-18T10:48:14Z</time>
   </trkpt>
   <trkpt lat="30.9787420" lon="75.7581980">
    <ele>239.9</ele>
    <time>2026-01-18T10:48:15Z</time>
   </trkpt>
   <trkpt lat="30.9787140" lon="75.7581710">
    <ele>239.9</ele>
    <time>2026-01-18T10:48:16Z</time>
   </trkpt>
   <trkpt lat="30.9786860" lon="75.7581450">
    <ele>239.9</ele>
    <time>2026-01-18T10:48:17Z</time>
   </trkpt>
   <trkpt lat="30.9786600" lon="75.7581190">
    <ele>239.9</ele>
    <time>2026-01-18T10:48:18Z</time>
   </trkpt>
   <trkpt lat="30.9786290" lon="75.7580940">
    <ele>239.9</ele>
    <time>2026-01-18T10:48:19Z</time>
   </trkpt>
   <trkpt lat="30.9785980" lon="75.7580670">
    <ele>239.8</ele>
    <time>2026-01-18T10:48:20Z</time>
   </trkpt>
   <trkpt lat="30.9785710" lon="75.7580350">
    <ele>239.8</ele>
    <time>2026-01-18T10:48:21Z</time>
   </trkpt>
   <trkpt lat="30.9785490" lon="75.7580090">
    <ele>239.8</ele>
    <time>2026-01-18T10:48:22Z</time>
   </trkpt>
   <trkpt lat="30.9785190" lon="75.7579850">
    <ele>239.8</ele>
    <time>2026-01-18T10:48:23Z</time>
   </trkpt>
   <trkpt lat="30.9784950" lon="75.7579560">
    <ele>239.8</ele>
    <time>2026-01-18T10:48:24Z</time>
   </trkpt>
   <trkpt lat="30.9784700" lon="75.7579250">
    <ele>239.8</ele>
    <time>2026-01-18T10:48:25Z</time>
   </trkpt>
   <trkpt lat="30.9784390" lon="75.7578950">
    <ele>239.7</ele>
    <time>2026-01-18T10:48:26Z</time>
   </trkpt>
   <trkpt lat="30.9784040" lon="75.7578660">
    <ele>239.7</ele>
    <time>2026-01-18T10:48:27Z</time>
   </trkpt>
   <trkpt lat="30.9783690" lon="75.7578320">
    <ele>239.6</ele>
    <time>2026-01-18T10:48:28Z</time>
   </trkpt>
   <trkpt lat="30.9783350" lon="75.7577960">
    <ele>239.6</ele>
    <time>2026-01-18T10:48:29Z</time>
   </trkpt>
   <trkpt lat="30.9782980" lon="75.7577640">
    <ele>239.5</ele>
    <time>2026-01-18T10:48:30Z</time>
   </trkpt>
   <trkpt lat="30.9782610" lon="75.7577290">
    <ele>239.5</ele>
    <time>2026-01-18T10:48:31Z</time>
   </trkpt>
   <trkpt lat="30.9782250" lon="75.7576940">
    <ele>239.4</ele>
    <time>2026-01-18T10:48:32Z</time>
   </trkpt>
   <trkpt lat="30.9781890" lon="75.7576590">
    <ele>239.4</ele>
    <time>2026-01-18T10:48:33Z</time>
   </trkpt>
   <trkpt lat="30.9781530" lon="75.7576220">
    <ele>239.3</ele>
    <time>2026-01-18T10:48:34Z</time>
   </trkpt>
   <trkpt lat="30.9781110" lon="75.7575880">
    <ele>239.3</ele>
    <time>2026-01-18T10:48:35Z</time>
   </trkpt>
   <trkpt lat="30.9780720" lon="75.7575520">
    <ele>239.2</ele>
    <time>2026-01-18T10:48:36Z</time>
   </trkpt>
   <trkpt lat="30.9780320" lon="75.7575160">
    <ele>239.2</ele>
    <time>2026-01-18T10:48:37Z</time>
   </trkpt>
   <trkpt lat="30.9779890" lon="75.7574800">
    <ele>239.1</ele>
    <time>2026-01-18T10:48:38Z</time>
   </trkpt>
   <trkpt lat="30.9779470" lon="75.7574420">
    <ele>239.0</ele>
    <time>2026-01-18T10:48:39Z</time>
   </trkpt>
   <trkpt lat="30.9779050" lon="75.7574030">
    <ele>239.0</ele>
    <time>2026-01-18T10:48:40Z</time>
   </trkpt>
   <trkpt lat="30.9778640" lon="75.7573620">
    <ele>238.9</ele>
    <time>2026-01-18T10:48:41Z</time>
   </trkpt>
   <trkpt lat="30.9778210" lon="75.7573220">
    <ele>238.8</ele>
    <time>2026-01-18T10:48:42Z</time>
   </trkpt>
   <trkpt lat="30.9777780" lon="75.7572800">
    <ele>238.7</ele>
    <time>2026-01-18T10:48:43Z</time>
   </trkpt>
   <trkpt lat="30.9777320" lon="75.7572400">
    <ele>238.6</ele>
    <time>2026-01-18T10:48:44Z</time>
   </trkpt>
   <trkpt lat="30.9776890" lon="75.7572010">
    <ele>238.5</ele>
    <time>2026-01-18T10:48:45Z</time>
   </trkpt>
   <trkpt lat="30.9776440" lon="75.7571620">
    <ele>238.4</ele>
    <time>2026-01-18T10:48:46Z</time>
   </trkpt>
   <trkpt lat="30.9776000" lon="75.7571240">
    <ele>238.3</ele>
    <time>2026-01-18T10:48:47Z</time>
   </trkpt>
   <trkpt lat="30.9775150" lon="75.7570370">
    <ele>238.2</ele>
    <time>2026-01-18T10:48:48Z</time>
   </trkpt>
   <trkpt lat="30.9774660" lon="75.7569930">
    <ele>238.1</ele>
    <time>2026-01-18T10:48:49Z</time>
   </trkpt>
   <trkpt lat="30.9774190" lon="75.7569490">
    <ele>238.0</ele>
    <time>2026-01-18T10:48:50Z</time>
   </trkpt>
   <trkpt lat="30.9773710" lon="75.7569070">
    <ele>238.0</ele>
    <time>2026-01-18T10:48:51Z</time>
   </trkpt>
   <trkpt lat="30.9773220" lon="75.7568620">
    <ele>237.9</ele>
    <time>2026-01-18T10:48:52Z</time>
   </trkpt>
   <trkpt lat="30.9772730" lon="75.7568170">
    <ele>237.8</ele>
    <time>2026-01-18T10:48:53Z</time>
   </trkpt>
   <trkpt lat="30.9772220" lon="75.7567730">
    <ele>237.7</ele>
    <time>2026-01-18T10:48:54Z</time>
   </trkpt>
   <trkpt lat="30.9771690" lon="75.7567250">
    <ele>237.5</ele>
    <time>2026-01-18T10:48:55Z</time>
   </trkpt>
   <trkpt lat="30.9771180" lon="75.7566760">
    <ele>237.4</ele>
    <time>2026-01-18T10:48:56Z</time>
   </trkpt>
   <trkpt lat="30.9770660" lon="75.7566270">
    <ele>237.2</ele>
    <time>2026-01-18T10:48:57Z</time>
   </trkpt>
   <trkpt lat="30.9770120" lon="75.7565790">
    <ele>237.1</ele>
    <time>2026-01-18T10:48:58Z</time>
   </trkpt>
   <trkpt lat="30.9769580" lon="75.7565290">
    <ele>236.9</ele>
    <time>2026-01-18T10:48:59Z</time>
   </trkpt>
   <trkpt lat="30.9769050" lon="75.7564770">
    <ele>236.8</ele>
    <time>2026-01-18T10:49:00Z</time>
   </trkpt>
   <trkpt lat="30.9768500" lon="75.7564260">
    <ele>236.6</ele>
    <time>2026-01-18T10:49:01Z</time>
   </trkpt>
   <trkpt lat="30.9767950" lon="75.7563770">
    <ele>236.4</ele>
    <time>2026-01-18T10:49:02Z</time>
   </trkpt>
   <trkpt lat="30.9767390" lon="75.7563240">
    <ele>236.2</ele>
    <time>2026-01-18T10:49:03Z</time>
   </trkpt>
   <trkpt lat="30.9766830" lon="75.7562740">
    <ele>235.9</ele>
    <time>2026-01-18T10:49:05Z</time>
   </trkpt>
   <trkpt lat="30.9766260" lon="75.7562200">
    <ele>235.7</ele>
    <time>2026-01-18T10:49:06Z</time>
   </trkpt>
   <trkpt lat="30.9765690" lon="75.7561680">
    <ele>235.4</ele>
    <time>2026-01-18T10:49:07Z</time>
   </trkpt>
   <trkpt lat="30.9765110" lon="75.7561150">
    <ele>235.2</ele>
    <time>2026-01-18T10:49:08Z</time>
   </trkpt>
   <trkpt lat="30.9764540" lon="75.7560610">
    <ele>235.0</ele>
    <time>2026-01-18T10:49:09Z</time>
   </trkpt>
   <trkpt lat="30.9763950" lon="75.7560060">
    <ele>234.8</ele>
    <time>2026-01-18T10:49:10Z</time>
   </trkpt>
   <trkpt lat="30.9763360" lon="75.7559500">
    <ele>234.6</ele>
    <time>2026-01-18T10:49:11Z</time>
   </trkpt>
   <trkpt lat="30.9762780" lon="75.7558950">
    <ele>234.5</ele>
    <time>2026-01-18T10:49:12Z</time>
   </trkpt>
   <trkpt lat="30.9762160" lon="75.7558420">
    <ele>234.3</ele>
    <time>2026-01-18T10:49:13Z</time>
   </trkpt>
   <trkpt lat="30.9761560" lon="75.7557850">
    <ele>234.1</ele>
    <time>2026-01-18T10:49:14Z</time>
   </trkpt>
   <trkpt lat="30.9760930" lon="75.7557290">
    <ele>234.0</ele>
    <time>2026-01-18T10:49:15Z</time>
   </trkpt>
   <trkpt lat="30.9760320" lon="75.7556740">
    <ele>233.9</ele>
    <time>2026-01-18T10:49:16Z</time>
   </trkpt>
   <trkpt lat="30.9759700" lon="75.7556170">
    <ele>233.9</ele>
    <time>2026-01-18T10:49:17Z</time>
   </trkpt>
   <trkpt lat="30.9759080" lon="75.7555600">
    <ele>233.9</ele>
    <time>2026-01-18T10:49:18Z</time>
   </trkpt>
   <trkpt lat="30.9758460" lon="75.7555020">
    <ele>234.0</ele>
    <time>2026-01-18T10:49:19Z</time>
   </trkpt>
   <trkpt lat="30.9757830" lon="75.7554480">
    <ele>234.0</ele>
    <time>2026-01-18T10:49:20Z</time>
   </trkpt>
   <trkpt lat="30.9757200" lon="75.7553900">
    <ele>234.0</ele>
    <time>2026-01-18T10:49:21Z</time>
   </trkpt>
   <trkpt lat="30.9756590" lon="75.7553350">
    <ele>234.0</ele>
    <time>2026-01-18T10:49:22Z</time>
   </trkpt>
   <trkpt lat="30.9755980" lon="75.7552760">
    <ele>233.9</ele>
    <time>2026-01-18T10:49:23Z</time>
   </trkpt>
   <trkpt lat="30.9755360" lon="75.7552190">
    <ele>233.9</ele>
    <time>2026-01-18T10:49:24Z</time>
   </trkpt>
   <trkpt lat="30.9754740" lon="75.7551620">
    <ele>233.9</ele>
    <time>2026-01-18T10:49:25Z</time>
   </trkpt>
   <trkpt lat="30.9754120" lon="75.7551080">
    <ele>234.0</ele>
    <time>2026-01-18T10:49:26Z</time>
   </trkpt>
   <trkpt lat="30.9753490" lon="75.7550520">
    <ele>234.0</ele>
    <time>2026-01-18T10:49:27Z</time>
   </trkpt>
   <trkpt lat="30.9752880" lon="75.7549950">
    <ele>234.0</ele>
    <time>2026-01-18T10:49:28Z</time>
   </trkpt>
   <trkpt lat="30.9752270" lon="75.7549360">
    <ele>234.0</ele>
    <time>2026-01-18T10:49:29Z</time>
   </trkpt>
   <trkpt lat="30.9751660" lon="75.7548810">
    <ele>234.0</ele>
    <time>2026-01-18T10:49:30Z</time>
   </trkpt>
   <trkpt lat="30.9751040" lon="75.7548230">
    <ele>233.9</ele>
    <time>2026-01-18T10:49:31Z</time>
   </trkpt>
   <trkpt lat="30.9750430" lon="75.7547650">
    <ele>233.9</ele>
    <time>2026-01-18T10:49:32Z</time>
   </trkpt>
   <trkpt lat="30.9749820" lon="75.7547060">
    <ele>233.9</ele>
    <time>2026-01-18T10:49:33Z</time>
   </trkpt>
   <trkpt lat="30.9749190" lon="75.7546470">
    <ele>233.9</ele>
    <time>2026-01-18T10:49:34Z</time>
   </trkpt>
   <trkpt lat="30.9748570" lon="75.7545900">
    <ele>233.9</ele>
    <time>2026-01-18T10:49:35Z</time>
   </trkpt>
   <trkpt lat="30.9747960" lon="75.7545340">
    <ele>233.9</ele>
    <time>2026-01-18T10:49:36Z</time>
   </trkpt>
   <trkpt lat="30.9747330" lon="75.7544780">
    <ele>233.9</ele>
    <time>2026-01-18T10:49:37Z</time>
   </trkpt>
   <trkpt lat="30.9746700" lon="75.7544210">
    <ele>233.9</ele>
    <time>2026-01-18T10:49:38Z</time>
   </trkpt>
   <trkpt lat="30.9746090" lon="75.7543650">
    <ele>233.9</ele>
    <time>2026-01-18T10:49:39Z</time>
   </trkpt>
   <trkpt lat="30.9745480" lon="75.7543080">
    <ele>233.9</ele>
    <time>2026-01-18T10:49:40Z</time>
   </trkpt>
   <trkpt lat="30.9744850" lon="75.7542510">
    <ele>233.9</ele>
    <time>2026-01-18T10:49:41Z</time>
   </trkpt>
   <trkpt lat="30.9744220" lon="75.7541960">
    <ele>234.0</ele>
    <time>2026-01-18T10:49:42Z</time>
   </trkpt>
   <trkpt lat="30.9743600" lon="75.7541390">
    <ele>234.0</ele>
    <time>2026-01-18T10:49:43Z</time>
   </trkpt>
   <trkpt lat="30.9743000" lon="75.7540830">
    <ele>234.0</ele>
    <time>2026-01-18T10:49:44Z</time>
   </trkpt>
   <trkpt lat="30.9742390" lon="75.7540260">
    <ele>234.0</ele>
    <time>2026-01-18T10:49:45Z</time>
   </trkpt>
   <trkpt lat="30.9741780" lon="75.7539710">
    <ele>234.0</ele>
    <time>2026-01-18T10:49:46Z</time>
   </trkpt>
   <trkpt lat="30.9741180" lon="75.7539140">
    <ele>234.0</ele>
    <time>2026-01-18T10:49:47Z</time>
   </trkpt>
   <trkpt lat="30.9740600" lon="75.7538570">
    <ele>234.0</ele>
    <time>2026-01-18T10:49:48Z</time>
   </trkpt>
   <trkpt lat="30.9740000" lon="75.7538020">
    <ele>234.0</ele>
    <time>2026-01-18T10:49:49Z</time>
   </trkpt>
   <trkpt lat="30.9739400" lon="75.7537470">
    <ele>234.1</ele>
    <time>2026-01-18T10:49:50Z</time>
   </trkpt>
   <trkpt lat="30.9738820" lon="75.7536920">
    <ele>234.0</ele>
    <time>2026-01-18T10:49:51Z</time>
   </trkpt>
   <trkpt lat="30.9738250" lon="75.7536380">
    <ele>234.0</ele>
    <time>2026-01-18T10:49:52Z</time>
   </trkpt>
   <trkpt lat="30.9737680" lon="75.7535850">
    <ele>234.0</ele>
    <time>2026-01-18T10:49:53Z</time>
   </trkpt>
   <trkpt lat="30.9737110" lon="75.7535310">
    <ele>234.0</ele>
    <time>2026-01-18T10:49:54Z</time>
   </trkpt>
   <trkpt lat="30.9736540" lon="75.7534780">
    <ele>234.1</ele>
    <time>2026-01-18T10:49:55Z</time>
   </trkpt>
   <trkpt lat="30.9735970" lon="75.7534270">
    <ele>234.1</ele>
    <time>2026-01-18T10:49:56Z</time>
   </trkpt>
   <trkpt lat="30.9735370" lon="75.7533820">
    <ele>234.1</ele>
    <time>2026-01-18T10:49:57Z</time>
   </trkpt>
   <trkpt lat="30.9734760" lon="75.7533370">
    <ele>234.1</ele>
    <time>2026-01-18T10:49:58Z</time>
   </trkpt>
   <trkpt lat="30.9734160" lon="75.7532910">
    <ele>234.1</ele>
    <time>2026-01-18T10:49:59Z</time>
   </trkpt>
   <trkpt lat="30.9733580" lon="75.7532440">
    <ele>234.1</ele>
    <time>2026-01-18T10:50:00Z</time>
   </trkpt>
   <trkpt lat="30.9733000" lon="75.7531970">
    <ele>234.1</ele>
    <time>2026-01-18T10:50:01Z</time>
   </trkpt>
   <trkpt lat="30.9732410" lon="75.7531490">
    <ele>234.1</ele>
    <time>2026-01-18T10:50:02Z</time>
   </trkpt>
   <trkpt lat="30.9731840" lon="75.7531010">
    <ele>234.1</ele>
    <time>2026-01-18T10:50:03Z</time>
   </trkpt>
   <trkpt lat="30.9731270" lon="75.7530520">
    <ele>234.1</ele>
    <time>2026-01-18T10:50:04Z</time>
   </trkpt>
   <trkpt lat="30.9730700" lon="75.7530030">
    <ele>234.1</ele>
    <time>2026-01-18T10:50:05Z</time>
   </trkpt>
   <trkpt lat="30.9730150" lon="75.7529540">
    <ele>234.1</ele>
    <time>2026-01-18T10:50:06Z</time>
   </trkpt>
   <trkpt lat="30.9729590" lon="75.7529040">
    <ele>234.1</ele>
    <time>2026-01-18T10:50:07Z</time>
   </trkpt>
   <trkpt lat="30.9729030" lon="75.7528540">
    <ele>234.1</ele>
    <time>2026-01-18T10:50:08Z</time>
   </trkpt>
   <trkpt lat="30.9728470" lon="75.7528050">
    <ele>234.1</ele>
    <time>2026-01-18T10:50:09Z</time>
   </trkpt>
   <trkpt lat="30.9727910" lon="75.7527560">
    <ele>234.1</ele>
    <time>2026-01-18T10:50:10Z</time>
   </trkpt>
   <trkpt lat="30.9727350" lon="75.7527070">
    <ele>234.1</ele>
    <time>2026-01-18T10:50:11Z</time>
   </trkpt>
   <trkpt lat="30.9726790" lon="75.7526580">
    <ele>234.1</ele>
    <time>2026-01-18T10:50:12Z</time>
   </trkpt>
   <trkpt lat="30.9726240" lon="75.7526070">
    <ele>234.2</ele>
    <time>2026-01-18T10:50:13Z</time>
   </trkpt>
   <trkpt lat="30.9725670" lon="75.7525590">
    <ele>234.2</ele>
    <time>2026-01-18T10:50:14Z</time>
   </trkpt>
   <trkpt lat="30.9725170" lon="75.7525120">
    <ele>234.2</ele>
    <time>2026-01-18T10:50:15Z</time>
   </trkpt>
   <trkpt lat="30.9724620" lon="75.7524700">
    <ele>234.2</ele>
    <time>2026-01-18T10:50:16Z</time>
   </trkpt>
   <trkpt lat="30.9724030" lon="75.7524340">
    <ele>234.2</ele>
    <time>2026-01-18T10:50:17Z</time>
   </trkpt>
   <trkpt lat="30.9723450" lon="75.7523970">
    <ele>234.2</ele>
    <time>2026-01-18T10:50:18Z</time>
   </trkpt>
   <trkpt lat="30.9722870" lon="75.7523560">
    <ele>234.2</ele>
    <time>2026-01-18T10:50:19Z</time>
   </trkpt>
   <trkpt lat="30.9722300" lon="75.7523170">
    <ele>234.2</ele>
    <time>2026-01-18T10:50:20Z</time>
   </trkpt>
   <trkpt lat="30.9721750" lon="75.7522750">
    <ele>234.2</ele>
    <time>2026-01-18T10:50:21Z</time>
   </trkpt>
   <trkpt lat="30.9721180" lon="75.7522360">
    <ele>234.2</ele>
    <time>2026-01-18T10:50:22Z</time>
   </trkpt>
   <trkpt lat="30.9720600" lon="75.7521970">
    <ele>234.2</ele>
    <time>2026-01-18T10:50:23Z</time>
   </trkpt>
   <trkpt lat="30.9720040" lon="75.7521610">
    <ele>234.2</ele>
    <time>2026-01-18T10:50:24Z</time>
   </trkpt>
   <trkpt lat="30.9719480" lon="75.7521280">
    <ele>234.2</ele>
    <time>2026-01-18T10:50:25Z</time>
   </trkpt>
   <trkpt lat="30.9718920" lon="75.7520950">
    <ele>234.3</ele>
    <time>2026-01-18T10:50:26Z</time>
   </trkpt>
   <trkpt lat="30.9718370" lon="75.7520660">
    <ele>234.3</ele>
    <time>2026-01-18T10:50:27Z</time>
   </trkpt>
   <trkpt lat="30.9717830" lon="75.7520380">
    <ele>234.4</ele>
    <time>2026-01-18T10:50:28Z</time>
   </trkpt>
   <trkpt lat="30.9716790" lon="75.7519840">
    <ele>234.5</ele>
    <time>2026-01-18T10:50:29Z</time>
   </trkpt>
   <trkpt lat="30.9716310" lon="75.7519600">
    <ele>234.6</ele>
    <time>2026-01-18T10:50:30Z</time>
   </trkpt>
   <trkpt lat="30.9715850" lon="75.7519280">
    <ele>234.7</ele>
    <time>2026-01-18T10:50:31Z</time>
   </trkpt>
   <trkpt lat="30.9715430" lon="75.7518900">
    <ele>234.7</ele>
    <time>2026-01-18T10:50:32Z</time>
   </trkpt>
   <trkpt lat="30.9715020" lon="75.7518540">
    <ele>234.8</ele>
    <time>2026-01-18T10:50:33Z</time>
   </trkpt>
   <trkpt lat="30.9714610" lon="75.7518160">
    <ele>234.8</ele>
    <time>2026-01-18T10:50:34Z</time>
   </trkpt>
   <trkpt lat="30.9714200" lon="75.7517750">
    <ele>234.8</ele>
    <time>2026-01-18T10:50:35Z</time>
   </trkpt>
   <trkpt lat="30.9713800" lon="75.7517370">
    <ele>234.7</ele>
    <time>2026-01-18T10:50:36Z</time>
   </trkpt>
   <trkpt lat="30.9713400" lon="75.7517000">
    <ele>234.7</ele>
    <time>2026-01-18T10:50:37Z</time>
   </trkpt>
   <trkpt lat="30.9712990" lon="75.7516620">
    <ele>234.6</ele>
    <time>2026-01-18T10:50:38Z</time>
   </trkpt>
   <trkpt lat="30.9712570" lon="75.7516270">
    <ele>234.6</ele>
    <time>2026-01-18T10:50:39Z</time>
   </trkpt>
   <trkpt lat="30.9712170" lon="75.7515890">
    <ele>234.5</ele>
    <time>2026-01-18T10:50:40Z</time>
   </trkpt>
   <trkpt lat="30.9711780" lon="75.7515500">
    <ele>234.4</ele>
    <time>2026-01-18T10:50:41Z</time>
   </trkpt>
   <trkpt lat="30.9711390" lon="75.7515110">
    <ele>234.4</ele>
    <time>2026-01-18T10:50:42Z</time>
   </trkpt>
   <trkpt lat="30.9711000" lon="75.7514650">
    <ele>234.3</ele>
    <time>2026-01-18T10:50:43Z</time>
   </trkpt>
   <trkpt lat="30.9710620" lon="75.7514180">
    <ele>234.2</ele>
    <time>2026-01-18T10:50:44Z</time>
   </trkpt>
   <trkpt lat="30.9710210" lon="75.7513740">
    <ele>234.2</ele>
    <time>2026-01-18T10:50:45Z</time>
   </trkpt>
   <trkpt lat="30.9709780" lon="75.7513300">
    <ele>234.2</ele>
    <time>2026-01-18T10:50:46Z</time>
   </trkpt>
   <trkpt lat="30.9709370" lon="75.7512840">
    <ele>234.2</ele>
    <time>2026-01-18T10:50:47Z</time>
   </trkpt>
   <trkpt lat="30.9708940" lon="75.7512390">
    <ele>234.3</ele>
    <time>2026-01-18T10:50:48Z</time>
   </trkpt>
   <trkpt lat="30.9708500" lon="75.7511920">
    <ele>234.3</ele>
    <time>2026-01-18T10:50:49Z</time>
   </trkpt>
   <trkpt lat="30.9708070" lon="75.7511430">
    <ele>234.4</ele>
    <time>2026-01-18T10:50:50Z</time>
   </trkpt>
   <trkpt lat="30.9707640" lon="75.7510930">
    <ele>234.5</ele>
    <time>2026-01-18T10:50:51Z</time>
   </trkpt>
   <trkpt lat="30.9707220" lon="75.7510410">
    <ele>234.6</ele>
    <time>2026-01-18T10:50:52Z</time>
   </trkpt>
   <trkpt lat="30.9706800" lon="75.7509880">
    <ele>234.7</ele>
    <time>2026-01-18T10:50:53Z</time>
   </trkpt>
   <trkpt lat="30.9706370" lon="75.7509390">
    <ele>234.8</ele>
    <time>2026-01-18T10:50:54Z</time>
   </trkpt>
   <trkpt lat="30.9705930" lon="75.7508890">
    <ele>234.8</ele>
    <time>2026-01-18T10:50:55Z</time>
   </trkpt>
   <trkpt lat="30.9705510" lon="75.7508370">
    <ele>234.8</ele>
    <time>2026-01-18T10:50:56Z</time>
   </trkpt>
   <trkpt lat="30.9705160" lon="75.7507860">
    <ele>234.7</ele>
    <time>2026-01-18T10:50:57Z</time>
   </trkpt>
   <trkpt lat="30.9704770" lon="75.7507320">
    <ele>234.7</ele>
    <time>2026-01-18T10:50:58Z</time>
   </trkpt>
   <trkpt lat="30.9704360" lon="75.7506820">
    <ele>234.6</ele>
    <time>2026-01-18T10:50:59Z</time>
   </trkpt>
   <trkpt lat="30.9703950" lon="75.7506350">
    <ele>234.6</ele>
    <time>2026-01-18T10:51:00Z</time>
   </trkpt>
   <trkpt lat="30.9703530" lon="75.7505870">
    <ele>234.5</ele>
    <time>2026-01-18T10:51:01Z</time>
   </trkpt>
   <trkpt lat="30.9703110" lon="75.7505390">
    <ele>234.5</ele>
    <time>2026-01-18T10:51:02Z</time>
   </trkpt>
   <trkpt lat="30.9702680" lon="75.7504910">
    <ele>234.5</ele>
    <time>2026-01-18T10:51:03Z</time>
   </trkpt>
   <trkpt lat="30.9702230" lon="75.7504420">
    <ele>234.4</ele>
    <time>2026-01-18T10:51:04Z</time>
   </trkpt>
   <trkpt lat="30.9701770" lon="75.7503950">
    <ele>234.4</ele>
    <time>2026-01-18T10:51:05Z</time>
   </trkpt>
   <trkpt lat="30.9701300" lon="75.7503480">
    <ele>234.3</ele>
    <time>2026-01-18T10:51:06Z</time>
   </trkpt>
   <trkpt lat="30.9700840" lon="75.7503000">
    <ele>234.3</ele>
    <time>2026-01-18T10:51:07Z</time>
   </trkpt>
   <trkpt lat="30.9700370" lon="75.7502520">
    <ele>234.3</ele>
    <time>2026-01-18T10:51:08Z</time>
   </trkpt>
   <trkpt lat="30.9699900" lon="75.7502020">
    <ele>234.3</ele>
    <time>2026-01-18T10:51:09Z</time>
   </trkpt>
   <trkpt lat="30.9699420" lon="75.7501500">
    <ele>234.2</ele>
    <time>2026-01-18T10:51:11Z</time>
   </trkpt>
   <trkpt lat="30.9698940" lon="75.7501010">
    <ele>234.2</ele>
    <time>2026-01-18T10:51:12Z</time>
   </trkpt>
   <trkpt lat="30.9698480" lon="75.7500510">
    <ele>234.2</ele>
    <time>2026-01-18T10:51:13Z</time>
   </trkpt>
   <trkpt lat="30.9698010" lon="75.7500010">
    <ele>234.1</ele>
    <time>2026-01-18T10:51:14Z</time>
   </trkpt>
   <trkpt lat="30.9697530" lon="75.7499520">
    <ele>234.1</ele>
    <time>2026-01-18T10:51:15Z</time>
   </trkpt>
   <trkpt lat="30.9697030" lon="75.7499010">
    <ele>234.1</ele>
    <time>2026-01-18T10:51:16Z</time>
   </trkpt>
   <trkpt lat="30.9696560" lon="75.7498520">
    <ele>234.1</ele>
    <time>2026-01-18T10:51:17Z</time>
   </trkpt>
   <trkpt lat="30.9696080" lon="75.7498020">
    <ele>234.1</ele>
    <time>2026-01-18T10:51:18Z</time>
   </trkpt>
   <trkpt lat="30.9695600" lon="75.7497500">
    <ele>234.0</ele>
    <time>2026-01-18T10:51:19Z</time>
   </trkpt>
   <trkpt lat="30.9695150" lon="75.7496990">
    <ele>234.0</ele>
    <time>2026-01-18T10:51:20Z</time>
   </trkpt>
   <trkpt lat="30.9694660" lon="75.7496510">
    <ele>234.0</ele>
    <time>2026-01-18T10:51:21Z</time>
   </trkpt>
   <trkpt lat="30.9694160" lon="75.7496020">
    <ele>234.0</ele>
    <time>2026-01-18T10:51:22Z</time>
   </trkpt>
   <trkpt lat="30.9693660" lon="75.7495540">
    <ele>234.0</ele>
    <time>2026-01-18T10:51:23Z</time>
   </trkpt>
   <trkpt lat="30.9693160" lon="75.7495050">
    <ele>233.9</ele>
    <time>2026-01-18T10:51:24Z</time>
   </trkpt>
   <trkpt lat="30.9692670" lon="75.7494560">
    <ele>233.9</ele>
    <time>2026-01-18T10:51:25Z</time>
   </trkpt>
   <trkpt lat="30.9692170" lon="75.7494070">
    <ele>233.9</ele>
    <time>2026-01-18T10:51:26Z</time>
   </trkpt>
   <trkpt lat="30.9691690" lon="75.7493600">
    <ele>233.9</ele>
    <time>2026-01-18T10:51:27Z</time>
   </trkpt>
   <trkpt lat="30.9691200" lon="75.7493130">
    <ele>233.9</ele>
    <time>2026-01-18T10:51:28Z</time>
   </trkpt>
   <trkpt lat="30.9690700" lon="75.7492690">
    <ele>233.9</ele>
    <time>2026-01-18T10:51:29Z</time>
   </trkpt>
   <trkpt lat="30.9690200" lon="75.7492250">
    <ele>233.9</ele>
    <time>2026-01-18T10:51:30Z</time>
   </trkpt>
   <trkpt lat="30.9689710" lon="75.7491800">
    <ele>233.9</ele>
    <time>2026-01-18T10:51:31Z</time>
   </trkpt>
   <trkpt lat="30.9689210" lon="75.7491380">
    <ele>234.0</ele>
    <time>2026-01-18T10:51:32Z</time>
   </trkpt>
   <trkpt lat="30.9688700" lon="75.7490940">
    <ele>234.0</ele>
    <time>2026-01-18T10:51:33Z</time>
   </trkpt>
   <trkpt lat="30.9688200" lon="75.7490470">
    <ele>234.1</ele>
    <time>2026-01-18T10:51:34Z</time>
   </trkpt>
   <trkpt lat="30.9687690" lon="75.7490040">
    <ele>234.2</ele>
    <time>2026-01-18T10:51:35Z</time>
   </trkpt>
   <trkpt lat="30.9687180" lon="75.7489590">
    <ele>234.3</ele>
    <time>2026-01-18T10:51:36Z</time>
   </trkpt>
   <trkpt lat="30.9686690" lon="75.7489140">
    <ele>234.3</ele>
    <time>2026-01-18T10:51:37Z</time>
   </trkpt>
   <trkpt lat="30.9686200" lon="75.7488680">
    <ele>234.4</ele>
    <time>2026-01-18T10:51:38Z</time>
   </trkpt>
   <trkpt lat="30.9685700" lon="75.7488200">
    <ele>234.5</ele>
    <time>2026-01-18T10:51:39Z</time>
   </trkpt>
   <trkpt lat="30.9685240" lon="75.7487750">
    <ele>234.5</ele>
    <time>2026-01-18T10:51:40Z</time>
   </trkpt>
   <trkpt lat="30.9684760" lon="75.7487370">
    <ele>234.6</ele>
    <time>2026-01-18T10:51:41Z</time>
   </trkpt>
   <trkpt lat="30.9684260" lon="75.7487080">
    <ele>234.7</ele>
    <time>2026-01-18T10:51:42Z</time>
   </trkpt>
   <trkpt lat="30.9683820" lon="75.7486730">
    <ele>234.8</ele>
    <time>2026-01-18T10:51:43Z</time>
   </trkpt>
   <trkpt lat="30.9683440" lon="75.7486330">
    <ele>234.8</ele>
    <time>2026-01-18T10:51:44Z</time>
   </trkpt>
   <trkpt lat="30.9683070" lon="75.7485950">
    <ele>234.9</ele>
    <time>2026-01-18T10:51:45Z</time>
   </trkpt>
   <trkpt lat="30.9682690" lon="75.7485620">
    <ele>234.9</ele>
    <time>2026-01-18T10:51:46Z</time>
   </trkpt>
   <trkpt lat="30.9682300" lon="75.7485260">
    <ele>235.0</ele>
    <time>2026-01-18T10:51:47Z</time>
   </trkpt>
   <trkpt lat="30.9681910" lon="75.7484940">
    <ele>235.0</ele>
    <time>2026-01-18T10:51:48Z</time>
   </trkpt>
   <trkpt lat="30.9681530" lon="75.7484610">
    <ele>235.0</ele>
    <time>2026-01-18T10:51:49Z</time>
   </trkpt>
   <trkpt lat="30.9681160" lon="75.7484260">
    <ele>235.1</ele>
    <time>2026-01-18T10:51:50Z</time>
   </trkpt>
   <trkpt lat="30.9680780" lon="75.7483900">
    <ele>235.1</ele>
    <time>2026-01-18T10:51:51Z</time>
   </trkpt>
   <trkpt lat="30.9680390" lon="75.7483530">
    <ele>235.2</ele>
    <time>2026-01-18T10:51:52Z</time>
   </trkpt>
   <trkpt lat="30.9680000" lon="75.7483170">
    <ele>235.2</ele>
    <time>2026-01-18T10:51:53Z</time>
   </trkpt>
   <trkpt lat="30.9679630" lon="75.7482790">
    <ele>235.2</ele>
    <time>2026-01-18T10:51:54Z</time>
   </trkpt>
   <trkpt lat="30.9679240" lon="75.7482400">
    <ele>235.3</ele>
    <time>2026-01-18T10:51:55Z</time>
   </trkpt>
   <trkpt lat="30.9678840" lon="75.7482050">
    <ele>235.3</ele>
    <time>2026-01-18T10:51:56Z</time>
   </trkpt>
   <trkpt lat="30.9678450" lon="75.7481690">
    <ele>235.3</ele>
    <time>2026-01-18T10:51:57Z</time>
   </trkpt>
   <trkpt lat="30.9678060" lon="75.7481330">
    <ele>235.3</ele>
    <time>2026-01-18T10:51:58Z</time>
   </trkpt>
   <trkpt lat="30.9677660" lon="75.7480960">
    <ele>235.3</ele>
    <time>2026-01-18T10:51:59Z</time>
   </trkpt>
   <trkpt lat="30.9677260" lon="75.7480560">
    <ele>235.3</ele>
    <time>2026-01-18T10:52:00Z</time>
   </trkpt>
   <trkpt lat="30.9676850" lon="75.7480170">
    <ele>235.4</ele>
    <time>2026-01-18T10:52:01Z</time>
   </trkpt>
   <trkpt lat="30.9676440" lon="75.7479800">
    <ele>235.4</ele>
    <time>2026-01-18T10:52:02Z</time>
   </trkpt>
   <trkpt lat="30.9676020" lon="75.7479440">
    <ele>235.4</ele>
    <time>2026-01-18T10:52:03Z</time>
   </trkpt>
   <trkpt lat="30.9675600" lon="75.7479080">
    <ele>235.4</ele>
    <time>2026-01-18T10:52:04Z</time>
   </trkpt>
   <trkpt lat="30.9675170" lon="75.7478680">
    <ele>235.4</ele>
    <time>2026-01-18T10:52:05Z</time>
   </trkpt>
   <trkpt lat="30.9674750" lon="75.7478300">
    <ele>235.4</ele>
    <time>2026-01-18T10:52:06Z</time>
   </trkpt>
   <trkpt lat="30.9674320" lon="75.7477910">
    <ele>235.4</ele>
    <time>2026-01-18T10:52:07Z</time>
   </trkpt>
   <trkpt lat="30.9673920" lon="75.7477580">
    <ele>235.4</ele>
    <time>2026-01-18T10:52:08Z</time>
   </trkpt>
   <trkpt lat="30.9673500" lon="75.7477170">
    <ele>235.4</ele>
    <time>2026-01-18T10:52:09Z</time>
   </trkpt>
   <trkpt lat="30.9673050" lon="75.7476800">
    <ele>235.4</ele>
    <time>2026-01-18T10:52:10Z</time>
   </trkpt>
   <trkpt lat="30.9672620" lon="75.7476380">
    <ele>235.4</ele>
    <time>2026-01-18T10:52:11Z</time>
   </trkpt>
   <trkpt lat="30.9672190" lon="75.7475950">
    <ele>235.4</ele>
    <time>2026-01-18T10:52:12Z</time>
   </trkpt>
   <trkpt lat="30.9671760" lon="75.7475530">
    <ele>235.4</ele>
    <time>2026-01-18T10:52:13Z</time>
   </trkpt>
   <trkpt lat="30.9671340" lon="75.7475150">
    <ele>235.4</ele>
    <time>2026-01-18T10:52:14Z</time>
   </trkpt>
   <trkpt lat="30.9670890" lon="75.7474770">
    <ele>235.5</ele>
    <time>2026-01-18T10:52:15Z</time>
   </trkpt>
   <trkpt lat="30.9670450" lon="75.7474350">
    <ele>235.4</ele>
    <time>2026-01-18T10:52:16Z</time>
   </trkpt>
   <trkpt lat="30.9669620" lon="75.7473480">
    <ele>235.4</ele>
    <time>2026-01-18T10:52:17Z</time>
   </trkpt>
   <trkpt lat="30.9669180" lon="75.7473060">
    <ele>235.3</ele>
    <time>2026-01-18T10:52:18Z</time>
   </trkpt>
   <trkpt lat="30.9668720" lon="75.7472670">
    <ele>235.3</ele>
    <time>2026-01-18T10:52:19Z</time>
   </trkpt>
   <trkpt lat="30.9668270" lon="75.7472280">
    <ele>235.2</ele>
    <time>2026-01-18T10:52:20Z</time>
   </trkpt>
   <trkpt lat="30.9667820" lon="75.7471870">
    <ele>235.1</ele>
    <time>2026-01-18T10:52:21Z</time>
   </trkpt>
   <trkpt lat="30.9667350" lon="75.7471450">
    <ele>235.1</ele>
    <time>2026-01-18T10:52:22Z</time>
   </trkpt>
   <trkpt lat="30.9666890" lon="75.7471040">
    <ele>235.0</ele>
    <time>2026-01-18T10:52:23Z</time>
   </trkpt>
   <trkpt lat="30.9666440" lon="75.7470640">
    <ele>234.9</ele>
    <time>2026-01-18T10:52:24Z</time>
   </trkpt>
   <trkpt lat="30.9666010" lon="75.7470240">
    <ele>234.9</ele>
    <time>2026-01-18T10:52:25Z</time>
   </trkpt>
   <trkpt lat="30.9665560" lon="75.7469850">
    <ele>234.8</ele>
    <time>2026-01-18T10:52:26Z</time>
   </trkpt>
   <trkpt lat="30.9665140" lon="75.7469440">
    <ele>234.7</ele>
    <time>2026-01-18T10:52:27Z</time>
   </trkpt>
   <trkpt lat="30.9664750" lon="75.7469020">
    <ele>234.7</ele>
    <time>2026-01-18T10:52:28Z</time>
   </trkpt>
   <trkpt lat="30.9664340" lon="75.7468630">
    <ele>234.6</ele>
    <time>2026-01-18T10:52:29Z</time>
   </trkpt>
   <trkpt lat="30.9663940" lon="75.7468240">
    <ele>234.6</ele>
    <time>2026-01-18T10:52:30Z</time>
   </trkpt>
   <trkpt lat="30.9663540" lon="75.7467850">
    <ele>234.5</ele>
    <time>2026-01-18T10:52:31Z</time>
   </trkpt>
   <trkpt lat="30.9663110" lon="75.7467530">
    <ele>234.4</ele>
    <time>2026-01-18T10:52:32Z</time>
   </trkpt>
   <trkpt lat="30.9662690" lon="75.7467160">
    <ele>234.3</ele>
    <time>2026-01-18T10:52:33Z</time>
   </trkpt>
   <trkpt lat="30.9662290" lon="75.7466760">
    <ele>234.3</ele>
    <time>2026-01-18T10:52:34Z</time>
   </trkpt>
   <trkpt lat="30.9661880" lon="75.7466390">
    <ele>234.2</ele>
    <time>2026-01-18T10:52:35Z</time>
   </trkpt>
   <trkpt lat="30.9661470" lon="75.7466030">
    <ele>234.1</ele>
    <time>2026-01-18T10:52:36Z</time>
   </trkpt>
   <trkpt lat="30.9661060" lon="75.7465670">
    <ele>234.0</ele>
    <time>2026-01-18T10:52:37Z</time>
   </trkpt>
   <trkpt lat="30.9660650" lon="75.7465310">
    <ele>233.9</ele>
    <time>2026-01-18T10:52:38Z</time>
   </trkpt>
   <trkpt lat="30.9660260" lon="75.7464950">
    <ele>233.8</ele>
    <time>2026-01-18T10:52:39Z</time>
   </trkpt>
   <trkpt lat="30.9659880" lon="75.7464560">
    <ele>233.8</ele>
    <time>2026-01-18T10:52:40Z</time>
   </trkpt>
   <trkpt lat="30.9659480" lon="75.7464200">
    <ele>233.7</ele>
    <time>2026-01-18T10:52:41Z</time>
   </trkpt>
   <trkpt lat="30.9659080" lon="75.7463840">
    <ele>233.6</ele>
    <time>2026-01-18T10:52:42Z</time>
   </trkpt>
   <trkpt lat="30.9658690" lon="75.7463480">
    <ele>233.5</ele>
    <time>2026-01-18T10:52:43Z</time>
   </trkpt>
   <trkpt lat="30.9658310" lon="75.7463120">
    <ele>233.4</ele>
    <time>2026-01-18T10:52:44Z</time>
   </trkpt>
   <trkpt lat="30.9657910" lon="75.7462760">
    <ele>233.3</ele>
    <time>2026-01-18T10:52:45Z</time>
   </trkpt>
   <trkpt lat="30.9657510" lon="75.7462400">
    <ele>233.2</ele>
    <time>2026-01-18T10:52:46Z</time>
   </trkpt>
   <trkpt lat="30.9657100" lon="75.7462050">
    <ele>233.1</ele>
    <time>2026-01-18T10:52:47Z</time>
   </trkpt>
   <trkpt lat="30.9656700" lon="75.7461700">
    <ele>233.0</ele>
    <time>2026-01-18T10:52:48Z</time>
   </trkpt>
   <trkpt lat="30.9656290" lon="75.7461350">
    <ele>232.9</ele>
    <time>2026-01-18T10:52:49Z</time>
   </trkpt>
   <trkpt lat="30.9655890" lon="75.7460990">
    <ele>232.8</ele>
    <time>2026-01-18T10:52:50Z</time>
   </trkpt>
   <trkpt lat="30.9655490" lon="75.7460620">
    <ele>232.7</ele>
    <time>2026-01-18T10:52:51Z</time>
   </trkpt>
   <trkpt lat="30.9655090" lon="75.7460260">
    <ele>232.6</ele>
    <time>2026-01-18T10:52:52Z</time>
   </trkpt>
   <trkpt lat="30.9654660" lon="75.7459890">
    <ele>232.5</ele>
    <time>2026-01-18T10:52:53Z</time>
   </trkpt>
   <trkpt lat="30.9654220" lon="75.7459520">
    <ele>232.4</ele>
    <time>2026-01-18T10:52:54Z</time>
   </trkpt>
   <trkpt lat="30.9653780" lon="75.7459150">
    <ele>232.4</ele>
    <time>2026-01-18T10:52:55Z</time>
   </trkpt>
   <trkpt lat="30.9653310" lon="75.7458750">
    <ele>232.3</ele>
    <time>2026-01-18T10:52:56Z</time>
   </trkpt>
   <trkpt lat="30.9652820" lon="75.7458350">
    <ele>232.3</ele>
    <time>2026-01-18T10:52:57Z</time>
   </trkpt>
   <trkpt lat="30.9652320" lon="75.7457950">
    <ele>232.2</ele>
    <time>2026-01-18T10:52:58Z</time>
   </trkpt>
   <trkpt lat="30.9651830" lon="75.7457550">
    <ele>232.2</ele>
    <time>2026-01-18T10:52:59Z</time>
   </trkpt>
   <trkpt lat="30.9651340" lon="75.7457150">
    <ele>232.2</ele>
    <time>2026-01-18T10:53:00Z</time>
   </trkpt>
   <trkpt lat="30.9650850" lon="75.7456760">
    <ele>232.2</ele>
    <time>2026-01-18T10:53:01Z</time>
   </trkpt>
   <trkpt lat="30.9650340" lon="75.7456380">
    <ele>232.2</ele>
    <time>2026-01-18T10:53:02Z</time>
   </trkpt>
   <trkpt lat="30.9649810" lon="75.7456010">
    <ele>232.2</ele>
    <time>2026-01-18T10:53:03Z</time>
   </trkpt>
   <trkpt lat="30.9649300" lon="75.7455630">
    <ele>232.2</ele>
    <time>2026-01-18T10:53:04Z</time>
   </trkpt>
   <trkpt lat="30.9648780" lon="75.7455270">
    <ele>232.2</ele>
    <time>2026-01-18T10:53:05Z</time>
   </trkpt>
   <trkpt lat="30.9648260" lon="75.7454910">
    <ele>232.2</ele>
    <time>2026-01-18T10:53:06Z</time>
   </trkpt>
   <trkpt lat="30.9647750" lon="75.7454560">
    <ele>232.3</ele>
    <time>2026-01-18T10:53:07Z</time>
   </trkpt>
   <trkpt lat="30.9647210" lon="75.7454230">
    <ele>232.3</ele>
    <time>2026-01-18T10:53:08Z</time>
   </trkpt>
   <trkpt lat="30.9646690" lon="75.7453920">
    <ele>232.4</ele>
    <time>2026-01-18T10:53:09Z</time>
   </trkpt>
   <trkpt lat="30.9646180" lon="75.7453590">
    <ele>232.4</ele>
    <time>2026-01-18T10:53:10Z</time>
   </trkpt>
   <trkpt lat="30.9645640" lon="75.7453260">
    <ele>232.5</ele>
    <time>2026-01-18T10:53:11Z</time>
   </trkpt>
   <trkpt lat="30.9645110" lon="75.7452950">
    <ele>232.6</ele>
    <time>2026-01-18T10:53:12Z</time>
   </trkpt>
   <trkpt lat="30.9644560" lon="75.7452680">
    <ele>232.6</ele>
    <time>2026-01-18T10:53:13Z</time>
   </trkpt>
   <trkpt lat="30.9644000" lon="75.7452370">
    <ele>232.7</ele>
    <time>2026-01-18T10:53:14Z</time>
   </trkpt>
   <trkpt lat="30.9643490" lon="75.7452010">
    <ele>232.7</ele>
    <time>2026-01-18T10:53:15Z</time>
   </trkpt>
   <trkpt lat="30.9642950" lon="75.7451670">
    <ele>232.8</ele>
    <time>2026-01-18T10:53:17Z</time>
   </trkpt>
   <trkpt lat="30.9642400" lon="75.7451370">
    <ele>232.9</ele>
    <time>2026-01-18T10:53:18Z</time>
   </trkpt>
   <trkpt lat="30.9641850" lon="75.7451090">
    <ele>232.9</ele>
    <time>2026-01-18T10:53:19Z</time>
   </trkpt>
   <trkpt lat="30.9641290" lon="75.7450780">
    <ele>233.0</ele>
    <time>2026-01-18T10:53:20Z</time>
   </trkpt>
   <trkpt lat="30.9640750" lon="75.7450500">
    <ele>233.0</ele>
    <time>2026-01-18T10:53:21Z</time>
   </trkpt>
   <trkpt lat="30.9640200" lon="75.7450230">
    <ele>233.1</ele>
    <time>2026-01-18T10:53:22Z</time>
   </trkpt>
   <trkpt lat="30.9639630" lon="75.7449980">
    <ele>233.2</ele>
    <time>2026-01-18T10:53:23Z</time>
   </trkpt>
   <trkpt lat="30.9639090" lon="75.7449710">
    <ele>233.2</ele>
    <time>2026-01-18T10:53:24Z</time>
   </trkpt>
   <trkpt lat="30.9638540" lon="75.7449430">
    <ele>233.3</ele>
    <time>2026-01-18T10:53:25Z</time>
   </trkpt>
   <trkpt lat="30.9638010" lon="75.7449150">
    <ele>233.3</ele>
    <time>2026-01-18T10:53:26Z</time>
   </trkpt>
   <trkpt lat="30.9637460" lon="75.7448890">
    <ele>233.4</ele>
    <time>2026-01-18T10:53:27Z</time>
   </trkpt>
   <trkpt lat="30.9636950" lon="75.7448650">
    <ele>233.4</ele>
    <time>2026-01-18T10:53:28Z</time>
   </trkpt>
   <trkpt lat="30.9636450" lon="75.7448390">
    <ele>233.5</ele>
    <time>2026-01-18T10:53:29Z</time>
   </trkpt>
   <trkpt lat="30.9635970" lon="75.7448180">
    <ele>233.5</ele>
    <time>2026-01-18T10:53:30Z</time>
   </trkpt>
   <trkpt lat="30.9635490" lon="75.7447970">
    <ele>233.6</ele>
    <time>2026-01-18T10:53:31Z</time>
   </trkpt>
   <trkpt lat="30.9635010" lon="75.7447780">
    <ele>233.6</ele>
    <time>2026-01-18T10:53:32Z</time>
   </trkpt>
   <trkpt lat="30.9634500" lon="75.7447620">
    <ele>233.7</ele>
    <time>2026-01-18T10:53:33Z</time>
   </trkpt>
   <trkpt lat="30.9634000" lon="75.7447450">
    <ele>233.7</ele>
    <time>2026-01-18T10:53:34Z</time>
   </trkpt>
   <trkpt lat="30.9633490" lon="75.7447270">
    <ele>233.7</ele>
    <time>2026-01-18T10:53:35Z</time>
   </trkpt>
   <trkpt lat="30.9632980" lon="75.7447090">
    <ele>233.8</ele>
    <time>2026-01-18T10:53:36Z</time>
   </trkpt>
   <trkpt lat="30.9632490" lon="75.7446910">
    <ele>233.8</ele>
    <time>2026-01-18T10:53:37Z</time>
   </trkpt>
   <trkpt lat="30.9631970" lon="75.7446710">
    <ele>233.8</ele>
    <time>2026-01-18T10:53:38Z</time>
   </trkpt>
   <trkpt lat="30.9631460" lon="75.7446540">
    <ele>233.8</ele>
    <time>2026-01-18T10:53:39Z</time>
   </trkpt>
   <trkpt lat="30.9630950" lon="75.7446400">
    <ele>233.8</ele>
    <time>2026-01-18T10:53:40Z</time>
   </trkpt>
   <trkpt lat="30.9630430" lon="75.7446270">
    <ele>233.8</ele>
    <time>2026-01-18T10:53:41Z</time>
   </trkpt>
   <trkpt lat="30.9629910" lon="75.7446120">
    <ele>233.8</ele>
    <time>2026-01-18T10:53:42Z</time>
   </trkpt>
   <trkpt lat="30.9629400" lon="75.7445950">
    <ele>233.8</ele>
    <time>2026-01-18T10:53:43Z</time>
   </trkpt>
   <trkpt lat="30.9628890" lon="75.7445780">
    <ele>233.8</ele>
    <time>2026-01-18T10:53:44Z</time>
   </trkpt>
   <trkpt lat="30.9628360" lon="75.7445610">
    <ele>233.8</ele>
    <time>2026-01-18T10:53:45Z</time>
   </trkpt>
   <trkpt lat="30.9627830" lon="75.7445430">
    <ele>233.8</ele>
    <time>2026-01-18T10:53:46Z</time>
   </trkpt>
   <trkpt lat="30.9627300" lon="75.7445280">
    <ele>233.8</ele>
    <time>2026-01-18T10:53:47Z</time>
   </trkpt>
   <trkpt lat="30.9626740" lon="75.7445130">
    <ele>233.8</ele>
    <time>2026-01-18T10:53:48Z</time>
   </trkpt>
   <trkpt lat="30.9626190" lon="75.7444990">
    <ele>233.9</ele>
    <time>2026-01-18T10:53:49Z</time>
   </trkpt>
   <trkpt lat="30.9625670" lon="75.7444870">
    <ele>233.9</ele>
    <time>2026-01-18T10:53:50Z</time>
   </trkpt>
   <trkpt lat="30.9625150" lon="75.7444740">
    <ele>233.9</ele>
    <time>2026-01-18T10:53:51Z</time>
   </trkpt>
   <trkpt lat="30.9624640" lon="75.7444610">
    <ele>233.9</ele>
    <time>2026-01-18T10:53:52Z</time>
   </trkpt>
   <trkpt lat="30.9624140" lon="75.7444520">
    <ele>233.9</ele>
    <time>2026-01-18T10:53:53Z</time>
   </trkpt>
   <trkpt lat="30.9623660" lon="75.7444410">
    <ele>234.0</ele>
    <time>2026-01-18T10:53:54Z</time>
   </trkpt>
   <trkpt lat="30.9623180" lon="75.7444330">
    <ele>234.0</ele>
    <time>2026-01-18T10:53:55Z</time>
   </trkpt>
   <trkpt lat="30.9622720" lon="75.7444230">
    <ele>234.1</ele>
    <time>2026-01-18T10:53:56Z</time>
   </trkpt>
   <trkpt lat="30.9622250" lon="75.7444140">
    <ele>234.2</ele>
    <time>2026-01-18T10:53:57Z</time>
   </trkpt>
   <trkpt lat="30.9621790" lon="75.7444050">
    <ele>234.2</ele>
    <time>2026-01-18T10:53:58Z</time>
   </trkpt>
   <trkpt lat="30.9621330" lon="75.7443980">
    <ele>234.3</ele>
    <time>2026-01-18T10:53:59Z</time>
   </trkpt>
   <trkpt lat="30.9620870" lon="75.7443900">
    <ele>234.4</ele>
    <time>2026-01-18T10:54:00Z</time>
   </trkpt>
   <trkpt lat="30.9620430" lon="75.7443840">
    <ele>234.4</ele>
    <time>2026-01-18T10:54:01Z</time>
   </trkpt>
   <trkpt lat="30.9619980" lon="75.7443800">
    <ele>234.5</ele>
    <time>2026-01-18T10:54:02Z</time>
   </trkpt>
   <trkpt lat="30.9619570" lon="75.7443760">
    <ele>234.6</ele>
    <time>2026-01-18T10:54:03Z</time>
   </trkpt>
   <trkpt lat="30.9619130" lon="75.7443730">
    <ele>234.7</ele>
    <time>2026-01-18T10:54:04Z</time>
   </trkpt>
   <trkpt lat="30.9618710" lon="75.7443700">
    <ele>234.8</ele>
    <time>2026-01-18T10:54:05Z</time>
   </trkpt>
   <trkpt lat="30.9618280" lon="75.7443660">
    <ele>234.9</ele>
    <time>2026-01-18T10:54:06Z</time>
   </trkpt>
   <trkpt lat="30.9617450" lon="75.7443570">
    <ele>235.1</ele>
    <time>2026-01-18T10:54:07Z</time>
   </trkpt>
   <trkpt lat="30.9617020" lon="75.7443560">
    <ele>235.2</ele>
    <time>2026-01-18T10:54:08Z</time>
   </trkpt>
   <trkpt lat="30.9616610" lon="75.7443540">
    <ele>235.4</ele>
    <time>2026-01-18T10:54:09Z</time>
   </trkpt>
   <trkpt lat="30.9616210" lon="75.7443510">
    <ele>235.5</ele>
    <time>2026-01-18T10:54:10Z</time>
   </trkpt>
   <trkpt lat="30.9615830" lon="75.7443480">
    <ele>235.6</ele>
    <time>2026-01-18T10:54:11Z</time>
   </trkpt>
   <trkpt lat="30.9615430" lon="75.7443470">
    <ele>235.7</ele>
    <time>2026-01-18T10:54:12Z</time>
   </trkpt>
   <trkpt lat="30.9615040" lon="75.7443440">
    <ele>235.9</ele>
    <time>2026-01-18T10:54:13Z</time>
   </trkpt>
   <trkpt lat="30.9614660" lon="75.7443420">
    <ele>236.0</ele>
    <time>2026-01-18T10:54:14Z</time>
   </trkpt>
   <trkpt lat="30.9614310" lon="75.7443390">
    <ele>236.1</ele>
    <time>2026-01-18T10:54:15Z</time>
   </trkpt>
   <trkpt lat="30.9613960" lon="75.7443380">
    <ele>236.2</ele>
    <time>2026-01-18T10:54:16Z</time>
   </trkpt>
   <trkpt lat="30.9613610" lon="75.7443370">
    <ele>236.4</ele>
    <time>2026-01-18T10:54:17Z</time>
   </trkpt>
   <trkpt lat="30.9613280" lon="75.7443370">
    <ele>236.5</ele>
    <time>2026-01-18T10:54:18Z</time>
   </trkpt>
   <trkpt lat="30.9612950" lon="75.7443370">
    <ele>236.6</ele>
    <time>2026-01-18T10:54:19Z</time>
   </trkpt>
   <trkpt lat="30.9612590" lon="75.7443350">
    <ele>236.7</ele>
    <time>2026-01-18T10:54:20Z</time>
   </trkpt>
   <trkpt lat="30.9612220" lon="75.7443340">
    <ele>236.9</ele>
    <time>2026-01-18T10:54:21Z</time>
   </trkpt>
   <trkpt lat="30.9611850" lon="75.7443350">
    <ele>237.0</ele>
    <time>2026-01-18T10:54:22Z</time>
   </trkpt>
   <trkpt lat="30.9611490" lon="75.7443340">
    <ele>237.1</ele>
    <time>2026-01-18T10:54:23Z</time>
   </trkpt>
   <trkpt lat="30.9611130" lon="75.7443350">
    <ele>237.2</ele>
    <time>2026-01-18T10:54:24Z</time>
   </trkpt>
   <trkpt lat="30.9610820" lon="75.7443370">
    <ele>237.3</ele>
    <time>2026-01-18T10:54:25Z</time>
   </trkpt>
   <trkpt lat="30.9610510" lon="75.7443410">
    <ele>237.4</ele>
    <time>2026-01-18T10:54:26Z</time>
   </trkpt>
   <trkpt lat="30.9610170" lon="75.7443420">
    <ele>237.5</ele>
    <time>2026-01-18T10:54:27Z</time>
   </trkpt>
   <trkpt lat="30.9609810" lon="75.7443370">
    <ele>237.6</ele>
    <time>2026-01-18T10:54:28Z</time>
   </trkpt>
   <trkpt lat="30.9609460" lon="75.7443330">
    <ele>237.7</ele>
    <time>2026-01-18T10:54:29Z</time>
   </trkpt>
   <trkpt lat="30.9609100" lon="75.7443320">
    <ele>237.8</ele>
    <time>2026-01-18T10:54:30Z</time>
   </trkpt>
   <trkpt lat="30.9608740" lon="75.7443340">
    <ele>237.9</ele>
    <time>2026-01-18T10:54:31Z</time>
   </trkpt>
   <trkpt lat="30.9608360" lon="75.7443380">
    <ele>238.0</ele>
    <time>2026-01-18T10:54:32Z</time>
   </trkpt>
   <trkpt lat="30.9607980" lon="75.7443380">
    <ele>238.1</ele>
    <time>2026-01-18T10:54:33Z</time>
   </trkpt>
   <trkpt lat="30.9607590" lon="75.7443370">
    <ele>238.2</ele>
    <time>2026-01-18T10:54:34Z</time>
   </trkpt>
   <trkpt lat="30.9607190" lon="75.7443370">
    <ele>238.4</ele>
    <time>2026-01-18T10:54:35Z</time>
   </trkpt>
   <trkpt lat="30.9606800" lon="75.7443360">
    <ele>238.4</ele>
    <time>2026-01-18T10:54:36Z</time>
   </trkpt>
   <trkpt lat="30.9606400" lon="75.7443340">
    <ele>238.5</ele>
    <time>2026-01-18T10:54:37Z</time>
   </trkpt>
   <trkpt lat="30.9606010" lon="75.7443350">
    <ele>238.6</ele>
    <time>2026-01-18T10:54:38Z</time>
   </trkpt>
   <trkpt lat="30.9605600" lon="75.7443350">
    <ele>238.7</ele>
    <time>2026-01-18T10:54:39Z</time>
   </trkpt>
   <trkpt lat="30.9605200" lon="75.7443350">
    <ele>238.8</ele>
    <time>2026-01-18T10:54:40Z</time>
   </trkpt>
   <trkpt lat="30.9604790" lon="75.7443350">
    <ele>238.9</ele>
    <time>2026-01-18T10:54:41Z</time>
   </trkpt>
   <trkpt lat="30.9604390" lon="75.7443350">
    <ele>239.0</ele>
    <time>2026-01-18T10:54:42Z</time>
   </trkpt>
   <trkpt lat="30.9603980" lon="75.7443360">
    <ele>239.1</ele>
    <time>2026-01-18T10:54:43Z</time>
   </trkpt>
   <trkpt lat="30.9603570" lon="75.7443360">
    <ele>239.1</ele>
    <time>2026-01-18T10:54:44Z</time>
   </trkpt>
   <trkpt lat="30.9603180" lon="75.7443350">
    <ele>239.2</ele>
    <time>2026-01-18T10:54:45Z</time>
   </trkpt>
   <trkpt lat="30.9602760" lon="75.7443350">
    <ele>239.3</ele>
    <time>2026-01-18T10:54:46Z</time>
   </trkpt>
   <trkpt lat="30.9602370" lon="75.7443360">
    <ele>239.4</ele>
    <time>2026-01-18T10:54:47Z</time>
   </trkpt>
   <trkpt lat="30.9601960" lon="75.7443360">
    <ele>239.5</ele>
    <time>2026-01-18T10:54:48Z</time>
   </trkpt>
   <trkpt lat="30.9601580" lon="75.7443350">
    <ele>239.6</ele>
    <time>2026-01-18T10:54:49Z</time>
   </trkpt>
   <trkpt lat="30.9601250" lon="75.7443370">
    <ele>239.6</ele>
    <time>2026-01-18T10:54:50Z</time>
   </trkpt>
   <trkpt lat="30.9600930" lon="75.7443340">
    <ele>239.7</ele>
    <time>2026-01-18T10:54:51Z</time>
   </trkpt>
   <trkpt lat="30.9600610" lon="75.7443300">
    <ele>239.7</ele>
    <time>2026-01-18T10:54:52Z</time>
   </trkpt>
   <trkpt lat="30.9600200" lon="75.7443330">
    <ele>239.8</ele>
    <time>2026-01-18T10:54:53Z</time>
   </trkpt>
   <trkpt lat="30.9600040" lon="75.7443340">
    <ele>239.8</ele>
    <time>2026-01-18T10:54:54Z</time>
   </trkpt>
   <trkpt lat="30.9599750" lon="75.7443390">
    <ele>239.9</ele>
    <time>2026-01-18T10:54:55Z</time>
   </trkpt>
   <trkpt lat="30.9599450" lon="75.7443400">
    <ele>239.9</ele>
    <time>2026-01-18T10:54:56Z</time>
   </trkpt>
   <trkpt lat="30.9599070" lon="75.7443440">
    <ele>240.0</ele>
    <time>2026-01-18T10:54:57Z</time>
   </trkpt>
   <trkpt lat="30.9598920" lon="75.7443490">
    <ele>240.0</ele>
    <time>2026-01-18T10:54:58Z</time>
   </trkpt>
   <trkpt lat="30.9598580" lon="75.7443520">
    <ele>240.1</ele>
    <time>2026-01-18T10:54:59Z</time>
   </trkpt>
   <trkpt lat="30.9598220" lon="75.7443290">
    <ele>240.1</ele>
    <time>2026-01-18T10:55:00Z</time>
   </trkpt>
   <trkpt lat="30.9597890" lon="75.7443320">
    <ele>240.1</ele>
    <time>2026-01-18T10:55:01Z</time>
   </trkpt>
   <trkpt lat="30.9597700" lon="75.7443320">
    <ele>240.2</ele>
    <time>2026-01-18T10:55:02Z</time>
   </trkpt>
   <trkpt lat="30.9597290" lon="75.7443330">
    <ele>240.2</ele>
    <time>2026-01-18T10:55:03Z</time>
   </trkpt>
   <trkpt lat="30.9597120" lon="75.7443340">
    <ele>240.2</ele>
    <time>2026-01-18T10:55:04Z</time>
   </trkpt>
   <trkpt lat="30.9596790" lon="75.7443330">
    <ele>240.3</ele>
    <time>2026-01-18T10:55:05Z</time>
   </trkpt>
   <trkpt lat="30.9596460" lon="75.7443320">
    <ele>240.3</ele>
    <time>2026-01-18T10:55:06Z</time>
   </trkpt>
   <trkpt lat="30.9596130" lon="75.7443340">
    <ele>240.3</ele>
    <time>2026-01-18T10:55:07Z</time>
   </trkpt>
   <trkpt lat="30.9595780" lon="75.7443320">
    <ele>240.4</ele>
    <time>2026-01-18T10:55:08Z</time>
   </trkpt>
   <trkpt lat="30.9595710" lon="75.7443310">
    <ele>240.4</ele>
    <time>2026-01-18T10:55:09Z</time>
   </trkpt>
   <trkpt lat="30.9595420" lon="75.7443310">
    <ele>240.4</ele>
    <time>2026-01-18T10:55:10Z</time>
   </trkpt>
   <trkpt lat="30.9594970" lon="75.7443290">
    <ele>240.5</ele>
    <time>2026-01-18T10:55:11Z</time>
   </trkpt>
   <trkpt lat="30.9594630" lon="75.7443270">
    <ele>240.5</ele>
    <time>2026-01-18T10:55:12Z</time>
   </trkpt>
   <trkpt lat="30.9594040" lon="75.7443260">
    <ele>240.6</ele>
    <time>2026-01-18T10:55:13Z</time>
   </trkpt>
   <trkpt lat="30.9594040" lon="75.7443280">
    <ele>240.6</ele>
    <time>2026-01-18T10:55:14Z</time>
   </trkpt>
   <trkpt lat="30.9593720" lon="75.7443270">
    <ele>240.6</ele>
    <time>2026-01-18T10:55:15Z</time>
   </trkpt>
   <trkpt lat="30.9593380" lon="75.7443310">
    <ele>240.6</ele>
    <time>2026-01-18T10:55:16Z</time>
   </trkpt>
   <trkpt lat="30.9592990" lon="75.7443300">
    <ele>240.7</ele>
    <time>2026-01-18T10:55:17Z</time>
   </trkpt>
   <trkpt lat="30.9592840" lon="75.7443300">
    <ele>240.7</ele>
    <time>2026-01-18T10:55:18Z</time>
   </trkpt>
   <trkpt lat="30.9592290" lon="75.7443330">
    <ele>240.7</ele>
    <time>2026-01-18T10:55:19Z</time>
   </trkpt>
   <trkpt lat="30.9591870" lon="75.7443260">
    <ele>240.8</ele>
    <time>2026-01-18T10:55:20Z</time>
   </trkpt>
   <trkpt lat="30.9591610" lon="75.7443390">
    <ele>240.8</ele>
    <time>2026-01-18T10:55:21Z</time>
   </trkpt>
   <trkpt lat="30.9591250" lon="75.7443370">
    <ele>240.8</ele>
    <time>2026-01-18T10:55:23Z</time>
   </trkpt>
   <trkpt lat="30.9590890" lon="75.7443360">
    <ele>240.8</ele>
    <time>2026-01-18T10:55:24Z</time>
   </trkpt>
   <trkpt lat="30.9590820" lon="75.7443360">
    <ele>240.9</ele>
    <time>2026-01-18T10:55:25Z</time>
   </trkpt>
   <trkpt lat="30.9590540" lon="75.7443360">
    <ele>240.9</ele>
    <time>2026-01-18T10:55:26Z</time>
   </trkpt>
   <trkpt lat="30.9590180" lon="75.7443340">
    <ele>240.9</ele>
    <time>2026-01-18T10:55:27Z</time>
   </trkpt>
   <trkpt lat="30.9590040" lon="75.7443340">
    <ele>240.9</ele>
    <time>2026-01-18T10:55:28Z</time>
   </trkpt>
   <trkpt lat="30.9589620" lon="75.7443300">
    <ele>240.9</ele>
    <time>2026-01-18T10:55:29Z</time>
   </trkpt>
   <trkpt lat="30.9589310" lon="75.7443330">
    <ele>240.9</ele>
    <time>2026-01-18T10:55:30Z</time>
   </trkpt>
   <trkpt lat="30.9589140" lon="75.7443330">
    <ele>241.0</ele>
    <time>2026-01-18T10:55:31Z</time>
   </trkpt>
   <trkpt lat="30.9588800" lon="75.7443260">
    <ele>241.0</ele>
    <time>2026-01-18T10:55:32Z</time>
   </trkpt>
   <trkpt lat="30.9588100" lon="75.7443310">
    <ele>241.0</ele>
    <time>2026-01-18T10:55:33Z</time>
   </trkpt>
   <trkpt lat="30.9587740" lon="75.7443300">
    <ele>241.0</ele>
    <time>2026-01-18T10:55:34Z</time>
   </trkpt>
   <trkpt lat="30.9587350" lon="75.7443300">
    <ele>241.0</ele>
    <time>2026-01-18T10:55:35Z</time>
   </trkpt>
   <trkpt lat="30.9586940" lon="75.7443300">
    <ele>241.0</ele>
    <time>2026-01-18T10:55:36Z</time>
   </trkpt>
   <trkpt lat="30.9586500" lon="75.7443310">
    <ele>241.0</ele>
    <time>2026-01-18T10:55:37Z</time>
   </trkpt>
   <trkpt lat="30.9586060" lon="75.7443300">
    <ele>241.0</ele>
    <time>2026-01-18T10:55:38Z</time>
   </trkpt>
   <trkpt lat="30.9585620" lon="75.7443290">
    <ele>241.0</ele>
    <time>2026-01-18T10:55:39Z</time>
   </trkpt>
   <trkpt lat="30.9585150" lon="75.7443280">
    <ele>241.0</ele>
    <time>2026-01-18T10:55:40Z</time>
   </trkpt>
   <trkpt lat="30.9584660" lon="75.7443290">
    <ele>240.9</ele>
    <time>2026-01-18T10:55:41Z</time>
   </trkpt>
   <trkpt lat="30.9584180" lon="75.7443340">
    <ele>240.9</ele>
    <time>2026-01-18T10:55:42Z</time>
   </trkpt>
   <trkpt lat="30.9583670" lon="75.7443360">
    <ele>240.9</ele>
    <time>2026-01-18T10:55:43Z</time>
   </trkpt>
   <trkpt lat="30.9583150" lon="75.7443400">
    <ele>240.8</ele>
    <time>2026-01-18T10:55:44Z</time>
   </trkpt>
   <trkpt lat="30.9582630" lon="75.7443430">
    <ele>240.8</ele>
    <time>2026-01-18T10:55:45Z</time>
   </trkpt>
   <trkpt lat="30.9582110" lon="75.7443470">
    <ele>240.7</ele>
    <time>2026-01-18T10:55:46Z</time>
   </trkpt>
   <trkpt lat="30.9581620" lon="75.7443540">
    <ele>240.7</ele>
    <time>2026-01-18T10:55:47Z</time>
   </trkpt>
   <trkpt lat="30.9581120" lon="75.7443570">
    <ele>240.6</ele>
    <time>2026-01-18T10:55:48Z</time>
   </trkpt>
   <trkpt lat="30.9580080" lon="75.7443730">
    <ele>240.6</ele>
    <time>2026-01-18T10:55:49Z</time>
   </trkpt>
   <trkpt lat="30.9579510" lon="75.7443760">
    <ele>240.6</ele>
    <time>2026-01-18T10:55:50Z</time>
   </trkpt>
   <trkpt lat="30.9579000" lon="75.7443780">
    <ele>240.6</ele>
    <time>2026-01-18T10:55:51Z</time>
   </trkpt>
   <trkpt lat="30.9578510" lon="75.7443850">
    <ele>240.6</ele>
    <time>2026-01-18T10:55:52Z</time>
   </trkpt>
   <trkpt lat="30.9577910" lon="75.7443970">
    <ele>240.6</ele>
    <time>2026-01-18T10:55:53Z</time>
   </trkpt>
   <trkpt lat="30.9577310" lon="75.7444070">
    <ele>240.6</ele>
    <time>2026-01-18T10:55:54Z</time>
   </trkpt>
   <trkpt lat="30.9576770" lon="75.7444250">
    <ele>240.6</ele>
    <time>2026-01-18T10:55:55Z</time>
   </trkpt>
   <trkpt lat="30.9576200" lon="75.7444300">
    <ele>240.6</ele>
    <time>2026-01-18T10:55:56Z</time>
   </trkpt>
   <trkpt lat="30.9575640" lon="75.7444420">
    <ele>240.5</ele>
    <time>2026-01-18T10:55:57Z</time>
   </trkpt>
   <trkpt lat="30.9575030" lon="75.7444580">
    <ele>240.5</ele>
    <time>2026-01-18T10:55:58Z</time>
   </trkpt>
   <trkpt lat="30.9574430" lon="75.7444720">
    <ele>240.4</ele>
    <time>2026-01-18T10:55:59Z</time>
   </trkpt>
   <trkpt lat="30.9573820" lon="75.7444890">
    <ele>240.4</ele>
    <time>2026-01-18T10:56:00Z</time>
   </trkpt>
   <trkpt lat="30.9573200" lon="75.7445020">
    <ele>240.3</ele>
    <time>2026-01-18T10:56:01Z</time>
   </trkpt>
   <trkpt lat="30.9572510" lon="75.7445190">
    <ele>240.3</ele>
    <time>2026-01-18T10:56:02Z</time>
   </trkpt>
   <trkpt lat="30.9571930" lon="75.7445400">
    <ele>240.2</ele>
    <time>2026-01-18T10:56:03Z</time>
   </trkpt>
   <trkpt lat="30.9571360" lon="75.7445610">
    <ele>240.2</ele>
    <time>2026-01-18T10:56:04Z</time>
   </trkpt>
   <trkpt lat="30.9570790" lon="75.7445840">
    <ele>240.1</ele>
    <time>2026-01-18T10:56:05Z</time>
   </trkpt>
   <trkpt lat="30.9570230" lon="75.7446080">
    <ele>240.0</ele>
    <time>2026-01-18T10:56:06Z</time>
   </trkpt>
   <trkpt lat="30.9569710" lon="75.7446320">
    <ele>240.0</ele>
    <time>2026-01-18T10:56:07Z</time>
   </trkpt>
   <trkpt lat="30.9569170" lon="75.7446560">
    <ele>239.9</ele>
    <time>2026-01-18T10:56:08Z</time>
   </trkpt>
   <trkpt lat="30.9568650" lon="75.7446800">
    <ele>239.9</ele>
    <time>2026-01-18T10:56:09Z</time>
   </trkpt>
   <trkpt lat="30.9568100" lon="75.7447100">
    <ele>239.8</ele>
    <time>2026-01-18T10:56:10Z</time>
   </trkpt>
   <trkpt lat="30.9567510" lon="75.7447400">
    <ele>239.8</ele>
    <time>2026-01-18T10:56:11Z</time>
   </trkpt>
   <trkpt lat="30.9566980" lon="75.7447730">
    <ele>239.7</ele>
    <time>2026-01-18T10:56:12Z</time>
   </trkpt>
   <trkpt lat="30.9566480" lon="75.7448070">
    <ele>239.7</ele>
    <time>2026-01-18T10:56:13Z</time>
   </trkpt>
   <trkpt lat="30.9565950" lon="75.7448330">
    <ele>239.6</ele>
    <time>2026-01-18T10:56:14Z</time>
   </trkpt>
   <trkpt lat="30.9565410" lon="75.7448630">
    <ele>239.5</ele>
    <time>2026-01-18T10:56:15Z</time>
   </trkpt>
   <trkpt lat="30.9564910" lon="75.7448990">
    <ele>239.4</ele>
    <time>2026-01-18T10:56:16Z</time>
   </trkpt>
   <trkpt lat="30.9564430" lon="75.7449350">
    <ele>239.4</ele>
    <time>2026-01-18T10:56:17Z</time>
   </trkpt>
   <trkpt lat="30.9563950" lon="75.7449720">
    <ele>239.3</ele>
    <time>2026-01-18T10:56:18Z</time>
   </trkpt>
   <trkpt lat="30.9563460" lon="75.7450050">
    <ele>239.2</ele>
    <time>2026-01-18T10:56:19Z</time>
   </trkpt>
   <trkpt lat="30.9562990" lon="75.7450420">
    <ele>239.1</ele>
    <time>2026-01-18T10:56:20Z</time>
   </trkpt>
   <trkpt lat="30.9562540" lon="75.7450770">
    <ele>239.1</ele>
    <time>2026-01-18T10:56:21Z</time>
   </trkpt>
   <trkpt lat="30.9562090" lon="75.7451150">
    <ele>239.0</ele>
    <time>2026-01-18T10:56:22Z</time>
   </trkpt>
   <trkpt lat="30.9561620" lon="75.7451520">
    <ele>238.9</ele>
    <time>2026-01-18T10:56:23Z</time>
   </trkpt>
   <trkpt lat="30.9561210" lon="75.7451890">
    <ele>238.9</ele>
    <time>2026-01-18T10:56:24Z</time>
   </trkpt>
   <trkpt lat="30.9560790" lon="75.7452170">
    <ele>238.8</ele>
    <time>2026-01-18T10:56:25Z</time>
   </trkpt>
   <trkpt lat="30.9560350" lon="75.7452490">
    <ele>238.7</ele>
    <time>2026-01-18T10:56:26Z</time>
   </trkpt>
   <trkpt lat="30.9559930" lon="75.7452910">
    <ele>238.6</ele>
    <time>2026-01-18T10:56:27Z</time>
   </trkpt>
   <trkpt lat="30.9559460" lon="75.7453260">
    <ele>238.4</ele>
    <time>2026-01-18T10:56:28Z</time>
   </trkpt>
   <trkpt lat="30.9559080" lon="75.7453640">
    <ele>238.3</ele>
    <time>2026-01-18T10:56:29Z</time>
   </trkpt>
   <trkpt lat="30.9558650" lon="75.7453960">
    <ele>238.2</ele>
    <time>2026-01-18T10:56:30Z</time>
   </trkpt>
   <trkpt lat="30.9558190" lon="75.7454380">
    <ele>238.1</ele>
    <time>2026-01-18T10:56:31Z</time>
   </trkpt>
   <trkpt lat="30.9557760" lon="75.7454730">
    <ele>238.0</ele>
    <time>2026-01-18T10:56:32Z</time>
   </trkpt>
   <trkpt lat="30.9557310" lon="75.7455100">
    <ele>237.9</ele>
    <time>2026-01-18T10:56:33Z</time>
   </trkpt>
   <trkpt lat="30.9556980" lon="75.7455470">
    <ele>237.8</ele>
    <time>2026-01-18T10:56:34Z</time>
   </trkpt>
   <trkpt lat="30.9556480" lon="75.7455920">
    <ele>237.6</ele>
    <time>2026-01-18T10:56:35Z</time>
   </trkpt>
   <trkpt lat="30.9555990" lon="75.7456250">
    <ele>237.5</ele>
    <time>2026-01-18T10:56:36Z</time>
   </trkpt>
   <trkpt lat="30.9555530" lon="75.7456630">
    <ele>237.3</ele>
    <time>2026-01-18T10:56:37Z</time>
   </trkpt>
   <trkpt lat="30.9555090" lon="75.7457090">
    <ele>237.2</ele>
    <time>2026-01-18T10:56:38Z</time>
   </trkpt>
   <trkpt lat="30.9554650" lon="75.7457490">
    <ele>237.0</ele>
    <time>2026-01-18T10:56:39Z</time>
   </trkpt>
   <trkpt lat="30.9554190" lon="75.7457850">
    <ele>236.9</ele>
    <time>2026-01-18T10:56:40Z</time>
   </trkpt>
   <trkpt lat="30.9553670" lon="75.7458370">
    <ele>236.8</ele>
    <time>2026-01-18T10:56:41Z</time>
   </trkpt>
   <trkpt lat="30.9553160" lon="75.7458740">
    <ele>236.6</ele>
    <time>2026-01-18T10:56:42Z</time>
   </trkpt>
   <trkpt lat="30.9552700" lon="75.7459270">
    <ele>236.4</ele>
    <time>2026-01-18T10:56:43Z</time>
   </trkpt>
   <trkpt lat="30.9552280" lon="75.7459650">
    <ele>236.3</ele>
    <time>2026-01-18T10:56:44Z</time>
   </trkpt>
   <trkpt lat="30.9551790" lon="75.7460090">
    <ele>236.1</ele>
    <time>2026-01-18T10:56:45Z</time>
   </trkpt>
   <trkpt lat="30.9551290" lon="75.7460510">
    <ele>235.9</ele>
    <time>2026-01-18T10:56:46Z</time>
   </trkpt>
   <trkpt lat="30.9550770" lon="75.7460940">
    <ele>235.7</ele>
    <time>2026-01-18T10:56:47Z</time>
   </trkpt>
   <trkpt lat="30.9550300" lon="75.7461280">
    <ele>235.5</ele>
    <time>2026-01-18T10:56:48Z</time>
   </trkpt>
   <trkpt lat="30.9549720" lon="75.7461800">
    <ele>235.3</ele>
    <time>2026-01-18T10:56:49Z</time>
   </trkpt>
   <trkpt lat="30.9549250" lon="75.7462200">
    <ele>235.1</ele>
    <time>2026-01-18T10:56:50Z</time>
   </trkpt>
   <trkpt lat="30.9548700" lon="75.7462740">
    <ele>234.9</ele>
    <time>2026-01-18T10:56:51Z</time>
   </trkpt>
   <trkpt lat="30.9548180" lon="75.7463290">
    <ele>234.7</ele>
    <time>2026-01-18T10:56:52Z</time>
   </trkpt>
   <trkpt lat="30.9547580" lon="75.7463760">
    <ele>234.6</ele>
    <time>2026-01-18T10:56:53Z</time>
   </trkpt>
   <trkpt lat="30.9546960" lon="75.7464270">
    <ele>234.4</ele>
    <time>2026-01-18T10:56:54Z</time>
   </trkpt>
   <trkpt lat="30.9546340" lon="75.7464770">
    <ele>234.3</ele>
    <time>2026-01-18T10:56:55Z</time>
   </trkpt>
   <trkpt lat="30.9545750" lon="75.7465320">
    <ele>234.3</ele>
    <time>2026-01-18T10:56:56Z</time>
   </trkpt>
   <trkpt lat="30.9545150" lon="75.7465890">
    <ele>234.2</ele>
    <time>2026-01-18T10:56:57Z</time>
   </trkpt>
   <trkpt lat="30.9544520" lon="75.7466430">
    <ele>234.1</ele>
    <time>2026-01-18T10:56:58Z</time>
   </trkpt>
   <trkpt lat="30.9543900" lon="75.7466960">
    <ele>234.1</ele>
    <time>2026-01-18T10:56:59Z</time>
   </trkpt>
   <trkpt lat="30.9543300" lon="75.7467480">
    <ele>234.0</ele>
    <time>2026-01-18T10:57:00Z</time>
   </trkpt>
   <trkpt lat="30.9542710" lon="75.7468010">
    <ele>234.0</ele>
    <time>2026-01-18T10:57:01Z</time>
   </trkpt>
   <trkpt lat="30.9542090" lon="75.7468510">
    <ele>234.0</ele>
    <time>2026-01-18T10:57:02Z</time>
   </trkpt>
   <trkpt lat="30.9541500" lon="75.7468990">
    <ele>234.0</ele>
    <time>2026-01-18T10:57:03Z</time>
   </trkpt>
   <trkpt lat="30.9540910" lon="75.7469490">
    <ele>234.1</ele>
    <time>2026-01-18T10:57:04Z</time>
   </trkpt>
   <trkpt lat="30.9540370" lon="75.7469990">
    <ele>234.1</ele>
    <time>2026-01-18T10:57:05Z</time>
   </trkpt>
   <trkpt lat="30.9539840" lon="75.7470530">
    <ele>234.2</ele>
    <time>2026-01-18T10:57:06Z</time>
   </trkpt>
   <trkpt lat="30.9539270" lon="75.7471060">
    <ele>234.2</ele>
    <time>2026-01-18T10:57:07Z</time>
   </trkpt>
   <trkpt lat="30.9538700" lon="75.7471570">
    <ele>234.3</ele>
    <time>2026-01-18T10:57:08Z</time>
   </trkpt>
   <trkpt lat="30.9538140" lon="75.7472030">
    <ele>234.4</ele>
    <time>2026-01-18T10:57:09Z</time>
   </trkpt>
   <trkpt lat="30.9537590" lon="75.7472500">
    <ele>234.6</ele>
    <time>2026-01-18T10:57:10Z</time>
   </trkpt>
   <trkpt lat="30.9537030" lon="75.7472990">
    <ele>234.7</ele>
    <time>2026-01-18T10:57:11Z</time>
   </trkpt>
   <trkpt lat="30.9536510" lon="75.7473500">
    <ele>234.8</ele>
    <time>2026-01-18T10:57:12Z</time>
   </trkpt>
   <trkpt lat="30.9536000" lon="75.7474030">
    <ele>234.9</ele>
    <time>2026-01-18T10:57:13Z</time>
   </trkpt>
   <trkpt lat="30.9535500" lon="75.7474550">
    <ele>235.1</ele>
    <time>2026-01-18T10:57:14Z</time>
   </trkpt>
   <trkpt lat="30.9534980" lon="75.7475070">
    <ele>235.2</ele>
    <time>2026-01-18T10:57:15Z</time>
   </trkpt>
   <trkpt lat="30.9534450" lon="75.7475520">
    <ele>235.3</ele>
    <time>2026-01-18T10:57:16Z</time>
   </trkpt>
   <trkpt lat="30.9533900" lon="75.7475880">
    <ele>235.4</ele>
    <time>2026-01-18T10:57:17Z</time>
   </trkpt>
   <trkpt lat="30.9533350" lon="75.7476250">
    <ele>235.6</ele>
    <time>2026-01-18T10:57:18Z</time>
   </trkpt>
   <trkpt lat="30.9532850" lon="75.7476670">
    <ele>235.7</ele>
    <time>2026-01-18T10:57:19Z</time>
   </trkpt>
   <trkpt lat="30.9532350" lon="75.7477120">
    <ele>235.8</ele>
    <time>2026-01-18T10:57:20Z</time>
   </trkpt>
   <trkpt lat="30.9531860" lon="75.7477580">
    <ele>236.0</ele>
    <time>2026-01-18T10:57:21Z</time>
   </trkpt>
   <trkpt lat="30.9531390" lon="75.7478030">
    <ele>236.1</ele>
    <time>2026-01-18T10:57:22Z</time>
   </trkpt>
   <trkpt lat="30.9530900" lon="75.7478470">
    <ele>236.2</ele>
    <time>2026-01-18T10:57:23Z</time>
   </trkpt>
   <trkpt lat="30.9530420" lon="75.7478910">
    <ele>236.3</ele>
    <time>2026-01-18T10:57:24Z</time>
   </trkpt>
   <trkpt lat="30.9529940" lon="75.7479320">
    <ele>236.4</ele>
    <time>2026-01-18T10:57:25Z</time>
   </trkpt>
   <trkpt lat="30.9529460" lon="75.7479740">
    <ele>236.5</ele>
    <time>2026-01-18T10:57:26Z</time>
   </trkpt>
   <trkpt lat="30.9528990" lon="75.7480150">
    <ele>236.6</ele>
    <time>2026-01-18T10:57:27Z</time>
   </trkpt>
   <trkpt lat="30.9528510" lon="75.7480560">
    <ele>236.7</ele>
    <time>2026-01-18T10:57:28Z</time>
   </trkpt>
   <trkpt lat="30.9528010" lon="75.7480950">
    <ele>236.8</ele>
    <time>2026-01-18T10:57:29Z</time>
   </trkpt>
   <trkpt lat="30.9527520" lon="75.7481350">
    <ele>236.8</ele>
    <time>2026-01-18T10:57:30Z</time>
   </trkpt>
   <trkpt lat="30.9527030" lon="75.7481760">
    <ele>236.9</ele>
    <time>2026-01-18T10:57:31Z</time>
   </trkpt>
   <trkpt lat="30.9526550" lon="75.7482140">
    <ele>237.0</ele>
    <time>2026-01-18T10:57:32Z</time>
   </trkpt>
   <trkpt lat="30.9526050" lon="75.7482540">
    <ele>237.0</ele>
    <time>2026-01-18T10:57:33Z</time>
   </trkpt>
   <trkpt lat="30.9525560" lon="75.7482920">
    <ele>237.1</ele>
    <time>2026-01-18T10:57:34Z</time>
   </trkpt>
   <trkpt lat="30.9525060" lon="75.7483330">
    <ele>237.1</ele>
    <time>2026-01-18T10:57:35Z</time>
   </trkpt>
   <trkpt lat="30.9524580" lon="75.7483710">
    <ele>237.2</ele>
    <time>2026-01-18T10:57:36Z</time>
   </trkpt>
   <trkpt lat="30.9524070" lon="75.7484070">
    <ele>237.2</ele>
    <time>2026-01-18T10:57:37Z</time>
   </trkpt>
   <trkpt lat="30.9523540" lon="75.7484400">
    <ele>237.3</ele>
    <time>2026-01-18T10:57:38Z</time>
   </trkpt>
   <trkpt lat="30.9523010" lon="75.7484750">
    <ele>237.3</ele>
    <time>2026-01-18T10:57:39Z</time>
   </trkpt>
   <trkpt lat="30.9522480" lon="75.7485090">
    <ele>237.3</ele>
    <time>2026-01-18T10:57:40Z</time>
   </trkpt>
   <trkpt lat="30.9521930" lon="75.7485420">
    <ele>237.4</ele>
    <time>2026-01-18T10:57:41Z</time>
   </trkpt>
   <trkpt lat="30.9521380" lon="75.7485740">
    <ele>237.4</ele>
    <time>2026-01-18T10:57:42Z</time>
   </trkpt>
   <trkpt lat="30.9520820" lon="75.7486050">
    <ele>237.4</ele>
    <time>2026-01-18T10:57:43Z</time>
   </trkpt>
   <trkpt lat="30.9520270" lon="75.7486350">
    <ele>237.4</ele>
    <time>2026-01-18T10:57:44Z</time>
   </trkpt>
   <trkpt lat="30.9519710" lon="75.7486650">
    <ele>237.4</ele>
    <time>2026-01-18T10:57:45Z</time>
   </trkpt>
   <trkpt lat="30.9519150" lon="75.7486950">
    <ele>237.4</ele>
    <time>2026-01-18T10:57:46Z</time>
   </trkpt>
   <trkpt lat="30.9518600" lon="75.7487270">
    <ele>237.4</ele>
    <time>2026-01-18T10:57:47Z</time>
   </trkpt>
   <trkpt lat="30.9518050" lon="75.7487600">
    <ele>237.4</ele>
    <time>2026-01-18T10:57:48Z</time>
   </trkpt>
   <trkpt lat="30.9517490" lon="75.7487900">
    <ele>237.4</ele>
    <time>2026-01-18T10:57:49Z</time>
   </trkpt>
   <trkpt lat="30.9516970" lon="75.7488120">
    <ele>237.4</ele>
    <time>2026-01-18T10:57:50Z</time>
   </trkpt>
   <trkpt lat="30.9516440" lon="75.7488360">
    <ele>237.3</ele>
    <time>2026-01-18T10:57:51Z</time>
   </trkpt>
   <trkpt lat="30.9515900" lon="75.7488570">
    <ele>237.3</ele>
    <time>2026-01-18T10:57:52Z</time>
   </trkpt>
   <trkpt lat="30.9515390" lon="75.7488730">
    <ele>237.3</ele>
    <time>2026-01-18T10:57:53Z</time>
   </trkpt>
   <trkpt lat="30.9514870" lon="75.7488870">
    <ele>237.3</ele>
    <time>2026-01-18T10:57:54Z</time>
   </trkpt>
   <trkpt lat="30.9514350" lon="75.7489030">
    <ele>237.3</ele>
    <time>2026-01-18T10:57:55Z</time>
   </trkpt>
   <trkpt lat="30.9513800" lon="75.7489220">
    <ele>237.3</ele>
    <time>2026-01-18T10:57:56Z</time>
   </trkpt>
   <trkpt lat="30.9513240" lon="75.7489380">
    <ele>237.2</ele>
    <time>2026-01-18T10:57:57Z</time>
   </trkpt>
   <trkpt lat="30.9512700" lon="75.7489500">
    <ele>237.2</ele>
    <time>2026-01-18T10:57:58Z</time>
   </trkpt>
   <trkpt lat="30.9512120" lon="75.7489630">
    <ele>237.2</ele>
    <time>2026-01-18T10:57:59Z</time>
   </trkpt>
   <trkpt lat="30.9511530" lon="75.7489750">
    <ele>237.1</ele>
    <time>2026-01-18T10:58:00Z</time>
   </trkpt>
   <trkpt lat="30.9510940" lon="75.7489830">
    <ele>237.0</ele>
    <time>2026-01-18T10:58:01Z</time>
   </trkpt>
   <trkpt lat="30.9510340" lon="75.7489860">
    <ele>237.0</ele>
    <time>2026-01-18T10:58:02Z</time>
   </trkpt>
   <trkpt lat="30.9509720" lon="75.7489900">
    <ele>236.9</ele>
    <time>2026-01-18T10:58:03Z</time>
   </trkpt>
   <trkpt lat="30.9509090" lon="75.7489990">
    <ele>236.8</ele>
    <time>2026-01-18T10:58:04Z</time>
   </trkpt>
   <trkpt lat="30.9508470" lon="75.7490040">
    <ele>236.6</ele>
    <time>2026-01-18T10:58:05Z</time>
   </trkpt>
   <trkpt lat="30.9507830" lon="75.7490110">
    <ele>236.5</ele>
    <time>2026-01-18T10:58:06Z</time>
   </trkpt>
   <trkpt lat="30.9507200" lon="75.7490180">
    <ele>236.4</ele>
    <time>2026-01-18T10:58:07Z</time>
   </trkpt>
   <trkpt lat="30.9506540" lon="75.7490210">
    <ele>236.3</ele>
    <time>2026-01-18T10:58:08Z</time>
   </trkpt>
   <trkpt lat="30.9505880" lon="75.7490230">
    <ele>236.2</ele>
    <time>2026-01-18T10:58:09Z</time>
   </trkpt>
   <trkpt lat="30.9505220" lon="75.7490260">
    <ele>236.1</ele>
    <time>2026-01-18T10:58:10Z</time>
   </trkpt>
   <trkpt lat="30.9504560" lon="75.7490300">
    <ele>236.0</ele>
    <time>2026-01-18T10:58:11Z</time>
   </trkpt>
   <trkpt lat="30.9503910" lon="75.7490310">
    <ele>235.9</ele>
    <time>2026-01-18T10:58:12Z</time>
   </trkpt>
   <trkpt lat="30.9503280" lon="75.7490360">
    <ele>235.8</ele>
    <time>2026-01-18T10:58:13Z</time>
   </trkpt>
   <trkpt lat="30.9502660" lon="75.7490390">
    <ele>235.7</ele>
    <time>2026-01-18T10:58:14Z</time>
   </trkpt>
   <trkpt lat="30.9502000" lon="75.7490370">
    <ele>235.6</ele>
    <time>2026-01-18T10:58:15Z</time>
   </trkpt>
   <trkpt lat="30.9501400" lon="75.7490330">
    <ele>235.5</ele>
    <time>2026-01-18T10:58:16Z</time>
   </trkpt>
   <trkpt lat="30.9500780" lon="75.7490330">
    <ele>235.4</ele>
    <time>2026-01-18T10:58:17Z</time>
   </trkpt>
   <trkpt lat="30.9500170" lon="75.7490340">
    <ele>235.3</ele>
    <time>2026-01-18T10:58:18Z</time>
   </trkpt>
   <trkpt lat="30.9499550" lon="75.7490350">
    <ele>235.2</ele>
    <time>2026-01-18T10:58:19Z</time>
   </trkpt>
   <trkpt lat="30.9498950" lon="75.7490330">
    <ele>235.1</ele>
    <time>2026-01-18T10:58:20Z</time>
   </trkpt>
   <trkpt lat="30.9498360" lon="75.7490330">
    <ele>235.0</ele>
    <time>2026-01-18T10:58:21Z</time>
   </trkpt>
   <trkpt lat="30.9497760" lon="75.7490350">
    <ele>235.0</ele>
    <time>2026-01-18T10:58:22Z</time>
   </trkpt>
   <trkpt lat="30.9497170" lon="75.7490370">
    <ele>234.9</ele>
    <time>2026-01-18T10:58:23Z</time>
   </trkpt>
   <trkpt lat="30.9496580" lon="75.7490320">
    <ele>234.8</ele>
    <time>2026-01-18T10:58:24Z</time>
   </trkpt>
   <trkpt lat="30.9496000" lon="75.7490250">
    <ele>234.8</ele>
    <time>2026-01-18T10:58:25Z</time>
   </trkpt>
   <trkpt lat="30.9495400" lon="75.7490240">
    <ele>234.7</ele>
    <time>2026-01-18T10:58:26Z</time>
   </trkpt>
   <trkpt lat="30.9494810" lon="75.7490250">
    <ele>234.7</ele>
    <time>2026-01-18T10:58:27Z</time>
   </trkpt>
   <trkpt lat="30.9494230" lon="75.7490240">
    <ele>234.6</ele>
    <time>2026-01-18T10:58:28Z</time>
   </trkpt>
   <trkpt lat="30.9493640" lon="75.7490230">
    <ele>234.6</ele>
    <time>2026-01-18T10:58:29Z</time>
   </trkpt>
   <trkpt lat="30.9493050" lon="75.7490230">
    <ele>234.5</ele>
    <time>2026-01-18T10:58:30Z</time>
   </trkpt>
   <trkpt lat="30.9492420" lon="75.7490210">
    <ele>234.5</ele>
    <time>2026-01-18T10:58:31Z</time>
   </trkpt>
   <trkpt lat="30.9491810" lon="75.7490200">
    <ele>234.5</ele>
    <time>2026-01-18T10:58:32Z</time>
   </trkpt>
   <trkpt lat="30.9491150" lon="75.7490220">
    <ele>234.4</ele>
    <time>2026-01-18T10:58:33Z</time>
   </trkpt>
   <trkpt lat="30.9490510" lon="75.7490160">
    <ele>234.4</ele>
    <time>2026-01-18T10:58:34Z</time>
   </trkpt>
   <trkpt lat="30.9489870" lon="75.7490190">
    <ele>234.3</ele>
    <time>2026-01-18T10:58:35Z</time>
   </trkpt>
   <trkpt lat="30.9489290" lon="75.7490230">
    <ele>234.3</ele>
    <time>2026-01-18T10:58:36Z</time>
   </trkpt>
   <trkpt lat="30.9488840" lon="75.7490230">
    <ele>234.2</ele>
    <time>2026-01-18T10:58:37Z</time>
   </trkpt>
   <trkpt lat="30.9488500" lon="75.7490200">
    <ele>234.2</ele>
    <time>2026-01-18T10:58:38Z</time>
   </trkpt>
   <trkpt lat="30.9488310" lon="75.7490200">
    <ele>234.2</ele>
    <time>2026-01-18T10:58:39Z</time>
   </trkpt>
   <trkpt lat="30.9488180" lon="75.7490200">
    <ele>234.2</ele>
    <time>2026-01-18T10:58:40Z</time>
   </trkpt>
   <trkpt lat="30.9487870" lon="75.7490150">
    <ele>234.2</ele>
    <time>2026-01-18T10:58:41Z</time>
   </trkpt>
   <trkpt lat="30.9487760" lon="75.7490120">
    <ele>234.2</ele>
    <time>2026-01-18T10:58:42Z</time>
   </trkpt>
   <trkpt lat="30.9487490" lon="75.7490070">
    <ele>234.2</ele>
    <time>2026-01-18T10:58:43Z</time>
   </trkpt>
   <trkpt lat="30.9487200" lon="75.7490100">
    <ele>234.1</ele>
    <time>2026-01-18T10:58:44Z</time>
   </trkpt>
   <trkpt lat="30.9486890" lon="75.7490220">
    <ele>234.1</ele>
    <time>2026-01-18T10:58:45Z</time>
   </trkpt>
   <trkpt lat="30.9486560" lon="75.7490290">
    <ele>234.1</ele>
    <time>2026-01-18T10:58:46Z</time>
   </trkpt>
   <trkpt lat="30.9486200" lon="75.7490280">
    <ele>234.1</ele>
    <time>2026-01-18T10:58:47Z</time>
   </trkpt>
   <trkpt lat="30.9485790" lon="75.7490230">
    <ele>234.0</ele>
    <time>2026-01-18T10:58:48Z</time>
   </trkpt>
   <trkpt lat="30.9485360" lon="75.7490240">
    <ele>234.0</ele>
    <time>2026-01-18T10:58:49Z</time>
   </trkpt>
   <trkpt lat="30.9484910" lon="75.7490260">
    <ele>234.0</ele>
    <time>2026-01-18T10:58:50Z</time>
   </trkpt>
   <trkpt lat="30.9484450" lon="75.7490240">
    <ele>233.9</ele>
    <time>2026-01-18T10:58:51Z</time>
   </trkpt>
   <trkpt lat="30.9483970" lon="75.7490200">
    <ele>233.9</ele>
    <time>2026-01-18T10:58:52Z</time>
   </trkpt>
   <trkpt lat="30.9483480" lon="75.7490190">
    <ele>233.9</ele>
    <time>2026-01-18T10:58:53Z</time>
   </trkpt>
   <trkpt lat="30.9482990" lon="75.7490200">
    <ele>233.8</ele>
    <time>2026-01-18T10:58:54Z</time>
   </trkpt>
   <trkpt lat="30.9482480" lon="75.7490210">
    <ele>233.8</ele>
    <time>2026-01-18T10:58:55Z</time>
   </trkpt>
   <trkpt lat="30.9481960" lon="75.7490220">
    <ele>233.7</ele>
    <time>2026-01-18T10:58:56Z</time>
   </trkpt>
   <trkpt lat="30.9481430" lon="75.7490230">
    <ele>233.7</ele>
    <time>2026-01-18T10:58:57Z</time>
   </trkpt>
   <trkpt lat="30.9480900" lon="75.7490240">
    <ele>233.6</ele>
    <time>2026-01-18T10:58:58Z</time>
   </trkpt>
   <trkpt lat="30.9480340" lon="75.7490250">
    <ele>233.6</ele>
    <time>2026-01-18T10:58:59Z</time>
   </trkpt>
   <trkpt lat="30.9479780" lon="75.7490230">
    <ele>233.5</ele>
    <time>2026-01-18T10:59:00Z</time>
   </trkpt>
   <trkpt lat="30.9479200" lon="75.7490220">
    <ele>233.5</ele>
    <time>2026-01-18T10:59:01Z</time>
   </trkpt>
   <trkpt lat="30.9478660" lon="75.7490230">
    <ele>233.5</ele>
    <time>2026-01-18T10:59:02Z</time>
   </trkpt>
   <trkpt lat="30.9478100" lon="75.7490250">
    <ele>233.4</ele>
    <time>2026-01-18T10:59:03Z</time>
   </trkpt>
   <trkpt lat="30.9477550" lon="75.7490260">
    <ele>233.4</ele>
    <time>2026-01-18T10:59:04Z</time>
   </trkpt>
   <trkpt lat="30.9477020" lon="75.7490250">
    <ele>233.4</ele>
    <time>2026-01-18T10:59:05Z</time>
   </trkpt>
   <trkpt lat="30.9476480" lon="75.7490220">
    <ele>233.3</ele>
    <time>2026-01-18T10:59:06Z</time>
   </trkpt>
   <trkpt lat="30.9475940" lon="75.7490220">
    <ele>233.3</ele>
    <time>2026-01-18T10:59:07Z</time>
   </trkpt>
   <trkpt lat="30.9475410" lon="75.7490240">
    <ele>233.3</ele>
    <time>2026-01-18T10:59:08Z</time>
   </trkpt>
   <trkpt lat="30.9474890" lon="75.7490270">
    <ele>233.2</ele>
    <time>2026-01-18T10:59:09Z</time>
   </trkpt>
   <trkpt lat="30.9474360" lon="75.7490280">
    <ele>233.2</ele>
    <time>2026-01-18T10:59:10Z</time>
   </trkpt>
   <trkpt lat="30.9473820" lon="75.7490270">
    <ele>233.2</ele>
    <time>2026-01-18T10:59:11Z</time>
   </trkpt>
   <trkpt lat="30.9473310" lon="75.7490280">
    <ele>233.1</ele>
    <time>2026-01-18T10:59:12Z</time>
   </trkpt>
   <trkpt lat="30.9472780" lon="75.7490310">
    <ele>233.1</ele>
    <time>2026-01-18T10:59:13Z</time>
   </trkpt>
   <trkpt lat="30.9472250" lon="75.7490280">
    <ele>233.1</ele>
    <time>2026-01-18T10:59:14Z</time>
   </trkpt>
   <trkpt lat="30.9471720" lon="75.7490230">
    <ele>233.0</ele>
    <time>2026-01-18T10:59:15Z</time>
   </trkpt>
   <trkpt lat="30.9471150" lon="75.7490220">
    <ele>233.0</ele>
    <time>2026-01-18T10:59:16Z</time>
   </trkpt>
   <trkpt lat="30.9470580" lon="75.7490210">
    <ele>233.0</ele>
    <time>2026-01-18T10:59:17Z</time>
   </trkpt>
   <trkpt lat="30.9470000" lon="75.7490210">
    <ele>232.9</ele>
    <time>2026-01-18T10:59:18Z</time>
   </trkpt>
   <trkpt lat="30.9469410" lon="75.7490220">
    <ele>232.9</ele>
    <time>2026-01-18T10:59:19Z</time>
   </trkpt>
   <trkpt lat="30.9468820" lon="75.7490230">
    <ele>232.9</ele>
    <time>2026-01-18T10:59:20Z</time>
   </trkpt>
   <trkpt lat="30.9468220" lon="75.7490230">
    <ele>232.9</ele>
    <time>2026-01-18T10:59:21Z</time>
   </trkpt>
   <trkpt lat="30.9467610" lon="75.7490240">
    <ele>232.9</ele>
    <time>2026-01-18T10:59:22Z</time>
   </trkpt>
   <trkpt lat="30.9467010" lon="75.7490240">
    <ele>232.9</ele>
    <time>2026-01-18T10:59:23Z</time>
   </trkpt>
   <trkpt lat="30.9466410" lon="75.7490250">
    <ele>232.9</ele>
    <time>2026-01-18T10:59:24Z</time>
   </trkpt>
   <trkpt lat="30.9465780" lon="75.7490230">
    <ele>232.9</ele>
    <time>2026-01-18T10:59:25Z</time>
   </trkpt>
   <trkpt lat="30.9465170" lon="75.7490220">
    <ele>232.9</ele>
    <time>2026-01-18T10:59:26Z</time>
   </trkpt>
   <trkpt lat="30.9464550" lon="75.7490210">
    <ele>232.9</ele>
    <time>2026-01-18T10:59:27Z</time>
   </trkpt>
   <trkpt lat="30.9463930" lon="75.7490210">
    <ele>232.9</ele>
    <time>2026-01-18T10:59:28Z</time>
   </trkpt>
   <trkpt lat="30.9463300" lon="75.7490210">
    <ele>233.0</ele>
    <time>2026-01-18T10:59:29Z</time>
   </trkpt>
   <trkpt lat="30.9462670" lon="75.7490210">
    <ele>233.0</ele>
    <time>2026-01-18T10:59:30Z</time>
   </trkpt>
   <trkpt lat="30.9462040" lon="75.7490220">
    <ele>233.0</ele>
    <time>2026-01-18T10:59:31Z</time>
   </trkpt>
   <trkpt lat="30.9461410" lon="75.7490220">
    <ele>233.0</ele>
    <time>2026-01-18T10:59:32Z</time>
   </trkpt>
   <trkpt lat="30.9460770" lon="75.7490220">
    <ele>233.1</ele>
    <time>2026-01-18T10:59:33Z</time>
   </trkpt>
   <trkpt lat="30.9460140" lon="75.7490210">
    <ele>233.1</ele>
    <time>2026-01-18T10:59:34Z</time>
   </trkpt>
   <trkpt lat="30.9459530" lon="75.7490220">
    <ele>233.1</ele>
    <time>2026-01-18T10:59:35Z</time>
   </trkpt>
   <trkpt lat="30.9458900" lon="75.7490230">
    <ele>233.2</ele>
    <time>2026-01-18T10:59:36Z</time>
   </trkpt>
   <trkpt lat="30.9458280" lon="75.7490200">
    <ele>233.2</ele>
    <time>2026-01-18T10:59:37Z</time>
   </trkpt>
   <trkpt lat="30.9457670" lon="75.7490180">
    <ele>233.3</ele>
    <time>2026-01-18T10:59:38Z</time>
   </trkpt>
   <trkpt lat="30.9457040" lon="75.7490160">
    <ele>233.3</ele>
    <time>2026-01-18T10:59:39Z</time>
   </trkpt>
   <trkpt lat="30.9456430" lon="75.7490170">
    <ele>233.3</ele>
    <time>2026-01-18T10:59:40Z</time>
   </trkpt>
   <trkpt lat="30.9455820" lon="75.7490180">
    <ele>233.4</ele>
    <time>2026-01-18T10:59:41Z</time>
   </trkpt>
   <trkpt lat="30.9455210" lon="75.7490190">
    <ele>233.4</ele>
    <time>2026-01-18T10:59:42Z</time>
   </trkpt>
   <trkpt lat="30.9454610" lon="75.7490190">
    <ele>233.5</ele>
    <time>2026-01-18T10:59:43Z</time>
   </trkpt>
   <trkpt lat="30.9454000" lon="75.7490190">
    <ele>233.5</ele>
    <time>2026-01-18T10:59:44Z</time>
   </trkpt>
   <trkpt lat="30.9453410" lon="75.7490170">
    <ele>233.6</ele>
    <time>2026-01-18T10:59:45Z</time>
   </trkpt>
   <trkpt lat="30.9452810" lon="75.7490180">
    <ele>233.6</ele>
    <time>2026-01-18T10:59:46Z</time>
   </trkpt>
   <trkpt lat="30.9452210" lon="75.7490180">
    <ele>233.7</ele>
    <time>2026-01-18T10:59:47Z</time>
   </trkpt>
   <trkpt lat="30.9451610" lon="75.7490170">
    <ele>233.7</ele>
    <time>2026-01-18T10:59:48Z</time>
   </trkpt>
   <trkpt lat="30.9450990" lon="75.7490160">
    <ele>233.8</ele>
    <time>2026-01-18T10:59:49Z</time>
   </trkpt>
   <trkpt lat="30.9450390" lon="75.7490160">
    <ele>233.8</ele>
    <time>2026-01-18T10:59:50Z</time>
   </trkpt>
   <trkpt lat="30.9449770" lon="75.7490160">
    <ele>233.9</ele>
    <time>2026-01-18T10:59:51Z</time>
   </trkpt>
   <trkpt lat="30.9449170" lon="75.7490160">
    <ele>233.9</ele>
    <time>2026-01-18T10:59:52Z</time>
   </trkpt>
   <trkpt lat="30.9448560" lon="75.7490160">
    <ele>234.0</ele>
    <time>2026-01-18T10:59:53Z</time>
   </trkpt>
   <trkpt lat="30.9447940" lon="75.7490150">
    <ele>234.0</ele>
    <time>2026-01-18T10:59:54Z</time>
   </trkpt>
   <trkpt lat="30.9447320" lon="75.7490150">
    <ele>234.0</ele>
    <time>2026-01-18T10:59:55Z</time>
   </trkpt>
   <trkpt lat="30.9446700" lon="75.7490160">
    <ele>234.0</ele>
    <time>2026-01-18T10:59:56Z</time>
   </trkpt>
   <trkpt lat="30.9446080" lon="75.7490180">
    <ele>234.0</ele>
    <time>2026-01-18T10:59:57Z</time>
   </trkpt>
   <trkpt lat="30.9445450" lon="75.7490150">
    <ele>234.1</ele>
    <time>2026-01-18T10:59:58Z</time>
   </trkpt>
   <trkpt lat="30.9444830" lon="75.7490130">
    <ele>234.1</ele>
    <time>2026-01-18T10:59:59Z</time>
   </trkpt>
   <trkpt lat="30.9444210" lon="75.7490090">
    <ele>234.1</ele>
    <time>2026-01-18T11:00:00Z</time>
   </trkpt>
   <trkpt lat="30.9443580" lon="75.7490050">
    <ele>234.1</ele>
    <time>2026-01-18T11:00:01Z</time>
   </trkpt>
   <trkpt lat="30.9442950" lon="75.7490030">
    <ele>234.2</ele>
    <time>2026-01-18T11:00:02Z</time>
   </trkpt>
   <trkpt lat="30.9442320" lon="75.7490050">
    <ele>234.2</ele>
    <time>2026-01-18T11:00:03Z</time>
   </trkpt>
   <trkpt lat="30.9441690" lon="75.7490060">
    <ele>234.2</ele>
    <time>2026-01-18T11:00:04Z</time>
   </trkpt>
   <trkpt lat="30.9441040" lon="75.7490080">
    <ele>234.2</ele>
    <time>2026-01-18T11:00:05Z</time>
   </trkpt>
   <trkpt lat="30.9440380" lon="75.7490080">
    <ele>234.2</ele>
    <time>2026-01-18T11:00:06Z</time>
   </trkpt>
   <trkpt lat="30.9439730" lon="75.7490070">
    <ele>234.2</ele>
    <time>2026-01-18T11:00:07Z</time>
   </trkpt>
   <trkpt lat="30.9439090" lon="75.7490070">
    <ele>234.2</ele>
    <time>2026-01-18T11:00:08Z</time>
   </trkpt>
   <trkpt lat="30.9438450" lon="75.7490090">
    <ele>234.2</ele>
    <time>2026-01-18T11:00:09Z</time>
   </trkpt>
   <trkpt lat="30.9437790" lon="75.7490080">
    <ele>234.3</ele>
    <time>2026-01-18T11:00:10Z</time>
   </trkpt>
   <trkpt lat="30.9437140" lon="75.7490100">
    <ele>234.3</ele>
    <time>2026-01-18T11:00:11Z</time>
   </trkpt>
   <trkpt lat="30.9436500" lon="75.7490100">
    <ele>234.3</ele>
    <time>2026-01-18T11:00:12Z</time>
   </trkpt>
   <trkpt lat="30.9435850" lon="75.7490100">
    <ele>234.3</ele>
    <time>2026-01-18T11:00:13Z</time>
   </trkpt>
   <trkpt lat="30.9435190" lon="75.7490100">
    <ele>234.3</ele>
    <time>2026-01-18T11:00:14Z</time>
   </trkpt>
   <trkpt lat="30.9434550" lon="75.7490120">
    <ele>234.4</ele>
    <time>2026-01-18T11:00:15Z</time>
   </trkpt>
   <trkpt lat="30.9433910" lon="75.7490120">
    <ele>234.4</ele>
    <time>2026-01-18T11:00:16Z</time>
   </trkpt>
   <trkpt lat="30.9433260" lon="75.7490090">
    <ele>234.4</ele>
    <time>2026-01-18T11:00:17Z</time>
   </trkpt>
   <trkpt lat="30.9432610" lon="75.7490090">
    <ele>234.4</ele>
    <time>2026-01-18T11:00:18Z</time>
   </trkpt>
   <trkpt lat="30.9431940" lon="75.7490090">
    <ele>234.4</ele>
    <time>2026-01-18T11:00:19Z</time>
   </trkpt>
   <trkpt lat="30.9431270" lon="75.7490090">
    <ele>234.4</ele>
    <time>2026-01-18T11:00:20Z</time>
   </trkpt>
   <trkpt lat="30.9430590" lon="75.7490070">
    <ele>234.4</ele>
    <time>2026-01-18T11:00:21Z</time>
   </trkpt>
   <trkpt lat="30.9429910" lon="75.7490060">
    <ele>234.4</ele>
    <time>2026-01-18T11:00:22Z</time>
   </trkpt>
   <trkpt lat="30.9429230" lon="75.7490050">
    <ele>234.4</ele>
    <time>2026-01-18T11:00:23Z</time>
   </trkpt>
   <trkpt lat="30.9428540" lon="75.7490040">
    <ele>234.4</ele>
    <time>2026-01-18T11:00:24Z</time>
   </trkpt>
   <trkpt lat="30.9427850" lon="75.7490040">
    <ele>234.4</ele>
    <time>2026-01-18T11:00:25Z</time>
   </trkpt>
   <trkpt lat="30.9427150" lon="75.7490050">
    <ele>234.4</ele>
    <time>2026-01-18T11:00:26Z</time>
   </trkpt>
   <trkpt lat="30.9426460" lon="75.7490040">
    <ele>234.4</ele>
    <time>2026-01-18T11:00:27Z</time>
   </trkpt>
   <trkpt lat="30.9425750" lon="75.7490020">
    <ele>234.5</ele>
    <time>2026-01-18T11:00:28Z</time>
   </trkpt>
   <trkpt lat="30.9425060" lon="75.7490020">
    <ele>234.5</ele>
    <time>2026-01-18T11:00:29Z</time>
   </trkpt>
   <trkpt lat="30.9424350" lon="75.7489990">
    <ele>234.5</ele>
    <time>2026-01-18T11:00:30Z</time>
   </trkpt>
   <trkpt lat="30.9423660" lon="75.7489960">
    <ele>234.6</ele>
    <time>2026-01-18T11:00:31Z</time>
   </trkpt>
   <trkpt lat="30.9422940" lon="75.7489990">
    <ele>234.6</ele>
    <time>2026-01-18T11:00:32Z</time>
   </trkpt>
   <trkpt lat="30.9422250" lon="75.7490030">
    <ele>234.6</ele>
    <time>2026-01-18T11:00:33Z</time>
   </trkpt>
   <trkpt lat="30.9421540" lon="75.7490030">
    <ele>234.6</ele>
    <time>2026-01-18T11:00:34Z</time>
   </trkpt>
   <trkpt lat="30.9420850" lon="75.7490000">
    <ele>234.6</ele>
    <time>2026-01-18T11:00:35Z</time>
   </trkpt>
   <trkpt lat="30.9420150" lon="75.7489990">
    <ele>234.6</ele>
    <time>2026-01-18T11:00:36Z</time>
   </trkpt>
   <trkpt lat="30.9419470" lon="75.7490010">
    <ele>234.5</ele>
    <time>2026-01-18T11:00:37Z</time>
   </trkpt>
   <trkpt lat="30.9418820" lon="75.7489980">
    <ele>234.5</ele>
    <time>2026-01-18T11:00:38Z</time>
   </trkpt>
   <trkpt lat="30.9418150" lon="75.7489950">
    <ele>234.5</ele>
    <time>2026-01-18T11:00:39Z</time>
   </trkpt>
   <trkpt lat="30.9417480" lon="75.7489970">
    <ele>234.4</ele>
    <time>2026-01-18T11:00:40Z</time>
   </trkpt>
   <trkpt lat="30.9416780" lon="75.7489990">
    <ele>234.4</ele>
    <time>2026-01-18T11:00:41Z</time>
   </trkpt>
   <trkpt lat="30.9416110" lon="75.7489970">
    <ele>234.4</ele>
    <time>2026-01-18T11:00:42Z</time>
   </trkpt>
   <trkpt lat="30.9415420" lon="75.7489970">
    <ele>234.4</ele>
    <time>2026-01-18T11:00:43Z</time>
   </trkpt>
   <trkpt lat="30.9414750" lon="75.7489980">
    <ele>234.4</ele>
    <time>2026-01-18T11:00:44Z</time>
   </trkpt>
   <trkpt lat="30.9414050" lon="75.7489970">
    <ele>234.4</ele>
    <time>2026-01-18T11:00:45Z</time>
   </trkpt>
   <trkpt lat="30.9413380" lon="75.7489950">
    <ele>234.4</ele>
    <time>2026-01-18T11:00:46Z</time>
   </trkpt>
   <trkpt lat="30.9412700" lon="75.7489930">
    <ele>234.4</ele>
    <time>2026-01-18T11:00:47Z</time>
   </trkpt>
   <trkpt lat="30.9412000" lon="75.7489970">
    <ele>234.4</ele>
    <time>2026-01-18T11:00:48Z</time>
   </trkpt>
   <trkpt lat="30.9411330" lon="75.7489950">
    <ele>234.5</ele>
    <time>2026-01-18T11:00:49Z</time>
   </trkpt>
   <trkpt lat="30.9410640" lon="75.7489920">
    <ele>234.5</ele>
    <time>2026-01-18T11:00:50Z</time>
   </trkpt>
   <trkpt lat="30.9409960" lon="75.7489930">
    <ele>234.6</ele>
    <time>2026-01-18T11:00:51Z</time>
   </trkpt>
   <trkpt lat="30.9409290" lon="75.7489950">
    <ele>234.6</ele>
    <time>2026-01-18T11:00:52Z</time>
   </trkpt>
   <trkpt lat="30.9408630" lon="75.7489940">
    <ele>234.7</ele>
    <time>2026-01-18T11:00:53Z</time>
   </trkpt>
   <trkpt lat="30.9407950" lon="75.7489900">
    <ele>234.8</ele>
    <time>2026-01-18T11:00:54Z</time>
   </trkpt>
   <trkpt lat="30.9407310" lon="75.7489950">
    <ele>234.9</ele>
    <time>2026-01-18T11:00:55Z</time>
   </trkpt>
   <trkpt lat="30.9406660" lon="75.7490010">
    <ele>235.0</ele>
    <time>2026-01-18T11:00:56Z</time>
   </trkpt>
   <trkpt lat="30.9406020" lon="75.7490070">
    <ele>235.1</ele>
    <time>2026-01-18T11:00:57Z</time>
   </trkpt>
   <trkpt lat="30.9405390" lon="75.7490050">
    <ele>235.2</ele>
    <time>2026-01-18T11:00:58Z</time>
   </trkpt>
   <trkpt lat="30.9404750" lon="75.7490030">
    <ele>235.3</ele>
    <time>2026-01-18T11:00:59Z</time>
   </trkpt>
   <trkpt lat="30.9404120" lon="75.7490000">
    <ele>235.4</ele>
    <time>2026-01-18T11:01:00Z</time>
   </trkpt>
   <trkpt lat="30.9403480" lon="75.7489990">
    <ele>235.5</ele>
    <time>2026-01-18T11:01:01Z</time>
   </trkpt>
   <trkpt lat="30.9402850" lon="75.7490010">
    <ele>235.6</ele>
    <time>2026-01-18T11:01:02Z</time>
   </trkpt>
   <trkpt lat="30.9402210" lon="75.7490010">
    <ele>235.6</ele>
    <time>2026-01-18T11:01:03Z</time>
   </trkpt>
   <trkpt lat="30.9401580" lon="75.7490010">
    <ele>235.7</ele>
    <time>2026-01-18T11:01:04Z</time>
   </trkpt>
   <trkpt lat="30.9400950" lon="75.7490010">
    <ele>235.8</ele>
    <time>2026-01-18T11:01:05Z</time>
   </trkpt>
   <trkpt lat="30.9400320" lon="75.7490010">
    <ele>235.8</ele>
    <time>2026-01-18T11:01:06Z</time>
   </trkpt>
   <trkpt lat="30.9399690" lon="75.7490020">
    <ele>235.9</ele>
    <time>2026-01-18T11:01:07Z</time>
   </trkpt>
   <trkpt lat="30.9399100" lon="75.7490010">
    <ele>236.0</ele>
    <time>2026-01-18T11:01:08Z</time>
   </trkpt>
   <trkpt lat="30.9398520" lon="75.7490000">
    <ele>236.0</ele>
    <time>2026-01-18T11:01:09Z</time>
   </trkpt>
   <trkpt lat="30.9397950" lon="75.7489990">
    <ele>236.1</ele>
    <time>2026-01-18T11:01:10Z</time>
   </trkpt>
   <trkpt lat="30.9397370" lon="75.7490010">
    <ele>236.2</ele>
    <time>2026-01-18T11:01:11Z</time>
   </trkpt>
   <trkpt lat="30.9396810" lon="75.7490040">
    <ele>236.2</ele>
    <time>2026-01-18T11:01:12Z</time>
   </trkpt>
   <trkpt lat="30.9396250" lon="75.7490050">
    <ele>236.3</ele>
    <time>2026-01-18T11:01:13Z</time>
   </trkpt>
   <trkpt lat="30.9395700" lon="75.7490060">
    <ele>236.4</ele>
    <time>2026-01-18T11:01:14Z</time>
   </trkpt>
   <trkpt lat="30.9395150" lon="75.7490040">
    <ele>236.5</ele>
    <time>2026-01-18T11:01:15Z</time>
   </trkpt>
   <trkpt lat="30.9394620" lon="75.7490040">
    <ele>236.6</ele>
    <time>2026-01-18T11:01:16Z</time>
   </trkpt>
   <trkpt lat="30.9394050" lon="75.7490040">
    <ele>236.6</ele>
    <time>2026-01-18T11:01:17Z</time>
   </trkpt>
   <trkpt lat="30.9393540" lon="75.7490040">
    <ele>236.7</ele>
    <time>2026-01-18T11:01:18Z</time>
   </trkpt>
   <trkpt lat="30.9392980" lon="75.7490030">
    <ele>236.8</ele>
    <time>2026-01-18T11:01:19Z</time>
   </trkpt>
   <trkpt lat="30.9392470" lon="75.7490020">
    <ele>236.9</ele>
    <time>2026-01-18T11:01:20Z</time>
   </trkpt>
   <trkpt lat="30.9391940" lon="75.7489990">
    <ele>237.0</ele>
    <time>2026-01-18T11:01:21Z</time>
   </trkpt>
   <trkpt lat="30.9391400" lon="75.7489980">
    <ele>237.0</ele>
    <time>2026-01-18T11:01:22Z</time>
   </trkpt>
   <trkpt lat="30.9390880" lon="75.7489970">
    <ele>237.1</ele>
    <time>2026-01-18T11:01:23Z</time>
   </trkpt>
   <trkpt lat="30.9390350" lon="75.7489960">
    <ele>237.1</ele>
    <time>2026-01-18T11:01:24Z</time>
   </trkpt>
   <trkpt lat="30.9389840" lon="75.7490000">
    <ele>237.2</ele>
    <time>2026-01-18T11:01:25Z</time>
   </trkpt>
   <trkpt lat="30.9389340" lon="75.7490060">
    <ele>237.2</ele>
    <time>2026-01-18T11:01:26Z</time>
   </trkpt>
   <trkpt lat="30.9388810" lon="75.7490160">
    <ele>237.3</ele>
    <time>2026-01-18T11:01:27Z</time>
   </trkpt>
   <trkpt lat="30.9388290" lon="75.7490230">
    <ele>237.3</ele>
    <time>2026-01-18T11:01:28Z</time>
   </trkpt>
   <trkpt lat="30.9387760" lon="75.7490300">
    <ele>237.4</ele>
    <time>2026-01-18T11:01:29Z</time>
   </trkpt>
   <trkpt lat="30.9387230" lon="75.7490320">
    <ele>237.5</ele>
    <time>2026-01-18T11:01:30Z</time>
   </trkpt>
   <trkpt lat="30.9386700" lon="75.7490350">
    <ele>237.5</ele>
    <time>2026-01-18T11:01:31Z</time>
   </trkpt>
   <trkpt lat="30.9386160" lon="75.7490320">
    <ele>237.6</ele>
    <time>2026-01-18T11:01:32Z</time>
   </trkpt>
   <trkpt lat="30.9385640" lon="75.7490260">
    <ele>237.6</ele>
    <time>2026-01-18T11:01:33Z</time>
   </trkpt>
   <trkpt lat="30.9385130" lon="75.7490200">
    <ele>237.7</ele>
    <time>2026-01-18T11:01:34Z</time>
   </trkpt>
   <trkpt lat="30.9384600" lon="75.7490120">
    <ele>237.7</ele>
    <time>2026-01-18T11:01:35Z</time>
   </trkpt>
   <trkpt lat="30.9384100" lon="75.7490040">
    <ele>237.8</ele>
    <time>2026-01-18T11:01:36Z</time>
   </trkpt>
   <trkpt lat="30.9383580" lon="75.7490010">
    <ele>237.8</ele>
    <time>2026-01-18T11:01:37Z</time>
   </trkpt>
   <trkpt lat="30.9383050" lon="75.7490020">
    <ele>237.9</ele>
    <time>2026-01-18T11:01:38Z</time>
   </trkpt>
   <trkpt lat="30.9382520" lon="75.7490030">
    <ele>238.0</ele>
    <time>2026-01-18T11:01:39Z</time>
   </trkpt>
   <trkpt lat="30.9381990" lon="75.7490000">
    <ele>238.0</ele>
    <time>2026-01-18T11:01:40Z</time>
   </trkpt>
   <trkpt lat="30.9381470" lon="75.7489950">
    <ele>238.1</ele>
    <time>2026-01-18T11:01:41Z</time>
   </trkpt>
   <trkpt lat="30.9380940" lon="75.7489900">
    <ele>238.2</ele>
    <time>2026-01-18T11:01:42Z</time>
   </trkpt>
   <trkpt lat="30.9380400" lon="75.7489880">
    <ele>238.2</ele>
    <time>2026-01-18T11:01:43Z</time>
   </trkpt>
   <trkpt lat="30.9379870" lon="75.7489880">
    <ele>238.3</ele>
    <time>2026-01-18T11:01:44Z</time>
   </trkpt>
   <trkpt lat="30.9379330" lon="75.7489910">
    <ele>238.4</ele>
    <time>2026-01-18T11:01:45Z</time>
   </trkpt>
   <trkpt lat="30.9378790" lon="75.7489930">
    <ele>238.5</ele>
    <time>2026-01-18T11:01:46Z</time>
   </trkpt>
   <trkpt lat="30.9378260" lon="75.7489910">
    <ele>238.6</ele>
    <time>2026-01-18T11:01:47Z</time>
   </trkpt>
   <trkpt lat="30.9377720" lon="75.7489920">
    <ele>238.6</ele>
    <time>2026-01-18T11:01:48Z</time>
   </trkpt>
   <trkpt lat="30.9377210" lon="75.7489900">
    <ele>238.7</ele>
    <time>2026-01-18T11:01:49Z</time>
   </trkpt>
   <trkpt lat="30.9376680" lon="75.7489920">
    <ele>238.8</ele>
    <time>2026-01-18T11:01:50Z</time>
   </trkpt>
   <trkpt lat="30.9376140" lon="75.7489900">
    <ele>238.9</ele>
    <time>2026-01-18T11:01:51Z</time>
   </trkpt>
   <trkpt lat="30.9375620" lon="75.7489900">
    <ele>239.0</ele>
    <time>2026-01-18T11:01:52Z</time>
   </trkpt>
   <trkpt lat="30.9375090" lon="75.7489920">
    <ele>239.0</ele>
    <time>2026-01-18T11:01:53Z</time>
   </trkpt>
   <trkpt lat="30.9374560" lon="75.7489920">
    <ele>239.1</ele>
    <time>2026-01-18T11:01:54Z</time>
   </trkpt>
   <trkpt lat="30.9374020" lon="75.7489920">
    <ele>239.2</ele>
    <time>2026-01-18T11:01:55Z</time>
   </trkpt>
   <trkpt lat="30.9373480" lon="75.7489920">
    <ele>239.3</ele>
    <time>2026-01-18T11:01:56Z</time>
   </trkpt>
   <trkpt lat="30.9372930" lon="75.7489880">
    <ele>239.3</ele>
    <time>2026-01-18T11:01:57Z</time>
   </trkpt>
   <trkpt lat="30.9372410" lon="75.7489880">
    <ele>239.4</ele>
    <time>2026-01-18T11:01:58Z</time>
   </trkpt>
   <trkpt lat="30.9371840" lon="75.7489870">
    <ele>239.5</ele>
    <time>2026-01-18T11:01:59Z</time>
   </trkpt>
   <trkpt lat="30.9371290" lon="75.7489880">
    <ele>239.6</ele>
    <time>2026-01-18T11:02:00Z</time>
   </trkpt>
   <trkpt lat="30.9370730" lon="75.7489870">
    <ele>239.6</ele>
    <time>2026-01-18T11:02:01Z</time>
   </trkpt>
   <trkpt lat="30.9370190" lon="75.7489850">
    <ele>239.7</ele>
    <time>2026-01-18T11:02:02Z</time>
   </trkpt>
   <trkpt lat="30.9369620" lon="75.7489820">
    <ele>239.7</ele>
    <time>2026-01-18T11:02:03Z</time>
   </trkpt>
   <trkpt lat="30.9369080" lon="75.7489770">
    <ele>239.8</ele>
    <time>2026-01-18T11:02:04Z</time>
   </trkpt>
   <trkpt lat="30.9368540" lon="75.7489730">
    <ele>239.8</ele>
    <time>2026-01-18T11:02:05Z</time>
   </trkpt>
   <trkpt lat="30.9367930" lon="75.7489700">
    <ele>239.9</ele>
    <time>2026-01-18T11:02:06Z</time>
   </trkpt>
   <trkpt lat="30.9367400" lon="75.7489640">
    <ele>239.9</ele>
    <time>2026-01-18T11:02:07Z</time>
   </trkpt>
   <trkpt lat="30.9366840" lon="75.7489580">
    <ele>239.9</ele>
    <time>2026-01-18T11:02:08Z</time>
   </trkpt>
   <trkpt lat="30.9366260" lon="75.7489520">
    <ele>240.0</ele>
    <time>2026-01-18T11:02:09Z</time>
   </trkpt>
   <trkpt lat="30.9365690" lon="75.7489440">
    <ele>240.0</ele>
    <time>2026-01-18T11:02:10Z</time>
   </trkpt>
   <trkpt lat="30.9365100" lon="75.7489380">
    <ele>240.0</ele>
    <time>2026-01-18T11:02:11Z</time>
   </trkpt>
   <trkpt lat="30.9364530" lon="75.7489320">
    <ele>240.0</ele>
    <time>2026-01-18T11:02:12Z</time>
   </trkpt>
   <trkpt lat="30.9363930" lon="75.7489230">
    <ele>240.1</ele>
    <time>2026-01-18T11:02:13Z</time>
   </trkpt>
   <trkpt lat="30.9363340" lon="75.7489110">
    <ele>240.1</ele>
    <time>2026-01-18T11:02:14Z</time>
   </trkpt>
   <trkpt lat="30.9362740" lon="75.7489000">
    <ele>240.1</ele>
    <time>2026-01-18T11:02:15Z</time>
   </trkpt>
   <trkpt lat="30.9362150" lon="75.7488920">
    <ele>240.2</ele>
    <time>2026-01-18T11:02:16Z</time>
   </trkpt>
   <trkpt lat="30.9361550" lon="75.7488830">
    <ele>240.2</ele>
    <time>2026-01-18T11:02:17Z</time>
   </trkpt>
   <trkpt lat="30.9360950" lon="75.7488730">
    <ele>240.2</ele>
    <time>2026-01-18T11:02:18Z</time>
   </trkpt>
   <trkpt lat="30.9360370" lon="75.7488610">
    <ele>240.2</ele>
    <time>2026-01-18T11:02:19Z</time>
   </trkpt>
   <trkpt lat="30.9359800" lon="75.7488530">
    <ele>240.2</ele>
    <time>2026-01-18T11:02:20Z</time>
   </trkpt>
   <trkpt lat="30.9359230" lon="75.7488440">
    <ele>240.2</ele>
    <time>2026-01-18T11:02:21Z</time>
   </trkpt>
   <trkpt lat="30.9358680" lon="75.7488320">
    <ele>240.3</ele>
    <time>2026-01-18T11:02:22Z</time>
   </trkpt>
   <trkpt lat="30.9358130" lon="75.7488170">
    <ele>240.3</ele>
    <time>2026-01-18T11:02:23Z</time>
   </trkpt>
   <trkpt lat="30.9357610" lon="75.7488030">
    <ele>240.3</ele>
    <time>2026-01-18T11:02:24Z</time>
   </trkpt>
   <trkpt lat="30.9357080" lon="75.7487960">
    <ele>240.3</ele>
    <time>2026-01-18T11:02:25Z</time>
   </trkpt>
   <trkpt lat="30.9356540" lon="75.7487900">
    <ele>240.4</ele>
    <time>2026-01-18T11:02:26Z</time>
   </trkpt>
   <trkpt lat="30.9356020" lon="75.7487740">
    <ele>240.4</ele>
    <time>2026-01-18T11:02:27Z</time>
   </trkpt>
   <trkpt lat="30.9355480" lon="75.7487570">
    <ele>240.4</ele>
    <time>2026-01-18T11:02:28Z</time>
   </trkpt>
   <trkpt lat="30.9354940" lon="75.7487410">
    <ele>240.5</ele>
    <time>2026-01-18T11:02:29Z</time>
   </trkpt>
   <trkpt lat="30.9354400" lon="75.7487240">
    <ele>240.5</ele>
    <time>2026-01-18T11:02:30Z</time>
   </trkpt>
   <trkpt lat="30.9353860" lon="75.7487020">
    <ele>240.6</ele>
    <time>2026-01-18T11:02:31Z</time>
   </trkpt>
   <trkpt lat="30.9353320" lon="75.7486820">
    <ele>240.6</ele>
    <time>2026-01-18T11:02:32Z</time>
   </trkpt>
   <trkpt lat="30.9352770" lon="75.7486610">
    <ele>240.7</ele>
    <time>2026-01-18T11:02:33Z</time>
   </trkpt>
   <trkpt lat="30.9352220" lon="75.7486370">
    <ele>240.6</ele>
    <time>2026-01-18T11:02:34Z</time>
   </trkpt>
   <trkpt lat="30.9351650" lon="75.7486150">
    <ele>240.6</ele>
    <time>2026-01-18T11:02:35Z</time>
   </trkpt>
   <trkpt lat="30.9351070" lon="75.7485870">
    <ele>240.5</ele>
    <time>2026-01-18T11:02:36Z</time>
   </trkpt>
   <trkpt lat="30.9350500" lon="75.7485640">
    <ele>240.5</ele>
    <time>2026-01-18T11:02:37Z</time>
   </trkpt>
   <trkpt lat="30.9349920" lon="75.7485400">
    <ele>240.5</ele>
    <time>2026-01-18T11:02:38Z</time>
   </trkpt>
   <trkpt lat="30.9349360" lon="75.7485150">
    <ele>240.4</ele>
    <time>2026-01-18T11:02:39Z</time>
   </trkpt>
   <trkpt lat="30.9348790" lon="75.7484910">
    <ele>240.4</ele>
    <time>2026-01-18T11:02:40Z</time>
   </trkpt>
   <trkpt lat="30.9348190" lon="75.7484680">
    <ele>240.4</ele>
    <time>2026-01-18T11:02:41Z</time>
   </trkpt>
   <trkpt lat="30.9347600" lon="75.7484410">
    <ele>240.4</ele>
    <time>2026-01-18T11:02:42Z</time>
   </trkpt>
   <trkpt lat="30.9347030" lon="75.7484140">
    <ele>240.3</ele>
    <time>2026-01-18T11:02:43Z</time>
   </trkpt>
   <trkpt lat="30.9346420" lon="75.7483850">
    <ele>240.3</ele>
    <time>2026-01-18T11:02:44Z</time>
   </trkpt>
   <trkpt lat="30.9345820" lon="75.7483590">
    <ele>240.3</ele>
    <time>2026-01-18T11:02:45Z</time>
   </trkpt>
   <trkpt lat="30.9345220" lon="75.7483310">
    <ele>240.3</ele>
    <time>2026-01-18T11:02:46Z</time>
   </trkpt>
   <trkpt lat="30.9344630" lon="75.7483000">
    <ele>240.3</ele>
    <time>2026-01-18T11:02:47Z</time>
   </trkpt>
   <trkpt lat="30.9344030" lon="75.7482710">
    <ele>240.2</ele>
    <time>2026-01-18T11:02:48Z</time>
   </trkpt>
   <trkpt lat="30.9343420" lon="75.7482420">
    <ele>240.2</ele>
    <time>2026-01-18T11:02:49Z</time>
   </trkpt>
   <trkpt lat="30.9342830" lon="75.7482110">
    <ele>240.2</ele>
    <time>2026-01-18T11:02:50Z</time>
   </trkpt>
   <trkpt lat="30.9342210" lon="75.7481830">
    <ele>240.2</ele>
    <time>2026-01-18T11:02:51Z</time>
   </trkpt>
   <trkpt lat="30.9341630" lon="75.7481570">
    <ele>240.3</ele>
    <time>2026-01-18T11:02:52Z</time>
   </trkpt>
   <trkpt lat="30.9341080" lon="75.7481290">
    <ele>240.3</ele>
    <time>2026-01-18T11:02:53Z</time>
   </trkpt>
   <trkpt lat="30.9340450" lon="75.7481000">
    <ele>240.3</ele>
    <time>2026-01-18T11:02:54Z</time>
   </trkpt>
   <trkpt lat="30.9340000" lon="75.7480790">
    <ele>240.3</ele>
    <time>2026-01-18T11:02:55Z</time>
   </trkpt>
   <trkpt lat="30.9339530" lon="75.7480520">
    <ele>240.3</ele>
    <time>2026-01-18T11:02:56Z</time>
   </trkpt>
   <trkpt lat="30.9338930" lon="75.7480290">
    <ele>240.3</ele>
    <time>2026-01-18T11:02:57Z</time>
   </trkpt>
   <trkpt lat="30.9338430" lon="75.7479990">
    <ele>240.3</ele>
    <time>2026-01-18T11:02:58Z</time>
   </trkpt>
   <trkpt lat="30.9337900" lon="75.7479710">
    <ele>240.4</ele>
    <time>2026-01-18T11:02:59Z</time>
   </trkpt>
   <trkpt lat="30.9337400" lon="75.7479410">
    <ele>240.4</ele>
    <time>2026-01-18T11:03:00Z</time>
   </trkpt>
   <trkpt lat="30.9336820" lon="75.7479130">
    <ele>240.4</ele>
    <time>2026-01-18T11:03:01Z</time>
   </trkpt>
   <trkpt lat="30.9336260" lon="75.7478940">
    <ele>240.4</ele>
    <time>2026-01-18T11:03:02Z</time>
   </trkpt>
   <trkpt lat="30.9335700" lon="75.7478690">
    <ele>240.5</ele>
    <time>2026-01-18T11:03:03Z</time>
   </trkpt>
   <trkpt lat="30.9335160" lon="75.7478370">
    <ele>240.5</ele>
    <time>2026-01-18T11:03:04Z</time>
   </trkpt>
   <trkpt lat="30.9334630" lon="75.7478070">
    <ele>240.5</ele>
    <time>2026-01-18T11:03:05Z</time>
   </trkpt>
   <trkpt lat="30.9334040" lon="75.7477820">
    <ele>240.5</ele>
    <time>2026-01-18T11:03:06Z</time>
   </trkpt>
   <trkpt lat="30.9333480" lon="75.7477630">
    <ele>240.5</ele>
    <time>2026-01-18T11:03:07Z</time>
   </trkpt>
   <trkpt lat="30.9332980" lon="75.7477390">
    <ele>240.5</ele>
    <time>2026-01-18T11:03:08Z</time>
   </trkpt>
   <trkpt lat="30.9332440" lon="75.7477220">
    <ele>240.6</ele>
    <time>2026-01-18T11:03:09Z</time>
   </trkpt>
   <trkpt lat="30.9331950" lon="75.7476980">
    <ele>240.6</ele>
    <time>2026-01-18T11:03:10Z</time>
   </trkpt>
   <trkpt lat="30.9331510" lon="75.7476800">
    <ele>240.6</ele>
    <time>2026-01-18T11:03:11Z</time>
   </trkpt>
   <trkpt lat="30.9331040" lon="75.7476470">
    <ele>240.6</ele>
    <time>2026-01-18T11:03:12Z</time>
   </trkpt>
   <trkpt lat="30.9330560" lon="75.7476260">
    <ele>240.7</ele>
    <time>2026-01-18T11:03:13Z</time>
   </trkpt>
   <trkpt lat="30.9330020" lon="75.7476120">
    <ele>240.7</ele>
    <time>2026-01-18T11:03:14Z</time>
   </trkpt>
   <trkpt lat="30.9329370" lon="75.7475940">
    <ele>240.7</ele>
    <time>2026-01-18T11:03:15Z</time>
   </trkpt>
   <trkpt lat="30.9328720" lon="75.7475770">
    <ele>240.8</ele>
    <time>2026-01-18T11:03:16Z</time>
   </trkpt>
   <trkpt lat="30.9328080" lon="75.7475580">
    <ele>240.8</ele>
    <time>2026-01-18T11:03:17Z</time>
   </trkpt>
   <trkpt lat="30.9327480" lon="75.7475430">
    <ele>240.9</ele>
    <time>2026-01-18T11:03:18Z</time>
   </trkpt>
   <trkpt lat="30.9326930" lon="75.7475250">
    <ele>240.9</ele>
    <time>2026-01-18T11:03:19Z</time>
   </trkpt>
   <trkpt lat="30.9326400" lon="75.7475000">
    <ele>240.9</ele>
    <time>2026-01-18T11:03:20Z</time>
   </trkpt>
   <trkpt lat="30.9325870" lon="75.7474720">
    <ele>240.9</ele>
    <time>2026-01-18T11:03:21Z</time>
   </trkpt>
   <trkpt lat="30.9325370" lon="75.7474450">
    <ele>241.0</ele>
    <time>2026-01-18T11:03:22Z</time>
   </trkpt>
   <trkpt lat="30.9324890" lon="75.7474160">
    <ele>241.0</ele>
    <time>2026-01-18T11:03:23Z</time>
   </trkpt>
   <trkpt lat="30.9324430" lon="75.7473880">
    <ele>241.0</ele>
    <time>2026-01-18T11:03:24Z</time>
   </trkpt>
   <trkpt lat="30.9323940" lon="75.7473670">
    <ele>241.0</ele>
    <time>2026-01-18T11:03:25Z</time>
   </trkpt>
   <trkpt lat="30.9323460" lon="75.7473430">
    <ele>241.0</ele>
    <time>2026-01-18T11:03:26Z</time>
   </trkpt>
   <trkpt lat="30.9323000" lon="75.7473160">
    <ele>241.0</ele>
    <time>2026-01-18T11:03:27Z</time>
   </trkpt>
   <trkpt lat="30.9322470" lon="75.7472890">
    <ele>241.0</ele>
    <time>2026-01-18T11:03:28Z</time>
   </trkpt>
   <trkpt lat="30.9321950" lon="75.7472680">
    <ele>241.0</ele>
    <time>2026-01-18T11:03:29Z</time>
   </trkpt>
   <trkpt lat="30.9321440" lon="75.7472440">
    <ele>241.0</ele>
    <time>2026-01-18T11:03:30Z</time>
   </trkpt>
   <trkpt lat="30.9320960" lon="75.7472170">
    <ele>241.0</ele>
    <time>2026-01-18T11:03:31Z</time>
   </trkpt>
   <trkpt lat="30.9320450" lon="75.7471900">
    <ele>241.0</ele>
    <time>2026-01-18T11:03:32Z</time>
   </trkpt>
   <trkpt lat="30.9319940" lon="75.7471620">
    <ele>241.0</ele>
    <time>2026-01-18T11:03:33Z</time>
   </trkpt>
   <trkpt lat="30.9319420" lon="75.7471380">
    <ele>241.0</ele>
    <time>2026-01-18T11:03:34Z</time>
   </trkpt>
   <trkpt lat="30.9318910" lon="75.7471130">
    <ele>241.0</ele>
    <time>2026-01-18T11:03:35Z</time>
   </trkpt>
   <trkpt lat="30.9318400" lon="75.7470860">
    <ele>241.0</ele>
    <time>2026-01-18T11:03:36Z</time>
   </trkpt>
   <trkpt lat="30.9317870" lon="75.7470590">
    <ele>241.0</ele>
    <time>2026-01-18T11:03:37Z</time>
   </trkpt>
   <trkpt lat="30.9317340" lon="75.7470350">
    <ele>241.0</ele>
    <time>2026-01-18T11:03:38Z</time>
   </trkpt>
   <trkpt lat="30.9316830" lon="75.7470110">
    <ele>241.0</ele>
    <time>2026-01-18T11:03:39Z</time>
   </trkpt>
   <trkpt lat="30.9316290" lon="75.7469880">
    <ele>241.0</ele>
    <time>2026-01-18T11:03:40Z</time>
   </trkpt>
   <trkpt lat="30.9315790" lon="75.7469620">
    <ele>241.0</ele>
    <time>2026-01-18T11:03:41Z</time>
   </trkpt>
   <trkpt lat="30.9315300" lon="75.7469380">
    <ele>240.9</ele>
    <time>2026-01-18T11:03:42Z</time>
   </trkpt>
   <trkpt lat="30.9314790" lon="75.7469140">
    <ele>240.9</ele>
    <time>2026-01-18T11:03:43Z</time>
   </trkpt>
   <trkpt lat="30.9314250" lon="75.7468870">
    <ele>240.9</ele>
    <time>2026-01-18T11:03:44Z</time>
   </trkpt>
   <trkpt lat="30.9313720" lon="75.7468580">
    <ele>240.9</ele>
    <time>2026-01-18T11:03:45Z</time>
   </trkpt>
   <trkpt lat="30.9313180" lon="75.7468310">
    <ele>240.9</ele>
    <time>2026-01-18T11:03:46Z</time>
   </trkpt>
   <trkpt lat="30.9312630" lon="75.7468070">
    <ele>240.9</ele>
    <time>2026-01-18T11:03:47Z</time>
   </trkpt>
   <trkpt lat="30.9312080" lon="75.7467800">
    <ele>241.0</ele>
    <time>2026-01-18T11:03:48Z</time>
   </trkpt>
   <trkpt lat="30.9311540" lon="75.7467540">
    <ele>241.0</ele>
    <time>2026-01-18T11:03:49Z</time>
   </trkpt>
   <trkpt lat="30.9310990" lon="75.7467320">
    <ele>241.1</ele>
    <time>2026-01-18T11:03:50Z</time>
   </trkpt>
   <trkpt lat="30.9310480" lon="75.7467080">
    <ele>241.1</ele>
    <time>2026-01-18T11:03:51Z</time>
   </trkpt>
   <trkpt lat="30.9309960" lon="75.7466840">
    <ele>241.1</ele>
    <time>2026-01-18T11:03:52Z</time>
   </trkpt>
   <trkpt lat="30.9309450" lon="75.7466580">
    <ele>241.1</ele>
    <time>2026-01-18T11:03:53Z</time>
   </trkpt>
   <trkpt lat="30.9308940" lon="75.7466330">
    <ele>241.1</ele>
    <time>2026-01-18T11:03:54Z</time>
   </trkpt>
   <trkpt lat="30.9308410" lon="75.7466060">
    <ele>241.1</ele>
    <time>2026-01-18T11:03:55Z</time>
   </trkpt>
   <trkpt lat="30.9307890" lon="75.7465790">
    <ele>241.1</ele>
    <time>2026-01-18T11:03:56Z</time>
   </trkpt>
   <trkpt lat="30.9307410" lon="75.7465530">
    <ele>241.1</ele>
    <time>2026-01-18T11:03:57Z</time>
   </trkpt>
   <trkpt lat="30.9306900" lon="75.7465320">
    <ele>241.0</ele>
    <time>2026-01-18T11:03:58Z</time>
   </trkpt>
   <trkpt lat="30.9306400" lon="75.7465110">
    <ele>241.0</ele>
    <time>2026-01-18T11:03:59Z</time>
   </trkpt>
   <trkpt lat="30.9305900" lon="75.7464840">
    <ele>241.0</ele>
    <time>2026-01-18T11:04:00Z</time>
   </trkpt>
   <trkpt lat="30.9305370" lon="75.7464580">
    <ele>241.1</ele>
    <time>2026-01-18T11:04:01Z</time>
   </trkpt>
   <trkpt lat="30.9304850" lon="75.7464340">
    <ele>241.1</ele>
    <time>2026-01-18T11:04:02Z</time>
   </trkpt>
   <trkpt lat="30.9304330" lon="75.7464060">
    <ele>241.2</ele>
    <time>2026-01-18T11:04:03Z</time>
   </trkpt>
   <trkpt lat="30.9303800" lon="75.7463800">
    <ele>241.2</ele>
    <time>2026-01-18T11:04:04Z</time>
   </trkpt>
   <trkpt lat="30.9303270" lon="75.7463560">
    <ele>241.3</ele>
    <time>2026-01-18T11:04:05Z</time>
   </trkpt>
   <trkpt lat="30.9302750" lon="75.7463290">
    <ele>241.3</ele>
    <time>2026-01-18T11:04:06Z</time>
   </trkpt>
   <trkpt lat="30.9302250" lon="75.7463050">
    <ele>241.4</ele>
    <time>2026-01-18T11:04:07Z</time>
   </trkpt>
   <trkpt lat="30.9301760" lon="75.7462850">
    <ele>241.4</ele>
    <time>2026-01-18T11:04:08Z</time>
   </trkpt>
   <trkpt lat="30.9301280" lon="75.7462640">
    <ele>241.5</ele>
    <time>2026-01-18T11:04:09Z</time>
   </trkpt>
   <trkpt lat="30.9300780" lon="75.7462420">
    <ele>241.5</ele>
    <time>2026-01-18T11:04:10Z</time>
   </trkpt>
   <trkpt lat="30.9300290" lon="75.7462200">
    <ele>241.6</ele>
    <time>2026-01-18T11:04:11Z</time>
   </trkpt>
   <trkpt lat="30.9299800" lon="75.7461990">
    <ele>241.6</ele>
    <time>2026-01-18T11:04:12Z</time>
   </trkpt>
   <trkpt lat="30.9299320" lon="75.7461770">
    <ele>241.6</ele>
    <time>2026-01-18T11:04:13Z</time>
   </trkpt>
   <trkpt lat="30.9298860" lon="75.7461560">
    <ele>241.6</ele>
    <time>2026-01-18T11:04:14Z</time>
   </trkpt>
   <trkpt lat="30.9298410" lon="75.7461330">
    <ele>241.7</ele>
    <time>2026-01-18T11:04:15Z</time>
   </trkpt>
   <trkpt lat="30.9297870" lon="75.7461050">
    <ele>241.7</ele>
    <time>2026-01-18T11:04:16Z</time>
   </trkpt>
   <trkpt lat="30.9297410" lon="75.7460910">
    <ele>241.8</ele>
    <time>2026-01-18T11:04:17Z</time>
   </trkpt>
   <trkpt lat="30.9297050" lon="75.7460820">
    <ele>241.9</ele>
    <time>2026-01-18T11:04:18Z</time>
   </trkpt>
   <trkpt lat="30.9296830" lon="75.7460520">
    <ele>242.0</ele>
    <time>2026-01-18T11:04:19Z</time>
   </trkpt>
   <trkpt lat="30.9296340" lon="75.7460610">
    <ele>242.1</ele>
    <time>2026-01-18T11:04:20Z</time>
   </trkpt>
   <trkpt lat="30.9295860" lon="75.7460370">
    <ele>242.2</ele>
    <time>2026-01-18T11:04:21Z</time>
   </trkpt>
   <trkpt lat="30.9295460" lon="75.7460150">
    <ele>242.3</ele>
    <time>2026-01-18T11:04:22Z</time>
   </trkpt>
   <trkpt lat="30.9295020" lon="75.7459940">
    <ele>242.4</ele>
    <time>2026-01-18T11:04:23Z</time>
   </trkpt>
   <trkpt lat="30.9294570" lon="75.7459740">
    <ele>242.5</ele>
    <time>2026-01-18T11:04:24Z</time>
   </trkpt>
   <trkpt lat="30.9294100" lon="75.7459540">
    <ele>242.5</ele>
    <time>2026-01-18T11:04:25Z</time>
   </trkpt>
   <trkpt lat="30.9293670" lon="75.7459340">
    <ele>242.6</ele>
    <time>2026-01-18T11:04:26Z</time>
   </trkpt>
   <trkpt lat="30.9293220" lon="75.7459140">
    <ele>242.6</ele>
    <time>2026-01-18T11:04:27Z</time>
   </trkpt>
   <trkpt lat="30.9292800" lon="75.7458890">
    <ele>242.7</ele>
    <time>2026-01-18T11:04:28Z</time>
   </trkpt>
   <trkpt lat="30.9292360" lon="75.7458670">
    <ele>242.8</ele>
    <time>2026-01-18T11:04:29Z</time>
   </trkpt>
   <trkpt lat="30.9291930" lon="75.7458470">
    <ele>242.9</ele>
    <time>2026-01-18T11:04:30Z</time>
   </trkpt>
   <trkpt lat="30.9291480" lon="75.7458250">
    <ele>243.0</ele>
    <time>2026-01-18T11:04:31Z</time>
   </trkpt>
   <trkpt lat="30.9291040" lon="75.7458090">
    <ele>243.2</ele>
    <time>2026-01-18T11:04:32Z</time>
   </trkpt>
   <trkpt lat="30.9290630" lon="75.7457930">
    <ele>243.4</ele>
    <time>2026-01-18T11:04:33Z</time>
   </trkpt>
   <trkpt lat="30.9290230" lon="75.7457750">
    <ele>243.6</ele>
    <time>2026-01-18T11:04:34Z</time>
   </trkpt>
   <trkpt lat="30.9289830" lon="75.7457390">
    <ele>243.9</ele>
    <time>2026-01-18T11:04:35Z</time>
   </trkpt>
   <trkpt lat="30.9289670" lon="75.7456960">
    <ele>244.1</ele>
    <time>2026-01-18T11:04:36Z</time>
   </trkpt>
   <trkpt lat="30.9289140" lon="75.7456860">
    <ele>244.4</ele>
    <time>2026-01-18T11:04:37Z</time>
   </trkpt>
   <trkpt lat="30.9288850" lon="75.7456790">
    <ele>244.5</ele>
    <time>2026-01-18T11:04:38Z</time>
   </trkpt>
   <trkpt lat="30.9288490" lon="75.7456630">
    <ele>244.6</ele>
    <time>2026-01-18T11:04:39Z</time>
   </trkpt>
   <trkpt lat="30.9288110" lon="75.7456490">
    <ele>244.7</ele>
    <time>2026-01-18T11:04:40Z</time>
   </trkpt>
   <trkpt lat="30.9287810" lon="75.7456400">
    <ele>244.8</ele>
    <time>2026-01-18T11:04:41Z</time>
   </trkpt>
   <trkpt lat="30.9287610" lon="75.7456400">
    <ele>244.8</ele>
    <time>2026-01-18T11:04:42Z</time>
   </trkpt>
   <trkpt lat="30.9287490" lon="75.7456350">
    <ele>244.8</ele>
    <time>2026-01-18T11:04:43Z</time>
   </trkpt>
   <trkpt lat="30.9287340" lon="75.7456290">
    <ele>244.9</ele>
    <time>2026-01-18T11:04:44Z</time>
   </trkpt>
   <trkpt lat="30.9287210" lon="75.7456220">
    <ele>244.9</ele>
    <time>2026-01-18T11:04:45Z</time>
   </trkpt>
   <trkpt lat="30.9287020" lon="75.7456000">
    <ele>244.9</ele>
    <time>2026-01-18T11:04:46Z</time>
   </trkpt>
   <trkpt lat="30.9286920" lon="75.7455920">
    <ele>244.9</ele>
    <time>2026-01-18T11:04:47Z</time>
   </trkpt>
   <trkpt lat="30.9286640" lon="75.7455710">
    <ele>244.9</ele>
    <time>2026-01-18T11:04:48Z</time>
   </trkpt>
   <trkpt lat="30.9286480" lon="75.7455430">
    <ele>244.8</ele>
    <time>2026-01-18T11:04:49Z</time>
   </trkpt>
   <trkpt lat="30.9286350" lon="75.7455040">
    <ele>244.6</ele>
    <time>2026-01-18T11:04:50Z</time>
   </trkpt>
   <trkpt lat="30.9286260" lon="75.7454680">
    <ele>244.4</ele>
    <time>2026-01-18T11:04:51Z</time>
   </trkpt>
   <trkpt lat="30.9286210" lon="75.7454270">
    <ele>244.2</ele>
    <time>2026-01-18T11:04:52Z</time>
   </trkpt>
   <trkpt lat="30.9286150" lon="75.7453930">
    <ele>244.1</ele>
    <time>2026-01-18T11:04:53Z</time>
   </trkpt>
   <trkpt lat="30.9286000" lon="75.7453850">
    <ele>244.0</ele>
    <time>2026-01-18T11:04:54Z</time>
   </trkpt>
   <trkpt lat="30.9285940" lon="75.7453630">
    <ele>243.9</ele>
    <time>2026-01-18T11:04:55Z</time>
   </trkpt>
   <trkpt lat="30.9285960" lon="75.7453230">
    <ele>243.7</ele>
    <time>2026-01-18T11:04:56Z</time>
   </trkpt>
   <trkpt lat="30.9286040" lon="75.7452940">
    <ele>243.5</ele>
    <time>2026-01-18T11:04:57Z</time>
   </trkpt>
   <trkpt lat="30.9286120" lon="75.7453010">
    <ele>243.5</ele>
    <time>2026-01-18T11:04:58Z</time>
   </trkpt>
   <trkpt lat="30.9286160" lon="75.7452910">
    <ele>243.4</ele>
    <time>2026-01-18T11:04:59Z</time>
   </trkpt>
   <trkpt lat="30.9286150" lon="75.7452370">
    <ele>243.1</ele>
    <time>2026-01-18T11:05:00Z</time>
   </trkpt>
   <trkpt lat="30.9286150" lon="75.7451870">
    <ele>242.9</ele>
    <time>2026-01-18T11:05:01Z</time>
   </trkpt>
   <trkpt lat="30.9286160" lon="75.7451360">
    <ele>242.7</ele>
    <time>2026-01-18T11:05:02Z</time>
   </trkpt>
   <trkpt lat="30.9286160" lon="75.7450860">
    <ele>242.4</ele>
    <time>2026-01-18T11:05:03Z</time>
   </trkpt>
   <trkpt lat="30.9286160" lon="75.7450360">
    <ele>242.2</ele>
    <time>2026-01-18T11:05:04Z</time>
   </trkpt>
   <trkpt lat="30.9286620" lon="75.7450550">
    <ele>242.2</ele>
    <time>2026-01-18T11:05:05Z</time>
   </trkpt>
   <trkpt lat="30.9287080" lon="75.7451090">
    <ele>242.3</ele>
    <time>2026-01-18T11:05:06Z</time>
   </trkpt>
   <trkpt lat="30.9287740" lon="75.7451680">
    <ele>242.4</ele>
    <time>2026-01-18T11:05:07Z</time>
   </trkpt>
   <trkpt lat="30.9288400" lon="75.7451890">
    <ele>242.5</ele>
    <time>2026-01-18T11:05:08Z</time>
   </trkpt>
   <trkpt lat="30.9288930" lon="75.7452070">
    <ele>242.6</ele>
    <time>2026-01-18T11:05:09Z</time>
   </trkpt>
   <trkpt lat="30.9289370" lon="75.7452260">
    <ele>242.6</ele>
    <time>2026-01-18T11:05:10Z</time>
   </trkpt>
   <trkpt lat="30.9289750" lon="75.7452440">
    <ele>242.7</ele>
    <time>2026-01-18T11:05:11Z</time>
   </trkpt>
   <trkpt lat="30.9290110" lon="75.7452580">
    <ele>242.7</ele>
    <time>2026-01-18T11:05:12Z</time>
   </trkpt>
   <trkpt lat="30.9290540" lon="75.7452750">
    <ele>242.8</ele>
    <time>2026-01-18T11:05:13Z</time>
   </trkpt>
   <trkpt lat="30.9290950" lon="75.7452960">
    <ele>242.8</ele>
    <time>2026-01-18T11:05:14Z</time>
   </trkpt>
   <trkpt lat="30.9291360" lon="75.7453180">
    <ele>242.8</ele>
    <time>2026-01-18T11:05:15Z</time>
   </trkpt>
   <trkpt lat="30.9291780" lon="75.7453410">
    <ele>242.8</ele>
    <time>2026-01-18T11:05:16Z</time>
   </trkpt>
   <trkpt lat="30.9292180" lon="75.7453600">
    <ele>242.8</ele>
    <time>2026-01-18T11:05:17Z</time>
   </trkpt>
   <trkpt lat="30.9292580" lon="75.7453780">
    <ele>242.8</ele>
    <time>2026-01-18T11:05:18Z</time>
   </trkpt>
   <trkpt lat="30.9292960" lon="75.7453990">
    <ele>242.8</ele>
    <time>2026-01-18T11:05:19Z</time>
   </trkpt>
   <trkpt lat="30.9293350" lon="75.7454170">
    <ele>242.8</ele>
    <time>2026-01-18T11:05:20Z</time>
   </trkpt>
   <trkpt lat="30.9293740" lon="75.7454360">
    <ele>242.8</ele>
    <time>2026-01-18T11:05:21Z</time>
   </trkpt>
   <trkpt lat="30.9294140" lon="75.7454580">
    <ele>242.9</ele>
    <time>2026-01-18T11:05:22Z</time>
   </trkpt>
   <trkpt lat="30.9294530" lon="75.7454730">
    <ele>242.9</ele>
    <time>2026-01-18T11:05:23Z</time>
   </trkpt>
   <trkpt lat="30.9294890" lon="75.7454880">
    <ele>242.9</ele>
    <time>2026-01-18T11:05:24Z</time>
   </trkpt>
   <trkpt lat="30.9295240" lon="75.7455090">
    <ele>242.9</ele>
    <time>2026-01-18T11:05:25Z</time>
   </trkpt>
   <trkpt lat="30.9295740" lon="75.7455350">
    <ele>242.9</ele>
    <time>2026-01-18T11:05:26Z</time>
   </trkpt>
   <trkpt lat="30.9296070" lon="75.7455450">
    <ele>242.9</ele>
    <time>2026-01-18T11:05:27Z</time>
   </trkpt>
   <trkpt lat="30.9296400" lon="75.7455660">
    <ele>243.0</ele>
    <time>2026-01-18T11:05:28Z</time>
   </trkpt>
   <trkpt lat="30.9296700" lon="75.7455820">
    <ele>243.0</ele>
    <time>2026-01-18T11:05:29Z</time>
   </trkpt>
   <trkpt lat="30.9296970" lon="75.7456020">
    <ele>243.0</ele>
    <time>2026-01-18T11:05:30Z</time>
   </trkpt>
   <trkpt lat="30.9297290" lon="75.7456210">
    <ele>243.0</ele>
    <time>2026-01-18T11:05:31Z</time>
   </trkpt>
   <trkpt lat="30.9297660" lon="75.7456380">
    <ele>243.0</ele>
    <time>2026-01-18T11:05:32Z</time>
   </trkpt>
   <trkpt lat="30.9298010" lon="75.7456590">
    <ele>243.1</ele>
    <time>2026-01-18T11:05:33Z</time>
   </trkpt>
   <trkpt lat="30.9298380" lon="75.7456880">
    <ele>243.1</ele>
    <time>2026-01-18T11:05:34Z</time>
   </trkpt>
   <trkpt lat="30.9298760" lon="75.7457080">
    <ele>243.1</ele>
    <time>2026-01-18T11:05:35Z</time>
   </trkpt>
   <trkpt lat="30.9299130" lon="75.7457240">
    <ele>243.1</ele>
    <time>2026-01-18T11:05:36Z</time>
   </trkpt>
   <trkpt lat="30.9299530" lon="75.7457460">
    <ele>243.1</ele>
    <time>2026-01-18T11:05:37Z</time>
   </trkpt>
   <trkpt lat="30.9299960" lon="75.7457680">
    <ele>243.1</ele>
    <time>2026-01-18T11:05:38Z</time>
   </trkpt>
   <trkpt lat="30.9300360" lon="75.7457900">
    <ele>243.1</ele>
    <time>2026-01-18T11:05:39Z</time>
   </trkpt>
   <trkpt lat="30.9300760" lon="75.7458100">
    <ele>243.1</ele>
    <time>2026-01-18T11:05:40Z</time>
   </trkpt>
   <trkpt lat="30.9301180" lon="75.7458340">
    <ele>243.1</ele>
    <time>2026-01-18T11:05:41Z</time>
   </trkpt>
   <trkpt lat="30.9301590" lon="75.7458590">
    <ele>243.1</ele>
    <time>2026-01-18T11:05:42Z</time>
   </trkpt>
   <trkpt lat="30.9301930" lon="75.7458790">
    <ele>243.1</ele>
    <time>2026-01-18T11:05:43Z</time>
   </trkpt>
   <trkpt lat="30.9302150" lon="75.7458920">
    <ele>243.0</ele>
    <time>2026-01-18T11:05:44Z</time>
   </trkpt>
   <trkpt lat="30.9302660" lon="75.7459250">
    <ele>243.0</ele>
    <time>2026-01-18T11:05:45Z</time>
   </trkpt>
   <trkpt lat="30.9302950" lon="75.7459420">
    <ele>243.0</ele>
    <time>2026-01-18T11:05:46Z</time>
   </trkpt>
   <trkpt lat="30.9303620" lon="75.7459720">
    <ele>243.0</ele>
    <time>2026-01-18T11:05:47Z</time>
   </trkpt>
   <trkpt lat="30.9304090" lon="75.7459940">
    <ele>243.0</ele>
    <time>2026-01-18T11:05:48Z</time>
   </trkpt>
   <trkpt lat="30.9304530" lon="75.7460140">
    <ele>242.9</ele>
    <time>2026-01-18T11:05:49Z</time>
   </trkpt>
   <trkpt lat="30.9304940" lon="75.7460310">
    <ele>242.9</ele>
    <time>2026-01-18T11:05:50Z</time>
   </trkpt>
   <trkpt lat="30.9305260" lon="75.7460480">
    <ele>242.9</ele>
    <time>2026-01-18T11:05:51Z</time>
   </trkpt>
   <trkpt lat="30.9305680" lon="75.7460720">
    <ele>242.8</ele>
    <time>2026-01-18T11:05:53Z</time>
   </trkpt>
   <trkpt lat="30.9306120" lon="75.7460900">
    <ele>242.8</ele>
    <time>2026-01-18T11:05:54Z</time>
   </trkpt>
   <trkpt lat="30.9306590" lon="75.7461090">
    <ele>242.8</ele>
    <time>2026-01-18T11:05:55Z</time>
   </trkpt>
   <trkpt lat="30.9307050" lon="75.7461270">
    <ele>242.8</ele>
    <time>2026-01-18T11:05:56Z</time>
   </trkpt>
   <trkpt lat="30.9307510" lon="75.7461450">
    <ele>242.8</ele>
    <time>2026-01-18T11:05:57Z</time>
   </trkpt>
   <trkpt lat="30.9307960" lon="75.7461680">
    <ele>242.7</ele>
    <time>2026-01-18T11:05:58Z</time>
   </trkpt>
   <trkpt lat="30.9308470" lon="75.7461910">
    <ele>242.7</ele>
    <time>2026-01-18T11:05:59Z</time>
   </trkpt>
   <trkpt lat="30.9308930" lon="75.7462100">
    <ele>242.7</ele>
    <time>2026-01-18T11:06:00Z</time>
   </trkpt>
   <trkpt lat="30.9309400" lon="75.7462280">
    <ele>242.7</ele>
    <time>2026-01-18T11:06:01Z</time>
   </trkpt>
   <trkpt lat="30.9309820" lon="75.7462520">
    <ele>242.7</ele>
    <time>2026-01-18T11:06:02Z</time>
   </trkpt>
   <trkpt lat="30.9310250" lon="75.7462760">
    <ele>242.7</ele>
    <time>2026-01-18T11:06:03Z</time>
   </trkpt>
   <trkpt lat="30.9310730" lon="75.7462940">
    <ele>242.6</ele>
    <time>2026-01-18T11:06:04Z</time>
   </trkpt>
   <trkpt lat="30.9311200" lon="75.7463160">
    <ele>242.6</ele>
    <time>2026-01-18T11:06:05Z</time>
   </trkpt>
   <trkpt lat="30.9311640" lon="75.7463400">
    <ele>242.5</ele>
    <time>2026-01-18T11:06:06Z</time>
   </trkpt>
   <trkpt lat="30.9312090" lon="75.7463620">
    <ele>242.4</ele>
    <time>2026-01-18T11:06:07Z</time>
   </trkpt>
   <trkpt lat="30.9312280" lon="75.7463900">
    <ele>242.4</ele>
    <time>2026-01-18T11:06:08Z</time>
   </trkpt>
   <trkpt lat="30.9312650" lon="75.7464040">
    <ele>242.4</ele>
    <time>2026-01-18T11:06:09Z</time>
   </trkpt>
   <trkpt lat="30.9313360" lon="75.7464240">
    <ele>242.3</ele>
    <time>2026-01-18T11:06:10Z</time>
   </trkpt>
   <trkpt lat="30.9313790" lon="75.7464420">
    <ele>242.2</ele>
    <time>2026-01-18T11:06:11Z</time>
   </trkpt>
   <trkpt lat="30.9314200" lon="75.7464670">
    <ele>242.2</ele>
    <time>2026-01-18T11:06:12Z</time>
   </trkpt>
   <trkpt lat="30.9314630" lon="75.7464890">
    <ele>242.1</ele>
    <time>2026-01-18T11:06:13Z</time>
   </trkpt>
   <trkpt lat="30.9315080" lon="75.7465090">
    <ele>242.1</ele>
    <time>2026-01-18T11:06:14Z</time>
   </trkpt>
   <trkpt lat="30.9315500" lon="75.7465270">
    <ele>242.0</ele>
    <time>2026-01-18T11:06:15Z</time>
   </trkpt>
   <trkpt lat="30.9315930" lon="75.7465500">
    <ele>241.9</ele>
    <time>2026-01-18T11:06:16Z</time>
   </trkpt>
   <trkpt lat="30.9316340" lon="75.7465700">
    <ele>241.9</ele>
    <time>2026-01-18T11:06:17Z</time>
   </trkpt>
   <trkpt lat="30.9316760" lon="75.7465920">
    <ele>241.9</ele>
    <time>2026-01-18T11:06:18Z</time>
   </trkpt>
   <trkpt lat="30.9317210" lon="75.7466120">
    <ele>241.8</ele>
    <time>2026-01-18T11:06:19Z</time>
   </trkpt>
   <trkpt lat="30.9317640" lon="75.7466360">
    <ele>241.8</ele>
    <time>2026-01-18T11:06:20Z</time>
   </trkpt>
   <trkpt lat="30.9318110" lon="75.7466570">
    <ele>241.8</ele>
    <time>2026-01-18T11:06:21Z</time>
   </trkpt>
   <trkpt lat="30.9318560" lon="75.7466800">
    <ele>241.7</ele>
    <time>2026-01-18T11:06:22Z</time>
   </trkpt>
   <trkpt lat="30.9319030" lon="75.7467040">
    <ele>241.6</ele>
    <time>2026-01-18T11:06:23Z</time>
   </trkpt>
   <trkpt lat="30.9319360" lon="75.7467120">
    <ele>241.6</ele>
    <time>2026-01-18T11:06:24Z</time>
   </trkpt>
   <trkpt lat="30.9319670" lon="75.7467380">
    <ele>241.5</ele>
    <time>2026-01-18T11:06:25Z</time>
   </trkpt>
   <trkpt lat="30.9319990" lon="75.7467560">
    <ele>241.5</ele>
    <time>2026-01-18T11:06:26Z</time>
   </trkpt>
   <trkpt lat="30.9320320" lon="75.7467700">
    <ele>241.5</ele>
    <time>2026-01-18T11:06:27Z</time>
   </trkpt>
   <trkpt lat="30.9320640" lon="75.7467890">
    <ele>241.4</ele>
    <time>2026-01-18T11:06:28Z</time>
   </trkpt>
   <trkpt lat="30.9320970" lon="75.7468090">
    <ele>241.4</ele>
    <time>2026-01-18T11:06:29Z</time>
   </trkpt>
   <trkpt lat="30.9321360" lon="75.7468280">
    <ele>241.4</ele>
    <time>2026-01-18T11:06:30Z</time>
   </trkpt>
   <trkpt lat="30.9321750" lon="75.7468460">
    <ele>241.4</ele>
    <time>2026-01-18T11:06:31Z</time>
   </trkpt>
   <trkpt lat="30.9322180" lon="75.7468690">
    <ele>241.4</ele>
    <time>2026-01-18T11:06:32Z</time>
   </trkpt>
   <trkpt lat="30.9322610" lon="75.7468860">
    <ele>241.4</ele>
    <time>2026-01-18T11:06:33Z</time>
   </trkpt>
   <trkpt lat="30.9323050" lon="75.7469070">
    <ele>241.4</ele>
    <time>2026-01-18T11:06:34Z</time>
   </trkpt>
   <trkpt lat="30.9323480" lon="75.7469280">
    <ele>241.3</ele>
    <time>2026-01-18T11:06:35Z</time>
   </trkpt>
   <trkpt lat="30.9323910" lon="75.7469440">
    <ele>241.3</ele>
    <time>2026-01-18T11:06:36Z</time>
   </trkpt>
   <trkpt lat="30.9324310" lon="75.7469650">
    <ele>241.3</ele>
    <time>2026-01-18T11:06:37Z</time>
   </trkpt>
   <trkpt lat="30.9324700" lon="75.7469860">
    <ele>241.3</ele>
    <time>2026-01-18T11:06:38Z</time>
   </trkpt>
   <trkpt lat="30.9325050" lon="75.7470000">
    <ele>241.3</ele>
    <time>2026-01-18T11:06:39Z</time>
   </trkpt>
   <trkpt lat="30.9325430" lon="75.7470220">
    <ele>241.3</ele>
    <time>2026-01-18T11:06:40Z</time>
   </trkpt>
   <trkpt lat="30.9325840" lon="75.7470420">
    <ele>241.3</ele>
    <time>2026-01-18T11:06:41Z</time>
   </trkpt>
   <trkpt lat="30.9326270" lon="75.7470630">
    <ele>241.3</ele>
    <time>2026-01-18T11:06:42Z</time>
   </trkpt>
   <trkpt lat="30.9326690" lon="75.7470880">
    <ele>241.2</ele>
    <time>2026-01-18T11:06:43Z</time>
   </trkpt>
   <trkpt lat="30.9327120" lon="75.7471040">
    <ele>241.2</ele>
    <time>2026-01-18T11:06:44Z</time>
   </trkpt>
   <trkpt lat="30.9327530" lon="75.7471240">
    <ele>241.2</ele>
    <time>2026-01-18T11:06:45Z</time>
   </trkpt>
   <trkpt lat="30.9327940" lon="75.7471460">
    <ele>241.3</ele>
    <time>2026-01-18T11:06:46Z</time>
   </trkpt>
   <trkpt lat="30.9328380" lon="75.7471640">
    <ele>241.3</ele>
    <time>2026-01-18T11:06:47Z</time>
   </trkpt>
   <trkpt lat="30.9328870" lon="75.7471810">
    <ele>241.3</ele>
    <time>2026-01-18T11:06:48Z</time>
   </trkpt>
   <trkpt lat="30.9329280" lon="75.7472110">
    <ele>241.3</ele>
    <time>2026-01-18T11:06:49Z</time>
   </trkpt>
   <trkpt lat="30.9329730" lon="75.7472390">
    <ele>241.3</ele>
    <time>2026-01-18T11:06:50Z</time>
   </trkpt>
   <trkpt lat="30.9330170" lon="75.7472650">
    <ele>241.4</ele>
    <time>2026-01-18T11:06:51Z</time>
   </trkpt>
   <trkpt lat="30.9330590" lon="75.7472920">
    <ele>241.4</ele>
    <time>2026-01-18T11:06:52Z</time>
   </trkpt>
   <trkpt lat="30.9330920" lon="75.7473150">
    <ele>241.5</ele>
    <time>2026-01-18T11:06:53Z</time>
   </trkpt>
   <trkpt lat="30.9331120" lon="75.7473270">
    <ele>241.5</ele>
    <time>2026-01-18T11:06:54Z</time>
   </trkpt>
   <trkpt lat="30.9332060" lon="75.7473840">
    <ele>241.6</ele>
    <time>2026-01-18T11:06:55Z</time>
   </trkpt>
   <trkpt lat="30.9332810" lon="75.7474320">
    <ele>241.6</ele>
    <time>2026-01-18T11:06:56Z</time>
   </trkpt>
   <trkpt lat="30.9333270" lon="75.7474530">
    <ele>241.6</ele>
    <time>2026-01-18T11:06:57Z</time>
   </trkpt>
   <trkpt lat="30.9333650" lon="75.7474660">
    <ele>241.7</ele>
    <time>2026-01-18T11:06:58Z</time>
   </trkpt>
   <trkpt lat="30.9334060" lon="75.7474940">
    <ele>241.7</ele>
    <time>2026-01-18T11:06:59Z</time>
   </trkpt>
   <trkpt lat="30.9334500" lon="75.7475210">
    <ele>241.7</ele>
    <time>2026-01-18T11:07:00Z</time>
   </trkpt>
   <trkpt lat="30.9334970" lon="75.7475510">
    <ele>241.8</ele>
    <time>2026-01-18T11:07:01Z</time>
   </trkpt>
   <trkpt lat="30.9335440" lon="75.7475730">
    <ele>241.8</ele>
    <time>2026-01-18T11:07:02Z</time>
   </trkpt>
   <trkpt lat="30.9335920" lon="75.7475970">
    <ele>241.8</ele>
    <time>2026-01-18T11:07:03Z</time>
   </trkpt>
   <trkpt lat="30.9336380" lon="75.7476220">
    <ele>241.8</ele>
    <time>2026-01-18T11:07:04Z</time>
   </trkpt>
   <trkpt lat="30.9336850" lon="75.7476450">
    <ele>241.8</ele>
    <time>2026-01-18T11:07:05Z</time>
   </trkpt>
   <trkpt lat="30.9337320" lon="75.7476660">
    <ele>241.8</ele>
    <time>2026-01-18T11:07:06Z</time>
   </trkpt>
   <trkpt lat="30.9337790" lon="75.7476900">
    <ele>241.8</ele>
    <time>2026-01-18T11:07:07Z</time>
   </trkpt>
   <trkpt lat="30.9338280" lon="75.7477150">
    <ele>241.8</ele>
    <time>2026-01-18T11:07:08Z</time>
   </trkpt>
   <trkpt lat="30.9338740" lon="75.7477400">
    <ele>241.8</ele>
    <time>2026-01-18T11:07:09Z</time>
   </trkpt>
   <trkpt lat="30.9339170" lon="75.7477630">
    <ele>241.8</ele>
    <time>2026-01-18T11:07:10Z</time>
   </trkpt>
   <trkpt lat="30.9339570" lon="75.7477850">
    <ele>241.8</ele>
    <time>2026-01-18T11:07:11Z</time>
   </trkpt>
   <trkpt lat="30.9339860" lon="75.7477840">
    <ele>241.8</ele>
    <time>2026-01-18T11:07:12Z</time>
   </trkpt>
   <trkpt lat="30.9340210" lon="75.7477990">
    <ele>241.8</ele>
    <time>2026-01-18T11:07:13Z</time>
   </trkpt>
   <trkpt lat="30.9340870" lon="75.7478350">
    <ele>241.8</ele>
    <time>2026-01-18T11:07:14Z</time>
   </trkpt>
   <trkpt lat="30.9341310" lon="75.7478560">
    <ele>241.8</ele>
    <time>2026-01-18T11:07:15Z</time>
   </trkpt>
   <trkpt lat="30.9341760" lon="75.7478760">
    <ele>241.8</ele>
    <time>2026-01-18T11:07:16Z</time>
   </trkpt>
   <trkpt lat="30.9342190" lon="75.7478970">
    <ele>241.7</ele>
    <time>2026-01-18T11:07:17Z</time>
   </trkpt>
   <trkpt lat="30.9342520" lon="75.7479180">
    <ele>241.7</ele>
    <time>2026-01-18T11:07:18Z</time>
   </trkpt>
   <trkpt lat="30.9342940" lon="75.7479440">
    <ele>241.7</ele>
    <time>2026-01-18T11:07:19Z</time>
   </trkpt>
   <trkpt lat="30.9343350" lon="75.7479710">
    <ele>241.7</ele>
    <time>2026-01-18T11:07:20Z</time>
   </trkpt>
   <trkpt lat="30.9343830" lon="75.7479980">
    <ele>241.7</ele>
    <time>2026-01-18T11:07:21Z</time>
   </trkpt>
   <trkpt lat="30.9344330" lon="75.7480260">
    <ele>241.7</ele>
    <time>2026-01-18T11:07:22Z</time>
   </trkpt>
   <trkpt lat="30.9344990" lon="75.7480560">
    <ele>241.6</ele>
    <time>2026-01-18T11:07:23Z</time>
   </trkpt>
   <trkpt lat="30.9345560" lon="75.7480840">
    <ele>241.6</ele>
    <time>2026-01-18T11:07:24Z</time>
   </trkpt>
   <trkpt lat="30.9346200" lon="75.7481140">
    <ele>241.6</ele>
    <time>2026-01-18T11:07:25Z</time>
   </trkpt>
   <trkpt lat="30.9346770" lon="75.7481440">
    <ele>241.5</ele>
    <time>2026-01-18T11:07:26Z</time>
   </trkpt>
   <trkpt lat="30.9347430" lon="75.7481520">
    <ele>241.5</ele>
    <time>2026-01-18T11:07:27Z</time>
   </trkpt>
   <trkpt lat="30.9348050" lon="75.7481820">
    <ele>241.5</ele>
    <time>2026-01-18T11:07:28Z</time>
   </trkpt>
   <trkpt lat="30.9348660" lon="75.7482110">
    <ele>241.4</ele>
    <time>2026-01-18T11:07:29Z</time>
   </trkpt>
   <trkpt lat="30.9349250" lon="75.7482410">
    <ele>241.4</ele>
    <time>2026-01-18T11:07:30Z</time>
   </trkpt>
   <trkpt lat="30.9349880" lon="75.7482710">
    <ele>241.3</ele>
    <time>2026-01-18T11:07:31Z</time>
   </trkpt>
   <trkpt lat="30.9350560" lon="75.7483020">
    <ele>241.3</ele>
    <time>2026-01-18T11:07:32Z</time>
   </trkpt>
   <trkpt lat="30.9351210" lon="75.7483310">
    <ele>241.2</ele>
    <time>2026-01-18T11:07:33Z</time>
   </trkpt>
   <trkpt lat="30.9351900" lon="75.7483600">
    <ele>241.2</ele>
    <time>2026-01-18T11:07:34Z</time>
   </trkpt>
   <trkpt lat="30.9352320" lon="75.7483640">
    <ele>241.3</ele>
    <time>2026-01-18T11:07:35Z</time>
   </trkpt>
   <trkpt lat="30.9352660" lon="75.7483780">
    <ele>241.3</ele>
    <time>2026-01-18T11:07:36Z</time>
   </trkpt>
   <trkpt lat="30.9353350" lon="75.7484070">
    <ele>241.3</ele>
    <time>2026-01-18T11:07:37Z</time>
   </trkpt>
   <trkpt lat="30.9354030" lon="75.7484350">
    <ele>241.3</ele>
    <time>2026-01-18T11:07:38Z</time>
   </trkpt>
   <trkpt lat="30.9354670" lon="75.7484550">
    <ele>241.3</ele>
    <time>2026-01-18T11:07:39Z</time>
   </trkpt>
   <trkpt lat="30.9355360" lon="75.7484740">
    <ele>241.3</ele>
    <time>2026-01-18T11:07:40Z</time>
   </trkpt>
   <trkpt lat="30.9356090" lon="75.7485010">
    <ele>241.3</ele>
    <time>2026-01-18T11:07:41Z</time>
   </trkpt>
   <trkpt lat="30.9356780" lon="75.7485200">
    <ele>241.2</ele>
    <time>2026-01-18T11:07:42Z</time>
   </trkpt>
   <trkpt lat="30.9357490" lon="75.7485440">
    <ele>241.2</ele>
    <time>2026-01-18T11:07:43Z</time>
   </trkpt>
   <trkpt lat="30.9358200" lon="75.7485660">
    <ele>241.2</ele>
    <time>2026-01-18T11:07:44Z</time>
   </trkpt>
   <trkpt lat="30.9358890" lon="75.7485890">
    <ele>241.2</ele>
    <time>2026-01-18T11:07:45Z</time>
   </trkpt>
   <trkpt lat="30.9359620" lon="75.7486090">
    <ele>241.2</ele>
    <time>2026-01-18T11:07:46Z</time>
   </trkpt>
   <trkpt lat="30.9360390" lon="75.7486300">
    <ele>241.2</ele>
    <time>2026-01-18T11:07:47Z</time>
   </trkpt>
   <trkpt lat="30.9361160" lon="75.7486500">
    <ele>241.2</ele>
    <time>2026-01-18T11:07:48Z</time>
   </trkpt>
   <trkpt lat="30.9361950" lon="75.7486700">
    <ele>241.1</ele>
    <time>2026-01-18T11:07:49Z</time>
   </trkpt>
   <trkpt lat="30.9362710" lon="75.7486910">
    <ele>241.1</ele>
    <time>2026-01-18T11:07:50Z</time>
   </trkpt>
   <trkpt lat="30.9363470" lon="75.7487070">
    <ele>241.1</ele>
    <time>2026-01-18T11:07:51Z</time>
   </trkpt>
   <trkpt lat="30.9364210" lon="75.7487220">
    <ele>241.1</ele>
    <time>2026-01-18T11:07:52Z</time>
   </trkpt>
   <trkpt lat="30.9364920" lon="75.7487320">
    <ele>241.1</ele>
    <time>2026-01-18T11:07:53Z</time>
   </trkpt>
   <trkpt lat="30.9365690" lon="75.7487440">
    <ele>241.1</ele>
    <time>2026-01-18T11:07:54Z</time>
   </trkpt>
   <trkpt lat="30.9366380" lon="75.7487490">
    <ele>241.1</ele>
    <time>2026-01-18T11:07:55Z</time>
   </trkpt>
   <trkpt lat="30.9367060" lon="75.7487600">
    <ele>241.1</ele>
    <time>2026-01-18T11:07:56Z</time>
   </trkpt>
   <trkpt lat="30.9367730" lon="75.7487630">
    <ele>241.1</ele>
    <time>2026-01-18T11:07:57Z</time>
   </trkpt>
   <trkpt lat="30.9368410" lon="75.7487670">
    <ele>241.0</ele>
    <time>2026-01-18T11:07:59Z</time>
   </trkpt>
   <trkpt lat="30.9369060" lon="75.7487670">
    <ele>241.0</ele>
    <time>2026-01-18T11:08:00Z</time>
   </trkpt>
   <trkpt lat="30.9369690" lon="75.7487710">
    <ele>241.0</ele>
    <time>2026-01-18T11:08:01Z</time>
   </trkpt>
   <trkpt lat="30.9370310" lon="75.7487760">
    <ele>241.0</ele>
    <time>2026-01-18T11:08:02Z</time>
   </trkpt>
   <trkpt lat="30.9370940" lon="75.7487800">
    <ele>241.0</ele>
    <time>2026-01-18T11:08:03Z</time>
   </trkpt>
   <trkpt lat="30.9371560" lon="75.7487840">
    <ele>241.0</ele>
    <time>2026-01-18T11:08:04Z</time>
   </trkpt>
   <trkpt lat="30.9372160" lon="75.7487830">
    <ele>241.0</ele>
    <time>2026-01-18T11:08:05Z</time>
   </trkpt>
   <trkpt lat="30.9372760" lon="75.7487810">
    <ele>241.0</ele>
    <time>2026-01-18T11:08:06Z</time>
   </trkpt>
   <trkpt lat="30.9373350" lon="75.7487780">
    <ele>240.9</ele>
    <time>2026-01-18T11:08:07Z</time>
   </trkpt>
   <trkpt lat="30.9373930" lon="75.7487750">
    <ele>240.9</ele>
    <time>2026-01-18T11:08:08Z</time>
   </trkpt>
   <trkpt lat="30.9374510" lon="75.7487730">
    <ele>240.9</ele>
    <time>2026-01-18T11:08:09Z</time>
   </trkpt>
   <trkpt lat="30.9375080" lon="75.7487710">
    <ele>240.9</ele>
    <time>2026-01-18T11:08:10Z</time>
   </trkpt>
   <trkpt lat="30.9375650" lon="75.7487690">
    <ele>240.8</ele>
    <time>2026-01-18T11:08:11Z</time>
   </trkpt>
   <trkpt lat="30.9376220" lon="75.7487640">
    <ele>240.8</ele>
    <time>2026-01-18T11:08:12Z</time>
   </trkpt>
   <trkpt lat="30.9376810" lon="75.7487560">
    <ele>240.8</ele>
    <time>2026-01-18T11:08:13Z</time>
   </trkpt>
   <trkpt lat="30.9377400" lon="75.7487480">
    <ele>240.8</ele>
    <time>2026-01-18T11:08:14Z</time>
   </trkpt>
   <trkpt lat="30.9378000" lon="75.7487460">
    <ele>240.8</ele>
    <time>2026-01-18T11:08:15Z</time>
   </trkpt>
   <trkpt lat="30.9378610" lon="75.7487440">
    <ele>240.7</ele>
    <time>2026-01-18T11:08:16Z</time>
   </trkpt>
   <trkpt lat="30.9379200" lon="75.7487440">
    <ele>240.7</ele>
    <time>2026-01-18T11:08:17Z</time>
   </trkpt>
   <trkpt lat="30.9379780" lon="75.7487420">
    <ele>240.7</ele>
    <time>2026-01-18T11:08:18Z</time>
   </trkpt>
   <trkpt lat="30.9380360" lon="75.7487400">
    <ele>240.6</ele>
    <time>2026-01-18T11:08:19Z</time>
   </trkpt>
   <trkpt lat="30.9380940" lon="75.7487390">
    <ele>240.6</ele>
    <time>2026-01-18T11:08:20Z</time>
   </trkpt>
   <trkpt lat="30.9381510" lon="75.7487390">
    <ele>240.6</ele>
    <time>2026-01-18T11:08:21Z</time>
   </trkpt>
   <trkpt lat="30.9382110" lon="75.7487350">
    <ele>240.5</ele>
    <time>2026-01-18T11:08:22Z</time>
   </trkpt>
   <trkpt lat="30.9382720" lon="75.7487330">
    <ele>240.5</ele>
    <time>2026-01-18T11:08:23Z</time>
   </trkpt>
   <trkpt lat="30.9383330" lon="75.7487410">
    <ele>240.5</ele>
    <time>2026-01-18T11:08:24Z</time>
   </trkpt>
   <trkpt lat="30.9383930" lon="75.7487510">
    <ele>240.4</ele>
    <time>2026-01-18T11:08:25Z</time>
   </trkpt>
   <trkpt lat="30.9384500" lon="75.7487570">
    <ele>240.3</ele>
    <time>2026-01-18T11:08:26Z</time>
   </trkpt>
   <trkpt lat="30.9385070" lon="75.7487620">
    <ele>240.3</ele>
    <time>2026-01-18T11:08:27Z</time>
   </trkpt>
   <trkpt lat="30.9385630" lon="75.7487670">
    <ele>240.2</ele>
    <time>2026-01-18T11:08:28Z</time>
   </trkpt>
   <trkpt lat="30.9386210" lon="75.7487690">
    <ele>240.1</ele>
    <time>2026-01-18T11:08:29Z</time>
   </trkpt>
   <trkpt lat="30.9386760" lon="75.7487710">
    <ele>240.0</ele>
    <time>2026-01-18T11:08:30Z</time>
   </trkpt>
   <trkpt lat="30.9387310" lon="75.7487690">
    <ele>239.9</ele>
    <time>2026-01-18T11:08:31Z</time>
   </trkpt>
   <trkpt lat="30.9388380" lon="75.7487700">
    <ele>239.6</ele>
    <time>2026-01-18T11:08:32Z</time>
   </trkpt>
   <trkpt lat="30.9388920" lon="75.7487810">
    <ele>239.5</ele>
    <time>2026-01-18T11:08:33Z</time>
   </trkpt>
   <trkpt lat="30.9389400" lon="75.7487900">
    <ele>239.4</ele>
    <time>2026-01-18T11:08:34Z</time>
   </trkpt>
   <trkpt lat="30.9389910" lon="75.7487920">
    <ele>239.3</ele>
    <time>2026-01-18T11:08:35Z</time>
   </trkpt>
   <trkpt lat="30.9390400" lon="75.7487910">
    <ele>239.3</ele>
    <time>2026-01-18T11:08:36Z</time>
   </trkpt>
   <trkpt lat="30.9390910" lon="75.7487890">
    <ele>239.1</ele>
    <time>2026-01-18T11:08:37Z</time>
   </trkpt>
   <trkpt lat="30.9391450" lon="75.7487900">
    <ele>239.0</ele>
    <time>2026-01-18T11:08:38Z</time>
   </trkpt>
   <trkpt lat="30.9392020" lon="75.7487910">
    <ele>238.9</ele>
    <time>2026-01-18T11:08:39Z</time>
   </trkpt>
   <trkpt lat="30.9392600" lon="75.7487930">
    <ele>238.8</ele>
    <time>2026-01-18T11:08:40Z</time>
   </trkpt>
   <trkpt lat="30.9393200" lon="75.7487930">
    <ele>238.8</ele>
    <time>2026-01-18T11:08:41Z</time>
   </trkpt>
   <trkpt lat="30.9393810" lon="75.7487940">
    <ele>238.7</ele>
    <time>2026-01-18T11:08:42Z</time>
   </trkpt>
   <trkpt lat="30.9394440" lon="75.7487950">
    <ele>238.6</ele>
    <time>2026-01-18T11:08:43Z</time>
   </trkpt>
   <trkpt lat="30.9395070" lon="75.7487940">
    <ele>238.5</ele>
    <time>2026-01-18T11:08:44Z</time>
   </trkpt>
   <trkpt lat="30.9395710" lon="75.7487930">
    <ele>238.4</ele>
    <time>2026-01-18T11:08:45Z</time>
   </trkpt>
   <trkpt lat="30.9396330" lon="75.7487920">
    <ele>238.3</ele>
    <time>2026-01-18T11:08:46Z</time>
   </trkpt>
   <trkpt lat="30.9396970" lon="75.7487920">
    <ele>238.3</ele>
    <time>2026-01-18T11:08:47Z</time>
   </trkpt>
   <trkpt lat="30.9397600" lon="75.7487890">
    <ele>238.2</ele>
    <time>2026-01-18T11:08:48Z</time>
   </trkpt>
   <trkpt lat="30.9398250" lon="75.7487920">
    <ele>238.1</ele>
    <time>2026-01-18T11:08:49Z</time>
   </trkpt>
   <trkpt lat="30.9398900" lon="75.7487940">
    <ele>238.0</ele>
    <time>2026-01-18T11:08:50Z</time>
   </trkpt>
   <trkpt lat="30.9399560" lon="75.7487910">
    <ele>237.9</ele>
    <time>2026-01-18T11:08:51Z</time>
   </trkpt>
   <trkpt lat="30.9400230" lon="75.7487920">
    <ele>237.9</ele>
    <time>2026-01-18T11:08:52Z</time>
   </trkpt>
   <trkpt lat="30.9400900" lon="75.7487920">
    <ele>237.8</ele>
    <time>2026-01-18T11:08:53Z</time>
   </trkpt>
   <trkpt lat="30.9401580" lon="75.7487910">
    <ele>237.7</ele>
    <time>2026-01-18T11:08:54Z</time>
   </trkpt>
   <trkpt lat="30.9402260" lon="75.7487920">
    <ele>237.6</ele>
    <time>2026-01-18T11:08:55Z</time>
   </trkpt>
   <trkpt lat="30.9402960" lon="75.7487920">
    <ele>237.5</ele>
    <time>2026-01-18T11:08:56Z</time>
   </trkpt>
   <trkpt lat="30.9403670" lon="75.7487920">
    <ele>237.4</ele>
    <time>2026-01-18T11:08:57Z</time>
   </trkpt>
   <trkpt lat="30.9404370" lon="75.7487960">
    <ele>237.3</ele>
    <time>2026-01-18T11:08:58Z</time>
   </trkpt>
   <trkpt lat="30.9405070" lon="75.7487980">
    <ele>237.2</ele>
    <time>2026-01-18T11:08:59Z</time>
   </trkpt>
   <trkpt lat="30.9405800" lon="75.7487990">
    <ele>237.2</ele>
    <time>2026-01-18T11:09:00Z</time>
   </trkpt>
   <trkpt lat="30.9406520" lon="75.7488010">
    <ele>237.1</ele>
    <time>2026-01-18T11:09:01Z</time>
   </trkpt>
   <trkpt lat="30.9407240" lon="75.7488030">
    <ele>237.0</ele>
    <time>2026-01-18T11:09:02Z</time>
   </trkpt>
   <trkpt lat="30.9407970" lon="75.7488040">
    <ele>236.9</ele>
    <time>2026-01-18T11:09:03Z</time>
   </trkpt>
   <trkpt lat="30.9408690" lon="75.7488070">
    <ele>236.8</ele>
    <time>2026-01-18T11:09:04Z</time>
   </trkpt>
   <trkpt lat="30.9409410" lon="75.7488090">
    <ele>236.7</ele>
    <time>2026-01-18T11:09:05Z</time>
   </trkpt>
   <trkpt lat="30.9410150" lon="75.7488060">
    <ele>236.6</ele>
    <time>2026-01-18T11:09:06Z</time>
   </trkpt>
   <trkpt lat="30.9410870" lon="75.7488010">
    <ele>236.5</ele>
    <time>2026-01-18T11:09:07Z</time>
   </trkpt>
   <trkpt lat="30.9411600" lon="75.7487950">
    <ele>236.4</ele>
    <time>2026-01-18T11:09:08Z</time>
   </trkpt>
   <trkpt lat="30.9412310" lon="75.7487950">
    <ele>236.3</ele>
    <time>2026-01-18T11:09:09Z</time>
   </trkpt>
   <trkpt lat="30.9413010" lon="75.7487990">
    <ele>236.2</ele>
    <time>2026-01-18T11:09:10Z</time>
   </trkpt>
   <trkpt lat="30.9413710" lon="75.7488010">
    <ele>236.2</ele>
    <time>2026-01-18T11:09:11Z</time>
   </trkpt>
   <trkpt lat="30.9414400" lon="75.7487960">
    <ele>236.1</ele>
    <time>2026-01-18T11:09:12Z</time>
   </trkpt>
   <trkpt lat="30.9415100" lon="75.7487940">
    <ele>236.1</ele>
    <time>2026-01-18T11:09:13Z</time>
   </trkpt>
   <trkpt lat="30.9415780" lon="75.7487960">
    <ele>236.0</ele>
    <time>2026-01-18T11:09:14Z</time>
   </trkpt>
   <trkpt lat="30.9416470" lon="75.7487970">
    <ele>236.0</ele>
    <time>2026-01-18T11:09:15Z</time>
   </trkpt>
   <trkpt lat="30.9417170" lon="75.7487960">
    <ele>236.0</ele>
    <time>2026-01-18T11:09:16Z</time>
   </trkpt>
   <trkpt lat="30.9417870" lon="75.7487960">
    <ele>236.0</ele>
    <time>2026-01-18T11:09:17Z</time>
   </trkpt>
   <trkpt lat="30.9418560" lon="75.7487990">
    <ele>236.0</ele>
    <time>2026-01-18T11:09:18Z</time>
   </trkpt>
   <trkpt lat="30.9419260" lon="75.7488000">
    <ele>236.0</ele>
    <time>2026-01-18T11:09:19Z</time>
   </trkpt>
   <trkpt lat="30.9419950" lon="75.7488000">
    <ele>236.0</ele>
    <time>2026-01-18T11:09:20Z</time>
   </trkpt>
   <trkpt lat="30.9420650" lon="75.7488010">
    <ele>236.0</ele>
    <time>2026-01-18T11:09:21Z</time>
   </trkpt>
   <trkpt lat="30.9421320" lon="75.7488060">
    <ele>236.0</ele>
    <time>2026-01-18T11:09:22Z</time>
   </trkpt>
   <trkpt lat="30.9421990" lon="75.7488060">
    <ele>236.0</ele>
    <time>2026-01-18T11:09:23Z</time>
   </trkpt>
   <trkpt lat="30.9422650" lon="75.7488040">
    <ele>236.0</ele>
    <time>2026-01-18T11:09:24Z</time>
   </trkpt>
   <trkpt lat="30.9423310" lon="75.7488000">
    <ele>236.0</ele>
    <time>2026-01-18T11:09:25Z</time>
   </trkpt>
   <trkpt lat="30.9423990" lon="75.7487980">
    <ele>235.9</ele>
    <time>2026-01-18T11:09:26Z</time>
   </trkpt>
   <trkpt lat="30.9424560" lon="75.7487920">
    <ele>235.9</ele>
    <time>2026-01-18T11:09:27Z</time>
   </trkpt>
   <trkpt lat="30.9424860" lon="75.7487850">
    <ele>235.9</ele>
    <time>2026-01-18T11:09:28Z</time>
   </trkpt>
   <trkpt lat="30.9424950" lon="75.7487780">
    <ele>235.9</ele>
    <time>2026-01-18T11:09:29Z</time>
   </trkpt>
   <trkpt lat="30.9424960" lon="75.7487740">
    <ele>235.9</ele>
    <time>2026-01-18T11:09:30Z</time>
   </trkpt>
   <trkpt lat="30.9424960" lon="75.7487700">
    <ele>236.0</ele>
    <time>2026-01-18T11:09:31Z</time>
   </trkpt>
   <trkpt lat="30.9424960" lon="75.7487660">
    <ele>236.0</ele>
    <time>2026-01-18T11:09:32Z</time>
   </trkpt>
   <trkpt lat="30.9424970" lon="75.7487610">
    <ele>236.0</ele>
    <time>2026-01-18T11:09:33Z</time>
   </trkpt>
   <trkpt lat="30.9424970" lon="75.7487570">
    <ele>236.0</ele>
    <time>2026-01-18T11:09:34Z</time>
   </trkpt>
   <trkpt lat="30.9424980" lon="75.7487530">
    <ele>236.0</ele>
    <time>2026-01-18T11:09:35Z</time>
   </trkpt>
   <trkpt lat="30.9424980" lon="75.7487490">
    <ele>236.0</ele>
    <time>2026-01-18T11:09:36Z</time>
   </trkpt>
   <trkpt lat="30.9424980" lon="75.7487450">
    <ele>236.0</ele>
    <time>2026-01-18T11:09:37Z</time>
   </trkpt>
   <trkpt lat="30.9424990" lon="75.7487410">
    <ele>236.0</ele>
    <time>2026-01-18T11:09:38Z</time>
   </trkpt>
   <trkpt lat="30.9424990" lon="75.7487370">
    <ele>236.0</ele>
    <time>2026-01-18T11:09:39Z</time>
   </trkpt>
   <trkpt lat="30.9424990" lon="75.7487330">
    <ele>236.0</ele>
    <time>2026-01-18T11:09:40Z</time>
   </trkpt>
   <trkpt lat="30.9425000" lon="75.7487290">
    <ele>236.0</ele>
    <time>2026-01-18T11:09:41Z</time>
   </trkpt>
   <trkpt lat="30.9425000" lon="75.7487250">
    <ele>236.0</ele>
    <time>2026-01-18T11:09:42Z</time>
   </trkpt>
   <trkpt lat="30.9425010" lon="75.7487200">
    <ele>236.0</ele>
    <time>2026-01-18T11:09:43Z</time>
   </trkpt>
   <trkpt lat="30.9425010" lon="75.7487160">
    <ele>236.0</ele>
    <time>2026-01-18T11:09:44Z</time>
   </trkpt>
   <trkpt lat="30.9425010" lon="75.7487120">
    <ele>236.0</ele>
    <time>2026-01-18T11:09:45Z</time>
   </trkpt>
   <trkpt lat="30.9425020" lon="75.7487080">
    <ele>236.0</ele>
    <time>2026-01-18T11:09:57Z</time>
   </trkpt>
   <trkpt lat="30.9425020" lon="75.7487040">
    <ele>236.0</ele>
    <time>2026-01-18T11:09:58Z</time>
   </trkpt>
   <trkpt lat="30.9424960" lon="75.7486890">
    <ele>236.0</ele>
    <time>2026-01-18T11:09:59Z</time>
   </trkpt>
   <trkpt lat="30.9424900" lon="75.7486790">
    <ele>236.0</ele>
    <time>2026-01-18T11:10:00Z</time>
   </trkpt>
   <trkpt lat="30.9424810" lon="75.7486730">
    <ele>236.0</ele>
    <time>2026-01-18T11:10:01Z</time>
   </trkpt>
   <trkpt lat="30.9424690" lon="75.7486700">
    <ele>236.0</ele>
    <time>2026-01-18T11:10:02Z</time>
   </trkpt>
   <trkpt lat="30.9424570" lon="75.7486670">
    <ele>235.9</ele>
    <time>2026-01-18T11:10:03Z</time>
   </trkpt>
   <trkpt lat="30.9424460" lon="75.7486640">
    <ele>235.9</ele>
    <time>2026-01-18T11:10:05Z</time>
   </trkpt>
   <trkpt lat="30.9424360" lon="75.7486610">
    <ele>235.9</ele>
    <time>2026-01-18T11:10:06Z</time>
   </trkpt>
   <trkpt lat="30.9424120" lon="75.7486540">
    <ele>235.9</ele>
    <time>2026-01-18T11:10:07Z</time>
   </trkpt>
   <trkpt lat="30.9424010" lon="75.7486530">
    <ele>235.9</ele>
    <time>2026-01-18T11:10:08Z</time>
   </trkpt>
   <trkpt lat="30.9423910" lon="75.7486510">
    <ele>235.9</ele>
    <time>2026-01-18T11:10:09Z</time>
   </trkpt>
   <trkpt lat="30.9423820" lon="75.7486470">
    <ele>235.9</ele>
    <time>2026-01-18T11:10:10Z</time>
   </trkpt>
   <trkpt lat="30.9423710" lon="75.7486440">
    <ele>235.9</ele>
    <time>2026-01-18T11:10:11Z</time>
   </trkpt>
   <trkpt lat="30.9423610" lon="75.7486420">
    <ele>235.9</ele>
    <time>2026-01-18T11:10:12Z</time>
   </trkpt>
   <trkpt lat="30.9423540" lon="75.7486380">
    <ele>235.9</ele>
    <time>2026-01-18T11:10:13Z</time>
   </trkpt>
   <trkpt lat="30.9423460" lon="75.7486300">
    <ele>235.9</ele>
    <time>2026-01-18T11:10:14Z</time>
   </trkpt>
   <trkpt lat="30.9423460" lon="75.7486170">
    <ele>235.9</ele>
    <time>2026-01-18T11:10:15Z</time>
   </trkpt>
   <trkpt lat="30.9423470" lon="75.7485980">
    <ele>235.9</ele>
    <time>2026-01-18T11:10:16Z</time>
   </trkpt>
   <trkpt lat="30.9423450" lon="75.7485810">
    <ele>235.9</ele>
    <time>2026-01-18T11:10:17Z</time>
   </trkpt>
   <trkpt lat="30.9423350" lon="75.7485690">
    <ele>235.9</ele>
    <time>2026-01-18T11:10:18Z</time>
   </trkpt>
   <trkpt lat="30.9423200" lon="75.7485630">
    <ele>235.9</ele>
    <time>2026-01-18T11:10:19Z</time>
   </trkpt>
   <trkpt lat="30.9423090" lon="75.7485590">
    <ele>235.9</ele>
    <time>2026-01-18T11:10:20Z</time>
   </trkpt>
   <trkpt lat="30.9423010" lon="75.7485530">
    <ele>235.9</ele>
    <time>2026-01-18T11:10:21Z</time>
   </trkpt>
   <trkpt lat="30.9422980" lon="75.7485450">
    <ele>236.0</ele>
    <time>2026-01-18T11:10:22Z</time>
   </trkpt>
   <trkpt lat="30.9423020" lon="75.7485420">
    <ele>236.0</ele>
    <time>2026-01-18T11:10:23Z</time>
   </trkpt>
   <trkpt lat="30.9423180" lon="75.7485510">
    <ele>236.0</ele>
    <time>2026-01-18T11:10:24Z</time>
   </trkpt>
   <trkpt lat="30.9423350" lon="75.7485630">
    <ele>236.0</ele>
    <time>2026-01-18T11:10:25Z</time>
   </trkpt>
   <trkpt lat="30.9423400" lon="75.7485670">
    <ele>236.0</ele>
    <time>2026-01-18T11:10:26Z</time>
   </trkpt>
   <trkpt lat="30.9423290" lon="75.7485540">
    <ele>236.0</ele>
    <time>2026-01-18T11:10:27Z</time>
   </trkpt>
   <trkpt lat="30.9423200" lon="75.7485460">
    <ele>236.0</ele>
    <time>2026-01-18T11:10:28Z</time>
   </trkpt>
   <trkpt lat="30.9423210" lon="75.7485490">
    <ele>236.0</ele>
    <time>2026-01-18T11:10:29Z</time>
   </trkpt>
   <trkpt lat="30.9423230" lon="75.7485500">
    <ele>236.0</ele>
    <time>2026-01-18T11:10:30Z</time>
   </trkpt>
   <trkpt lat="30.9423240" lon="75.7485510">
    <ele>236.0</ele>
    <time>2026-01-18T11:10:31Z</time>
   </trkpt>
   <trkpt lat="30.9423250" lon="75.7485520">
    <ele>236.0</ele>
    <time>2026-01-18T11:10:32Z</time>
   </trkpt>
   <trkpt lat="30.9423240" lon="75.7485530">
    <ele>236.0</ele>
    <time>2026-01-18T11:10:33Z</time>
   </trkpt>
   <trkpt lat="30.9423160" lon="75.7485530">
    <ele>236.0</ele>
    <time>2026-01-18T11:10:34Z</time>
   </trkpt>
   <trkpt lat="30.9423160" lon="75.7485560">
    <ele>236.0</ele>
    <time>2026-01-18T11:10:35Z</time>
   </trkpt>
   <trkpt lat="30.9423170" lon="75.7485580">
    <ele>236.0</ele>
    <time>2026-01-18T11:10:36Z</time>
   </trkpt>
   <trkpt lat="30.9423150" lon="75.7485630">
    <ele>236.0</ele>
    <time>2026-01-18T11:10:37Z</time>
   </trkpt>
   <trkpt lat="30.9423170" lon="75.7485620">
    <ele>236.0</ele>
    <time>2026-01-18T11:10:38Z</time>
   </trkpt>
   <trkpt lat="30.9423190" lon="75.7485860">
    <ele>236.0</ele>
    <time>2026-01-18T11:11:01Z</time>
   </trkpt>
   <trkpt lat="30.9423190" lon="75.7485750">
    <ele>236.0</ele>
    <time>2026-01-18T11:11:02Z</time>
   </trkpt>
   <trkpt lat="30.9423210" lon="75.7485600">
    <ele>236.0</ele>
    <time>2026-01-18T11:11:03Z</time>
   </trkpt>
   <trkpt lat="30.9423160" lon="75.7485530">
    <ele>236.0</ele>
    <time>2026-01-18T11:11:04Z</time>
   </trkpt>
   <trkpt lat="30.9423080" lon="75.7485550">
    <ele>236.0</ele>
    <time>2026-01-18T11:11:05Z</time>
   </trkpt>
   <trkpt lat="30.9423010" lon="75.7485540">
    <ele>236.0</ele>
    <time>2026-01-18T11:11:06Z</time>
   </trkpt>
   <trkpt lat="30.9422990" lon="75.7485520">
    <ele>236.0</ele>
    <time>2026-01-18T11:11:07Z</time>
   </trkpt>
   <trkpt lat="30.9423040" lon="75.7485510">
    <ele>236.0</ele>
    <time>2026-01-18T11:11:08Z</time>
   </trkpt>
   <trkpt lat="30.9422990" lon="75.7485530">
    <ele>236.0</ele>
    <time>2026-01-18T11:11:09Z</time>
   </trkpt>
   <trkpt lat="30.9422890" lon="75.7485580">
    <ele>236.0</ele>
    <time>2026-01-18T11:11:10Z</time>
   </trkpt>
   <trkpt lat="30.9422890" lon="75.7485620">
    <ele>236.0</ele>
    <time>2026-01-18T11:11:11Z</time>
   </trkpt>
   <trkpt lat="30.9422850" lon="75.7485600">
    <ele>236.0</ele>
    <time>2026-01-18T11:11:12Z</time>
   </trkpt>
   <trkpt lat="30.9422760" lon="75.7485590">
    <ele>236.0</ele>
    <time>2026-01-18T11:11:13Z</time>
   </trkpt>
   <trkpt lat="30.9422790" lon="75.7485570">
    <ele>236.0</ele>
    <time>2026-01-18T11:11:14Z</time>
   </trkpt>
   <trkpt lat="30.9422860" lon="75.7485590">
    <ele>236.0</ele>
    <time>2026-01-18T11:11:15Z</time>
   </trkpt>
   <trkpt lat="30.9422920" lon="75.7485650">
    <ele>236.0</ele>
    <time>2026-01-18T11:11:16Z</time>
   </trkpt>
   <trkpt lat="30.9423010" lon="75.7485680">
    <ele>236.0</ele>
    <time>2026-01-18T11:11:17Z</time>
   </trkpt>
   <trkpt lat="30.9423080" lon="75.7485670">
    <ele>236.0</ele>
    <time>2026-01-18T11:11:18Z</time>
   </trkpt>
   <trkpt lat="30.9423160" lon="75.7485650">
    <ele>236.0</ele>
    <time>2026-01-18T11:11:19Z</time>
   </trkpt>
   <trkpt lat="30.9423140" lon="75.7485670">
    <ele>236.0</ele>
    <time>2026-01-18T11:11:20Z</time>
   </trkpt>
   <trkpt lat="30.9423170" lon="75.7485700">
    <ele>236.0</ele>
    <time>2026-01-18T11:11:21Z</time>
   </trkpt>
   <trkpt lat="30.9423200" lon="75.7485740">
    <ele>236.0</ele>
    <time>2026-01-18T11:11:22Z</time>
   </trkpt>
   <trkpt lat="30.9423220" lon="75.7485780">
    <ele>236.0</ele>
    <time>2026-01-18T11:11:23Z</time>
   </trkpt>
   <trkpt lat="30.9423250" lon="75.7485810">
    <ele>236.0</ele>
    <time>2026-01-18T11:12:15Z</time>
   </trkpt>
   <trkpt lat="30.9423280" lon="75.7485850">
    <ele>236.0</ele>
    <time>2026-01-18T11:12:16Z</time>
   </trkpt>
   <trkpt lat="30.9423310" lon="75.7485890">
    <ele>236.0</ele>
    <time>2026-01-18T11:12:17Z</time>
   </trkpt>
   <trkpt lat="30.9423340" lon="75.7485920">
    <ele>236.0</ele>
    <time>2026-01-18T11:12:18Z</time>
   </trkpt>
   <trkpt lat="30.9423370" lon="75.7485960">
    <ele>236.0</ele>
    <time>2026-01-18T11:12:19Z</time>
   </trkpt>
   <trkpt lat="30.9423390" lon="75.7486000">
    <ele>236.0</ele>
    <time>2026-01-18T11:12:20Z</time>
   </trkpt>
   <trkpt lat="30.9423420" lon="75.7486030">
    <ele>236.0</ele>
    <time>2026-01-18T11:12:21Z</time>
   </trkpt>
   <trkpt lat="30.9423450" lon="75.7486070">
    <ele>236.0</ele>
    <time>2026-01-18T11:12:22Z</time>
   </trkpt>
   <trkpt lat="30.9423480" lon="75.7486110">
    <ele>236.0</ele>
    <time>2026-01-18T11:12:23Z</time>
   </trkpt>
   <trkpt lat="30.9423510" lon="75.7486140">
    <ele>236.0</ele>
    <time>2026-01-18T11:12:24Z</time>
   </trkpt>
   <trkpt lat="30.9423540" lon="75.7486180">
    <ele>236.0</ele>
    <time>2026-01-18T11:12:25Z</time>
   </trkpt>
   <trkpt lat="30.9423560" lon="75.7486220">
    <ele>236.0</ele>
    <time>2026-01-18T11:12:26Z</time>
   </trkpt>
   <trkpt lat="30.9423590" lon="75.7486250">
    <ele>236.0</ele>
    <time>2026-01-18T11:12:27Z</time>
   </trkpt>
   <trkpt lat="30.9423620" lon="75.7486290">
    <ele>236.0</ele>
    <time>2026-01-18T11:12:28Z</time>
   </trkpt>
   <trkpt lat="30.9423600" lon="75.7486220">
    <ele>236.0</ele>
    <time>2026-01-18T11:12:29Z</time>
   </trkpt>
   <trkpt lat="30.9423580" lon="75.7486180">
    <ele>236.0</ele>
    <time>2026-01-18T11:12:30Z</time>
   </trkpt>
   <trkpt lat="30.9423560" lon="75.7486130">
    <ele>236.0</ele>
    <time>2026-01-18T11:12:31Z</time>
   </trkpt>
   <trkpt lat="30.9423540" lon="75.7486080">
    <ele>236.0</ele>
    <time>2026-01-18T11:12:32Z</time>
   </trkpt>
   <trkpt lat="30.9423520" lon="75.7486040">
    <ele>236.0</ele>
    <time>2026-01-18T11:12:33Z</time>
   </trkpt>
   <trkpt lat="30.9423500" lon="75.7485990">
    <ele>236.0</ele>
    <time>2026-01-18T11:12:34Z</time>
   </trkpt>
   <trkpt lat="30.9423480" lon="75.7485940">
    <ele>236.0</ele>
    <time>2026-01-18T11:12:35Z</time>
   </trkpt>
   <trkpt lat="30.9423450" lon="75.7485900">
    <ele>236.0</ele>
    <time>2026-01-18T11:12:36Z</time>
   </trkpt>
   <trkpt lat="30.9423430" lon="75.7485850">
    <ele>236.0</ele>
    <time>2026-01-18T11:12:37Z</time>
   </trkpt>
   <trkpt lat="30.9423410" lon="75.7485810">
    <ele>236.0</ele>
    <time>2026-01-18T11:12:38Z</time>
   </trkpt>
   <trkpt lat="30.9423390" lon="75.7485760">
    <ele>236.0</ele>
    <time>2026-01-18T11:13:36Z</time>
   </trkpt>
   <trkpt lat="30.9423370" lon="75.7485710">
    <ele>236.0</ele>
    <time>2026-01-18T11:13:37Z</time>
   </trkpt>
   <trkpt lat="30.9423350" lon="75.7485670">
    <ele>236.0</ele>
    <time>2026-01-18T11:13:38Z</time>
   </trkpt>
   <trkpt lat="30.9423330" lon="75.7485620">
    <ele>236.0</ele>
    <time>2026-01-18T11:13:39Z</time>
   </trkpt>
   <trkpt lat="30.9423250" lon="75.7485580">
    <ele>236.0</ele>
    <time>2026-01-18T11:13:40Z</time>
   </trkpt>
   <trkpt lat="30.9423190" lon="75.7485590">
    <ele>236.0</ele>
    <time>2026-01-18T11:13:41Z</time>
   </trkpt>
   <trkpt lat="30.9423150" lon="75.7485580">
    <ele>235.9</ele>
    <time>2026-01-18T11:13:42Z</time>
   </trkpt>
   <trkpt lat="30.9423150" lon="75.7485560">
    <ele>235.9</ele>
    <time>2026-01-18T11:13:43Z</time>
   </trkpt>
   <trkpt lat="30.9423150" lon="75.7485520">
    <ele>235.9</ele>
    <time>2026-01-18T11:13:44Z</time>
   </trkpt>
   <trkpt lat="30.9423200" lon="75.7485530">
    <ele>235.9</ele>
    <time>2026-01-18T11:13:45Z</time>
   </trkpt>
   <trkpt lat="30.9423240" lon="75.7485470">
    <ele>235.9</ele>
    <time>2026-01-18T11:13:46Z</time>
   </trkpt>
   <trkpt lat="30.9423080" lon="75.7485430">
    <ele>235.9</ele>
    <time>2026-01-18T11:13:47Z</time>
   </trkpt>
   <trkpt lat="30.9423100" lon="75.7485410">
    <ele>235.9</ele>
    <time>2026-01-18T11:13:48Z</time>
   </trkpt>
   <trkpt lat="30.9423140" lon="75.7485440">
    <ele>235.9</ele>
    <time>2026-01-18T11:13:49Z</time>
   </trkpt>
   <trkpt lat="30.9423180" lon="75.7485460">
    <ele>235.9</ele>
    <time>2026-01-18T11:13:50Z</time>
   </trkpt>
   <trkpt lat="30.9423230" lon="75.7485480">
    <ele>235.9</ele>
    <time>2026-01-18T11:13:51Z</time>
   </trkpt>
   <trkpt lat="30.9423270" lon="75.7485510">
    <ele>235.9</ele>
    <time>2026-01-18T11:13:52Z</time>
   </trkpt>
   <trkpt lat="30.9423310" lon="75.7485530">
    <ele>235.9</ele>
    <time>2026-01-18T11:13:53Z</time>
   </trkpt>
   <trkpt lat="30.9423350" lon="75.7485550">
    <ele>235.9</ele>
    <time>2026-01-18T11:13:54Z</time>
   </trkpt>
   <trkpt lat="30.9423390" lon="75.7485570">
    <ele>235.9</ele>
    <time>2026-01-18T11:13:55Z</time>
   </trkpt>
   <trkpt lat="30.9423430" lon="75.7485600">
    <ele>235.9</ele>
    <time>2026-01-18T11:13:56Z</time>
   </trkpt>
   <trkpt lat="30.9423470" lon="75.7485620">
    <ele>235.9</ele>
    <time>2026-01-18T11:13:57Z</time>
   </trkpt>
   <trkpt lat="30.9423510" lon="75.7485640">
    <ele>235.9</ele>
    <time>2026-01-18T11:13:58Z</time>
   </trkpt>
   <trkpt lat="30.9423560" lon="75.7485670">
    <ele>235.9</ele>
    <time>2026-01-18T11:15:15Z</time>
   </trkpt>
   <trkpt lat="30.9423600" lon="75.7485690">
    <ele>235.9</ele>
    <time>2026-01-18T11:15:16Z</time>
   </trkpt>
   <trkpt lat="30.9423640" lon="75.7485710">
    <ele>235.9</ele>
    <time>2026-01-18T11:15:17Z</time>
   </trkpt>
   <trkpt lat="30.9423680" lon="75.7485740">
    <ele>235.9</ele>
    <time>2026-01-18T11:15:18Z</time>
   </trkpt>
   <trkpt lat="30.9423720" lon="75.7485760">
    <ele>235.9</ele>
    <time>2026-01-18T11:15:19Z</time>
   </trkpt>
   <trkpt lat="30.9423760" lon="75.7485780">
    <ele>235.9</ele>
    <time>2026-01-18T11:15:20Z</time>
   </trkpt>
   <trkpt lat="30.9423800" lon="75.7485800">
    <ele>235.9</ele>
    <time>2026-01-18T11:15:21Z</time>
   </trkpt>
   <trkpt lat="30.9423840" lon="75.7485830">
    <ele>235.9</ele>
    <time>2026-01-18T11:15:22Z</time>
   </trkpt>
   <trkpt lat="30.9423890" lon="75.7485850">
    <ele>235.9</ele>
    <time>2026-01-18T11:15:23Z</time>
   </trkpt>
   <trkpt lat="30.9423930" lon="75.7485870">
    <ele>235.9</ele>
    <time>2026-01-18T11:15:24Z</time>
   </trkpt>
   <trkpt lat="30.9423970" lon="75.7485900">
    <ele>235.9</ele>
    <time>2026-01-18T11:16:16Z</time>
   </trkpt>
   <trkpt lat="30.9424010" lon="75.7485920">
    <ele>235.9</ele>
    <time>2026-01-18T11:16:17Z</time>
   </trkpt>
   <trkpt lat="30.9424290" lon="75.7486010">
    <ele>235.9</ele>
    <time>2026-01-18T11:16:18Z</time>
   </trkpt>
   <trkpt lat="30.9424640" lon="75.7486160">
    <ele>235.9</ele>
    <time>2026-01-18T11:16:19Z</time>
   </trkpt>
   <trkpt lat="30.9424770" lon="75.7486190">
    <ele>236.0</ele>
    <time>2026-01-18T11:16:20Z</time>
   </trkpt>
   <trkpt lat="30.9424990" lon="75.7486170">
    <ele>236.0</ele>
    <time>2026-01-18T11:16:21Z</time>
   </trkpt>
   <trkpt lat="30.9425130" lon="75.7486190">
    <ele>236.0</ele>
    <time>2026-01-18T11:16:22Z</time>
   </trkpt>
   <trkpt lat="30.9425270" lon="75.7486240">
    <ele>236.0</ele>
    <time>2026-01-18T11:16:23Z</time>
   </trkpt>
   <trkpt lat="30.9425410" lon="75.7486380">
    <ele>236.0</ele>
    <time>2026-01-18T11:16:24Z</time>
   </trkpt>
   <trkpt lat="30.9425410" lon="75.7486800">
    <ele>236.0</ele>
    <time>2026-01-18T11:16:25Z</time>
   </trkpt>
   <trkpt lat="30.9425360" lon="75.7486940">
    <ele>236.0</ele>
    <time>2026-01-18T11:16:26Z</time>
   </trkpt>
   <trkpt lat="30.9425110" lon="75.7487200">
    <ele>236.0</ele>
    <time>2026-01-18T11:16:27Z</time>
   </trkpt>
   <trkpt lat="30.9425030" lon="75.7487230">
    <ele>236.0</ele>
    <time>2026-01-18T11:16:28Z</time>
   </trkpt>
   <trkpt lat="30.9424940" lon="75.7487320">
    <ele>236.0</ele>
    <time>2026-01-18T11:16:29Z</time>
   </trkpt>
   <trkpt lat="30.9424920" lon="75.7487430">
    <ele>236.0</ele>
    <time>2026-01-18T11:16:30Z</time>
   </trkpt>
   <trkpt lat="30.9424880" lon="75.7487600">
    <ele>236.0</ele>
    <time>2026-01-18T11:16:31Z</time>
   </trkpt>
   <trkpt lat="30.9424910" lon="75.7487680">
    <ele>236.0</ele>
    <time>2026-01-18T11:16:32Z</time>
   </trkpt>
   <trkpt lat="30.9425000" lon="75.7487750">
    <ele>236.0</ele>
    <time>2026-01-18T11:16:33Z</time>
   </trkpt>
   <trkpt lat="30.9425150" lon="75.7487800">
    <ele>236.0</ele>
    <time>2026-01-18T11:16:34Z</time>
   </trkpt>
   <trkpt lat="30.9425530" lon="75.7487800">
    <ele>236.0</ele>
    <time>2026-01-18T11:16:35Z</time>
   </trkpt>
   <trkpt lat="30.9425690" lon="75.7487800">
    <ele>236.0</ele>
    <time>2026-01-18T11:16:36Z</time>
   </trkpt>
   <trkpt lat="30.9426020" lon="75.7487820">
    <ele>236.0</ele>
    <time>2026-01-18T11:16:37Z</time>
   </trkpt>
   <trkpt lat="30.9426330" lon="75.7487900">
    <ele>236.0</ele>
    <time>2026-01-18T11:16:38Z</time>
   </trkpt>
   <trkpt lat="30.9426690" lon="75.7487930">
    <ele>236.0</ele>
    <time>2026-01-18T11:16:39Z</time>
   </trkpt>
   <trkpt lat="30.9427070" lon="75.7487920">
    <ele>236.0</ele>
    <time>2026-01-18T11:16:40Z</time>
   </trkpt>
   <trkpt lat="30.9427450" lon="75.7487910">
    <ele>235.9</ele>
    <time>2026-01-18T11:16:41Z</time>
   </trkpt>
   <trkpt lat="30.9427840" lon="75.7487920">
    <ele>235.9</ele>
    <time>2026-01-18T11:16:42Z</time>
   </trkpt>
   <trkpt lat="30.9428230" lon="75.7487930">
    <ele>235.9</ele>
    <time>2026-01-18T11:16:43Z</time>
   </trkpt>
   <trkpt lat="30.9428620" lon="75.7487930">
    <ele>235.9</ele>
    <time>2026-01-18T11:16:44Z</time>
   </trkpt>
   <trkpt lat="30.9429020" lon="75.7487930">
    <ele>235.9</ele>
    <time>2026-01-18T11:16:45Z</time>
   </trkpt>
   <trkpt lat="30.9429430" lon="75.7487940">
    <ele>235.9</ele>
    <time>2026-01-18T11:16:46Z</time>
   </trkpt>
   <trkpt lat="30.9429840" lon="75.7487930">
    <ele>235.9</ele>
    <time>2026-01-18T11:16:47Z</time>
   </trkpt>
   <trkpt lat="30.9430250" lon="75.7487910">
    <ele>235.9</ele>
    <time>2026-01-18T11:16:48Z</time>
   </trkpt>
   <trkpt lat="30.9430670" lon="75.7487920">
    <ele>235.8</ele>
    <time>2026-01-18T11:16:49Z</time>
   </trkpt>
   <trkpt lat="30.9431100" lon="75.7487940">
    <ele>235.8</ele>
    <time>2026-01-18T11:16:50Z</time>
   </trkpt>
   <trkpt lat="30.9431530" lon="75.7487940">
    <ele>235.8</ele>
    <time>2026-01-18T11:16:51Z</time>
   </trkpt>
   <trkpt lat="30.9431970" lon="75.7487950">
    <ele>235.8</ele>
    <time>2026-01-18T11:16:52Z</time>
   </trkpt>
   <trkpt lat="30.9432410" lon="75.7487960">
    <ele>235.8</ele>
    <time>2026-01-18T11:16:53Z</time>
   </trkpt>
   <trkpt lat="30.9432850" lon="75.7487950">
    <ele>235.8</ele>
    <time>2026-01-18T11:16:54Z</time>
   </trkpt>
   <trkpt lat="30.9433290" lon="75.7487960">
    <ele>235.8</ele>
    <time>2026-01-18T11:16:55Z</time>
   </trkpt>
   <trkpt lat="30.9433740" lon="75.7487980">
    <ele>235.7</ele>
    <time>2026-01-18T11:16:56Z</time>
   </trkpt>
   <trkpt lat="30.9434190" lon="75.7487980">
    <ele>235.7</ele>
    <time>2026-01-18T11:16:57Z</time>
   </trkpt>
   <trkpt lat="30.9434650" lon="75.7487950">
    <ele>235.7</ele>
    <time>2026-01-18T11:16:58Z</time>
   </trkpt>
   <trkpt lat="30.9435100" lon="75.7487960">
    <ele>235.7</ele>
    <time>2026-01-18T11:16:59Z</time>
   </trkpt>
   <trkpt lat="30.9435560" lon="75.7487970">
    <ele>235.6</ele>
    <time>2026-01-18T11:17:00Z</time>
   </trkpt>
   <trkpt lat="30.9436020" lon="75.7487950">
    <ele>235.6</ele>
    <time>2026-01-18T11:17:01Z</time>
   </trkpt>
   <trkpt lat="30.9436490" lon="75.7487960">
    <ele>235.6</ele>
    <time>2026-01-18T11:17:02Z</time>
   </trkpt>
   <trkpt lat="30.9436940" lon="75.7487970">
    <ele>235.6</ele>
    <time>2026-01-18T11:17:03Z</time>
   </trkpt>
   <trkpt lat="30.9437410" lon="75.7487960">
    <ele>235.6</ele>
    <time>2026-01-18T11:17:04Z</time>
   </trkpt>
   <trkpt lat="30.9437860" lon="75.7487960">
    <ele>235.5</ele>
    <time>2026-01-18T11:17:05Z</time>
   </trkpt>
   <trkpt lat="30.9438350" lon="75.7487960">
    <ele>235.5</ele>
    <time>2026-01-18T11:17:06Z</time>
   </trkpt>
   <trkpt lat="30.9438830" lon="75.7487950">
    <ele>235.5</ele>
    <time>2026-01-18T11:17:07Z</time>
   </trkpt>
   <trkpt lat="30.9439310" lon="75.7487960">
    <ele>235.5</ele>
    <time>2026-01-18T11:17:08Z</time>
   </trkpt>
   <trkpt lat="30.9439800" lon="75.7487970">
    <ele>235.5</ele>
    <time>2026-01-18T11:17:09Z</time>
   </trkpt>
   <trkpt lat="30.9440280" lon="75.7487950">
    <ele>235.5</ele>
    <time>2026-01-18T11:17:10Z</time>
   </trkpt>
   <trkpt lat="30.9440760" lon="75.7487950">
    <ele>235.4</ele>
    <time>2026-01-18T11:17:11Z</time>
   </trkpt>
   <trkpt lat="30.9441240" lon="75.7487950">
    <ele>235.4</ele>
    <time>2026-01-18T11:17:12Z</time>
   </trkpt>
   <trkpt lat="30.9441700" lon="75.7487950">
    <ele>235.4</ele>
    <time>2026-01-18T11:17:13Z</time>
   </trkpt>
   <trkpt lat="30.9442170" lon="75.7487930">
    <ele>235.4</ele>
    <time>2026-01-18T11:17:14Z</time>
   </trkpt>
   <trkpt lat="30.9442610" lon="75.7487900">
    <ele>235.4</ele>
    <time>2026-01-18T11:17:15Z</time>
   </trkpt>
   <trkpt lat="30.9443060" lon="75.7487940">
    <ele>235.3</ele>
    <time>2026-01-18T11:17:16Z</time>
   </trkpt>
   <trkpt lat="30.9443490" lon="75.7487990">
    <ele>235.3</ele>
    <time>2026-01-18T11:17:17Z</time>
   </trkpt>
   <trkpt lat="30.9443900" lon="75.7487910">
    <ele>235.3</ele>
    <time>2026-01-18T11:17:18Z</time>
   </trkpt>
   <trkpt lat="30.9444260" lon="75.7487980">
    <ele>235.3</ele>
    <time>2026-01-18T11:17:19Z</time>
   </trkpt>
   <trkpt lat="30.9444670" lon="75.7488010">
    <ele>235.3</ele>
    <time>2026-01-18T11:17:20Z</time>
   </trkpt>
   <trkpt lat="30.9445100" lon="75.7487920">
    <ele>235.2</ele>
    <time>2026-01-18T11:17:21Z</time>
   </trkpt>
   <trkpt lat="30.9445480" lon="75.7487900">
    <ele>235.2</ele>
    <time>2026-01-18T11:17:22Z</time>
   </trkpt>
   <trkpt lat="30.9445880" lon="75.7488020">
    <ele>235.2</ele>
    <time>2026-01-18T11:17:23Z</time>
   </trkpt>
   <trkpt lat="30.9446320" lon="75.7488020">
    <ele>235.2</ele>
    <time>2026-01-18T11:17:24Z</time>
   </trkpt>
   <trkpt lat="30.9446530" lon="75.7487950">
    <ele>235.2</ele>
    <time>2026-01-18T11:17:25Z</time>
   </trkpt>
   <trkpt lat="30.9446930" lon="75.7487980">
    <ele>235.1</ele>
    <time>2026-01-18T11:17:26Z</time>
   </trkpt>
   <trkpt lat="30.9447320" lon="75.7488010">
    <ele>235.1</ele>
    <time>2026-01-18T11:17:27Z</time>
   </trkpt>
   <trkpt lat="30.9447750" lon="75.7488020">
    <ele>235.1</ele>
    <time>2026-01-18T11:17:28Z</time>
   </trkpt>
   <trkpt lat="30.9448210" lon="75.7488050">
    <ele>235.0</ele>
    <time>2026-01-18T11:17:29Z</time>
   </trkpt>
   <trkpt lat="30.9448650" lon="75.7488070">
    <ele>235.0</ele>
    <time>2026-01-18T11:17:30Z</time>
   </trkpt>
   <trkpt lat="30.9449090" lon="75.7488020">
    <ele>235.0</ele>
    <time>2026-01-18T11:17:31Z</time>
   </trkpt>
   <trkpt lat="30.9449560" lon="75.7488010">
    <ele>235.0</ele>
    <time>2026-01-18T11:17:32Z</time>
   </trkpt>
   <trkpt lat="30.9450040" lon="75.7488010">
    <ele>234.9</ele>
    <time>2026-01-18T11:17:33Z</time>
   </trkpt>
   <trkpt lat="30.9450470" lon="75.7488020">
    <ele>234.9</ele>
    <time>2026-01-18T11:17:34Z</time>
   </trkpt>
   <trkpt lat="30.9450950" lon="75.7488030">
    <ele>234.9</ele>
    <time>2026-01-18T11:17:35Z</time>
   </trkpt>
   <trkpt lat="30.9451420" lon="75.7488020">
    <ele>234.9</ele>
    <time>2026-01-18T11:17:36Z</time>
   </trkpt>
   <trkpt lat="30.9451880" lon="75.7488030">
    <ele>234.9</ele>
    <time>2026-01-18T11:17:37Z</time>
   </trkpt>
   <trkpt lat="30.9452300" lon="75.7488010">
    <ele>234.8</ele>
    <time>2026-01-18T11:17:38Z</time>
   </trkpt>
   <trkpt lat="30.9452760" lon="75.7488010">
    <ele>234.8</ele>
    <time>2026-01-18T11:17:39Z</time>
   </trkpt>
   <trkpt lat="30.9453180" lon="75.7488030">
    <ele>234.8</ele>
    <time>2026-01-18T11:17:40Z</time>
   </trkpt>
   <trkpt lat="30.9453620" lon="75.7488040">
    <ele>234.8</ele>
    <time>2026-01-18T11:17:41Z</time>
   </trkpt>
   <trkpt lat="30.9454060" lon="75.7488000">
    <ele>234.8</ele>
    <time>2026-01-18T11:17:42Z</time>
   </trkpt>
   <trkpt lat="30.9454480" lon="75.7488000">
    <ele>234.8</ele>
    <time>2026-01-18T11:17:43Z</time>
   </trkpt>
   <trkpt lat="30.9454930" lon="75.7488010">
    <ele>234.7</ele>
    <time>2026-01-18T11:17:44Z</time>
   </trkpt>
   <trkpt lat="30.9455350" lon="75.7488010">
    <ele>234.7</ele>
    <time>2026-01-18T11:17:45Z</time>
   </trkpt>
   <trkpt lat="30.9455780" lon="75.7487960">
    <ele>234.7</ele>
    <time>2026-01-18T11:17:46Z</time>
   </trkpt>
   <trkpt lat="30.9456190" lon="75.7487990">
    <ele>234.7</ele>
    <time>2026-01-18T11:17:47Z</time>
   </trkpt>
   <trkpt lat="30.9456590" lon="75.7487990">
    <ele>234.7</ele>
    <time>2026-01-18T11:17:48Z</time>
   </trkpt>
   <trkpt lat="30.9457030" lon="75.7487990">
    <ele>234.6</ele>
    <time>2026-01-18T11:17:49Z</time>
   </trkpt>
   <trkpt lat="30.9457450" lon="75.7487990">
    <ele>234.6</ele>
    <time>2026-01-18T11:17:50Z</time>
   </trkpt>
   <trkpt lat="30.9457900" lon="75.7487980">
    <ele>234.6</ele>
    <time>2026-01-18T11:17:51Z</time>
   </trkpt>
   <trkpt lat="30.9458340" lon="75.7487970">
    <ele>234.6</ele>
    <time>2026-01-18T11:17:52Z</time>
   </trkpt>
   <trkpt lat="30.9458750" lon="75.7487960">
    <ele>234.6</ele>
    <time>2026-01-18T11:17:53Z</time>
   </trkpt>
   <trkpt lat="30.9459100" lon="75.7487910">
    <ele>234.6</ele>
    <time>2026-01-18T11:17:54Z</time>
   </trkpt>
   <trkpt lat="30.9459500" lon="75.7487920">
    <ele>234.6</ele>
    <time>2026-01-18T11:17:55Z</time>
   </trkpt>
   <trkpt lat="30.9459930" lon="75.7487970">
    <ele>234.6</ele>
    <time>2026-01-18T11:17:56Z</time>
   </trkpt>
   <trkpt lat="30.9460360" lon="75.7488020">
    <ele>234.6</ele>
    <time>2026-01-18T11:17:57Z</time>
   </trkpt>
   <trkpt lat="30.9460780" lon="75.7488010">
    <ele>234.6</ele>
    <time>2026-01-18T11:17:58Z</time>
   </trkpt>
   <trkpt lat="30.9461220" lon="75.7488000">
    <ele>234.6</ele>
    <time>2026-01-18T11:17:59Z</time>
   </trkpt>
   <trkpt lat="30.9461650" lon="75.7488000">
    <ele>234.6</ele>
    <time>2026-01-18T11:18:00Z</time>
   </trkpt>
   <trkpt lat="30.9462060" lon="75.7487990">
    <ele>234.6</ele>
    <time>2026-01-18T11:18:01Z</time>
   </trkpt>
   <trkpt lat="30.9462500" lon="75.7488000">
    <ele>234.6</ele>
    <time>2026-01-18T11:18:02Z</time>
   </trkpt>
   <trkpt lat="30.9463100" lon="75.7488130">
    <ele>234.6</ele>
    <time>2026-01-18T11:18:03Z</time>
   </trkpt>
   <trkpt lat="30.9463560" lon="75.7487990">
    <ele>234.6</ele>
    <time>2026-01-18T11:18:04Z</time>
   </trkpt>
   <trkpt lat="30.9463770" lon="75.7487980">
    <ele>234.6</ele>
    <time>2026-01-18T11:18:05Z</time>
   </trkpt>
   <trkpt lat="30.9464200" lon="75.7487970">
    <ele>234.6</ele>
    <time>2026-01-18T11:18:06Z</time>
   </trkpt>
   <trkpt lat="30.9464620" lon="75.7487940">
    <ele>234.6</ele>
    <time>2026-01-18T11:18:07Z</time>
   </trkpt>
   <trkpt lat="30.9465040" lon="75.7487950">
    <ele>234.6</ele>
    <time>2026-01-18T11:18:08Z</time>
   </trkpt>
   <trkpt lat="30.9465500" lon="75.7487960">
    <ele>234.6</ele>
    <time>2026-01-18T11:18:09Z</time>
   </trkpt>
   <trkpt lat="30.9465950" lon="75.7487950">
    <ele>234.7</ele>
    <time>2026-01-18T11:18:10Z</time>
   </trkpt>
   <trkpt lat="30.9466410" lon="75.7487970">
    <ele>234.7</ele>
    <time>2026-01-18T11:18:11Z</time>
   </trkpt>
   <trkpt lat="30.9466900" lon="75.7487980">
    <ele>234.7</ele>
    <time>2026-01-18T11:18:12Z</time>
   </trkpt>
   <trkpt lat="30.9467390" lon="75.7487980">
    <ele>234.7</ele>
    <time>2026-01-18T11:18:13Z</time>
   </trkpt>
   <trkpt lat="30.9467840" lon="75.7487970">
    <ele>234.8</ele>
    <time>2026-01-18T11:18:14Z</time>
   </trkpt>
   <trkpt lat="30.9468280" lon="75.7487990">
    <ele>234.8</ele>
    <time>2026-01-18T11:18:15Z</time>
   </trkpt>
   <trkpt lat="30.9468840" lon="75.7488020">
    <ele>234.9</ele>
    <time>2026-01-18T11:18:16Z</time>
   </trkpt>
   <trkpt lat="30.9469280" lon="75.7488000">
    <ele>234.9</ele>
    <time>2026-01-18T11:18:17Z</time>
   </trkpt>
   <trkpt lat="30.9469700" lon="75.7487960">
    <ele>234.9</ele>
    <time>2026-01-18T11:18:18Z</time>
   </trkpt>
   <trkpt lat="30.9470170" lon="75.7487920">
    <ele>235.0</ele>
    <time>2026-01-18T11:18:19Z</time>
   </trkpt>
   <trkpt lat="30.9470680" lon="75.7487950">
    <ele>235.0</ele>
    <time>2026-01-18T11:18:20Z</time>
   </trkpt>
   <trkpt lat="30.9471120" lon="75.7487990">
    <ele>235.0</ele>
    <time>2026-01-18T11:18:21Z</time>
   </trkpt>
   <trkpt lat="30.9471560" lon="75.7487980">
    <ele>235.1</ele>
    <time>2026-01-18T11:18:22Z</time>
   </trkpt>
   <trkpt lat="30.9472020" lon="75.7487990">
    <ele>235.1</ele>
    <time>2026-01-18T11:18:23Z</time>
   </trkpt>
   <trkpt lat="30.9472450" lon="75.7487980">
    <ele>235.2</ele>
    <time>2026-01-18T11:18:24Z</time>
   </trkpt>
   <trkpt lat="30.9472880" lon="75.7487950">
    <ele>235.2</ele>
    <time>2026-01-18T11:18:25Z</time>
   </trkpt>
   <trkpt lat="30.9473320" lon="75.7487940">
    <ele>235.2</ele>
    <time>2026-01-18T11:18:26Z</time>
   </trkpt>
   <trkpt lat="30.9473770" lon="75.7487940">
    <ele>235.3</ele>
    <time>2026-01-18T11:18:27Z</time>
   </trkpt>
   <trkpt lat="30.9474180" lon="75.7487950">
    <ele>235.3</ele>
    <time>2026-01-18T11:18:28Z</time>
   </trkpt>
   <trkpt lat="30.9474660" lon="75.7487960">
    <ele>235.3</ele>
    <time>2026-01-18T11:18:29Z</time>
   </trkpt>
   <trkpt lat="30.9475110" lon="75.7487970">
    <ele>235.4</ele>
    <time>2026-01-18T11:18:30Z</time>
   </trkpt>
   <trkpt lat="30.9475560" lon="75.7488000">
    <ele>235.4</ele>
    <time>2026-01-18T11:18:31Z</time>
   </trkpt>
   <trkpt lat="30.9476040" lon="75.7487980">
    <ele>235.5</ele>
    <time>2026-01-18T11:18:32Z</time>
   </trkpt>
   <trkpt lat="30.9476470" lon="75.7487980">
    <ele>235.5</ele>
    <time>2026-01-18T11:18:33Z</time>
   </trkpt>
   <trkpt lat="30.9476950" lon="75.7487930">
    <ele>235.5</ele>
    <time>2026-01-18T11:18:34Z</time>
   </trkpt>
   <trkpt lat="30.9477380" lon="75.7487950">
    <ele>235.6</ele>
    <time>2026-01-18T11:18:35Z</time>
   </trkpt>
   <trkpt lat="30.9477840" lon="75.7487960">
    <ele>235.6</ele>
    <time>2026-01-18T11:18:36Z</time>
   </trkpt>
   <trkpt lat="30.9478330" lon="75.7487930">
    <ele>235.7</ele>
    <time>2026-01-18T11:18:37Z</time>
   </trkpt>
   <trkpt lat="30.9478740" lon="75.7487940">
    <ele>235.7</ele>
    <time>2026-01-18T11:18:38Z</time>
   </trkpt>
   <trkpt lat="30.9479200" lon="75.7487980">
    <ele>235.8</ele>
    <time>2026-01-18T11:18:39Z</time>
   </trkpt>
   <trkpt lat="30.9479690" lon="75.7487980">
    <ele>235.8</ele>
    <time>2026-01-18T11:18:40Z</time>
   </trkpt>
   <trkpt lat="30.9480200" lon="75.7487990">
    <ele>235.9</ele>
    <time>2026-01-18T11:18:41Z</time>
   </trkpt>
   <trkpt lat="30.9480710" lon="75.7488010">
    <ele>235.9</ele>
    <time>2026-01-18T11:18:42Z</time>
   </trkpt>
   <trkpt lat="30.9481190" lon="75.7488010">
    <ele>236.0</ele>
    <time>2026-01-18T11:18:43Z</time>
   </trkpt>
   <trkpt lat="30.9481680" lon="75.7487990">
    <ele>236.0</ele>
    <time>2026-01-18T11:18:44Z</time>
   </trkpt>
   <trkpt lat="30.9482170" lon="75.7487970">
    <ele>236.1</ele>
    <time>2026-01-18T11:18:45Z</time>
   </trkpt>
   <trkpt lat="30.9482670" lon="75.7487940">
    <ele>236.1</ele>
    <time>2026-01-18T11:18:46Z</time>
   </trkpt>
   <trkpt lat="30.9483160" lon="75.7487940">
    <ele>236.2</ele>
    <time>2026-01-18T11:18:47Z</time>
   </trkpt>
   <trkpt lat="30.9483660" lon="75.7487970">
    <ele>236.2</ele>
    <time>2026-01-18T11:18:48Z</time>
   </trkpt>
   <trkpt lat="30.9484150" lon="75.7487980">
    <ele>236.3</ele>
    <time>2026-01-18T11:18:49Z</time>
   </trkpt>
   <trkpt lat="30.9484660" lon="75.7487990">
    <ele>236.4</ele>
    <time>2026-01-18T11:18:50Z</time>
   </trkpt>
   <trkpt lat="30.9485170" lon="75.7488000">
    <ele>236.4</ele>
    <time>2026-01-18T11:18:51Z</time>
   </trkpt>
   <trkpt lat="30.9485680" lon="75.7488000">
    <ele>236.5</ele>
    <time>2026-01-18T11:18:52Z</time>
   </trkpt>
   <trkpt lat="30.9486190" lon="75.7488000">
    <ele>236.5</ele>
    <time>2026-01-18T11:18:53Z</time>
   </trkpt>
   <trkpt lat="30.9486670" lon="75.7488030">
    <ele>236.6</ele>
    <time>2026-01-18T11:18:54Z</time>
   </trkpt>
   <trkpt lat="30.9487130" lon="75.7488050">
    <ele>236.6</ele>
    <time>2026-01-18T11:18:55Z</time>
   </trkpt>
   <trkpt lat="30.9487580" lon="75.7488060">
    <ele>236.6</ele>
    <time>2026-01-18T11:18:56Z</time>
   </trkpt>
   <trkpt lat="30.9488010" lon="75.7488070">
    <ele>236.7</ele>
    <time>2026-01-18T11:18:57Z</time>
   </trkpt>
   <trkpt lat="30.9488450" lon="75.7488070">
    <ele>236.7</ele>
    <time>2026-01-18T11:18:58Z</time>
   </trkpt>
   <trkpt lat="30.9488890" lon="75.7488050">
    <ele>236.8</ele>
    <time>2026-01-18T11:18:59Z</time>
   </trkpt>
   <trkpt lat="30.9489330" lon="75.7488050">
    <ele>236.8</ele>
    <time>2026-01-18T11:19:00Z</time>
   </trkpt>
   <trkpt lat="30.9489790" lon="75.7488050">
    <ele>236.8</ele>
    <time>2026-01-18T11:19:01Z</time>
   </trkpt>
   <trkpt lat="30.9490250" lon="75.7488080">
    <ele>236.9</ele>
    <time>2026-01-18T11:19:02Z</time>
   </trkpt>
   <trkpt lat="30.9490720" lon="75.7488070">
    <ele>236.9</ele>
    <time>2026-01-18T11:19:03Z</time>
   </trkpt>
   <trkpt lat="30.9491190" lon="75.7488080">
    <ele>236.9</ele>
    <time>2026-01-18T11:19:04Z</time>
   </trkpt>
   <trkpt lat="30.9491660" lon="75.7488060">
    <ele>237.0</ele>
    <time>2026-01-18T11:19:05Z</time>
   </trkpt>
   <trkpt lat="30.9492120" lon="75.7488050">
    <ele>237.0</ele>
    <time>2026-01-18T11:19:06Z</time>
   </trkpt>
   <trkpt lat="30.9492610" lon="75.7488030">
    <ele>237.0</ele>
    <time>2026-01-18T11:19:07Z</time>
   </trkpt>
   <trkpt lat="30.9493070" lon="75.7488040">
    <ele>237.0</ele>
    <time>2026-01-18T11:19:08Z</time>
   </trkpt>
   <trkpt lat="30.9493540" lon="75.7488050">
    <ele>237.0</ele>
    <time>2026-01-18T11:19:09Z</time>
   </trkpt>
   <trkpt lat="30.9494020" lon="75.7488030">
    <ele>237.1</ele>
    <time>2026-01-18T11:19:10Z</time>
   </trkpt>
   <trkpt lat="30.9494490" lon="75.7488010">
    <ele>237.1</ele>
    <time>2026-01-18T11:19:11Z</time>
   </trkpt>
   <trkpt lat="30.9494950" lon="75.7488020">
    <ele>237.1</ele>
    <time>2026-01-18T11:19:12Z</time>
   </trkpt>
   <trkpt lat="30.9495410" lon="75.7488000">
    <ele>237.1</ele>
    <time>2026-01-18T11:19:13Z</time>
   </trkpt>
   <trkpt lat="30.9495900" lon="75.7488000">
    <ele>237.1</ele>
    <time>2026-01-18T11:19:14Z</time>
   </trkpt>
   <trkpt lat="30.9496350" lon="75.7487980">
    <ele>237.1</ele>
    <time>2026-01-18T11:19:15Z</time>
   </trkpt>
   <trkpt lat="30.9496830" lon="75.7487970">
    <ele>237.2</ele>
    <time>2026-01-18T11:19:16Z</time>
   </trkpt>
   <trkpt lat="30.9497250" lon="75.7487960">
    <ele>237.2</ele>
    <time>2026-01-18T11:19:17Z</time>
   </trkpt>
   <trkpt lat="30.9497700" lon="75.7487970">
    <ele>237.2</ele>
    <time>2026-01-18T11:19:18Z</time>
   </trkpt>
   <trkpt lat="30.9498140" lon="75.7487990">
    <ele>237.2</ele>
    <time>2026-01-18T11:19:19Z</time>
   </trkpt>
   <trkpt lat="30.9498600" lon="75.7487980">
    <ele>237.2</ele>
    <time>2026-01-18T11:19:20Z</time>
   </trkpt>
   <trkpt lat="30.9499060" lon="75.7487980">
    <ele>237.3</ele>
    <time>2026-01-18T11:19:21Z</time>
   </trkpt>
   <trkpt lat="30.9499500" lon="75.7487990">
    <ele>237.3</ele>
    <time>2026-01-18T11:19:22Z</time>
   </trkpt>
   <trkpt lat="30.9499940" lon="75.7487990">
    <ele>237.3</ele>
    <time>2026-01-18T11:19:23Z</time>
   </trkpt>
   <trkpt lat="30.9500410" lon="75.7487990">
    <ele>237.3</ele>
    <time>2026-01-18T11:19:24Z</time>
   </trkpt>
   <trkpt lat="30.9500840" lon="75.7488020">
    <ele>237.3</ele>
    <time>2026-01-18T11:19:25Z</time>
   </trkpt>
   <trkpt lat="30.9501300" lon="75.7488020">
    <ele>237.4</ele>
    <time>2026-01-18T11:19:26Z</time>
   </trkpt>
   <trkpt lat="30.9501710" lon="75.7488010">
    <ele>237.4</ele>
    <time>2026-01-18T11:19:27Z</time>
   </trkpt>
   <trkpt lat="30.9502170" lon="75.7487970">
    <ele>237.4</ele>
    <time>2026-01-18T11:19:28Z</time>
   </trkpt>
   <trkpt lat="30.9502620" lon="75.7487970">
    <ele>237.4</ele>
    <time>2026-01-18T11:19:29Z</time>
   </trkpt>
   <trkpt lat="30.9503060" lon="75.7488000">
    <ele>237.4</ele>
    <time>2026-01-18T11:19:30Z</time>
   </trkpt>
   <trkpt lat="30.9503540" lon="75.7488010">
    <ele>237.5</ele>
    <time>2026-01-18T11:19:31Z</time>
   </trkpt>
   <trkpt lat="30.9504010" lon="75.7488010">
    <ele>237.5</ele>
    <time>2026-01-18T11:19:32Z</time>
   </trkpt>
   <trkpt lat="30.9504450" lon="75.7487950">
    <ele>237.5</ele>
    <time>2026-01-18T11:19:33Z</time>
   </trkpt>
   <trkpt lat="30.9504860" lon="75.7487890">
    <ele>237.5</ele>
    <time>2026-01-18T11:19:34Z</time>
   </trkpt>
   <trkpt lat="30.9505270" lon="75.7487880">
    <ele>237.5</ele>
    <time>2026-01-18T11:19:35Z</time>
   </trkpt>
   <trkpt lat="30.9505720" lon="75.7487900">
    <ele>237.5</ele>
    <time>2026-01-18T11:19:36Z</time>
   </trkpt>
   <trkpt lat="30.9506200" lon="75.7487900">
    <ele>237.5</ele>
    <time>2026-01-18T11:19:37Z</time>
   </trkpt>
   <trkpt lat="30.9506650" lon="75.7487830">
    <ele>237.5</ele>
    <time>2026-01-18T11:19:38Z</time>
   </trkpt>
   <trkpt lat="30.9507110" lon="75.7487780">
    <ele>237.5</ele>
    <time>2026-01-18T11:19:39Z</time>
   </trkpt>
   <trkpt lat="30.9507580" lon="75.7487740">
    <ele>237.5</ele>
    <time>2026-01-18T11:19:40Z</time>
   </trkpt>
   <trkpt lat="30.9508090" lon="75.7487680">
    <ele>237.6</ele>
    <time>2026-01-18T11:19:41Z</time>
   </trkpt>
   <trkpt lat="30.9508590" lon="75.7487600">
    <ele>237.6</ele>
    <time>2026-01-18T11:19:42Z</time>
   </trkpt>
   <trkpt lat="30.9509080" lon="75.7487550">
    <ele>237.6</ele>
    <time>2026-01-18T11:19:43Z</time>
   </trkpt>
   <trkpt lat="30.9509560" lon="75.7487480">
    <ele>237.6</ele>
    <time>2026-01-18T11:19:44Z</time>
   </trkpt>
   <trkpt lat="30.9510030" lon="75.7487390">
    <ele>237.6</ele>
    <time>2026-01-18T11:19:45Z</time>
   </trkpt>
   <trkpt lat="30.9510500" lon="75.7487260">
    <ele>237.6</ele>
    <time>2026-01-18T11:19:46Z</time>
   </trkpt>
   <trkpt lat="30.9510980" lon="75.7487090">
    <ele>237.6</ele>
    <time>2026-01-18T11:19:47Z</time>
   </trkpt>
   <trkpt lat="30.9511480" lon="75.7486910">
    <ele>237.6</ele>
    <time>2026-01-18T11:19:48Z</time>
   </trkpt>
   <trkpt lat="30.9511950" lon="75.7486820">
    <ele>237.6</ele>
    <time>2026-01-18T11:19:49Z</time>
   </trkpt>
   <trkpt lat="30.9512390" lon="75.7486730">
    <ele>237.6</ele>
    <time>2026-01-18T11:19:50Z</time>
   </trkpt>
   <trkpt lat="30.9512870" lon="75.7486570">
    <ele>237.7</ele>
    <time>2026-01-18T11:19:51Z</time>
   </trkpt>
   <trkpt lat="30.9513290" lon="75.7486410">
    <ele>237.7</ele>
    <time>2026-01-18T11:19:52Z</time>
   </trkpt>
   <trkpt lat="30.9513710" lon="75.7486270">
    <ele>237.7</ele>
    <time>2026-01-18T11:19:53Z</time>
   </trkpt>
   <trkpt lat="30.9514150" lon="75.7486130">
    <ele>237.7</ele>
    <time>2026-01-18T11:19:54Z</time>
   </trkpt>
   <trkpt lat="30.9514560" lon="75.7485940">
    <ele>237.8</ele>
    <time>2026-01-18T11:19:55Z</time>
   </trkpt>
   <trkpt lat="30.9515010" lon="75.7485780">
    <ele>237.8</ele>
    <time>2026-01-18T11:19:56Z</time>
   </trkpt>
   <trkpt lat="30.9515480" lon="75.7485630">
    <ele>237.8</ele>
    <time>2026-01-18T11:19:57Z</time>
   </trkpt>
   <trkpt lat="30.9515940" lon="75.7485490">
    <ele>237.8</ele>
    <time>2026-01-18T11:19:58Z</time>
   </trkpt>
   <trkpt lat="30.9516400" lon="75.7485360">
    <ele>237.9</ele>
    <time>2026-01-18T11:19:59Z</time>
   </trkpt>
   <trkpt lat="30.9516850" lon="75.7485200">
    <ele>237.9</ele>
    <time>2026-01-18T11:20:00Z</time>
   </trkpt>
   <trkpt lat="30.9517290" lon="75.7485010">
    <ele>238.0</ele>
    <time>2026-01-18T11:20:01Z</time>
   </trkpt>
   <trkpt lat="30.9517750" lon="75.7484800">
    <ele>238.0</ele>
    <time>2026-01-18T11:20:02Z</time>
   </trkpt>
   <trkpt lat="30.9518180" lon="75.7484630">
    <ele>238.0</ele>
    <time>2026-01-18T11:20:03Z</time>
   </trkpt>
   <trkpt lat="30.9518570" lon="75.7484410">
    <ele>238.1</ele>
    <time>2026-01-18T11:20:04Z</time>
   </trkpt>
   <trkpt lat="30.9519050" lon="75.7484250">
    <ele>238.1</ele>
    <time>2026-01-18T11:20:05Z</time>
   </trkpt>
   <trkpt lat="30.9519480" lon="75.7484030">
    <ele>238.1</ele>
    <time>2026-01-18T11:20:06Z</time>
   </trkpt>
   <trkpt lat="30.9519890" lon="75.7483790">
    <ele>238.1</ele>
    <time>2026-01-18T11:20:07Z</time>
   </trkpt>
   <trkpt lat="30.9520330" lon="75.7483550">
    <ele>238.1</ele>
    <time>2026-01-18T11:20:08Z</time>
   </trkpt>
   <trkpt lat="30.9520740" lon="75.7483290">
    <ele>238.1</ele>
    <time>2026-01-18T11:20:09Z</time>
   </trkpt>
   <trkpt lat="30.9521180" lon="75.7483060">
    <ele>238.1</ele>
    <time>2026-01-18T11:20:10Z</time>
   </trkpt>
   <trkpt lat="30.9521600" lon="75.7482820">
    <ele>238.1</ele>
    <time>2026-01-18T11:20:11Z</time>
   </trkpt>
   <trkpt lat="30.9522020" lon="75.7482540">
    <ele>238.1</ele>
    <time>2026-01-18T11:20:12Z</time>
   </trkpt>
   <trkpt lat="30.9522440" lon="75.7482260">
    <ele>238.1</ele>
    <time>2026-01-18T11:20:13Z</time>
   </trkpt>
   <trkpt lat="30.9522830" lon="75.7481970">
    <ele>238.2</ele>
    <time>2026-01-18T11:20:14Z</time>
   </trkpt>
   <trkpt lat="30.9523240" lon="75.7481690">
    <ele>238.2</ele>
    <time>2026-01-18T11:20:15Z</time>
   </trkpt>
   <trkpt lat="30.9523650" lon="75.7481410">
    <ele>238.2</ele>
    <time>2026-01-18T11:20:16Z</time>
   </trkpt>
   <trkpt lat="30.9524060" lon="75.7481100">
    <ele>238.2</ele>
    <time>2026-01-18T11:20:17Z</time>
   </trkpt>
   <trkpt lat="30.9524480" lon="75.7480800">
    <ele>238.2</ele>
    <time>2026-01-18T11:20:18Z</time>
   </trkpt>
   <trkpt lat="30.9524900" lon="75.7480490">
    <ele>238.2</ele>
    <time>2026-01-18T11:20:19Z</time>
   </trkpt>
   <trkpt lat="30.9525310" lon="75.7480140">
    <ele>238.2</ele>
    <time>2026-01-18T11:20:20Z</time>
   </trkpt>
   <trkpt lat="30.9525710" lon="75.7479800">
    <ele>238.2</ele>
    <time>2026-01-18T11:20:21Z</time>
   </trkpt>
   <trkpt lat="30.9526020" lon="75.7479560">
    <ele>238.2</ele>
    <time>2026-01-18T11:20:22Z</time>
   </trkpt>
   <trkpt lat="30.9526380" lon="75.7479260">
    <ele>238.1</ele>
    <time>2026-01-18T11:20:23Z</time>
   </trkpt>
   <trkpt lat="30.9526800" lon="75.7478920">
    <ele>238.1</ele>
    <time>2026-01-18T11:20:24Z</time>
   </trkpt>
   <trkpt lat="30.9527200" lon="75.7478570">
    <ele>238.1</ele>
    <time>2026-01-18T11:20:25Z</time>
   </trkpt>
   <trkpt lat="30.9527590" lon="75.7478220">
    <ele>238.0</ele>
    <time>2026-01-18T11:20:26Z</time>
   </trkpt>
   <trkpt lat="30.9528010" lon="75.7477840">
    <ele>238.0</ele>
    <time>2026-01-18T11:20:27Z</time>
   </trkpt>
   <trkpt lat="30.9528430" lon="75.7477470">
    <ele>237.9</ele>
    <time>2026-01-18T11:20:28Z</time>
   </trkpt>
   <trkpt lat="30.9528850" lon="75.7477100">
    <ele>237.9</ele>
    <time>2026-01-18T11:20:29Z</time>
   </trkpt>
   <trkpt lat="30.9529300" lon="75.7476710">
    <ele>237.8</ele>
    <time>2026-01-18T11:20:30Z</time>
   </trkpt>
   <trkpt lat="30.9529710" lon="75.7476350">
    <ele>237.8</ele>
    <time>2026-01-18T11:20:31Z</time>
   </trkpt>
   <trkpt lat="30.9530200" lon="75.7475920">
    <ele>237.7</ele>
    <time>2026-01-18T11:20:32Z</time>
   </trkpt>
   <trkpt lat="30.9530770" lon="75.7475410">
    <ele>237.6</ele>
    <time>2026-01-18T11:20:33Z</time>
   </trkpt>
   <trkpt lat="30.9531200" lon="75.7475040">
    <ele>237.5</ele>
    <time>2026-01-18T11:20:34Z</time>
   </trkpt>
   <trkpt lat="30.9531630" lon="75.7474650">
    <ele>237.4</ele>
    <time>2026-01-18T11:20:35Z</time>
   </trkpt>
   <trkpt lat="30.9532060" lon="75.7474250">
    <ele>237.4</ele>
    <time>2026-01-18T11:20:36Z</time>
   </trkpt>
   <trkpt lat="30.9532510" lon="75.7473860">
    <ele>237.3</ele>
    <time>2026-01-18T11:20:37Z</time>
   </trkpt>
   <trkpt lat="30.9532940" lon="75.7473490">
    <ele>237.3</ele>
    <time>2026-01-18T11:20:38Z</time>
   </trkpt>
   <trkpt lat="30.9533320" lon="75.7473080">
    <ele>237.2</ele>
    <time>2026-01-18T11:20:39Z</time>
   </trkpt>
   <trkpt lat="30.9533670" lon="75.7472680">
    <ele>237.1</ele>
    <time>2026-01-18T11:20:40Z</time>
   </trkpt>
   <trkpt lat="30.9533960" lon="75.7472440">
    <ele>237.1</ele>
    <time>2026-01-18T11:20:41Z</time>
   </trkpt>
   <trkpt lat="30.9534270" lon="75.7471920">
    <ele>237.0</ele>
    <time>2026-01-18T11:20:42Z</time>
   </trkpt>
   <trkpt lat="30.9534660" lon="75.7471390">
    <ele>236.8</ele>
    <time>2026-01-18T11:20:43Z</time>
   </trkpt>
   <trkpt lat="30.9535170" lon="75.7471210">
    <ele>236.7</ele>
    <time>2026-01-18T11:20:44Z</time>
   </trkpt>
   <trkpt lat="30.9535690" lon="75.7470870">
    <ele>236.5</ele>
    <time>2026-01-18T11:20:45Z</time>
   </trkpt>
   <trkpt lat="30.9536200" lon="75.7470480">
    <ele>236.4</ele>
    <time>2026-01-18T11:20:46Z</time>
   </trkpt>
   <trkpt lat="30.9536660" lon="75.7470090">
    <ele>236.2</ele>
    <time>2026-01-18T11:20:47Z</time>
   </trkpt>
   <trkpt lat="30.9537160" lon="75.7469730">
    <ele>236.2</ele>
    <time>2026-01-18T11:20:48Z</time>
   </trkpt>
   <trkpt lat="30.9537670" lon="75.7469350">
    <ele>236.2</ele>
    <time>2026-01-18T11:20:49Z</time>
   </trkpt>
   <trkpt lat="30.9538170" lon="75.7468940">
    <ele>236.2</ele>
    <time>2026-01-18T11:20:50Z</time>
   </trkpt>
   <trkpt lat="30.9538620" lon="75.7468510">
    <ele>236.2</ele>
    <time>2026-01-18T11:20:51Z</time>
   </trkpt>
   <trkpt lat="30.9539120" lon="75.7468080">
    <ele>236.2</ele>
    <time>2026-01-18T11:20:52Z</time>
   </trkpt>
   <trkpt lat="30.9539600" lon="75.7467670">
    <ele>236.2</ele>
    <time>2026-01-18T11:20:53Z</time>
   </trkpt>
   <trkpt lat="30.9540100" lon="75.7467240">
    <ele>236.2</ele>
    <time>2026-01-18T11:20:54Z</time>
   </trkpt>
   <trkpt lat="30.9540620" lon="75.7466820">
    <ele>236.2</ele>
    <time>2026-01-18T11:20:55Z</time>
   </trkpt>
   <trkpt lat="30.9541110" lon="75.7466390">
    <ele>236.2</ele>
    <time>2026-01-18T11:20:56Z</time>
   </trkpt>
   <trkpt lat="30.9541590" lon="75.7465950">
    <ele>236.2</ele>
    <time>2026-01-18T11:20:57Z</time>
   </trkpt>
   <trkpt lat="30.9542080" lon="75.7465520">
    <ele>236.2</ele>
    <time>2026-01-18T11:20:58Z</time>
   </trkpt>
   <trkpt lat="30.9542550" lon="75.7465100">
    <ele>236.2</ele>
    <time>2026-01-18T11:20:59Z</time>
   </trkpt>
   <trkpt lat="30.9543040" lon="75.7464670">
    <ele>236.2</ele>
    <time>2026-01-18T11:21:00Z</time>
   </trkpt>
   <trkpt lat="30.9543500" lon="75.7464270">
    <ele>236.2</ele>
    <time>2026-01-18T11:21:01Z</time>
   </trkpt>
   <trkpt lat="30.9543980" lon="75.7463850">
    <ele>236.2</ele>
    <time>2026-01-18T11:21:02Z</time>
   </trkpt>
   <trkpt lat="30.9544400" lon="75.7463450">
    <ele>236.2</ele>
    <time>2026-01-18T11:21:03Z</time>
   </trkpt>
   <trkpt lat="30.9544890" lon="75.7463050">
    <ele>236.2</ele>
    <time>2026-01-18T11:21:04Z</time>
   </trkpt>
   <trkpt lat="30.9545350" lon="75.7462640">
    <ele>236.2</ele>
    <time>2026-01-18T11:21:05Z</time>
   </trkpt>
   <trkpt lat="30.9545790" lon="75.7462240">
    <ele>236.2</ele>
    <time>2026-01-18T11:21:06Z</time>
   </trkpt>
   <trkpt lat="30.9546220" lon="75.7461860">
    <ele>236.1</ele>
    <time>2026-01-18T11:21:07Z</time>
   </trkpt>
   <trkpt lat="30.9546630" lon="75.7461490">
    <ele>236.1</ele>
    <time>2026-01-18T11:21:08Z</time>
   </trkpt>
   <trkpt lat="30.9547060" lon="75.7461120">
    <ele>236.1</ele>
    <time>2026-01-18T11:21:09Z</time>
   </trkpt>
   <trkpt lat="30.9547460" lon="75.7460750">
    <ele>236.1</ele>
    <time>2026-01-18T11:21:10Z</time>
   </trkpt>
   <trkpt lat="30.9547840" lon="75.7460370">
    <ele>236.1</ele>
    <time>2026-01-18T11:21:11Z</time>
   </trkpt>
   <trkpt lat="30.9548250" lon="75.7460010">
    <ele>236.1</ele>
    <time>2026-01-18T11:21:12Z</time>
   </trkpt>
   <trkpt lat="30.9548650" lon="75.7459680">
    <ele>236.1</ele>
    <time>2026-01-18T11:21:13Z</time>
   </trkpt>
   <trkpt lat="30.9549020" lon="75.7459350">
    <ele>236.1</ele>
    <time>2026-01-18T11:21:14Z</time>
   </trkpt>
   <trkpt lat="30.9549400" lon="75.7459020">
    <ele>236.1</ele>
    <time>2026-01-18T11:21:15Z</time>
   </trkpt>
   <trkpt lat="30.9549750" lon="75.7458690">
    <ele>236.1</ele>
    <time>2026-01-18T11:21:16Z</time>
   </trkpt>
   <trkpt lat="30.9550110" lon="75.7458390">
    <ele>236.1</ele>
    <time>2026-01-18T11:21:17Z</time>
   </trkpt>
   <trkpt lat="30.9550460" lon="75.7458080">
    <ele>236.1</ele>
    <time>2026-01-18T11:21:18Z</time>
   </trkpt>
   <trkpt lat="30.9550820" lon="75.7457780">
    <ele>236.1</ele>
    <time>2026-01-18T11:21:19Z</time>
   </trkpt>
   <trkpt lat="30.9551160" lon="75.7457500">
    <ele>236.1</ele>
    <time>2026-01-18T11:21:20Z</time>
   </trkpt>
   <trkpt lat="30.9551480" lon="75.7457210">
    <ele>236.1</ele>
    <time>2026-01-18T11:21:21Z</time>
   </trkpt>
   <trkpt lat="30.9551790" lon="75.7456930">
    <ele>236.1</ele>
    <time>2026-01-18T11:21:22Z</time>
   </trkpt>
   <trkpt lat="30.9552100" lon="75.7456650">
    <ele>236.1</ele>
    <time>2026-01-18T11:21:23Z</time>
   </trkpt>
   <trkpt lat="30.9552330" lon="75.7456390">
    <ele>236.1</ele>
    <time>2026-01-18T11:21:24Z</time>
   </trkpt>
   <trkpt lat="30.9552590" lon="75.7456190">
    <ele>236.1</ele>
    <time>2026-01-18T11:21:25Z</time>
   </trkpt>
   <trkpt lat="30.9552860" lon="75.7456030">
    <ele>236.1</ele>
    <time>2026-01-18T11:21:26Z</time>
   </trkpt>
   <trkpt lat="30.9553210" lon="75.7455750">
    <ele>236.1</ele>
    <time>2026-01-18T11:21:27Z</time>
   </trkpt>
   <trkpt lat="30.9553410" lon="75.7455450">
    <ele>236.1</ele>
    <time>2026-01-18T11:21:28Z</time>
   </trkpt>
   <trkpt lat="30.9553510" lon="75.7455380">
    <ele>236.1</ele>
    <time>2026-01-18T11:21:29Z</time>
   </trkpt>
   <trkpt lat="30.9553780" lon="75.7455140">
    <ele>236.1</ele>
    <time>2026-01-18T11:21:30Z</time>
   </trkpt>
   <trkpt lat="30.9554030" lon="75.7454950">
    <ele>236.1</ele>
    <time>2026-01-18T11:21:31Z</time>
   </trkpt>
   <trkpt lat="30.9554280" lon="75.7454750">
    <ele>236.1</ele>
    <time>2026-01-18T11:21:32Z</time>
   </trkpt>
   <trkpt lat="30.9554550" lon="75.7454530">
    <ele>236.1</ele>
    <time>2026-01-18T11:21:33Z</time>
   </trkpt>
   <trkpt lat="30.9554830" lon="75.7454260">
    <ele>236.1</ele>
    <time>2026-01-18T11:21:34Z</time>
   </trkpt>
   <trkpt lat="30.9555130" lon="75.7454000">
    <ele>236.1</ele>
    <time>2026-01-18T11:21:35Z</time>
   </trkpt>
   <trkpt lat="30.9555410" lon="75.7453730">
    <ele>236.1</ele>
    <time>2026-01-18T11:21:36Z</time>
   </trkpt>
   <trkpt lat="30.9555740" lon="75.7453440">
    <ele>236.1</ele>
    <time>2026-01-18T11:21:37Z</time>
   </trkpt>
   <trkpt lat="30.9556070" lon="75.7453160">
    <ele>236.1</ele>
    <time>2026-01-18T11:21:38Z</time>
   </trkpt>
   <trkpt lat="30.9556390" lon="75.7452850">
    <ele>236.1</ele>
    <time>2026-01-18T11:21:39Z</time>
   </trkpt>
   <trkpt lat="30.9556750" lon="75.7452560">
    <ele>236.1</ele>
    <time>2026-01-18T11:21:40Z</time>
   </trkpt>
   <trkpt lat="30.9557110" lon="75.7452240">
    <ele>236.1</ele>
    <time>2026-01-18T11:21:41Z</time>
   </trkpt>
   <trkpt lat="30.9557470" lon="75.7451930">
    <ele>236.1</ele>
    <time>2026-01-18T11:21:42Z</time>
   </trkpt>
   <trkpt lat="30.9557830" lon="75.7451610">
    <ele>236.1</ele>
    <time>2026-01-18T11:21:43Z</time>
   </trkpt>
   <trkpt lat="30.9558190" lon="75.7451310">
    <ele>236.1</ele>
    <time>2026-01-18T11:21:44Z</time>
   </trkpt>
   <trkpt lat="30.9558570" lon="75.7450990">
    <ele>236.1</ele>
    <time>2026-01-18T11:21:45Z</time>
   </trkpt>
   <trkpt lat="30.9558930" lon="75.7450660">
    <ele>236.1</ele>
    <time>2026-01-18T11:21:46Z</time>
   </trkpt>
   <trkpt lat="30.9559300" lon="75.7450330">
    <ele>236.1</ele>
    <time>2026-01-18T11:21:47Z</time>
   </trkpt>
   <trkpt lat="30.9559640" lon="75.7450080">
    <ele>236.1</ele>
    <time>2026-01-18T11:21:48Z</time>
   </trkpt>
   <trkpt lat="30.9560010" lon="75.7449790">
    <ele>236.1</ele>
    <time>2026-01-18T11:21:49Z</time>
   </trkpt>
   <trkpt lat="30.9560400" lon="75.7449450">
    <ele>236.1</ele>
    <time>2026-01-18T11:21:50Z</time>
   </trkpt>
   <trkpt lat="30.9560750" lon="75.7449080">
    <ele>236.1</ele>
    <time>2026-01-18T11:21:51Z</time>
   </trkpt>
   <trkpt lat="30.9561130" lon="75.7448840">
    <ele>236.1</ele>
    <time>2026-01-18T11:21:52Z</time>
   </trkpt>
   <trkpt lat="30.9561520" lon="75.7448560">
    <ele>236.1</ele>
    <time>2026-01-18T11:21:53Z</time>
   </trkpt>
   <trkpt lat="30.9561890" lon="75.7448220">
    <ele>236.1</ele>
    <time>2026-01-18T11:21:54Z</time>
   </trkpt>
   <trkpt lat="30.9562190" lon="75.7447910">
    <ele>236.1</ele>
    <time>2026-01-18T11:21:55Z</time>
   </trkpt>
   <trkpt lat="30.9562550" lon="75.7447640">
    <ele>236.1</ele>
    <time>2026-01-18T11:21:56Z</time>
   </trkpt>
   <trkpt lat="30.9562880" lon="75.7447450">
    <ele>236.1</ele>
    <time>2026-01-18T11:21:57Z</time>
   </trkpt>
   <trkpt lat="30.9563190" lon="75.7447220">
    <ele>236.1</ele>
    <time>2026-01-18T11:21:58Z</time>
   </trkpt>
   <trkpt lat="30.9563570" lon="75.7446970">
    <ele>236.1</ele>
    <time>2026-01-18T11:21:59Z</time>
   </trkpt>
   <trkpt lat="30.9563930" lon="75.7446730">
    <ele>236.1</ele>
    <time>2026-01-18T11:22:00Z</time>
   </trkpt>
   <trkpt lat="30.9564310" lon="75.7446500">
    <ele>236.1</ele>
    <time>2026-01-18T11:22:01Z</time>
   </trkpt>
   <trkpt lat="30.9564640" lon="75.7446300">
    <ele>236.1</ele>
    <time>2026-01-18T11:22:02Z</time>
   </trkpt>
   <trkpt lat="30.9565030" lon="75.7446030">
    <ele>236.0</ele>
    <time>2026-01-18T11:22:03Z</time>
   </trkpt>
   <trkpt lat="30.9565430" lon="75.7445770">
    <ele>236.0</ele>
    <time>2026-01-18T11:22:04Z</time>
   </trkpt>
   <trkpt lat="30.9565830" lon="75.7445500">
    <ele>236.0</ele>
    <time>2026-01-18T11:22:05Z</time>
   </trkpt>
   <trkpt lat="30.9566190" lon="75.7445250">
    <ele>236.0</ele>
    <time>2026-01-18T11:22:06Z</time>
   </trkpt>
   <trkpt lat="30.9566610" lon="75.7445010">
    <ele>236.0</ele>
    <time>2026-01-18T11:22:07Z</time>
   </trkpt>
   <trkpt lat="30.9567070" lon="75.7444830">
    <ele>236.0</ele>
    <time>2026-01-18T11:22:08Z</time>
   </trkpt>
   <trkpt lat="30.9567400" lon="75.7444600">
    <ele>236.0</ele>
    <time>2026-01-18T11:22:09Z</time>
   </trkpt>
   <trkpt lat="30.9567700" lon="75.7444480">
    <ele>236.0</ele>
    <time>2026-01-18T11:22:10Z</time>
   </trkpt>
   <trkpt lat="30.9567880" lon="75.7444420">
    <ele>236.0</ele>
    <time>2026-01-18T11:22:11Z</time>
   </trkpt>
   <trkpt lat="30.9569030" lon="75.7444090">
    <ele>236.0</ele>
    <time>2026-01-18T11:22:12Z</time>
   </trkpt>
   <trkpt lat="30.9569480" lon="75.7443910">
    <ele>236.0</ele>
    <time>2026-01-18T11:22:13Z</time>
   </trkpt>
   <trkpt lat="30.9569900" lon="75.7443730">
    <ele>236.0</ele>
    <time>2026-01-18T11:22:14Z</time>
   </trkpt>
   <trkpt lat="30.9570330" lon="75.7443550">
    <ele>236.0</ele>
    <time>2026-01-18T11:22:15Z</time>
   </trkpt>
   <trkpt lat="30.9570750" lon="75.7443360">
    <ele>236.0</ele>
    <time>2026-01-18T11:22:16Z</time>
   </trkpt>
   <trkpt lat="30.9571160" lon="75.7443140">
    <ele>236.0</ele>
    <time>2026-01-18T11:22:17Z</time>
   </trkpt>
   <trkpt lat="30.9571620" lon="75.7442980">
    <ele>236.0</ele>
    <time>2026-01-18T11:22:18Z</time>
   </trkpt>
   <trkpt lat="30.9572030" lon="75.7442850">
    <ele>236.0</ele>
    <time>2026-01-18T11:22:19Z</time>
   </trkpt>
   <trkpt lat="30.9572450" lon="75.7442710">
    <ele>236.0</ele>
    <time>2026-01-18T11:22:20Z</time>
   </trkpt>
   <trkpt lat="30.9572900" lon="75.7442550">
    <ele>236.0</ele>
    <time>2026-01-18T11:22:21Z</time>
   </trkpt>
   <trkpt lat="30.9573350" lon="75.7442400">
    <ele>236.0</ele>
    <time>2026-01-18T11:22:22Z</time>
   </trkpt>
   <trkpt lat="30.9573810" lon="75.7442230">
    <ele>236.0</ele>
    <time>2026-01-18T11:22:23Z</time>
   </trkpt>
   <trkpt lat="30.9574240" lon="75.7442060">
    <ele>236.0</ele>
    <time>2026-01-18T11:22:24Z</time>
   </trkpt>
   <trkpt lat="30.9574690" lon="75.7441880">
    <ele>236.0</ele>
    <time>2026-01-18T11:22:25Z</time>
   </trkpt>
   <trkpt lat="30.9575080" lon="75.7441720">
    <ele>236.0</ele>
    <time>2026-01-18T11:22:26Z</time>
   </trkpt>
   <trkpt lat="30.9575530" lon="75.7441540">
    <ele>236.0</ele>
    <time>2026-01-18T11:22:27Z</time>
   </trkpt>
   <trkpt lat="30.9575960" lon="75.7441430">
    <ele>236.0</ele>
    <time>2026-01-18T11:22:28Z</time>
   </trkpt>
   <trkpt lat="30.9576350" lon="75.7441370">
    <ele>236.0</ele>
    <time>2026-01-18T11:22:29Z</time>
   </trkpt>
   <trkpt lat="30.9576690" lon="75.7441300">
    <ele>236.0</ele>
    <time>2026-01-18T11:22:30Z</time>
   </trkpt>
   <trkpt lat="30.9576980" lon="75.7441090">
    <ele>236.0</ele>
    <time>2026-01-18T11:22:31Z</time>
   </trkpt>
   <trkpt lat="30.9577150" lon="75.7441070">
    <ele>236.0</ele>
    <time>2026-01-18T11:22:32Z</time>
   </trkpt>
   <trkpt lat="30.9577490" lon="75.7441030">
    <ele>236.0</ele>
    <time>2026-01-18T11:22:33Z</time>
   </trkpt>
   <trkpt lat="30.9577880" lon="75.7440980">
    <ele>236.0</ele>
    <time>2026-01-18T11:22:34Z</time>
   </trkpt>
   <trkpt lat="30.9578200" lon="75.7440990">
    <ele>236.0</ele>
    <time>2026-01-18T11:22:35Z</time>
   </trkpt>
   <trkpt lat="30.9578580" lon="75.7440940">
    <ele>236.0</ele>
    <time>2026-01-18T11:22:36Z</time>
   </trkpt>
   <trkpt lat="30.9578920" lon="75.7440920">
    <ele>236.0</ele>
    <time>2026-01-18T11:22:37Z</time>
   </trkpt>
   <trkpt lat="30.9579050" lon="75.7440880">
    <ele>236.0</ele>
    <time>2026-01-18T11:22:38Z</time>
   </trkpt>
   <trkpt lat="30.9579320" lon="75.7440850">
    <ele>236.0</ele>
    <time>2026-01-18T11:22:40Z</time>
   </trkpt>
   <trkpt lat="30.9579730" lon="75.7440810">
    <ele>236.0</ele>
    <time>2026-01-18T11:22:41Z</time>
   </trkpt>
   <trkpt lat="30.9579880" lon="75.7440790">
    <ele>236.0</ele>
    <time>2026-01-18T11:22:42Z</time>
   </trkpt>
   <trkpt lat="30.9580690" lon="75.7440760">
    <ele>236.0</ele>
    <time>2026-01-18T11:22:43Z</time>
   </trkpt>
   <trkpt lat="30.9581270" lon="75.7440730">
    <ele>236.0</ele>
    <time>2026-01-18T11:22:44Z</time>
   </trkpt>
   <trkpt lat="30.9581670" lon="75.7440740">
    <ele>236.0</ele>
    <time>2026-01-18T11:22:45Z</time>
   </trkpt>
   <trkpt lat="30.9582050" lon="75.7440760">
    <ele>236.0</ele>
    <time>2026-01-18T11:22:46Z</time>
   </trkpt>
   <trkpt lat="30.9582440" lon="75.7440790">
    <ele>236.0</ele>
    <time>2026-01-18T11:22:47Z</time>
   </trkpt>
   <trkpt lat="30.9582840" lon="75.7440810">
    <ele>236.0</ele>
    <time>2026-01-18T11:22:48Z</time>
   </trkpt>
   <trkpt lat="30.9583260" lon="75.7440860">
    <ele>236.0</ele>
    <time>2026-01-18T11:22:49Z</time>
   </trkpt>
   <trkpt lat="30.9583720" lon="75.7440850">
    <ele>236.0</ele>
    <time>2026-01-18T11:22:50Z</time>
   </trkpt>
   <trkpt lat="30.9584150" lon="75.7440870">
    <ele>236.0</ele>
    <time>2026-01-18T11:22:51Z</time>
   </trkpt>
   <trkpt lat="30.9584570" lon="75.7440870">
    <ele>236.0</ele>
    <time>2026-01-18T11:22:52Z</time>
   </trkpt>
   <trkpt lat="30.9585010" lon="75.7440860">
    <ele>236.0</ele>
    <time>2026-01-18T11:22:53Z</time>
   </trkpt>
   <trkpt lat="30.9585490" lon="75.7440840">
    <ele>236.0</ele>
    <time>2026-01-18T11:22:54Z</time>
   </trkpt>
   <trkpt lat="30.9585940" lon="75.7440870">
    <ele>236.0</ele>
    <time>2026-01-18T11:22:55Z</time>
   </trkpt>
   <trkpt lat="30.9586380" lon="75.7440870">
    <ele>236.0</ele>
    <time>2026-01-18T11:22:56Z</time>
   </trkpt>
   <trkpt lat="30.9586830" lon="75.7440850">
    <ele>236.0</ele>
    <time>2026-01-18T11:22:57Z</time>
   </trkpt>
   <trkpt lat="30.9587260" lon="75.7440870">
    <ele>235.9</ele>
    <time>2026-01-18T11:22:58Z</time>
   </trkpt>
   <trkpt lat="30.9587630" lon="75.7440670">
    <ele>235.9</ele>
    <time>2026-01-18T11:22:59Z</time>
   </trkpt>
   <trkpt lat="30.9588060" lon="75.7440680">
    <ele>235.9</ele>
    <time>2026-01-18T11:23:00Z</time>
   </trkpt>
   <trkpt lat="30.9588540" lon="75.7440690">
    <ele>235.9</ele>
    <time>2026-01-18T11:23:01Z</time>
   </trkpt>
   <trkpt lat="30.9589060" lon="75.7440690">
    <ele>235.9</ele>
    <time>2026-01-18T11:23:02Z</time>
   </trkpt>
   <trkpt lat="30.9589530" lon="75.7440670">
    <ele>235.9</ele>
    <time>2026-01-18T11:23:03Z</time>
   </trkpt>
   <trkpt lat="30.9590020" lon="75.7440680">
    <ele>235.9</ele>
    <time>2026-01-18T11:23:04Z</time>
   </trkpt>
   <trkpt lat="30.9590420" lon="75.7440690">
    <ele>235.9</ele>
    <time>2026-01-18T11:23:05Z</time>
   </trkpt>
   <trkpt lat="30.9590890" lon="75.7440720">
    <ele>235.9</ele>
    <time>2026-01-18T11:23:06Z</time>
   </trkpt>
   <trkpt lat="30.9591270" lon="75.7440650">
    <ele>235.9</ele>
    <time>2026-01-18T11:23:07Z</time>
   </trkpt>
   <trkpt lat="30.9591740" lon="75.7440640">
    <ele>235.9</ele>
    <time>2026-01-18T11:23:08Z</time>
   </trkpt>
   <trkpt lat="30.9592250" lon="75.7440660">
    <ele>235.9</ele>
    <time>2026-01-18T11:23:09Z</time>
   </trkpt>
   <trkpt lat="30.9592720" lon="75.7440720">
    <ele>235.9</ele>
    <time>2026-01-18T11:23:10Z</time>
   </trkpt>
   <trkpt lat="30.9593210" lon="75.7440690">
    <ele>235.9</ele>
    <time>2026-01-18T11:23:11Z</time>
   </trkpt>
   <trkpt lat="30.9593690" lon="75.7440700">
    <ele>235.9</ele>
    <time>2026-01-18T11:23:12Z</time>
   </trkpt>
   <trkpt lat="30.9594210" lon="75.7440730">
    <ele>235.9</ele>
    <time>2026-01-18T11:23:13Z</time>
   </trkpt>
   <trkpt lat="30.9594720" lon="75.7440730">
    <ele>235.9</ele>
    <time>2026-01-18T11:23:14Z</time>
   </trkpt>
   <trkpt lat="30.9595210" lon="75.7440740">
    <ele>235.9</ele>
    <time>2026-01-18T11:23:15Z</time>
   </trkpt>
   <trkpt lat="30.9595750" lon="75.7440760">
    <ele>235.9</ele>
    <time>2026-01-18T11:23:16Z</time>
   </trkpt>
   <trkpt lat="30.9596260" lon="75.7440750">
    <ele>235.9</ele>
    <time>2026-01-18T11:23:17Z</time>
   </trkpt>
   <trkpt lat="30.9596780" lon="75.7440770">
    <ele>235.9</ele>
    <time>2026-01-18T11:23:18Z</time>
   </trkpt>
   <trkpt lat="30.9597300" lon="75.7440770">
    <ele>235.9</ele>
    <time>2026-01-18T11:23:19Z</time>
   </trkpt>
   <trkpt lat="30.9597810" lon="75.7440750">
    <ele>235.9</ele>
    <time>2026-01-18T11:23:20Z</time>
   </trkpt>
   <trkpt lat="30.9598320" lon="75.7440740">
    <ele>235.9</ele>
    <time>2026-01-18T11:23:21Z</time>
   </trkpt>
   <trkpt lat="30.9598820" lon="75.7440750">
    <ele>235.9</ele>
    <time>2026-01-18T11:23:22Z</time>
   </trkpt>
   <trkpt lat="30.9599330" lon="75.7440760">
    <ele>235.9</ele>
    <time>2026-01-18T11:23:23Z</time>
   </trkpt>
   <trkpt lat="30.9599830" lon="75.7440760">
    <ele>235.9</ele>
    <time>2026-01-18T11:23:24Z</time>
   </trkpt>
   <trkpt lat="30.9600340" lon="75.7440760">
    <ele>235.9</ele>
    <time>2026-01-18T11:23:25Z</time>
   </trkpt>
   <trkpt lat="30.9600840" lon="75.7440790">
    <ele>235.9</ele>
    <time>2026-01-18T11:23:26Z</time>
   </trkpt>
   <trkpt lat="30.9601370" lon="75.7440790">
    <ele>235.9</ele>
    <time>2026-01-18T11:23:27Z</time>
   </trkpt>
   <trkpt lat="30.9601870" lon="75.7440770">
    <ele>235.9</ele>
    <time>2026-01-18T11:23:28Z</time>
   </trkpt>
   <trkpt lat="30.9602370" lon="75.7440740">
    <ele>235.9</ele>
    <time>2026-01-18T11:23:29Z</time>
   </trkpt>
   <trkpt lat="30.9602860" lon="75.7440750">
    <ele>235.9</ele>
    <time>2026-01-18T11:23:30Z</time>
   </trkpt>
   <trkpt lat="30.9603370" lon="75.7440760">
    <ele>235.9</ele>
    <time>2026-01-18T11:23:31Z</time>
   </trkpt>
   <trkpt lat="30.9603900" lon="75.7440780">
    <ele>235.9</ele>
    <time>2026-01-18T11:23:32Z</time>
   </trkpt>
   <trkpt lat="30.9604420" lon="75.7440790">
    <ele>235.9</ele>
    <time>2026-01-18T11:23:33Z</time>
   </trkpt>
   <trkpt lat="30.9604950" lon="75.7440790">
    <ele>235.9</ele>
    <time>2026-01-18T11:23:34Z</time>
   </trkpt>
   <trkpt lat="30.9605470" lon="75.7440760">
    <ele>235.9</ele>
    <time>2026-01-18T11:23:35Z</time>
   </trkpt>
   <trkpt lat="30.9606000" lon="75.7440740">
    <ele>235.9</ele>
    <time>2026-01-18T11:23:36Z</time>
   </trkpt>
   <trkpt lat="30.9606550" lon="75.7440780">
    <ele>235.9</ele>
    <time>2026-01-18T11:23:37Z</time>
   </trkpt>
   <trkpt lat="30.9607110" lon="75.7440830">
    <ele>235.9</ele>
    <time>2026-01-18T11:23:38Z</time>
   </trkpt>
   <trkpt lat="30.9607610" lon="75.7440830">
    <ele>235.9</ele>
    <time>2026-01-18T11:23:39Z</time>
   </trkpt>
   <trkpt lat="30.9608120" lon="75.7440810">
    <ele>235.9</ele>
    <time>2026-01-18T11:23:40Z</time>
   </trkpt>
   <trkpt lat="30.9608650" lon="75.7440800">
    <ele>235.9</ele>
    <time>2026-01-18T11:23:41Z</time>
   </trkpt>
   <trkpt lat="30.9609170" lon="75.7440850">
    <ele>235.9</ele>
    <time>2026-01-18T11:23:42Z</time>
   </trkpt>
   <trkpt lat="30.9609710" lon="75.7440830">
    <ele>235.8</ele>
    <time>2026-01-18T11:23:43Z</time>
   </trkpt>
   <trkpt lat="30.9610260" lon="75.7440810">
    <ele>235.8</ele>
    <time>2026-01-18T11:23:44Z</time>
   </trkpt>
   <trkpt lat="30.9610830" lon="75.7440810">
    <ele>235.8</ele>
    <time>2026-01-18T11:23:45Z</time>
   </trkpt>
   <trkpt lat="30.9611380" lon="75.7440820">
    <ele>235.8</ele>
    <time>2026-01-18T11:23:46Z</time>
   </trkpt>
   <trkpt lat="30.9611940" lon="75.7440810">
    <ele>235.8</ele>
    <time>2026-01-18T11:23:47Z</time>
   </trkpt>
   <trkpt lat="30.9612480" lon="75.7440800">
    <ele>235.8</ele>
    <time>2026-01-18T11:23:48Z</time>
   </trkpt>
   <trkpt lat="30.9613010" lon="75.7440770">
    <ele>235.8</ele>
    <time>2026-01-18T11:23:49Z</time>
   </trkpt>
   <trkpt lat="30.9613550" lon="75.7440810">
    <ele>235.8</ele>
    <time>2026-01-18T11:23:50Z</time>
   </trkpt>
   <trkpt lat="30.9614100" lon="75.7440830">
    <ele>235.8</ele>
    <time>2026-01-18T11:23:51Z</time>
   </trkpt>
   <trkpt lat="30.9614650" lon="75.7440860">
    <ele>235.8</ele>
    <time>2026-01-18T11:23:52Z</time>
   </trkpt>
   <trkpt lat="30.9615170" lon="75.7440880">
    <ele>235.8</ele>
    <time>2026-01-18T11:23:53Z</time>
   </trkpt>
   <trkpt lat="30.9615720" lon="75.7440930">
    <ele>235.8</ele>
    <time>2026-01-18T11:23:54Z</time>
   </trkpt>
   <trkpt lat="30.9616260" lon="75.7440960">
    <ele>235.8</ele>
    <time>2026-01-18T11:23:55Z</time>
   </trkpt>
   <trkpt lat="30.9616800" lon="75.7440970">
    <ele>235.8</ele>
    <time>2026-01-18T11:23:56Z</time>
   </trkpt>
   <trkpt lat="30.9617360" lon="75.7441040">
    <ele>235.8</ele>
    <time>2026-01-18T11:23:57Z</time>
   </trkpt>
   <trkpt lat="30.9617900" lon="75.7441080">
    <ele>235.8</ele>
    <time>2026-01-18T11:23:58Z</time>
   </trkpt>
   <trkpt lat="30.9618450" lon="75.7441130">
    <ele>235.8</ele>
    <time>2026-01-18T11:23:59Z</time>
   </trkpt>
   <trkpt lat="30.9618980" lon="75.7441190">
    <ele>235.8</ele>
    <time>2026-01-18T11:24:00Z</time>
   </trkpt>
   <trkpt lat="30.9619530" lon="75.7441220">
    <ele>235.8</ele>
    <time>2026-01-18T11:24:01Z</time>
   </trkpt>
   <trkpt lat="30.9620070" lon="75.7441300">
    <ele>235.8</ele>
    <time>2026-01-18T11:24:02Z</time>
   </trkpt>
   <trkpt lat="30.9620600" lon="75.7441360">
    <ele>235.8</ele>
    <time>2026-01-18T11:24:03Z</time>
   </trkpt>
   <trkpt lat="30.9621120" lon="75.7441390">
    <ele>235.8</ele>
    <time>2026-01-18T11:24:04Z</time>
   </trkpt>
   <trkpt lat="30.9621630" lon="75.7441470">
    <ele>235.8</ele>
    <time>2026-01-18T11:24:05Z</time>
   </trkpt>
   <trkpt lat="30.9622130" lon="75.7441560">
    <ele>235.8</ele>
    <time>2026-01-18T11:24:06Z</time>
   </trkpt>
   <trkpt lat="30.9622620" lon="75.7441630">
    <ele>235.8</ele>
    <time>2026-01-18T11:24:07Z</time>
   </trkpt>
   <trkpt lat="30.9623130" lon="75.7441720">
    <ele>235.8</ele>
    <time>2026-01-18T11:24:08Z</time>
   </trkpt>
   <trkpt lat="30.9623650" lon="75.7441820">
    <ele>235.8</ele>
    <time>2026-01-18T11:24:09Z</time>
   </trkpt>
   <trkpt lat="30.9624200" lon="75.7441910">
    <ele>235.8</ele>
    <time>2026-01-18T11:24:10Z</time>
   </trkpt>
   <trkpt lat="30.9624730" lon="75.7442010">
    <ele>235.8</ele>
    <time>2026-01-18T11:24:11Z</time>
   </trkpt>
   <trkpt lat="30.9625230" lon="75.7442140">
    <ele>235.8</ele>
    <time>2026-01-18T11:24:12Z</time>
   </trkpt>
   <trkpt lat="30.9625740" lon="75.7442250">
    <ele>235.8</ele>
    <time>2026-01-18T11:24:13Z</time>
   </trkpt>
   <trkpt lat="30.9626220" lon="75.7442300">
    <ele>235.8</ele>
    <time>2026-01-18T11:24:14Z</time>
   </trkpt>
   <trkpt lat="30.9626730" lon="75.7442390">
    <ele>235.8</ele>
    <time>2026-01-18T11:24:15Z</time>
   </trkpt>
   <trkpt lat="30.9627230" lon="75.7442490">
    <ele>235.8</ele>
    <time>2026-01-18T11:24:16Z</time>
   </trkpt>
   <trkpt lat="30.9627760" lon="75.7442610">
    <ele>235.8</ele>
    <time>2026-01-18T11:24:17Z</time>
   </trkpt>
   <trkpt lat="30.9628310" lon="75.7442730">
    <ele>235.8</ele>
    <time>2026-01-18T11:24:18Z</time>
   </trkpt>
   <trkpt lat="30.9628810" lon="75.7442880">
    <ele>235.8</ele>
    <time>2026-01-18T11:24:19Z</time>
   </trkpt>
   <trkpt lat="30.9629310" lon="75.7443030">
    <ele>235.8</ele>
    <time>2026-01-18T11:24:20Z</time>
   </trkpt>
   <trkpt lat="30.9629780" lon="75.7443160">
    <ele>235.8</ele>
    <time>2026-01-18T11:24:21Z</time>
   </trkpt>
   <trkpt lat="30.9630280" lon="75.7443290">
    <ele>235.8</ele>
    <time>2026-01-18T11:24:22Z</time>
   </trkpt>
   <trkpt lat="30.9630790" lon="75.7443430">
    <ele>235.8</ele>
    <time>2026-01-18T11:24:23Z</time>
   </trkpt>
   <trkpt lat="30.9631320" lon="75.7443600">
    <ele>235.8</ele>
    <time>2026-01-18T11:24:24Z</time>
   </trkpt>
   <trkpt lat="30.9631820" lon="75.7443770">
    <ele>235.7</ele>
    <time>2026-01-18T11:24:25Z</time>
   </trkpt>
   <trkpt lat="30.9632300" lon="75.7443930">
    <ele>235.7</ele>
    <time>2026-01-18T11:24:26Z</time>
   </trkpt>
   <trkpt lat="30.9632560" lon="75.7443990">
    <ele>235.7</ele>
    <time>2026-01-18T11:24:27Z</time>
   </trkpt>
   <trkpt lat="30.9632960" lon="75.7444100">
    <ele>235.7</ele>
    <time>2026-01-18T11:24:28Z</time>
   </trkpt>
   <trkpt lat="30.9633420" lon="75.7444240">
    <ele>235.7</ele>
    <time>2026-01-18T11:24:29Z</time>
   </trkpt>
   <trkpt lat="30.9633850" lon="75.7444400">
    <ele>235.7</ele>
    <time>2026-01-18T11:24:30Z</time>
   </trkpt>
   <trkpt lat="30.9634350" lon="75.7444570">
    <ele>235.7</ele>
    <time>2026-01-18T11:24:31Z</time>
   </trkpt>
   <trkpt lat="30.9635010" lon="75.7444800">
    <ele>235.7</ele>
    <time>2026-01-18T11:24:32Z</time>
   </trkpt>
   <trkpt lat="30.9635580" lon="75.7445040">
    <ele>235.7</ele>
    <time>2026-01-18T11:24:33Z</time>
   </trkpt>
   <trkpt lat="30.9635980" lon="75.7445200">
    <ele>235.6</ele>
    <time>2026-01-18T11:24:34Z</time>
   </trkpt>
   <trkpt lat="30.9636420" lon="75.7445390">
    <ele>235.6</ele>
    <time>2026-01-18T11:24:35Z</time>
   </trkpt>
   <trkpt lat="30.9636890" lon="75.7445560">
    <ele>235.6</ele>
    <time>2026-01-18T11:24:36Z</time>
   </trkpt>
   <trkpt lat="30.9637370" lon="75.7445740">
    <ele>235.6</ele>
    <time>2026-01-18T11:24:37Z</time>
   </trkpt>
   <trkpt lat="30.9637850" lon="75.7445930">
    <ele>235.5</ele>
    <time>2026-01-18T11:24:38Z</time>
   </trkpt>
   <trkpt lat="30.9638320" lon="75.7446170">
    <ele>235.5</ele>
    <time>2026-01-18T11:24:39Z</time>
   </trkpt>
   <trkpt lat="30.9638800" lon="75.7446400">
    <ele>235.5</ele>
    <time>2026-01-18T11:24:40Z</time>
   </trkpt>
   <trkpt lat="30.9639290" lon="75.7446600">
    <ele>235.5</ele>
    <time>2026-01-18T11:24:41Z</time>
   </trkpt>
   <trkpt lat="30.9639770" lon="75.7446820">
    <ele>235.4</ele>
    <time>2026-01-18T11:24:42Z</time>
   </trkpt>
   <trkpt lat="30.9640240" lon="75.7447030">
    <ele>235.4</ele>
    <time>2026-01-18T11:24:43Z</time>
   </trkpt>
   <trkpt lat="30.9640670" lon="75.7447210">
    <ele>235.4</ele>
    <time>2026-01-18T11:24:44Z</time>
   </trkpt>
   <trkpt lat="30.9640970" lon="75.7447400">
    <ele>235.4</ele>
    <time>2026-01-18T11:24:45Z</time>
   </trkpt>
   <trkpt lat="30.9641560" lon="75.7447670">
    <ele>235.4</ele>
    <time>2026-01-18T11:24:46Z</time>
   </trkpt>
   <trkpt lat="30.9642010" lon="75.7447840">
    <ele>235.4</ele>
    <time>2026-01-18T11:24:47Z</time>
   </trkpt>
   <trkpt lat="30.9642400" lon="75.7448090">
    <ele>235.4</ele>
    <time>2026-01-18T11:24:48Z</time>
   </trkpt>
   <trkpt lat="30.9642830" lon="75.7448350">
    <ele>235.4</ele>
    <time>2026-01-18T11:24:49Z</time>
   </trkpt>
   <trkpt lat="30.9643270" lon="75.7448620">
    <ele>235.4</ele>
    <time>2026-01-18T11:24:50Z</time>
   </trkpt>
   <trkpt lat="30.9643690" lon="75.7448910">
    <ele>235.3</ele>
    <time>2026-01-18T11:24:51Z</time>
   </trkpt>
   <trkpt lat="30.9644140" lon="75.7449170">
    <ele>235.3</ele>
    <time>2026-01-18T11:24:52Z</time>
   </trkpt>
   <trkpt lat="30.9644610" lon="75.7449400">
    <ele>235.3</ele>
    <time>2026-01-18T11:24:53Z</time>
   </trkpt>
   <trkpt lat="30.9645090" lon="75.7449650">
    <ele>235.3</ele>
    <time>2026-01-18T11:24:54Z</time>
   </trkpt>
   <trkpt lat="30.9645560" lon="75.7449930">
    <ele>235.3</ele>
    <time>2026-01-18T11:24:55Z</time>
   </trkpt>
   <trkpt lat="30.9646030" lon="75.7450240">
    <ele>235.3</ele>
    <time>2026-01-18T11:24:56Z</time>
   </trkpt>
   <trkpt lat="30.9646520" lon="75.7450520">
    <ele>235.3</ele>
    <time>2026-01-18T11:24:57Z</time>
   </trkpt>
   <trkpt lat="30.9646990" lon="75.7450820">
    <ele>235.3</ele>
    <time>2026-01-18T11:24:58Z</time>
   </trkpt>
   <trkpt lat="30.9647470" lon="75.7451130">
    <ele>235.3</ele>
    <time>2026-01-18T11:24:59Z</time>
   </trkpt>
   <trkpt lat="30.9647950" lon="75.7451400">
    <ele>235.2</ele>
    <time>2026-01-18T11:25:00Z</time>
   </trkpt>
   <trkpt lat="30.9648420" lon="75.7451740">
    <ele>235.2</ele>
    <time>2026-01-18T11:25:01Z</time>
   </trkpt>
   <trkpt lat="30.9648900" lon="75.7452060">
    <ele>235.2</ele>
    <time>2026-01-18T11:25:02Z</time>
   </trkpt>
   <trkpt lat="30.9649390" lon="75.7452400">
    <ele>235.2</ele>
    <time>2026-01-18T11:25:03Z</time>
   </trkpt>
   <trkpt lat="30.9649860" lon="75.7452730">
    <ele>235.2</ele>
    <time>2026-01-18T11:25:04Z</time>
   </trkpt>
   <trkpt lat="30.9650300" lon="75.7453090">
    <ele>235.2</ele>
    <time>2026-01-18T11:25:05Z</time>
   </trkpt>
   <trkpt lat="30.9650780" lon="75.7453420">
    <ele>235.2</ele>
    <time>2026-01-18T11:25:06Z</time>
   </trkpt>
   <trkpt lat="30.9651260" lon="75.7453750">
    <ele>235.2</ele>
    <time>2026-01-18T11:25:07Z</time>
   </trkpt>
   <trkpt lat="30.9651710" lon="75.7454080">
    <ele>235.3</ele>
    <time>2026-01-18T11:25:08Z</time>
   </trkpt>
   <trkpt lat="30.9652160" lon="75.7454440">
    <ele>235.3</ele>
    <time>2026-01-18T11:25:09Z</time>
   </trkpt>
   <trkpt lat="30.9652600" lon="75.7454820">
    <ele>235.3</ele>
    <time>2026-01-18T11:25:10Z</time>
   </trkpt>
   <trkpt lat="30.9653050" lon="75.7455180">
    <ele>235.3</ele>
    <time>2026-01-18T11:25:11Z</time>
   </trkpt>
   <trkpt lat="30.9653510" lon="75.7455540">
    <ele>235.3</ele>
    <time>2026-01-18T11:25:12Z</time>
   </trkpt>
   <trkpt lat="30.9653970" lon="75.7455910">
    <ele>235.3</ele>
    <time>2026-01-18T11:25:13Z</time>
   </trkpt>
   <trkpt lat="30.9654420" lon="75.7456270">
    <ele>235.3</ele>
    <time>2026-01-18T11:25:14Z</time>
   </trkpt>
   <trkpt lat="30.9654880" lon="75.7456640">
    <ele>235.3</ele>
    <time>2026-01-18T11:25:15Z</time>
   </trkpt>
   <trkpt lat="30.9655330" lon="75.7457010">
    <ele>235.3</ele>
    <time>2026-01-18T11:25:16Z</time>
   </trkpt>
   <trkpt lat="30.9655770" lon="75.7457420">
    <ele>235.4</ele>
    <time>2026-01-18T11:25:17Z</time>
   </trkpt>
   <trkpt lat="30.9656240" lon="75.7457800">
    <ele>235.4</ele>
    <time>2026-01-18T11:25:18Z</time>
   </trkpt>
   <trkpt lat="30.9656700" lon="75.7458180">
    <ele>235.4</ele>
    <time>2026-01-18T11:25:19Z</time>
   </trkpt>
   <trkpt lat="30.9657150" lon="75.7458580">
    <ele>235.4</ele>
    <time>2026-01-18T11:25:20Z</time>
   </trkpt>
   <trkpt lat="30.9657610" lon="75.7458980">
    <ele>235.4</ele>
    <time>2026-01-18T11:25:21Z</time>
   </trkpt>
   <trkpt lat="30.9658020" lon="75.7459400">
    <ele>235.5</ele>
    <time>2026-01-18T11:25:22Z</time>
   </trkpt>
   <trkpt lat="30.9658480" lon="75.7459810">
    <ele>235.5</ele>
    <time>2026-01-18T11:25:23Z</time>
   </trkpt>
   <trkpt lat="30.9658970" lon="75.7460230">
    <ele>235.5</ele>
    <time>2026-01-18T11:25:24Z</time>
   </trkpt>
   <trkpt lat="30.9659400" lon="75.7460630">
    <ele>235.5</ele>
    <time>2026-01-18T11:25:25Z</time>
   </trkpt>
   <trkpt lat="30.9659860" lon="75.7461060">
    <ele>235.6</ele>
    <time>2026-01-18T11:25:26Z</time>
   </trkpt>
   <trkpt lat="30.9660300" lon="75.7461460">
    <ele>235.7</ele>
    <time>2026-01-18T11:25:27Z</time>
   </trkpt>
   <trkpt lat="30.9660780" lon="75.7461870">
    <ele>235.7</ele>
    <time>2026-01-18T11:25:28Z</time>
   </trkpt>
   <trkpt lat="30.9661240" lon="75.7462260">
    <ele>235.8</ele>
    <time>2026-01-18T11:25:29Z</time>
   </trkpt>
   <trkpt lat="30.9661690" lon="75.7462660">
    <ele>235.9</ele>
    <time>2026-01-18T11:25:30Z</time>
   </trkpt>
   <trkpt lat="30.9662130" lon="75.7463060">
    <ele>235.9</ele>
    <time>2026-01-18T11:25:31Z</time>
   </trkpt>
   <trkpt lat="30.9662540" lon="75.7463390">
    <ele>235.9</ele>
    <time>2026-01-18T11:25:32Z</time>
   </trkpt>
   <trkpt lat="30.9662930" lon="75.7463760">
    <ele>236.0</ele>
    <time>2026-01-18T11:25:33Z</time>
   </trkpt>
   <trkpt lat="30.9663170" lon="75.7464000">
    <ele>236.0</ele>
    <time>2026-01-18T11:25:34Z</time>
   </trkpt>
   <trkpt lat="30.9663250" lon="75.7464020">
    <ele>236.0</ele>
    <time>2026-01-18T11:25:35Z</time>
   </trkpt>
   <trkpt lat="30.9663260" lon="75.7464040">
    <ele>236.0</ele>
    <time>2026-01-18T11:25:36Z</time>
   </trkpt>
   <trkpt lat="30.9663280" lon="75.7464060">
    <ele>236.0</ele>
    <time>2026-01-18T11:25:37Z</time>
   </trkpt>
   <trkpt lat="30.9663300" lon="75.7464080">
    <ele>236.0</ele>
    <time>2026-01-18T11:25:38Z</time>
   </trkpt>
   <trkpt lat="30.9663320" lon="75.7464100">
    <ele>236.0</ele>
    <time>2026-01-18T11:25:39Z</time>
   </trkpt>
   <trkpt lat="30.9663330" lon="75.7464120">
    <ele>236.0</ele>
    <time>2026-01-18T11:25:40Z</time>
   </trkpt>
   <trkpt lat="30.9663350" lon="75.7464140">
    <ele>236.0</ele>
    <time>2026-01-18T11:25:41Z</time>
   </trkpt>
   <trkpt lat="30.9663370" lon="75.7464160">
    <ele>236.0</ele>
    <time>2026-01-18T11:25:42Z</time>
   </trkpt>
   <trkpt lat="30.9663380" lon="75.7464180">
    <ele>236.0</ele>
    <time>2026-01-18T11:25:43Z</time>
   </trkpt>
   <trkpt lat="30.9663400" lon="75.7464200">
    <ele>236.0</ele>
    <time>2026-01-18T11:25:44Z</time>
   </trkpt>
   <trkpt lat="30.9663420" lon="75.7464230">
    <ele>236.0</ele>
    <time>2026-01-18T11:25:45Z</time>
   </trkpt>
   <trkpt lat="30.9663430" lon="75.7464250">
    <ele>236.0</ele>
    <time>2026-01-18T11:25:46Z</time>
   </trkpt>
   <trkpt lat="30.9663450" lon="75.7464270">
    <ele>236.0</ele>
    <time>2026-01-18T11:25:47Z</time>
   </trkpt>
   <trkpt lat="30.9663470" lon="75.7464290">
    <ele>236.0</ele>
    <time>2026-01-18T11:25:48Z</time>
   </trkpt>
   <trkpt lat="30.9663490" lon="75.7464310">
    <ele>236.0</ele>
    <time>2026-01-18T11:25:49Z</time>
   </trkpt>
   <trkpt lat="30.9663500" lon="75.7464330">
    <ele>236.0</ele>
    <time>2026-01-18T11:25:50Z</time>
   </trkpt>
   <trkpt lat="30.9663520" lon="75.7464350">
    <ele>236.0</ele>
    <time>2026-01-18T11:25:51Z</time>
   </trkpt>
   <trkpt lat="30.9663540" lon="75.7464370">
    <ele>236.0</ele>
    <time>2026-01-18T11:25:52Z</time>
   </trkpt>
   <trkpt lat="30.9663550" lon="75.7464390">
    <ele>236.0</ele>
    <time>2026-01-18T11:25:54Z</time>
   </trkpt>
   <trkpt lat="30.9663570" lon="75.7464410">
    <ele>236.0</ele>
    <time>2026-01-18T11:25:55Z</time>
   </trkpt>
   <trkpt lat="30.9663590" lon="75.7464430">
    <ele>236.0</ele>
    <time>2026-01-18T11:25:56Z</time>
   </trkpt>
   <trkpt lat="30.9663600" lon="75.7464450">
    <ele>236.0</ele>
    <time>2026-01-18T11:25:57Z</time>
   </trkpt>
   <trkpt lat="30.9663620" lon="75.7464470">
    <ele>236.0</ele>
    <time>2026-01-18T11:25:58Z</time>
   </trkpt>
   <trkpt lat="30.9663640" lon="75.7464490">
    <ele>236.0</ele>
    <time>2026-01-18T11:25:59Z</time>
   </trkpt>
   <trkpt lat="30.9663660" lon="75.7464510">
    <ele>236.0</ele>
    <time>2026-01-18T11:26:00Z</time>
   </trkpt>
   <trkpt lat="30.9663670" lon="75.7464530">
    <ele>236.0</ele>
    <time>2026-01-18T11:26:01Z</time>
   </trkpt>
   <trkpt lat="30.9663690" lon="75.7464550">
    <ele>236.0</ele>
    <time>2026-01-18T11:26:02Z</time>
   </trkpt>
   <trkpt lat="30.9663710" lon="75.7464570">
    <ele>236.1</ele>
    <time>2026-01-18T11:26:03Z</time>
   </trkpt>
   <trkpt lat="30.9663720" lon="75.7464590">
    <ele>236.1</ele>
    <time>2026-01-18T11:27:29Z</time>
   </trkpt>
   <trkpt lat="30.9663740" lon="75.7464610">
    <ele>236.1</ele>
    <time>2026-01-18T11:27:30Z</time>
   </trkpt>
   <trkpt lat="30.9663760" lon="75.7464640">
    <ele>236.1</ele>
    <time>2026-01-18T11:27:31Z</time>
   </trkpt>
   <trkpt lat="30.9663770" lon="75.7464660">
    <ele>236.1</ele>
    <time>2026-01-18T11:27:32Z</time>
   </trkpt>
   <trkpt lat="30.9663790" lon="75.7464680">
    <ele>236.1</ele>
    <time>2026-01-18T11:27:33Z</time>
   </trkpt>
   <trkpt lat="30.9663810" lon="75.7464700">
    <ele>236.1</ele>
    <time>2026-01-18T11:27:34Z</time>
   </trkpt>
   <trkpt lat="30.9663830" lon="75.7464720">
    <ele>236.1</ele>
    <time>2026-01-18T11:27:35Z</time>
   </trkpt>
   <trkpt lat="30.9663840" lon="75.7464740">
    <ele>236.1</ele>
    <time>2026-01-18T11:27:36Z</time>
   </trkpt>
   <trkpt lat="30.9663860" lon="75.7464760">
    <ele>236.1</ele>
    <time>2026-01-18T11:27:37Z</time>
   </trkpt>
   <trkpt lat="30.9663880" lon="75.7464780">
    <ele>236.1</ele>
    <time>2026-01-18T11:27:38Z</time>
   </trkpt>
   <trkpt lat="30.9663890" lon="75.7464800">
    <ele>236.1</ele>
    <time>2026-01-18T11:27:42Z</time>
   </trkpt>
   <trkpt lat="30.9663910" lon="75.7464820">
    <ele>236.1</ele>
    <time>2026-01-18T11:27:43Z</time>
   </trkpt>
   <trkpt lat="30.9664220" lon="75.7465080">
    <ele>236.1</ele>
    <time>2026-01-18T11:27:44Z</time>
   </trkpt>
   <trkpt lat="30.9664580" lon="75.7465350">
    <ele>236.2</ele>
    <time>2026-01-18T11:27:45Z</time>
   </trkpt>
   <trkpt lat="30.9665000" lon="75.7465660">
    <ele>236.2</ele>
    <time>2026-01-18T11:27:46Z</time>
   </trkpt>
   <trkpt lat="30.9665410" lon="75.7466020">
    <ele>236.2</ele>
    <time>2026-01-18T11:27:47Z</time>
   </trkpt>
   <trkpt lat="30.9665790" lon="75.7466500">
    <ele>236.3</ele>
    <time>2026-01-18T11:27:48Z</time>
   </trkpt>
   <trkpt lat="30.9666310" lon="75.7466920">
    <ele>236.4</ele>
    <time>2026-01-18T11:27:49Z</time>
   </trkpt>
   <trkpt lat="30.9666760" lon="75.7467340">
    <ele>236.4</ele>
    <time>2026-01-18T11:27:50Z</time>
   </trkpt>
   <trkpt lat="30.9667170" lon="75.7467720">
    <ele>236.4</ele>
    <time>2026-01-18T11:27:51Z</time>
   </trkpt>
   <trkpt lat="30.9667620" lon="75.7468160">
    <ele>236.5</ele>
    <time>2026-01-18T11:27:52Z</time>
   </trkpt>
   <trkpt lat="30.9668050" lon="75.7468530">
    <ele>236.5</ele>
    <time>2026-01-18T11:27:53Z</time>
   </trkpt>
   <trkpt lat="30.9668510" lon="75.7468920">
    <ele>236.5</ele>
    <time>2026-01-18T11:27:54Z</time>
   </trkpt>
   <trkpt lat="30.9668960" lon="75.7469330">
    <ele>236.5</ele>
    <time>2026-01-18T11:27:55Z</time>
   </trkpt>
   <trkpt lat="30.9669400" lon="75.7469760">
    <ele>236.6</ele>
    <time>2026-01-18T11:27:56Z</time>
   </trkpt>
   <trkpt lat="30.9669830" lon="75.7470190">
    <ele>236.6</ele>
    <time>2026-01-18T11:27:57Z</time>
   </trkpt>
   <trkpt lat="30.9670280" lon="75.7470600">
    <ele>236.6</ele>
    <time>2026-01-18T11:27:58Z</time>
   </trkpt>
   <trkpt lat="30.9670730" lon="75.7471010">
    <ele>236.6</ele>
    <time>2026-01-18T11:27:59Z</time>
   </trkpt>
   <trkpt lat="30.9671190" lon="75.7471400">
    <ele>236.6</ele>
    <time>2026-01-18T11:28:00Z</time>
   </trkpt>
   <trkpt lat="30.9671620" lon="75.7471810">
    <ele>236.7</ele>
    <time>2026-01-18T11:28:01Z</time>
   </trkpt>
   <trkpt lat="30.9672020" lon="75.7472170">
    <ele>236.7</ele>
    <time>2026-01-18T11:28:02Z</time>
   </trkpt>
   <trkpt lat="30.9672440" lon="75.7472510">
    <ele>236.7</ele>
    <time>2026-01-18T11:28:03Z</time>
   </trkpt>
   <trkpt lat="30.9672850" lon="75.7472830">
    <ele>236.8</ele>
    <time>2026-01-18T11:28:04Z</time>
   </trkpt>
   <trkpt lat="30.9673240" lon="75.7473190">
    <ele>236.8</ele>
    <time>2026-01-18T11:28:05Z</time>
   </trkpt>
   <trkpt lat="30.9673590" lon="75.7473520">
    <ele>236.8</ele>
    <time>2026-01-18T11:28:06Z</time>
   </trkpt>
   <trkpt lat="30.9673940" lon="75.7473870">
    <ele>236.8</ele>
    <time>2026-01-18T11:28:07Z</time>
   </trkpt>
   <trkpt lat="30.9674300" lon="75.7474160">
    <ele>236.9</ele>
    <time>2026-01-18T11:28:08Z</time>
   </trkpt>
   <trkpt lat="30.9674630" lon="75.7474470">
    <ele>236.9</ele>
    <time>2026-01-18T11:28:09Z</time>
   </trkpt>
   <trkpt lat="30.9674940" lon="75.7474790">
    <ele>236.9</ele>
    <time>2026-01-18T11:28:10Z</time>
   </trkpt>
   <trkpt lat="30.9675260" lon="75.7475100">
    <ele>236.9</ele>
    <time>2026-01-18T11:28:11Z</time>
   </trkpt>
   <trkpt lat="30.9675590" lon="75.7475390">
    <ele>236.9</ele>
    <time>2026-01-18T11:28:12Z</time>
   </trkpt>
   <trkpt lat="30.9675950" lon="75.7475770">
    <ele>236.9</ele>
    <time>2026-01-18T11:28:13Z</time>
   </trkpt>
   <trkpt lat="30.9676360" lon="75.7476170">
    <ele>236.9</ele>
    <time>2026-01-18T11:28:14Z</time>
   </trkpt>
   <trkpt lat="30.9676790" lon="75.7476580">
    <ele>236.8</ele>
    <time>2026-01-18T11:28:15Z</time>
   </trkpt>
   <trkpt lat="30.9677240" lon="75.7477000">
    <ele>236.8</ele>
    <time>2026-01-18T11:28:16Z</time>
   </trkpt>
   <trkpt lat="30.9677720" lon="75.7477440">
    <ele>236.7</ele>
    <time>2026-01-18T11:28:17Z</time>
   </trkpt>
   <trkpt lat="30.9678200" lon="75.7477880">
    <ele>236.6</ele>
    <time>2026-01-18T11:28:18Z</time>
   </trkpt>
   <trkpt lat="30.9678670" lon="75.7478340">
    <ele>236.5</ele>
    <time>2026-01-18T11:28:19Z</time>
   </trkpt>
   <trkpt lat="30.9679160" lon="75.7478790">
    <ele>236.4</ele>
    <time>2026-01-18T11:28:20Z</time>
   </trkpt>
   <trkpt lat="30.9679650" lon="75.7479250">
    <ele>236.3</ele>
    <time>2026-01-18T11:28:21Z</time>
   </trkpt>
   <trkpt lat="30.9680100" lon="75.7479760">
    <ele>236.3</ele>
    <time>2026-01-18T11:28:22Z</time>
   </trkpt>
   <trkpt lat="30.9680560" lon="75.7480260">
    <ele>236.2</ele>
    <time>2026-01-18T11:28:23Z</time>
   </trkpt>
   <trkpt lat="30.9681050" lon="75.7480740">
    <ele>236.1</ele>
    <time>2026-01-18T11:28:24Z</time>
   </trkpt>
   <trkpt lat="30.9681550" lon="75.7481210">
    <ele>236.0</ele>
    <time>2026-01-18T11:28:25Z</time>
   </trkpt>
   <trkpt lat="30.9682070" lon="75.7481680">
    <ele>235.8</ele>
    <time>2026-01-18T11:28:26Z</time>
   </trkpt>
   <trkpt lat="30.9682570" lon="75.7482140">
    <ele>235.7</ele>
    <time>2026-01-18T11:28:27Z</time>
   </trkpt>
   <trkpt lat="30.9683090" lon="75.7482620">
    <ele>235.6</ele>
    <time>2026-01-18T11:28:28Z</time>
   </trkpt>
   <trkpt lat="30.9683590" lon="75.7483100">
    <ele>235.5</ele>
    <time>2026-01-18T11:28:29Z</time>
   </trkpt>
   <trkpt lat="30.9684110" lon="75.7483580">
    <ele>235.4</ele>
    <time>2026-01-18T11:28:30Z</time>
   </trkpt>
   <trkpt lat="30.9684620" lon="75.7484060">
    <ele>235.2</ele>
    <time>2026-01-18T11:28:31Z</time>
   </trkpt>
   <trkpt lat="30.9685140" lon="75.7484540">
    <ele>235.1</ele>
    <time>2026-01-18T11:28:32Z</time>
   </trkpt>
   <trkpt lat="30.9685690" lon="75.7485000">
    <ele>234.9</ele>
    <time>2026-01-18T11:28:33Z</time>
   </trkpt>
   <trkpt lat="30.9686230" lon="75.7485450">
    <ele>234.8</ele>
    <time>2026-01-18T11:28:34Z</time>
   </trkpt>
   <trkpt lat="30.9686790" lon="75.7485900">
    <ele>234.6</ele>
    <time>2026-01-18T11:28:35Z</time>
   </trkpt>
   <trkpt lat="30.9687330" lon="75.7486370">
    <ele>234.5</ele>
    <time>2026-01-18T11:28:36Z</time>
   </trkpt>
   <trkpt lat="30.9687880" lon="75.7486880">
    <ele>234.3</ele>
    <time>2026-01-18T11:28:37Z</time>
   </trkpt>
   <trkpt lat="30.9688430" lon="75.7487400">
    <ele>234.2</ele>
    <time>2026-01-18T11:28:38Z</time>
   </trkpt>
   <trkpt lat="30.9688960" lon="75.7487890">
    <ele>234.1</ele>
    <time>2026-01-18T11:28:39Z</time>
   </trkpt>
   <trkpt lat="30.9689530" lon="75.7488380">
    <ele>234.0</ele>
    <time>2026-01-18T11:28:40Z</time>
   </trkpt>
   <trkpt lat="30.9690060" lon="75.7488890">
    <ele>233.9</ele>
    <time>2026-01-18T11:28:41Z</time>
   </trkpt>
   <trkpt lat="30.9690590" lon="75.7489430">
    <ele>233.8</ele>
    <time>2026-01-18T11:28:42Z</time>
   </trkpt>
   <trkpt lat="30.9691130" lon="75.7489970">
    <ele>233.7</ele>
    <time>2026-01-18T11:28:43Z</time>
   </trkpt>
   <trkpt lat="30.9691690" lon="75.7490500">
    <ele>233.6</ele>
    <time>2026-01-18T11:28:44Z</time>
   </trkpt>
   <trkpt lat="30.9692230" lon="75.7491040">
    <ele>233.5</ele>
    <time>2026-01-18T11:28:45Z</time>
   </trkpt>
   <trkpt lat="30.9692790" lon="75.7491550">
    <ele>233.5</ele>
    <time>2026-01-18T11:28:46Z</time>
   </trkpt>
   <trkpt lat="30.9693390" lon="75.7492050">
    <ele>233.4</ele>
    <time>2026-01-18T11:28:47Z</time>
   </trkpt>
   <trkpt lat="30.9693980" lon="75.7492540">
    <ele>233.4</ele>
    <time>2026-01-18T11:28:48Z</time>
   </trkpt>
   <trkpt lat="30.9694580" lon="75.7493010">
    <ele>233.3</ele>
    <time>2026-01-18T11:28:49Z</time>
   </trkpt>
   <trkpt lat="30.9695190" lon="75.7493500">
    <ele>233.3</ele>
    <time>2026-01-18T11:28:50Z</time>
   </trkpt>
   <trkpt lat="30.9695780" lon="75.7493980">
    <ele>233.3</ele>
    <time>2026-01-18T11:28:51Z</time>
   </trkpt>
   <trkpt lat="30.9696380" lon="75.7494480">
    <ele>233.3</ele>
    <time>2026-01-18T11:28:52Z</time>
   </trkpt>
   <trkpt lat="30.9696970" lon="75.7494970">
    <ele>233.3</ele>
    <time>2026-01-18T11:28:53Z</time>
   </trkpt>
   <trkpt lat="30.9697570" lon="75.7495500">
    <ele>233.3</ele>
    <time>2026-01-18T11:28:54Z</time>
   </trkpt>
   <trkpt lat="30.9698160" lon="75.7496000">
    <ele>233.3</ele>
    <time>2026-01-18T11:28:55Z</time>
   </trkpt>
   <trkpt lat="30.9698760" lon="75.7496500">
    <ele>233.4</ele>
    <time>2026-01-18T11:28:56Z</time>
   </trkpt>
   <trkpt lat="30.9699330" lon="75.7497000">
    <ele>233.4</ele>
    <time>2026-01-18T11:28:57Z</time>
   </trkpt>
   <trkpt lat="30.9699940" lon="75.7497450">
    <ele>233.4</ele>
    <time>2026-01-18T11:28:58Z</time>
   </trkpt>
   <trkpt lat="30.9700530" lon="75.7497960">
    <ele>233.4</ele>
    <time>2026-01-18T11:28:59Z</time>
   </trkpt>
   <trkpt lat="30.9701150" lon="75.7498440">
    <ele>233.4</ele>
    <time>2026-01-18T11:29:00Z</time>
   </trkpt>
   <trkpt lat="30.9701770" lon="75.7498930">
    <ele>233.4</ele>
    <time>2026-01-18T11:29:01Z</time>
   </trkpt>
   <trkpt lat="30.9702400" lon="75.7499370">
    <ele>233.4</ele>
    <time>2026-01-18T11:29:02Z</time>
   </trkpt>
   <trkpt lat="30.9703050" lon="75.7499810">
    <ele>233.4</ele>
    <time>2026-01-18T11:29:03Z</time>
   </trkpt>
   <trkpt lat="30.9703700" lon="75.7500270">
    <ele>233.5</ele>
    <time>2026-01-18T11:29:04Z</time>
   </trkpt>
   <trkpt lat="30.9704330" lon="75.7500710">
    <ele>233.5</ele>
    <time>2026-01-18T11:29:05Z</time>
   </trkpt>
   <trkpt lat="30.9704950" lon="75.7501190">
    <ele>233.5</ele>
    <time>2026-01-18T11:29:06Z</time>
   </trkpt>
   <trkpt lat="30.9705580" lon="75.7501640">
    <ele>233.5</ele>
    <time>2026-01-18T11:29:07Z</time>
   </trkpt>
   <trkpt lat="30.9706240" lon="75.7502130">
    <ele>233.6</ele>
    <time>2026-01-18T11:29:08Z</time>
   </trkpt>
   <trkpt lat="30.9706880" lon="75.7502600">
    <ele>233.6</ele>
    <time>2026-01-18T11:29:09Z</time>
   </trkpt>
   <trkpt lat="30.9707540" lon="75.7503040">
    <ele>233.7</ele>
    <time>2026-01-18T11:29:10Z</time>
   </trkpt>
   <trkpt lat="30.9708200" lon="75.7503520">
    <ele>233.8</ele>
    <time>2026-01-18T11:29:11Z</time>
   </trkpt>
   <trkpt lat="30.9708860" lon="75.7503970">
    <ele>234.0</ele>
    <time>2026-01-18T11:29:12Z</time>
   </trkpt>
   <trkpt lat="30.9709450" lon="75.7504460">
    <ele>234.0</ele>
    <time>2026-01-18T11:29:13Z</time>
   </trkpt>
   <trkpt lat="30.9710030" lon="75.7504920">
    <ele>234.1</ele>
    <time>2026-01-18T11:29:14Z</time>
   </trkpt>
   <trkpt lat="30.9710610" lon="75.7505350">
    <ele>234.1</ele>
    <time>2026-01-18T11:29:15Z</time>
   </trkpt>
   <trkpt lat="30.9711190" lon="75.7505760">
    <ele>234.1</ele>
    <time>2026-01-18T11:29:16Z</time>
   </trkpt>
   <trkpt lat="30.9711770" lon="75.7506120">
    <ele>234.1</ele>
    <time>2026-01-18T11:29:17Z</time>
   </trkpt>
   <trkpt lat="30.9712330" lon="75.7506440">
    <ele>234.2</ele>
    <time>2026-01-18T11:29:18Z</time>
   </trkpt>
   <trkpt lat="30.9712900" lon="75.7506780">
    <ele>234.2</ele>
    <time>2026-01-18T11:29:19Z</time>
   </trkpt>
   <trkpt lat="30.9713440" lon="75.7507100">
    <ele>234.2</ele>
    <time>2026-01-18T11:29:20Z</time>
   </trkpt>
   <trkpt lat="30.9713950" lon="75.7507480">
    <ele>234.1</ele>
    <time>2026-01-18T11:29:21Z</time>
   </trkpt>
   <trkpt lat="30.9714420" lon="75.7507870">
    <ele>234.2</ele>
    <time>2026-01-18T11:29:22Z</time>
   </trkpt>
   <trkpt lat="30.9714840" lon="75.7508280">
    <ele>234.2</ele>
    <time>2026-01-18T11:29:23Z</time>
   </trkpt>
   <trkpt lat="30.9715200" lon="75.7508720">
    <ele>234.3</ele>
    <time>2026-01-18T11:29:24Z</time>
   </trkpt>
   <trkpt lat="30.9715610" lon="75.7509160">
    <ele>234.4</ele>
    <time>2026-01-18T11:29:25Z</time>
   </trkpt>
   <trkpt lat="30.9716090" lon="75.7509510">
    <ele>234.5</ele>
    <time>2026-01-18T11:29:26Z</time>
   </trkpt>
   <trkpt lat="30.9716600" lon="75.7509870">
    <ele>234.5</ele>
    <time>2026-01-18T11:29:27Z</time>
   </trkpt>
   <trkpt lat="30.9717080" lon="75.7510300">
    <ele>234.6</ele>
    <time>2026-01-18T11:29:28Z</time>
   </trkpt>
   <trkpt lat="30.9717560" lon="75.7510760">
    <ele>234.7</ele>
    <time>2026-01-18T11:29:29Z</time>
   </trkpt>
   <trkpt lat="30.9717950" lon="75.7511380">
    <ele>234.7</ele>
    <time>2026-01-18T11:29:30Z</time>
   </trkpt>
   <trkpt lat="30.9718330" lon="75.7512000">
    <ele>234.8</ele>
    <time>2026-01-18T11:29:31Z</time>
   </trkpt>
   <trkpt lat="30.9718730" lon="75.7512610">
    <ele>234.8</ele>
    <time>2026-01-18T11:29:32Z</time>
   </trkpt>
   <trkpt lat="30.9719140" lon="75.7513210">
    <ele>234.7</ele>
    <time>2026-01-18T11:29:33Z</time>
   </trkpt>
   <trkpt lat="30.9719560" lon="75.7513830">
    <ele>234.7</ele>
    <time>2026-01-18T11:29:34Z</time>
   </trkpt>
   <trkpt lat="30.9719990" lon="75.7514420">
    <ele>234.6</ele>
    <time>2026-01-18T11:29:35Z</time>
   </trkpt>
   <trkpt lat="30.9720430" lon="75.7515050">
    <ele>234.5</ele>
    <time>2026-01-18T11:29:36Z</time>
   </trkpt>
   <trkpt lat="30.9720840" lon="75.7515670">
    <ele>234.5</ele>
    <time>2026-01-18T11:29:37Z</time>
   </trkpt>
   <trkpt lat="30.9721280" lon="75.7516290">
    <ele>234.4</ele>
    <time>2026-01-18T11:29:38Z</time>
   </trkpt>
   <trkpt lat="30.9721700" lon="75.7516920">
    <ele>234.3</ele>
    <time>2026-01-18T11:29:39Z</time>
   </trkpt>
   <trkpt lat="30.9722130" lon="75.7517530">
    <ele>234.3</ele>
    <time>2026-01-18T11:29:40Z</time>
   </trkpt>
   <trkpt lat="30.9722600" lon="75.7518150">
    <ele>234.3</ele>
    <time>2026-01-18T11:29:41Z</time>
   </trkpt>
   <trkpt lat="30.9723080" lon="75.7518680">
    <ele>234.4</ele>
    <time>2026-01-18T11:29:42Z</time>
   </trkpt>
   <trkpt lat="30.9723550" lon="75.7519230">
    <ele>234.4</ele>
    <time>2026-01-18T11:29:43Z</time>
   </trkpt>
   <trkpt lat="30.9724050" lon="75.7519720">
    <ele>234.5</ele>
    <time>2026-01-18T11:29:44Z</time>
   </trkpt>
   <trkpt lat="30.9724570" lon="75.7520210">
    <ele>234.6</ele>
    <time>2026-01-18T11:29:45Z</time>
   </trkpt>
   <trkpt lat="30.9725070" lon="75.7520670">
    <ele>234.6</ele>
    <time>2026-01-18T11:29:46Z</time>
   </trkpt>
   <trkpt lat="30.9725590" lon="75.7521130">
    <ele>234.7</ele>
    <time>2026-01-18T11:29:47Z</time>
   </trkpt>
   <trkpt lat="30.9726100" lon="75.7521590">
    <ele>234.8</ele>
    <time>2026-01-18T11:29:48Z</time>
   </trkpt>
   <trkpt lat="30.9726590" lon="75.7522020">
    <ele>234.8</ele>
    <time>2026-01-18T11:29:49Z</time>
   </trkpt>
   <trkpt lat="30.9727080" lon="75.7522490">
    <ele>234.9</ele>
    <time>2026-01-18T11:29:50Z</time>
   </trkpt>
   <trkpt lat="30.9727560" lon="75.7522960">
    <ele>234.9</ele>
    <time>2026-01-18T11:29:51Z</time>
   </trkpt>
   <trkpt lat="30.9728000" lon="75.7523430">
    <ele>235.0</ele>
    <time>2026-01-18T11:29:52Z</time>
   </trkpt>
   <trkpt lat="30.9728480" lon="75.7523880">
    <ele>235.0</ele>
    <time>2026-01-18T11:29:53Z</time>
   </trkpt>
   <trkpt lat="30.9728940" lon="75.7524340">
    <ele>235.0</ele>
    <time>2026-01-18T11:29:54Z</time>
   </trkpt>
   <trkpt lat="30.9729420" lon="75.7524800">
    <ele>235.1</ele>
    <time>2026-01-18T11:29:55Z</time>
   </trkpt>
   <trkpt lat="30.9729870" lon="75.7525260">
    <ele>235.1</ele>
    <time>2026-01-18T11:29:56Z</time>
   </trkpt>
   <trkpt lat="30.9730330" lon="75.7525730">
    <ele>235.1</ele>
    <time>2026-01-18T11:29:57Z</time>
   </trkpt>
   <trkpt lat="30.9730830" lon="75.7526190">
    <ele>235.1</ele>
    <time>2026-01-18T11:29:58Z</time>
   </trkpt>
   <trkpt lat="30.9731290" lon="75.7526650">
    <ele>235.1</ele>
    <time>2026-01-18T11:29:59Z</time>
   </trkpt>
   <trkpt lat="30.9731750" lon="75.7527090">
    <ele>235.2</ele>
    <time>2026-01-18T11:30:00Z</time>
   </trkpt>
   <trkpt lat="30.9732210" lon="75.7527570">
    <ele>235.2</ele>
    <time>2026-01-18T11:30:01Z</time>
   </trkpt>
   <trkpt lat="30.9732660" lon="75.7528040">
    <ele>235.2</ele>
    <time>2026-01-18T11:30:02Z</time>
   </trkpt>
   <trkpt lat="30.9733120" lon="75.7528500">
    <ele>235.2</ele>
    <time>2026-01-18T11:30:03Z</time>
   </trkpt>
   <trkpt lat="30.9733570" lon="75.7528960">
    <ele>235.1</ele>
    <time>2026-01-18T11:30:04Z</time>
   </trkpt>
   <trkpt lat="30.9734000" lon="75.7529450">
    <ele>235.1</ele>
    <time>2026-01-18T11:30:05Z</time>
   </trkpt>
   <trkpt lat="30.9734430" lon="75.7529900">
    <ele>235.2</ele>
    <time>2026-01-18T11:30:06Z</time>
   </trkpt>
   <trkpt lat="30.9734900" lon="75.7530330">
    <ele>235.2</ele>
    <time>2026-01-18T11:30:07Z</time>
   </trkpt>
   <trkpt lat="30.9735380" lon="75.7530760">
    <ele>235.2</ele>
    <time>2026-01-18T11:30:08Z</time>
   </trkpt>
   <trkpt lat="30.9735840" lon="75.7531150">
    <ele>235.2</ele>
    <time>2026-01-18T11:30:09Z</time>
   </trkpt>
   <trkpt lat="30.9736320" lon="75.7531560">
    <ele>235.2</ele>
    <time>2026-01-18T11:30:10Z</time>
   </trkpt>
   <trkpt lat="30.9736820" lon="75.7531930">
    <ele>235.3</ele>
    <time>2026-01-18T11:30:11Z</time>
   </trkpt>
   <trkpt lat="30.9737310" lon="75.7532330">
    <ele>235.3</ele>
    <time>2026-01-18T11:30:12Z</time>
   </trkpt>
   <trkpt lat="30.9737780" lon="75.7532760">
    <ele>235.3</ele>
    <time>2026-01-18T11:30:13Z</time>
   </trkpt>
   <trkpt lat="30.9738230" lon="75.7533220">
    <ele>235.3</ele>
    <time>2026-01-18T11:30:14Z</time>
   </trkpt>
   <trkpt lat="30.9738690" lon="75.7533660">
    <ele>235.3</ele>
    <time>2026-01-18T11:30:15Z</time>
   </trkpt>
   <trkpt lat="30.9739160" lon="75.7534100">
    <ele>235.3</ele>
    <time>2026-01-18T11:30:16Z</time>
   </trkpt>
   <trkpt lat="30.9739630" lon="75.7534520">
    <ele>235.2</ele>
    <time>2026-01-18T11:30:17Z</time>
   </trkpt>
   <trkpt lat="30.9740080" lon="75.7534950">
    <ele>235.2</ele>
    <time>2026-01-18T11:30:18Z</time>
   </trkpt>
   <trkpt lat="30.9740540" lon="75.7535390">
    <ele>235.2</ele>
    <time>2026-01-18T11:30:19Z</time>
   </trkpt>
   <trkpt lat="30.9741010" lon="75.7535810">
    <ele>235.2</ele>
    <time>2026-01-18T11:30:20Z</time>
   </trkpt>
   <trkpt lat="30.9741500" lon="75.7536220">
    <ele>235.2</ele>
    <time>2026-01-18T11:30:21Z</time>
   </trkpt>
   <trkpt lat="30.9741980" lon="75.7536660">
    <ele>235.2</ele>
    <time>2026-01-18T11:30:22Z</time>
   </trkpt>
   <trkpt lat="30.9742450" lon="75.7537100">
    <ele>235.2</ele>
    <time>2026-01-18T11:30:23Z</time>
   </trkpt>
   <trkpt lat="30.9742930" lon="75.7537530">
    <ele>235.2</ele>
    <time>2026-01-18T11:30:24Z</time>
   </trkpt>
   <trkpt lat="30.9743430" lon="75.7537950">
    <ele>235.2</ele>
    <time>2026-01-18T11:30:25Z</time>
   </trkpt>
   <trkpt lat="30.9743910" lon="75.7538400">
    <ele>235.2</ele>
    <time>2026-01-18T11:30:26Z</time>
   </trkpt>
   <trkpt lat="30.9744390" lon="75.7538840">
    <ele>235.2</ele>
    <time>2026-01-18T11:30:27Z</time>
   </trkpt>
   <trkpt lat="30.9744860" lon="75.7539290">
    <ele>235.2</ele>
    <time>2026-01-18T11:30:28Z</time>
   </trkpt>
   <trkpt lat="30.9745340" lon="75.7539750">
    <ele>235.2</ele>
    <time>2026-01-18T11:30:29Z</time>
   </trkpt>
   <trkpt lat="30.9745830" lon="75.7540210">
    <ele>235.3</ele>
    <time>2026-01-18T11:30:30Z</time>
   </trkpt>
   <trkpt lat="30.9746330" lon="75.7540650">
    <ele>235.3</ele>
    <time>2026-01-18T11:30:31Z</time>
   </trkpt>
   <trkpt lat="30.9747320" lon="75.7541570">
    <ele>235.3</ele>
    <time>2026-01-18T11:30:32Z</time>
   </trkpt>
   <trkpt lat="30.9747820" lon="75.7542040">
    <ele>235.3</ele>
    <time>2026-01-18T11:30:33Z</time>
   </trkpt>
   <trkpt lat="30.9748320" lon="75.7542530">
    <ele>235.3</ele>
    <time>2026-01-18T11:30:34Z</time>
   </trkpt>
   <trkpt lat="30.9748830" lon="75.7543010">
    <ele>235.3</ele>
    <time>2026-01-18T11:30:35Z</time>
   </trkpt>
   <trkpt lat="30.9749320" lon="75.7543490">
    <ele>235.3</ele>
    <time>2026-01-18T11:30:36Z</time>
   </trkpt>
   <trkpt lat="30.9749860" lon="75.7543930">
    <ele>235.3</ele>
    <time>2026-01-18T11:30:37Z</time>
   </trkpt>
   <trkpt lat="30.9750350" lon="75.7544410">
    <ele>235.3</ele>
    <time>2026-01-18T11:30:38Z</time>
   </trkpt>
   <trkpt lat="30.9750840" lon="75.7544880">
    <ele>235.3</ele>
    <time>2026-01-18T11:30:39Z</time>
   </trkpt>
   <trkpt lat="30.9751330" lon="75.7545340">
    <ele>235.3</ele>
    <time>2026-01-18T11:30:40Z</time>
   </trkpt>
   <trkpt lat="30.9751820" lon="75.7545790">
    <ele>235.3</ele>
    <time>2026-01-18T11:30:41Z</time>
   </trkpt>
   <trkpt lat="30.9752310" lon="75.7546230">
    <ele>235.3</ele>
    <time>2026-01-18T11:30:42Z</time>
   </trkpt>
   <trkpt lat="30.9752780" lon="75.7546690">
    <ele>235.3</ele>
    <time>2026-01-18T11:30:43Z</time>
   </trkpt>
   <trkpt lat="30.9753260" lon="75.7547140">
    <ele>235.3</ele>
    <time>2026-01-18T11:30:44Z</time>
   </trkpt>
   <trkpt lat="30.9753720" lon="75.7547570">
    <ele>235.3</ele>
    <time>2026-01-18T11:30:45Z</time>
   </trkpt>
   <trkpt lat="30.9754190" lon="75.7548020">
    <ele>235.3</ele>
    <time>2026-01-18T11:30:46Z</time>
   </trkpt>
   <trkpt lat="30.9754620" lon="75.7548430">
    <ele>235.3</ele>
    <time>2026-01-18T11:30:47Z</time>
   </trkpt>
   <trkpt lat="30.9755070" lon="75.7548870">
    <ele>235.3</ele>
    <time>2026-01-18T11:30:48Z</time>
   </trkpt>
   <trkpt lat="30.9755520" lon="75.7549290">
    <ele>235.3</ele>
    <time>2026-01-18T11:30:49Z</time>
   </trkpt>
   <trkpt lat="30.9755960" lon="75.7549660">
    <ele>235.3</ele>
    <time>2026-01-18T11:30:50Z</time>
   </trkpt>
   <trkpt lat="30.9756410" lon="75.7550060">
    <ele>235.3</ele>
    <time>2026-01-18T11:30:51Z</time>
   </trkpt>
   <trkpt lat="30.9756840" lon="75.7550440">
    <ele>235.3</ele>
    <time>2026-01-18T11:30:52Z</time>
   </trkpt>
   <trkpt lat="30.9757250" lon="75.7550820">
    <ele>235.3</ele>
    <time>2026-01-18T11:30:53Z</time>
   </trkpt>
   <trkpt lat="30.9757680" lon="75.7551180">
    <ele>235.4</ele>
    <time>2026-01-18T11:30:54Z</time>
   </trkpt>
   <trkpt lat="30.9758110" lon="75.7551540">
    <ele>235.4</ele>
    <time>2026-01-18T11:30:55Z</time>
   </trkpt>
   <trkpt lat="30.9758500" lon="75.7551900">
    <ele>235.4</ele>
    <time>2026-01-18T11:30:56Z</time>
   </trkpt>
   <trkpt lat="30.9758890" lon="75.7552260">
    <ele>235.4</ele>
    <time>2026-01-18T11:30:57Z</time>
   </trkpt>
   <trkpt lat="30.9759280" lon="75.7552580">
    <ele>235.4</ele>
    <time>2026-01-18T11:30:58Z</time>
   </trkpt>
   <trkpt lat="30.9759680" lon="75.7552920">
    <ele>235.5</ele>
    <time>2026-01-18T11:30:59Z</time>
   </trkpt>
   <trkpt lat="30.9760020" lon="75.7553250">
    <ele>235.5</ele>
    <time>2026-01-18T11:31:00Z</time>
   </trkpt>
   <trkpt lat="30.9760390" lon="75.7553560">
    <ele>235.5</ele>
    <time>2026-01-18T11:31:01Z</time>
   </trkpt>
   <trkpt lat="30.9760790" lon="75.7553860">
    <ele>235.5</ele>
    <time>2026-01-18T11:31:03Z</time>
   </trkpt>
   <trkpt lat="30.9761140" lon="75.7554190">
    <ele>235.6</ele>
    <time>2026-01-18T11:31:04Z</time>
   </trkpt>
   <trkpt lat="30.9761470" lon="75.7554530">
    <ele>235.6</ele>
    <time>2026-01-18T11:31:05Z</time>
   </trkpt>
   <trkpt lat="30.9761830" lon="75.7554830">
    <ele>235.7</ele>
    <time>2026-01-18T11:31:06Z</time>
   </trkpt>
   <trkpt lat="30.9762210" lon="75.7555140">
    <ele>235.7</ele>
    <time>2026-01-18T11:31:07Z</time>
   </trkpt>
   <trkpt lat="30.9762550" lon="75.7555490">
    <ele>235.8</ele>
    <time>2026-01-18T11:31:08Z</time>
   </trkpt>
   <trkpt lat="30.9762910" lon="75.7555820">
    <ele>235.8</ele>
    <time>2026-01-18T11:31:09Z</time>
   </trkpt>
   <trkpt lat="30.9763270" lon="75.7556140">
    <ele>235.9</ele>
    <time>2026-01-18T11:31:10Z</time>
   </trkpt>
   <trkpt lat="30.9763620" lon="75.7556480">
    <ele>235.9</ele>
    <time>2026-01-18T11:31:11Z</time>
   </trkpt>
   <trkpt lat="30.9763970" lon="75.7556810">
    <ele>236.0</ele>
    <time>2026-01-18T11:31:12Z</time>
   </trkpt>
   <trkpt lat="30.9764330" lon="75.7557130">
    <ele>236.1</ele>
    <time>2026-01-18T11:31:13Z</time>
   </trkpt>
   <trkpt lat="30.9764680" lon="75.7557450">
    <ele>236.1</ele>
    <time>2026-01-18T11:31:14Z</time>
   </trkpt>
   <trkpt lat="30.9765040" lon="75.7557790">
    <ele>236.2</ele>
    <time>2026-01-18T11:31:15Z</time>
   </trkpt>
   <trkpt lat="30.9765390" lon="75.7558120">
    <ele>236.3</ele>
    <time>2026-01-18T11:31:16Z</time>
   </trkpt>
   <trkpt lat="30.9765750" lon="75.7558450">
    <ele>236.4</ele>
    <time>2026-01-18T11:31:17Z</time>
   </trkpt>
   <trkpt lat="30.9766100" lon="75.7558740">
    <ele>236.4</ele>
    <time>2026-01-18T11:31:18Z</time>
   </trkpt>
   <trkpt lat="30.9766430" lon="75.7559080">
    <ele>236.5</ele>
    <time>2026-01-18T11:31:19Z</time>
   </trkpt>
   <trkpt lat="30.9766800" lon="75.7559430">
    <ele>236.6</ele>
    <time>2026-01-18T11:31:20Z</time>
   </trkpt>
   <trkpt lat="30.9767200" lon="75.7559770">
    <ele>236.7</ele>
    <time>2026-01-18T11:31:21Z</time>
   </trkpt>
   <trkpt lat="30.9767540" lon="75.7560140">
    <ele>236.7</ele>
    <time>2026-01-18T11:31:22Z</time>
   </trkpt>
   <trkpt lat="30.9767980" lon="75.7560490">
    <ele>236.8</ele>
    <time>2026-01-18T11:31:23Z</time>
   </trkpt>
   <trkpt lat="30.9768400" lon="75.7560870">
    <ele>236.9</ele>
    <time>2026-01-18T11:31:24Z</time>
   </trkpt>
   <trkpt lat="30.9768810" lon="75.7561250">
    <ele>236.9</ele>
    <time>2026-01-18T11:31:25Z</time>
   </trkpt>
   <trkpt lat="30.9769190" lon="75.7561600">
    <ele>237.0</ele>
    <time>2026-01-18T11:31:26Z</time>
   </trkpt>
   <trkpt lat="30.9769590" lon="75.7561930">
    <ele>237.0</ele>
    <time>2026-01-18T11:31:27Z</time>
   </trkpt>
   <trkpt lat="30.9769960" lon="75.7562270">
    <ele>237.1</ele>
    <time>2026-01-18T11:31:28Z</time>
   </trkpt>
   <trkpt lat="30.9770330" lon="75.7562620">
    <ele>237.1</ele>
    <time>2026-01-18T11:31:29Z</time>
   </trkpt>
   <trkpt lat="30.9770690" lon="75.7562970">
    <ele>237.1</ele>
    <time>2026-01-18T11:31:30Z</time>
   </trkpt>
   <trkpt lat="30.9771070" lon="75.7563300">
    <ele>237.2</ele>
    <time>2026-01-18T11:31:31Z</time>
   </trkpt>
   <trkpt lat="30.9771420" lon="75.7563630">
    <ele>237.2</ele>
    <time>2026-01-18T11:31:32Z</time>
   </trkpt>
   <trkpt lat="30.9771780" lon="75.7563960">
    <ele>237.3</ele>
    <time>2026-01-18T11:31:33Z</time>
   </trkpt>
   <trkpt lat="30.9772160" lon="75.7564290">
    <ele>237.3</ele>
    <time>2026-01-18T11:31:34Z</time>
   </trkpt>
   <trkpt lat="30.9772540" lon="75.7564620">
    <ele>237.3</ele>
    <time>2026-01-18T11:31:35Z</time>
   </trkpt>
   <trkpt lat="30.9772900" lon="75.7564970">
    <ele>237.3</ele>
    <time>2026-01-18T11:31:36Z</time>
   </trkpt>
   <trkpt lat="30.9773250" lon="75.7565320">
    <ele>237.3</ele>
    <time>2026-01-18T11:31:37Z</time>
   </trkpt>
   <trkpt lat="30.9773600" lon="75.7565630">
    <ele>237.4</ele>
    <time>2026-01-18T11:31:38Z</time>
   </trkpt>
   <trkpt lat="30.9773960" lon="75.7565960">
    <ele>237.4</ele>
    <time>2026-01-18T11:31:39Z</time>
   </trkpt>
   <trkpt lat="30.9774310" lon="75.7566270">
    <ele>237.4</ele>
    <time>2026-01-18T11:31:40Z</time>
   </trkpt>
   <trkpt lat="30.9774650" lon="75.7566580">
    <ele>237.4</ele>
    <time>2026-01-18T11:31:41Z</time>
   </trkpt>
   <trkpt lat="30.9774980" lon="75.7566890">
    <ele>237.4</ele>
    <time>2026-01-18T11:31:42Z</time>
   </trkpt>
   <trkpt lat="30.9775300" lon="75.7567200">
    <ele>237.4</ele>
    <time>2026-01-18T11:31:43Z</time>
   </trkpt>
   <trkpt lat="30.9775640" lon="75.7567490">
    <ele>237.4</ele>
    <time>2026-01-18T11:31:44Z</time>
   </trkpt>
   <trkpt lat="30.9775950" lon="75.7567780">
    <ele>237.4</ele>
    <time>2026-01-18T11:31:45Z</time>
   </trkpt>
   <trkpt lat="30.9776260" lon="75.7568080">
    <ele>237.4</ele>
    <time>2026-01-18T11:31:46Z</time>
   </trkpt>
   <trkpt lat="30.9776590" lon="75.7568390">
    <ele>237.5</ele>
    <time>2026-01-18T11:31:47Z</time>
   </trkpt>
   <trkpt lat="30.9776930" lon="75.7568700">
    <ele>237.5</ele>
    <time>2026-01-18T11:31:48Z</time>
   </trkpt>
   <trkpt lat="30.9777280" lon="75.7569020">
    <ele>237.5</ele>
    <time>2026-01-18T11:31:49Z</time>
   </trkpt>
   <trkpt lat="30.9777630" lon="75.7569330">
    <ele>237.5</ele>
    <time>2026-01-18T11:31:50Z</time>
   </trkpt>
   <trkpt lat="30.9777970" lon="75.7569660">
    <ele>237.5</ele>
    <time>2026-01-18T11:31:51Z</time>
   </trkpt>
   <trkpt lat="30.9778320" lon="75.7569960">
    <ele>237.5</ele>
    <time>2026-01-18T11:31:52Z</time>
   </trkpt>
   <trkpt lat="30.9778690" lon="75.7570290">
    <ele>237.5</ele>
    <time>2026-01-18T11:31:53Z</time>
   </trkpt>
   <trkpt lat="30.9779030" lon="75.7570620">
    <ele>237.5</ele>
    <time>2026-01-18T11:31:54Z</time>
   </trkpt>
   <trkpt lat="30.9779390" lon="75.7570940">
    <ele>237.5</ele>
    <time>2026-01-18T11:31:55Z</time>
   </trkpt>
   <trkpt lat="30.9779730" lon="75.7571260">
    <ele>237.5</ele>
    <time>2026-01-18T11:31:56Z</time>
   </trkpt>
   <trkpt lat="30.9780080" lon="75.7571610">
    <ele>237.5</ele>
    <time>2026-01-18T11:31:57Z</time>
   </trkpt>
   <trkpt lat="30.9780430" lon="75.7571950">
    <ele>237.4</ele>
    <time>2026-01-18T11:31:58Z</time>
   </trkpt>
   <trkpt lat="30.9780830" lon="75.7572280">
    <ele>237.4</ele>
    <time>2026-01-18T11:31:59Z</time>
   </trkpt>
   <trkpt lat="30.9781210" lon="75.7572630">
    <ele>237.4</ele>
    <time>2026-01-18T11:32:00Z</time>
   </trkpt>
   <trkpt lat="30.9781580" lon="75.7572970">
    <ele>237.4</ele>
    <time>2026-01-18T11:32:01Z</time>
   </trkpt>
   <trkpt lat="30.9781960" lon="75.7573340">
    <ele>237.4</ele>
    <time>2026-01-18T11:32:02Z</time>
   </trkpt>
   <trkpt lat="30.9782350" lon="75.7573680">
    <ele>237.4</ele>
    <time>2026-01-18T11:32:03Z</time>
   </trkpt>
   <trkpt lat="30.9782740" lon="75.7574020">
    <ele>237.4</ele>
    <time>2026-01-18T11:32:04Z</time>
   </trkpt>
   <trkpt lat="30.9783130" lon="75.7574370">
    <ele>237.4</ele>
    <time>2026-01-18T11:32:05Z</time>
   </trkpt>
   <trkpt lat="30.9783550" lon="75.7574710">
    <ele>237.4</ele>
    <time>2026-01-18T11:32:06Z</time>
   </trkpt>
   <trkpt lat="30.9783900" lon="75.7575080">
    <ele>237.4</ele>
    <time>2026-01-18T11:32:07Z</time>
   </trkpt>
   <trkpt lat="30.9784300" lon="75.7575460">
    <ele>237.4</ele>
    <time>2026-01-18T11:32:08Z</time>
   </trkpt>
   <trkpt lat="30.9784700" lon="75.7575820">
    <ele>237.4</ele>
    <time>2026-01-18T11:32:09Z</time>
   </trkpt>
   <trkpt lat="30.9785120" lon="75.7576210">
    <ele>237.4</ele>
    <time>2026-01-18T11:32:10Z</time>
   </trkpt>
   <trkpt lat="30.9785520" lon="75.7576560">
    <ele>237.4</ele>
    <time>2026-01-18T11:32:11Z</time>
   </trkpt>
   <trkpt lat="30.9785940" lon="75.7576940">
    <ele>237.4</ele>
    <time>2026-01-18T11:32:12Z</time>
   </trkpt>
   <trkpt lat="30.9786770" lon="75.7577690">
    <ele>237.4</ele>
    <time>2026-01-18T11:32:13Z</time>
   </trkpt>
   <trkpt lat="30.9787180" lon="75.7578050">
    <ele>237.5</ele>
    <time>2026-01-18T11:32:14Z</time>
   </trkpt>
   <trkpt lat="30.9787630" lon="75.7578410">
    <ele>237.5</ele>
    <time>2026-01-18T11:32:15Z</time>
   </trkpt>
   <trkpt lat="30.9788050" lon="75.7578740">
    <ele>237.5</ele>
    <time>2026-01-18T11:32:16Z</time>
   </trkpt>
   <trkpt lat="30.9788470" lon="75.7579110">
    <ele>237.6</ele>
    <time>2026-01-18T11:32:17Z</time>
   </trkpt>
   <trkpt lat="30.9788870" lon="75.7579470">
    <ele>237.6</ele>
    <time>2026-01-18T11:32:18Z</time>
   </trkpt>
   <trkpt lat="30.9789260" lon="75.7579790">
    <ele>237.7</ele>
    <time>2026-01-18T11:32:19Z</time>
   </trkpt>
   <trkpt lat="30.9789630" lon="75.7580100">
    <ele>237.7</ele>
    <time>2026-01-18T11:32:20Z</time>
   </trkpt>
   <trkpt lat="30.9790000" lon="75.7580420">
    <ele>237.7</ele>
    <time>2026-01-18T11:32:21Z</time>
   </trkpt>
   <trkpt lat="30.9790330" lon="75.7580740">
    <ele>237.7</ele>
    <time>2026-01-18T11:32:22Z</time>
   </trkpt>
   <trkpt lat="30.9790690" lon="75.7581030">
    <ele>237.9</ele>
    <time>2026-01-18T11:32:23Z</time>
   </trkpt>
   <trkpt lat="30.9791030" lon="75.7581330">
    <ele>238.1</ele>
    <time>2026-01-18T11:32:24Z</time>
   </trkpt>
   <trkpt lat="30.9791370" lon="75.7581650">
    <ele>238.3</ele>
    <time>2026-01-18T11:32:25Z</time>
   </trkpt>
   <trkpt lat="30.9791680" lon="75.7581970">
    <ele>238.6</ele>
    <time>2026-01-18T11:32:26Z</time>
   </trkpt>
   <trkpt lat="30.9792000" lon="75.7582310">
    <ele>238.8</ele>
    <time>2026-01-18T11:32:27Z</time>
   </trkpt>
   <trkpt lat="30.9792330" lon="75.7582670">
    <ele>239.0</ele>
    <time>2026-01-18T11:32:28Z</time>
   </trkpt>
   <trkpt lat="30.9792680" lon="75.7583020">
    <ele>239.0</ele>
    <time>2026-01-18T11:32:29Z</time>
   </trkpt>
   <trkpt lat="30.9793030" lon="75.7583350">
    <ele>239.0</ele>
    <time>2026-01-18T11:32:30Z</time>
   </trkpt>
   <trkpt lat="30.9793400" lon="75.7583660">
    <ele>239.0</ele>
    <time>2026-01-18T11:32:31Z</time>
   </trkpt>
   <trkpt lat="30.9793760" lon="75.7584020">
    <ele>239.0</ele>
    <time>2026-01-18T11:32:32Z</time>
   </trkpt>
   <trkpt lat="30.9794090" lon="75.7584390">
    <ele>238.9</ele>
    <time>2026-01-18T11:32:33Z</time>
   </trkpt>
   <trkpt lat="30.9794440" lon="75.7584760">
    <ele>238.9</ele>
    <time>2026-01-18T11:32:34Z</time>
   </trkpt>
   <trkpt lat="30.9794800" lon="75.7585130">
    <ele>238.9</ele>
    <time>2026-01-18T11:32:35Z</time>
   </trkpt>
   <trkpt lat="30.9795160" lon="75.7585530">
    <ele>238.9</ele>
    <time>2026-01-18T11:32:36Z</time>
   </trkpt>
   <trkpt lat="30.9795510" lon="75.7585940">
    <ele>238.9</ele>
    <time>2026-01-18T11:32:37Z</time>
   </trkpt>
   <trkpt lat="30.9795900" lon="75.7586290">
    <ele>238.9</ele>
    <time>2026-01-18T11:32:38Z</time>
   </trkpt>
   <trkpt lat="30.9796310" lon="75.7586640">
    <ele>238.9</ele>
    <time>2026-01-18T11:32:39Z</time>
   </trkpt>
   <trkpt lat="30.9796720" lon="75.7587030">
    <ele>238.8</ele>
    <time>2026-01-18T11:32:40Z</time>
   </trkpt>
   <trkpt lat="30.9797130" lon="75.7587430">
    <ele>238.8</ele>
    <time>2026-01-18T11:32:41Z</time>
   </trkpt>
   <trkpt lat="30.9797540" lon="75.7587840">
    <ele>238.7</ele>
    <time>2026-01-18T11:32:42Z</time>
   </trkpt>
   <trkpt lat="30.9797970" lon="75.7588270">
    <ele>238.7</ele>
    <time>2026-01-18T11:32:43Z</time>
   </trkpt>
   <trkpt lat="30.9798380" lon="75.7588710">
    <ele>238.6</ele>
    <time>2026-01-18T11:32:44Z</time>
   </trkpt>
   <trkpt lat="30.9798800" lon="75.7589130">
    <ele>238.5</ele>
    <time>2026-01-18T11:32:45Z</time>
   </trkpt>
   <trkpt lat="30.9799220" lon="75.7589570">
    <ele>238.5</ele>
    <time>2026-01-18T11:32:46Z</time>
   </trkpt>
   <trkpt lat="30.9799640" lon="75.7590010">
    <ele>238.5</ele>
    <time>2026-01-18T11:32:47Z</time>
   </trkpt>
   <trkpt lat="30.9800050" lon="75.7590490">
    <ele>238.4</ele>
    <time>2026-01-18T11:32:48Z</time>
   </trkpt>
   <trkpt lat="30.9800470" lon="75.7590970">
    <ele>238.4</ele>
    <time>2026-01-18T11:32:49Z</time>
   </trkpt>
   <trkpt lat="30.9800910" lon="75.7591460">
    <ele>238.3</ele>
    <time>2026-01-18T11:32:50Z</time>
   </trkpt>
   <trkpt lat="30.9801380" lon="75.7591960">
    <ele>238.2</ele>
    <time>2026-01-18T11:32:51Z</time>
   </trkpt>
   <trkpt lat="30.9801820" lon="75.7592440">
    <ele>238.2</ele>
    <time>2026-01-18T11:32:52Z</time>
   </trkpt>
   <trkpt lat="30.9802290" lon="75.7592950">
    <ele>238.1</ele>
    <time>2026-01-18T11:32:53Z</time>
   </trkpt>
   <trkpt lat="30.9802740" lon="75.7593460">
    <ele>238.1</ele>
    <time>2026-01-18T11:32:54Z</time>
   </trkpt>
   <trkpt lat="30.9803200" lon="75.7594000">
    <ele>238.0</ele>
    <time>2026-01-18T11:32:55Z</time>
   </trkpt>
   <trkpt lat="30.9803650" lon="75.7594550">
    <ele>238.0</ele>
    <time>2026-01-18T11:32:56Z</time>
   </trkpt>
   <trkpt lat="30.9804100" lon="75.7595130">
    <ele>238.0</ele>
    <time>2026-01-18T11:32:57Z</time>
   </trkpt>
   <trkpt lat="30.9804550" lon="75.7595690">
    <ele>237.9</ele>
    <time>2026-01-18T11:32:58Z</time>
   </trkpt>
   <trkpt lat="30.9805020" lon="75.7596240">
    <ele>237.8</ele>
    <time>2026-01-18T11:32:59Z</time>
   </trkpt>
   <trkpt lat="30.9805460" lon="75.7596750">
    <ele>237.7</ele>
    <time>2026-01-18T11:33:00Z</time>
   </trkpt>
   <trkpt lat="30.9805870" lon="75.7597230">
    <ele>237.6</ele>
    <time>2026-01-18T11:33:01Z</time>
   </trkpt>
   <trkpt lat="30.9806220" lon="75.7597690">
    <ele>237.5</ele>
    <time>2026-01-18T11:33:02Z</time>
   </trkpt>
   <trkpt lat="30.9806510" lon="75.7598080">
    <ele>237.4</ele>
    <time>2026-01-18T11:33:03Z</time>
   </trkpt>
   <trkpt lat="30.9806810" lon="75.7598430">
    <ele>237.4</ele>
    <time>2026-01-18T11:33:04Z</time>
   </trkpt>
   <trkpt lat="30.9807110" lon="75.7598820">
    <ele>237.3</ele>
    <time>2026-01-18T11:33:05Z</time>
   </trkpt>
   <trkpt lat="30.9807420" lon="75.7599210">
    <ele>237.2</ele>
    <time>2026-01-18T11:33:06Z</time>
   </trkpt>
   <trkpt lat="30.9807690" lon="75.7599580">
    <ele>237.2</ele>
    <time>2026-01-18T11:33:07Z</time>
   </trkpt>
   <trkpt lat="30.9807900" lon="75.7599840">
    <ele>237.2</ele>
    <time>2026-01-18T11:33:09Z</time>
   </trkpt>
   <trkpt lat="30.9807940" lon="75.7599890">
    <ele>237.1</ele>
    <time>2026-01-18T11:33:10Z</time>
   </trkpt>
   <trkpt lat="30.9807980" lon="75.7599930">
    <ele>237.1</ele>
    <time>2026-01-18T11:33:11Z</time>
   </trkpt>
   <trkpt lat="30.9807930" lon="75.7599910">
    <ele>237.1</ele>
    <time>2026-01-18T11:33:12Z</time>
   </trkpt>
   <trkpt lat="30.9807900" lon="75.7599870">
    <ele>237.1</ele>
    <time>2026-01-18T11:33:13Z</time>
   </trkpt>
   <trkpt lat="30.9807920" lon="75.7599880">
    <ele>237.1</ele>
    <time>2026-01-18T11:33:14Z</time>
   </trkpt>
   <trkpt lat="30.9807950" lon="75.7599930">
    <ele>237.1</ele>
    <time>2026-01-18T11:33:15Z</time>
   </trkpt>
   <trkpt lat="30.9807910" lon="75.7599860">
    <ele>237.1</ele>
    <time>2026-01-18T11:33:16Z</time>
   </trkpt>
   <trkpt lat="30.9807890" lon="75.7599860">
    <ele>237.1</ele>
    <time>2026-01-18T11:33:17Z</time>
   </trkpt>
   <trkpt lat="30.9807860" lon="75.7599920">
    <ele>237.1</ele>
    <time>2026-01-18T11:33:18Z</time>
   </trkpt>
   <trkpt lat="30.9807880" lon="75.7599900">
    <ele>237.1</ele>
    <time>2026-01-18T11:33:19Z</time>
   </trkpt>
   <trkpt lat="30.9807880" lon="75.7599900">
    <ele>237.1</ele>
    <time>2026-01-18T11:33:20Z</time>
   </trkpt>
   <trkpt lat="30.9807760" lon="75.7599620">
    <ele>237.1</ele>
    <time>2026-01-18T11:37:38Z</time>
   </trkpt>
   <trkpt lat="30.9807780" lon="75.7599740">
    <ele>237.1</ele>
    <time>2026-01-18T11:37:39Z</time>
   </trkpt>
   <trkpt lat="30.9807690" lon="75.7599660">
    <ele>237.0</ele>
    <time>2026-01-18T11:37:40Z</time>
   </trkpt>
   <trkpt lat="30.9807690" lon="75.7599700">
    <ele>237.0</ele>
    <time>2026-01-18T11:37:41Z</time>
   </trkpt>
   <trkpt lat="30.9807690" lon="75.7599700">
    <ele>237.0</ele>
    <time>2026-01-18T11:37:42Z</time>
   </trkpt>
   <trkpt lat="30.9807730" lon="75.7599750">
    <ele>237.0</ele>
    <time>2026-01-18T11:37:43Z</time>
   </trkpt>
   <trkpt lat="30.9807720" lon="75.7599750">
    <ele>237.0</ele>
    <time>2026-01-18T11:37:44Z</time>
   </trkpt>
   <trkpt lat="30.9807730" lon="75.7599740">
    <ele>237.0</ele>
    <time>2026-01-18T11:37:45Z</time>
   </trkpt>
   <trkpt lat="30.9807690" lon="75.7599860">
    <ele>237.0</ele>
    <time>2026-01-18T11:37:46Z</time>
   </trkpt>
   <trkpt lat="30.9807710" lon="75.7599870">
    <ele>237.0</ele>
    <time>2026-01-18T11:37:47Z</time>
   </trkpt>
   <trkpt lat="30.9807750" lon="75.7599970">
    <ele>237.0</ele>
    <time>2026-01-18T11:37:48Z</time>
   </trkpt>
   <trkpt lat="30.9807780" lon="75.7600050">
    <ele>237.0</ele>
    <time>2026-01-18T11:37:49Z</time>
   </trkpt>
   <trkpt lat="30.9807810" lon="75.7600090">
    <ele>237.0</ele>
    <time>2026-01-18T11:37:50Z</time>
   </trkpt>
   <trkpt lat="30.9807850" lon="75.7600140">
    <ele>237.0</ele>
    <time>2026-01-18T11:37:51Z</time>
   </trkpt>
   <trkpt lat="30.9807880" lon="75.7600180">
    <ele>237.0</ele>
    <time>2026-01-18T11:37:52Z</time>
   </trkpt>
   <trkpt lat="30.9807920" lon="75.7600230">
    <ele>237.0</ele>
    <time>2026-01-18T11:37:53Z</time>
   </trkpt>
   <trkpt lat="30.9807950" lon="75.7600270">
    <ele>237.0</ele>
    <time>2026-01-18T11:37:54Z</time>
   </trkpt>
   <trkpt lat="30.9807990" lon="75.7600320">
    <ele>237.0</ele>
    <time>2026-01-18T11:37:55Z</time>
   </trkpt>
   <trkpt lat="30.9808020" lon="75.7600360">
    <ele>236.9</ele>
    <time>2026-01-18T11:37:56Z</time>
   </trkpt>
   <trkpt lat="30.9808060" lon="75.7600410">
    <ele>236.9</ele>
    <time>2026-01-18T11:37:57Z</time>
   </trkpt>
   <trkpt lat="30.9808090" lon="75.7600460">
    <ele>236.9</ele>
    <time>2026-01-18T11:37:58Z</time>
   </trkpt>
   <trkpt lat="30.9808130" lon="75.7600500">
    <ele>236.9</ele>
    <time>2026-01-18T11:37:59Z</time>
   </trkpt>
   <trkpt lat="30.9808160" lon="75.7600550">
    <ele>236.9</ele>
    <time>2026-01-18T11:38:00Z</time>
   </trkpt>
   <trkpt lat="30.9808200" lon="75.7600590">
    <ele>236.9</ele>
    <time>2026-01-18T11:38:01Z</time>
   </trkpt>
   <trkpt lat="30.9808230" lon="75.7600640">
    <ele>236.9</ele>
    <time>2026-01-18T11:38:02Z</time>
   </trkpt>
   <trkpt lat="30.9808270" lon="75.7600680">
    <ele>236.9</ele>
    <time>2026-01-18T11:38:03Z</time>
   </trkpt>
   <trkpt lat="30.9808300" lon="75.7600730">
    <ele>236.9</ele>
    <time>2026-01-18T11:38:04Z</time>
   </trkpt>
   <trkpt lat="30.9808340" lon="75.7600770">
    <ele>236.9</ele>
    <time>2026-01-18T11:38:05Z</time>
   </trkpt>
   <trkpt lat="30.9808370" lon="75.7600820">
    <ele>236.9</ele>
    <time>2026-01-18T11:38:06Z</time>
   </trkpt>
   <trkpt lat="30.9808410" lon="75.7600860">
    <ele>236.9</ele>
    <time>2026-01-18T11:38:07Z</time>
   </trkpt>
   <trkpt lat="30.9808440" lon="75.7600910">
    <ele>236.8</ele>
    <time>2026-01-18T11:38:08Z</time>
   </trkpt>
   <trkpt lat="30.9808480" lon="75.7600960">
    <ele>236.8</ele>
    <time>2026-01-18T11:38:09Z</time>
   </trkpt>
   <trkpt lat="30.9808510" lon="75.7601000">
    <ele>236.8</ele>
    <time>2026-01-18T11:38:10Z</time>
   </trkpt>
   <trkpt lat="30.9808550" lon="75.7601050">
    <ele>236.8</ele>
    <time>2026-01-18T11:38:11Z</time>
   </trkpt>
   <trkpt lat="30.9808580" lon="75.7601090">
    <ele>236.8</ele>
    <time>2026-01-18T11:38:12Z</time>
   </trkpt>
   <trkpt lat="30.9808620" lon="75.7601140">
    <ele>236.8</ele>
    <time>2026-01-18T11:38:13Z</time>
   </trkpt>
   <trkpt lat="30.9808650" lon="75.7601180">
    <ele>236.8</ele>
    <time>2026-01-18T11:38:14Z</time>
   </trkpt>
   <trkpt lat="30.9808690" lon="75.7601230">
    <ele>236.8</ele>
    <time>2026-01-18T11:38:15Z</time>
   </trkpt>
   <trkpt lat="30.9808720" lon="75.7601270">
    <ele>236.8</ele>
    <time>2026-01-18T11:40:22Z</time>
   </trkpt>
   <trkpt lat="30.9808760" lon="75.7601320">
    <ele>236.8</ele>
    <time>2026-01-18T11:40:23Z</time>
   </trkpt>
   <trkpt lat="30.9809040" lon="75.7601690">
    <ele>236.7</ele>
    <time>2026-01-18T11:40:24Z</time>
   </trkpt>
   <trkpt lat="30.9809320" lon="75.7602060">
    <ele>236.6</ele>
    <time>2026-01-18T11:40:25Z</time>
   </trkpt>
   <trkpt lat="30.9809620" lon="75.7602500">
    <ele>236.6</ele>
    <time>2026-01-18T11:40:26Z</time>
   </trkpt>
   <trkpt lat="30.9809910" lon="75.7602940">
    <ele>236.5</ele>
    <time>2026-01-18T11:40:27Z</time>
   </trkpt>
   <trkpt lat="30.9810250" lon="75.7603410">
    <ele>236.4</ele>
    <time>2026-01-18T11:40:28Z</time>
   </trkpt>
   <trkpt lat="30.9810590" lon="75.7603890">
    <ele>236.3</ele>
    <time>2026-01-18T11:40:29Z</time>
   </trkpt>
   <trkpt lat="30.9810930" lon="75.7604400">
    <ele>236.2</ele>
    <time>2026-01-18T11:40:30Z</time>
   </trkpt>
   <trkpt lat="30.9811270" lon="75.7604920">
    <ele>236.1</ele>
    <time>2026-01-18T11:40:31Z</time>
   </trkpt>
   <trkpt lat="30.9811640" lon="75.7605490">
    <ele>236.0</ele>
    <time>2026-01-18T11:40:32Z</time>
   </trkpt>
   <trkpt lat="30.9812010" lon="75.7606030">
    <ele>235.9</ele>
    <time>2026-01-18T11:40:33Z</time>
   </trkpt>
   <trkpt lat="30.9812400" lon="75.7606620">
    <ele>235.7</ele>
    <time>2026-01-18T11:40:34Z</time>
   </trkpt>
   <trkpt lat="30.9812810" lon="75.7607220">
    <ele>235.6</ele>
    <time>2026-01-18T11:40:35Z</time>
   </trkpt>
   <trkpt lat="30.9813200" lon="75.7607850">
    <ele>235.5</ele>
    <time>2026-01-18T11:40:36Z</time>
   </trkpt>
   <trkpt lat="30.9813620" lon="75.7608500">
    <ele>235.4</ele>
    <time>2026-01-18T11:40:37Z</time>
   </trkpt>
   <trkpt lat="30.9814010" lon="75.7609150">
    <ele>235.2</ele>
    <time>2026-01-18T11:40:38Z</time>
   </trkpt>
   <trkpt lat="30.9814410" lon="75.7609810">
    <ele>235.1</ele>
    <time>2026-01-18T11:40:39Z</time>
   </trkpt>
   <trkpt lat="30.9814830" lon="75.7610500">
    <ele>235.0</ele>
    <time>2026-01-18T11:40:40Z</time>
   </trkpt>
   <trkpt lat="30.9815270" lon="75.7611180">
    <ele>234.9</ele>
    <time>2026-01-18T11:40:41Z</time>
   </trkpt>
   <trkpt lat="30.9815700" lon="75.7611910">
    <ele>234.8</ele>
    <time>2026-01-18T11:40:42Z</time>
   </trkpt>
   <trkpt lat="30.9816090" lon="75.7612610">
    <ele>234.7</ele>
    <time>2026-01-18T11:40:43Z</time>
   </trkpt>
   <trkpt lat="30.9816500" lon="75.7613340">
    <ele>234.7</ele>
    <time>2026-01-18T11:40:44Z</time>
   </trkpt>
   <trkpt lat="30.9816910" lon="75.7614040">
    <ele>234.6</ele>
    <time>2026-01-18T11:40:45Z</time>
   </trkpt>
   <trkpt lat="30.9817300" lon="75.7614780">
    <ele>234.6</ele>
    <time>2026-01-18T11:40:46Z</time>
   </trkpt>
   <trkpt lat="30.9817700" lon="75.7615500">
    <ele>234.5</ele>
    <time>2026-01-18T11:40:47Z</time>
   </trkpt>
   <trkpt lat="30.9818100" lon="75.7616210">
    <ele>234.5</ele>
    <time>2026-01-18T11:40:48Z</time>
   </trkpt>
   <trkpt lat="30.9818480" lon="75.7616940">
    <ele>234.4</ele>
    <time>2026-01-18T11:40:49Z</time>
   </trkpt>
   <trkpt lat="30.9818860" lon="75.7617680">
    <ele>234.3</ele>
    <time>2026-01-18T11:40:50Z</time>
   </trkpt>
   <trkpt lat="30.9819230" lon="75.7618400">
    <ele>234.3</ele>
    <time>2026-01-18T11:40:51Z</time>
   </trkpt>
   <trkpt lat="30.9819590" lon="75.7619110">
    <ele>234.2</ele>
    <time>2026-01-18T11:40:52Z</time>
   </trkpt>
   <trkpt lat="30.9819950" lon="75.7619860">
    <ele>234.2</ele>
    <time>2026-01-18T11:40:53Z</time>
   </trkpt>
   <trkpt lat="30.9820300" lon="75.7620630">
    <ele>234.2</ele>
    <time>2026-01-18T11:40:54Z</time>
   </trkpt>
   <trkpt lat="30.9820680" lon="75.7621360">
    <ele>234.2</ele>
    <time>2026-01-18T11:40:55Z</time>
   </trkpt>
   <trkpt lat="30.9821050" lon="75.7622100">
    <ele>234.2</ele>
    <time>2026-01-18T11:40:56Z</time>
   </trkpt>
   <trkpt lat="30.9821400" lon="75.7622860">
    <ele>234.2</ele>
    <time>2026-01-18T11:40:57Z</time>
   </trkpt>
   <trkpt lat="30.9821740" lon="75.7623630">
    <ele>234.3</ele>
    <time>2026-01-18T11:40:58Z</time>
   </trkpt>
   <trkpt lat="30.9822120" lon="75.7624400">
    <ele>234.4</ele>
    <time>2026-01-18T11:40:59Z</time>
   </trkpt>
   <trkpt lat="30.9822470" lon="75.7625210">
    <ele>234.3</ele>
    <time>2026-01-18T11:41:00Z</time>
   </trkpt>
   <trkpt lat="30.9822830" lon="75.7626020">
    <ele>234.3</ele>
    <time>2026-01-18T11:41:01Z</time>
   </trkpt>
   <trkpt lat="30.9823200" lon="75.7626860">
    <ele>234.2</ele>
    <time>2026-01-18T11:41:02Z</time>
   </trkpt>
   <trkpt lat="30.9823560" lon="75.7627710">
    <ele>234.2</ele>
    <time>2026-01-18T11:41:03Z</time>
   </trkpt>
   <trkpt lat="30.9823910" lon="75.7628580">
    <ele>234.2</ele>
    <time>2026-01-18T11:41:04Z</time>
   </trkpt>
   <trkpt lat="30.9824270" lon="75.7629460">
    <ele>234.2</ele>
    <time>2026-01-18T11:41:05Z</time>
   </trkpt>
   <trkpt lat="30.9824660" lon="75.7630360">
    <ele>234.2</ele>
    <time>2026-01-18T11:41:06Z</time>
   </trkpt>
   <trkpt lat="30.9825020" lon="75.7631290">
    <ele>234.1</ele>
    <time>2026-01-18T11:41:07Z</time>
   </trkpt>
   <trkpt lat="30.9825370" lon="75.7632230">
    <ele>234.1</ele>
    <time>2026-01-18T11:41:08Z</time>
   </trkpt>
   <trkpt lat="30.9825730" lon="75.7633170">
    <ele>234.2</ele>
    <time>2026-01-18T11:41:09Z</time>
   </trkpt>
   <trkpt lat="30.9826060" lon="75.7634130">
    <ele>234.2</ele>
    <time>2026-01-18T11:41:10Z</time>
   </trkpt>
   <trkpt lat="30.9826400" lon="75.7635060">
    <ele>234.3</ele>
    <time>2026-01-18T11:41:11Z</time>
   </trkpt>
   <trkpt lat="30.9826730" lon="75.7636010">
    <ele>234.3</ele>
    <time>2026-01-18T11:41:12Z</time>
   </trkpt>
   <trkpt lat="30.9827030" lon="75.7636970">
    <ele>234.4</ele>
    <time>2026-01-18T11:41:13Z</time>
   </trkpt>
   <trkpt lat="30.9827320" lon="75.7637910">
    <ele>234.4</ele>
    <time>2026-01-18T11:41:14Z</time>
   </trkpt>
   <trkpt lat="30.9827610" lon="75.7638850">
    <ele>234.4</ele>
    <time>2026-01-18T11:41:15Z</time>
   </trkpt>
   <trkpt lat="30.9827870" lon="75.7639780">
    <ele>234.4</ele>
    <time>2026-01-18T11:41:16Z</time>
   </trkpt>
   <trkpt lat="30.9828130" lon="75.7640700">
    <ele>234.4</ele>
    <time>2026-01-18T11:41:17Z</time>
   </trkpt>
   <trkpt lat="30.9828380" lon="75.7641620">
    <ele>234.5</ele>
    <time>2026-01-18T11:41:18Z</time>
   </trkpt>
   <trkpt lat="30.9828610" lon="75.7642540">
    <ele>234.5</ele>
    <time>2026-01-18T11:41:19Z</time>
   </trkpt>
   <trkpt lat="30.9828860" lon="75.7643440">
    <ele>234.5</ele>
    <time>2026-01-18T11:41:20Z</time>
   </trkpt>
   <trkpt lat="30.9829110" lon="75.7644310">
    <ele>234.5</ele>
    <time>2026-01-18T11:41:21Z</time>
   </trkpt>
   <trkpt lat="30.9829370" lon="75.7645200">
    <ele>234.5</ele>
    <time>2026-01-18T11:41:22Z</time>
   </trkpt>
   <trkpt lat="30.9829640" lon="75.7646080">
    <ele>234.5</ele>
    <time>2026-01-18T11:41:23Z</time>
   </trkpt>
   <trkpt lat="30.9829870" lon="75.7646980">
    <ele>234.5</ele>
    <time>2026-01-18T11:41:24Z</time>
   </trkpt>
   <trkpt lat="30.9830100" lon="75.7647880">
    <ele>234.5</ele>
    <time>2026-01-18T11:41:25Z</time>
   </trkpt>
   <trkpt lat="30.9830320" lon="75.7648770">
    <ele>234.5</ele>
    <time>2026-01-18T11:41:26Z</time>
   </trkpt>
   <trkpt lat="30.9830550" lon="75.7649690">
    <ele>234.6</ele>
    <time>2026-01-18T11:41:27Z</time>
   </trkpt>
   <trkpt lat="30.9830760" lon="75.7650630">
    <ele>234.6</ele>
    <time>2026-01-18T11:41:28Z</time>
   </trkpt>
   <trkpt lat="30.9830960" lon="75.7651570">
    <ele>234.6</ele>
    <time>2026-01-18T11:41:29Z</time>
   </trkpt>
   <trkpt lat="30.9831160" lon="75.7652510">
    <ele>234.6</ele>
    <time>2026-01-18T11:41:30Z</time>
   </trkpt>
   <trkpt lat="30.9831370" lon="75.7653470">
    <ele>234.6</ele>
    <time>2026-01-18T11:41:31Z</time>
   </trkpt>
   <trkpt lat="30.9831550" lon="75.7654420">
    <ele>234.6</ele>
    <time>2026-01-18T11:41:32Z</time>
   </trkpt>
   <trkpt lat="30.9831740" lon="75.7655380">
    <ele>234.6</ele>
    <time>2026-01-18T11:41:33Z</time>
   </trkpt>
   <trkpt lat="30.9831910" lon="75.7656330">
    <ele>234.6</ele>
    <time>2026-01-18T11:41:34Z</time>
   </trkpt>
   <trkpt lat="30.9832090" lon="75.7657300">
    <ele>234.6</ele>
    <time>2026-01-18T11:41:35Z</time>
   </trkpt>
   <trkpt lat="30.9832240" lon="75.7658260">
    <ele>234.6</ele>
    <time>2026-01-18T11:41:36Z</time>
   </trkpt>
   <trkpt lat="30.9832390" lon="75.7659240">
    <ele>234.7</ele>
    <time>2026-01-18T11:41:37Z</time>
   </trkpt>
   <trkpt lat="30.9832560" lon="75.7660190">
    <ele>234.7</ele>
    <time>2026-01-18T11:41:38Z</time>
   </trkpt>
   <trkpt lat="30.9832730" lon="75.7661160">
    <ele>234.8</ele>
    <time>2026-01-18T11:41:39Z</time>
   </trkpt>
   <trkpt lat="30.9832870" lon="75.7662120">
    <ele>234.9</ele>
    <time>2026-01-18T11:41:40Z</time>
   </trkpt>
   <trkpt lat="30.9833000" lon="75.7663070">
    <ele>235.0</ele>
    <time>2026-01-18T11:41:41Z</time>
   </trkpt>
   <trkpt lat="30.9833120" lon="75.7664000">
    <ele>235.1</ele>
    <time>2026-01-18T11:41:42Z</time>
   </trkpt>
   <trkpt lat="30.9833240" lon="75.7664930">
    <ele>235.1</ele>
    <time>2026-01-18T11:41:43Z</time>
   </trkpt>
   <trkpt lat="30.9833350" lon="75.7665870">
    <ele>235.1</ele>
    <time>2026-01-18T11:41:44Z</time>
   </trkpt>
   <trkpt lat="30.9833480" lon="75.7666790">
    <ele>235.1</ele>
    <time>2026-01-18T11:41:45Z</time>
   </trkpt>
   <trkpt lat="30.9833580" lon="75.7667730">
    <ele>235.1</ele>
    <time>2026-01-18T11:41:46Z</time>
   </trkpt>
   <trkpt lat="30.9833650" lon="75.7668650">
    <ele>235.1</ele>
    <time>2026-01-18T11:41:47Z</time>
   </trkpt>
   <trkpt lat="30.9833740" lon="75.7669580">
    <ele>235.1</ele>
    <time>2026-01-18T11:41:48Z</time>
   </trkpt>
   <trkpt lat="30.9833830" lon="75.7670500">
    <ele>235.0</ele>
    <time>2026-01-18T11:41:49Z</time>
   </trkpt>
   <trkpt lat="30.9833910" lon="75.7671440">
    <ele>235.0</ele>
    <time>2026-01-18T11:41:50Z</time>
   </trkpt>
   <trkpt lat="30.9834000" lon="75.7672380">
    <ele>234.9</ele>
    <time>2026-01-18T11:41:52Z</time>
   </trkpt>
   <trkpt lat="30.9834070" lon="75.7673340">
    <ele>234.9</ele>
    <time>2026-01-18T11:41:53Z</time>
   </trkpt>
   <trkpt lat="30.9834150" lon="75.7674300">
    <ele>234.8</ele>
    <time>2026-01-18T11:41:54Z</time>
   </trkpt>
   <trkpt lat="30.9834220" lon="75.7675260">
    <ele>234.8</ele>
    <time>2026-01-18T11:41:55Z</time>
   </trkpt>
   <trkpt lat="30.9834270" lon="75.7676240">
    <ele>234.8</ele>
    <time>2026-01-18T11:41:56Z</time>
   </trkpt>
   <trkpt lat="30.9834300" lon="75.7677220">
    <ele>234.7</ele>
    <time>2026-01-18T11:41:57Z</time>
   </trkpt>
   <trkpt lat="30.9834320" lon="75.7678180">
    <ele>234.7</ele>
    <time>2026-01-18T11:41:58Z</time>
   </trkpt>
   <trkpt lat="30.9834320" lon="75.7679140">
    <ele>234.6</ele>
    <time>2026-01-18T11:41:59Z</time>
   </trkpt>
   <trkpt lat="30.9834340" lon="75.7680100">
    <ele>234.6</ele>
    <time>2026-01-18T11:42:00Z</time>
   </trkpt>
   <trkpt lat="30.9834360" lon="75.7681050">
    <ele>234.5</ele>
    <time>2026-01-18T11:42:01Z</time>
   </trkpt>
   <trkpt lat="30.9834380" lon="75.7681980">
    <ele>234.4</ele>
    <time>2026-01-18T11:42:02Z</time>
   </trkpt>
   <trkpt lat="30.9834380" lon="75.7682910">
    <ele>234.4</ele>
    <time>2026-01-18T11:42:03Z</time>
   </trkpt>
   <trkpt lat="30.9834410" lon="75.7683840">
    <ele>234.4</ele>
    <time>2026-01-18T11:42:04Z</time>
   </trkpt>
   <trkpt lat="30.9834380" lon="75.7684770">
    <ele>234.3</ele>
    <time>2026-01-18T11:42:05Z</time>
   </trkpt>
   <trkpt lat="30.9834360" lon="75.7685680">
    <ele>234.3</ele>
    <time>2026-01-18T11:42:06Z</time>
   </trkpt>
   <trkpt lat="30.9834350" lon="75.7686580">
    <ele>234.3</ele>
    <time>2026-01-18T11:42:07Z</time>
   </trkpt>
   <trkpt lat="30.9834330" lon="75.7687520">
    <ele>234.2</ele>
    <time>2026-01-18T11:42:08Z</time>
   </trkpt>
   <trkpt lat="30.9834310" lon="75.7688390">
    <ele>234.2</ele>
    <time>2026-01-18T11:42:09Z</time>
   </trkpt>
   <trkpt lat="30.9834280" lon="75.7689260">
    <ele>234.2</ele>
    <time>2026-01-18T11:42:10Z</time>
   </trkpt>
   <trkpt lat="30.9834240" lon="75.7690120">
    <ele>234.2</ele>
    <time>2026-01-18T11:42:11Z</time>
   </trkpt>
   <trkpt lat="30.9834210" lon="75.7690940">
    <ele>234.1</ele>
    <time>2026-01-18T11:42:12Z</time>
   </trkpt>
   <trkpt lat="30.9834170" lon="75.7691780">
    <ele>234.1</ele>
    <time>2026-01-18T11:42:13Z</time>
   </trkpt>
   <trkpt lat="30.9834110" lon="75.7692640">
    <ele>234.0</ele>
    <time>2026-01-18T11:42:14Z</time>
   </trkpt>
   <trkpt lat="30.9834050" lon="75.7693550">
    <ele>233.9</ele>
    <time>2026-01-18T11:42:15Z</time>
   </trkpt>
   <trkpt lat="30.9833990" lon="75.7694460">
    <ele>233.9</ele>
    <time>2026-01-18T11:42:16Z</time>
   </trkpt>
   <trkpt lat="30.9833900" lon="75.7695400">
    <ele>233.8</ele>
    <time>2026-01-18T11:42:17Z</time>
   </trkpt>
   <trkpt lat="30.9833810" lon="75.7696340">
    <ele>233.7</ele>
    <time>2026-01-18T11:42:18Z</time>
   </trkpt>
   <trkpt lat="30.9833720" lon="75.7697320">
    <ele>233.6</ele>
    <time>2026-01-18T11:42:19Z</time>
   </trkpt>
   <trkpt lat="30.9833620" lon="75.7698290">
    <ele>233.5</ele>
    <time>2026-01-18T11:42:20Z</time>
   </trkpt>
   <trkpt lat="30.9833510" lon="75.7699280">
    <ele>233.4</ele>
    <time>2026-01-18T11:42:21Z</time>
   </trkpt>
   <trkpt lat="30.9833420" lon="75.7700260">
    <ele>233.3</ele>
    <time>2026-01-18T11:42:22Z</time>
   </trkpt>
   <trkpt lat="30.9833320" lon="75.7701260">
    <ele>233.2</ele>
    <time>2026-01-18T11:42:23Z</time>
   </trkpt>
   <trkpt lat="30.9833240" lon="75.7702260">
    <ele>233.1</ele>
    <time>2026-01-18T11:42:24Z</time>
   </trkpt>
   <trkpt lat="30.9833150" lon="75.7703250">
    <ele>233.0</ele>
    <time>2026-01-18T11:42:25Z</time>
   </trkpt>
   <trkpt lat="30.9833040" lon="75.7704240">
    <ele>233.0</ele>
    <time>2026-01-18T11:42:26Z</time>
   </trkpt>
   <trkpt lat="30.9832940" lon="75.7705240">
    <ele>233.0</ele>
    <time>2026-01-18T11:42:27Z</time>
   </trkpt>
   <trkpt lat="30.9832830" lon="75.7706230">
    <ele>233.0</ele>
    <time>2026-01-18T11:42:28Z</time>
   </trkpt>
   <trkpt lat="30.9832760" lon="75.7707220">
    <ele>233.0</ele>
    <time>2026-01-18T11:42:29Z</time>
   </trkpt>
   <trkpt lat="30.9832660" lon="75.7708200">
    <ele>232.9</ele>
    <time>2026-01-18T11:42:30Z</time>
   </trkpt>
   <trkpt lat="30.9832560" lon="75.7709160">
    <ele>232.9</ele>
    <time>2026-01-18T11:42:31Z</time>
   </trkpt>
   <trkpt lat="30.9832460" lon="75.7710120">
    <ele>232.9</ele>
    <time>2026-01-18T11:42:32Z</time>
   </trkpt>
   <trkpt lat="30.9832360" lon="75.7711070">
    <ele>232.9</ele>
    <time>2026-01-18T11:42:33Z</time>
   </trkpt>
   <trkpt lat="30.9832280" lon="75.7712010">
    <ele>233.0</ele>
    <time>2026-01-18T11:42:34Z</time>
   </trkpt>
   <trkpt lat="30.9832200" lon="75.7712950">
    <ele>233.0</ele>
    <time>2026-01-18T11:42:35Z</time>
   </trkpt>
   <trkpt lat="30.9832090" lon="75.7713870">
    <ele>233.0</ele>
    <time>2026-01-18T11:42:36Z</time>
   </trkpt>
   <trkpt lat="30.9832010" lon="75.7714810">
    <ele>233.1</ele>
    <time>2026-01-18T11:42:37Z</time>
   </trkpt>
   <trkpt lat="30.9831950" lon="75.7715700">
    <ele>233.1</ele>
    <time>2026-01-18T11:42:38Z</time>
   </trkpt>
   <trkpt lat="30.9831850" lon="75.7716560">
    <ele>233.2</ele>
    <time>2026-01-18T11:42:39Z</time>
   </trkpt>
   <trkpt lat="30.9831740" lon="75.7717370">
    <ele>233.2</ele>
    <time>2026-01-18T11:42:40Z</time>
   </trkpt>
   <trkpt lat="30.9831690" lon="75.7718190">
    <ele>233.2</ele>
    <time>2026-01-18T11:42:41Z</time>
   </trkpt>
   <trkpt lat="30.9831570" lon="75.7719770">
    <ele>233.2</ele>
    <time>2026-01-18T11:42:42Z</time>
   </trkpt>
   <trkpt lat="30.9831520" lon="75.7720620">
    <ele>233.2</ele>
    <time>2026-01-18T11:42:43Z</time>
   </trkpt>
   <trkpt lat="30.9831450" lon="75.7721440">
    <ele>233.2</ele>
    <time>2026-01-18T11:42:44Z</time>
   </trkpt>
   <trkpt lat="30.9831410" lon="75.7722230">
    <ele>233.2</ele>
    <time>2026-01-18T11:42:45Z</time>
   </trkpt>
   <trkpt lat="30.9831370" lon="75.7723000">
    <ele>233.3</ele>
    <time>2026-01-18T11:42:46Z</time>
   </trkpt>
   <trkpt lat="30.9831360" lon="75.7723730">
    <ele>233.3</ele>
    <time>2026-01-18T11:42:47Z</time>
   </trkpt>
   <trkpt lat="30.9831330" lon="75.7724480">
    <ele>233.3</ele>
    <time>2026-01-18T11:42:48Z</time>
   </trkpt>
   <trkpt lat="30.9831320" lon="75.7725180">
    <ele>233.3</ele>
    <time>2026-01-18T11:42:49Z</time>
   </trkpt>
   <trkpt lat="30.9831270" lon="75.7725870">
    <ele>233.4</ele>
    <time>2026-01-18T11:42:50Z</time>
   </trkpt>
   <trkpt lat="30.9831230" lon="75.7726590">
    <ele>233.4</ele>
    <time>2026-01-18T11:42:51Z</time>
   </trkpt>
   <trkpt lat="30.9831240" lon="75.7727330">
    <ele>233.4</ele>
    <time>2026-01-18T11:42:52Z</time>
   </trkpt>
   <trkpt lat="30.9831220" lon="75.7728110">
    <ele>233.5</ele>
    <time>2026-01-18T11:42:53Z</time>
   </trkpt>
   <trkpt lat="30.9831190" lon="75.7728920">
    <ele>233.5</ele>
    <time>2026-01-18T11:42:54Z</time>
   </trkpt>
   <trkpt lat="30.9831210" lon="75.7729780">
    <ele>233.5</ele>
    <time>2026-01-18T11:42:55Z</time>
   </trkpt>
   <trkpt lat="30.9831240" lon="75.7730650">
    <ele>233.6</ele>
    <time>2026-01-18T11:42:56Z</time>
   </trkpt>
   <trkpt lat="30.9831250" lon="75.7731540">
    <ele>233.6</ele>
    <time>2026-01-18T11:42:57Z</time>
   </trkpt>
   <trkpt lat="30.9831240" lon="75.7732450">
    <ele>233.7</ele>
    <time>2026-01-18T11:42:58Z</time>
   </trkpt>
   <trkpt lat="30.9831280" lon="75.7733370">
    <ele>233.7</ele>
    <time>2026-01-18T11:42:59Z</time>
   </trkpt>
   <trkpt lat="30.9831330" lon="75.7734300">
    <ele>233.8</ele>
    <time>2026-01-18T11:43:00Z</time>
   </trkpt>
   <trkpt lat="30.9831390" lon="75.7735190">
    <ele>233.8</ele>
    <time>2026-01-18T11:43:01Z</time>
   </trkpt>
   <trkpt lat="30.9831440" lon="75.7736090">
    <ele>233.8</ele>
    <time>2026-01-18T11:43:02Z</time>
   </trkpt>
   <trkpt lat="30.9831500" lon="75.7736970">
    <ele>233.9</ele>
    <time>2026-01-18T11:43:03Z</time>
   </trkpt>
   <trkpt lat="30.9831550" lon="75.7737820">
    <ele>233.9</ele>
    <time>2026-01-18T11:43:04Z</time>
   </trkpt>
   <trkpt lat="30.9831600" lon="75.7738660">
    <ele>233.9</ele>
    <time>2026-01-18T11:43:05Z</time>
   </trkpt>
   <trkpt lat="30.9831680" lon="75.7739490">
    <ele>234.0</ele>
    <time>2026-01-18T11:43:06Z</time>
   </trkpt>
   <trkpt lat="30.9831760" lon="75.7740300">
    <ele>234.0</ele>
    <time>2026-01-18T11:43:07Z</time>
   </trkpt>
   <trkpt lat="30.9831820" lon="75.7741100">
    <ele>234.0</ele>
    <time>2026-01-18T11:43:08Z</time>
   </trkpt>
   <trkpt lat="30.9831900" lon="75.7741890">
    <ele>234.0</ele>
    <time>2026-01-18T11:43:09Z</time>
   </trkpt>
   <trkpt lat="30.9831960" lon="75.7742690">
    <ele>234.1</ele>
    <time>2026-01-18T11:43:10Z</time>
   </trkpt>
   <trkpt lat="30.9832030" lon="75.7743530">
    <ele>234.1</ele>
    <time>2026-01-18T11:43:11Z</time>
   </trkpt>
   <trkpt lat="30.9832130" lon="75.7744390">
    <ele>234.1</ele>
    <time>2026-01-18T11:43:12Z</time>
   </trkpt>
   <trkpt lat="30.9832340" lon="75.7745270">
    <ele>234.2</ele>
    <time>2026-01-18T11:43:13Z</time>
   </trkpt>
   <trkpt lat="30.9832490" lon="75.7746130">
    <ele>234.2</ele>
    <time>2026-01-18T11:43:14Z</time>
   </trkpt>
   <trkpt lat="30.9832600" lon="75.7747110">
    <ele>234.3</ele>
    <time>2026-01-18T11:43:15Z</time>
   </trkpt>
   <trkpt lat="30.9832760" lon="75.7748070">
    <ele>234.3</ele>
    <time>2026-01-18T11:43:16Z</time>
   </trkpt>
   <trkpt lat="30.9832890" lon="75.7749030">
    <ele>234.3</ele>
    <time>2026-01-18T11:43:17Z</time>
   </trkpt>
   <trkpt lat="30.9833050" lon="75.7750030">
    <ele>234.4</ele>
    <time>2026-01-18T11:43:18Z</time>
   </trkpt>
   <trkpt lat="30.9833180" lon="75.7751040">
    <ele>234.4</ele>
    <time>2026-01-18T11:43:19Z</time>
   </trkpt>
   <trkpt lat="30.9833390" lon="75.7752020">
    <ele>234.4</ele>
    <time>2026-01-18T11:43:20Z</time>
   </trkpt>
   <trkpt lat="30.9833600" lon="75.7752990">
    <ele>234.5</ele>
    <time>2026-01-18T11:43:21Z</time>
   </trkpt>
   <trkpt lat="30.9833820" lon="75.7753920">
    <ele>234.5</ele>
    <time>2026-01-18T11:43:22Z</time>
   </trkpt>
   <trkpt lat="30.9834020" lon="75.7754820">
    <ele>234.5</ele>
    <time>2026-01-18T11:43:23Z</time>
   </trkpt>
   <trkpt lat="30.9834240" lon="75.7755710">
    <ele>234.6</ele>
    <time>2026-01-18T11:43:24Z</time>
   </trkpt>
   <trkpt lat="30.9834440" lon="75.7756580">
    <ele>234.6</ele>
    <time>2026-01-18T11:43:25Z</time>
   </trkpt>
   <trkpt lat="30.9834640" lon="75.7757450">
    <ele>234.6</ele>
    <time>2026-01-18T11:43:26Z</time>
   </trkpt>
   <trkpt lat="30.9834850" lon="75.7758290">
    <ele>234.6</ele>
    <time>2026-01-18T11:43:27Z</time>
   </trkpt>
   <trkpt lat="30.9835070" lon="75.7759140">
    <ele>234.6</ele>
    <time>2026-01-18T11:43:28Z</time>
   </trkpt>
   <trkpt lat="30.9835300" lon="75.7759970">
    <ele>234.6</ele>
    <time>2026-01-18T11:43:29Z</time>
   </trkpt>
   <trkpt lat="30.9835550" lon="75.7760850">
    <ele>234.7</ele>
    <time>2026-01-18T11:43:30Z</time>
   </trkpt>
   <trkpt lat="30.9835800" lon="75.7761740">
    <ele>234.7</ele>
    <time>2026-01-18T11:43:31Z</time>
   </trkpt>
   <trkpt lat="30.9836080" lon="75.7762600">
    <ele>234.7</ele>
    <time>2026-01-18T11:43:32Z</time>
   </trkpt>
   <trkpt lat="30.9836330" lon="75.7763460">
    <ele>234.7</ele>
    <time>2026-01-18T11:43:33Z</time>
   </trkpt>
   <trkpt lat="30.9836580" lon="75.7764280">
    <ele>234.8</ele>
    <time>2026-01-18T11:43:34Z</time>
   </trkpt>
   <trkpt lat="30.9836820" lon="75.7765060">
    <ele>234.8</ele>
    <time>2026-01-18T11:43:35Z</time>
   </trkpt>
   <trkpt lat="30.9837070" lon="75.7765810">
    <ele>234.8</ele>
    <time>2026-01-18T11:43:36Z</time>
   </trkpt>
   <trkpt lat="30.9837330" lon="75.7766540">
    <ele>234.8</ele>
    <time>2026-01-18T11:43:37Z</time>
   </trkpt>
   <trkpt lat="30.9837560" lon="75.7767260">
    <ele>234.9</ele>
    <time>2026-01-18T11:43:39Z</time>
   </trkpt>
   <trkpt lat="30.9837800" lon="75.7767950">
    <ele>235.0</ele>
    <time>2026-01-18T11:43:40Z</time>
   </trkpt>
   <trkpt lat="30.9838060" lon="75.7768620">
    <ele>235.0</ele>
    <time>2026-01-18T11:43:41Z</time>
   </trkpt>
   <trkpt lat="30.9838320" lon="75.7769310">
    <ele>235.1</ele>
    <time>2026-01-18T11:43:42Z</time>
   </trkpt>
   <trkpt lat="30.9838540" lon="75.7770000">
    <ele>235.1</ele>
    <time>2026-01-18T11:43:43Z</time>
   </trkpt>
   <trkpt lat="30.9838790" lon="75.7770660">
    <ele>235.1</ele>
    <time>2026-01-18T11:43:44Z</time>
   </trkpt>
   <trkpt lat="30.9839040" lon="75.7771300">
    <ele>235.1</ele>
    <time>2026-01-18T11:43:45Z</time>
   </trkpt>
   <trkpt lat="30.9839310" lon="75.7771950">
    <ele>235.1</ele>
    <time>2026-01-18T11:43:46Z</time>
   </trkpt>
   <trkpt lat="30.9839560" lon="75.7772580">
    <ele>235.2</ele>
    <time>2026-01-18T11:43:47Z</time>
   </trkpt>
   <trkpt lat="30.9839800" lon="75.7773220">
    <ele>235.2</ele>
    <time>2026-01-18T11:43:48Z</time>
   </trkpt>
   <trkpt lat="30.9840060" lon="75.7773820">
    <ele>235.2</ele>
    <time>2026-01-18T11:43:49Z</time>
   </trkpt>
   <trkpt lat="30.9840310" lon="75.7774430">
    <ele>235.2</ele>
    <time>2026-01-18T11:43:50Z</time>
   </trkpt>
   <trkpt lat="30.9840540" lon="75.7775050">
    <ele>235.2</ele>
    <time>2026-01-18T11:43:51Z</time>
   </trkpt>
   <trkpt lat="30.9840770" lon="75.7775640">
    <ele>235.3</ele>
    <time>2026-01-18T11:43:52Z</time>
   </trkpt>
   <trkpt lat="30.9841040" lon="75.7776220">
    <ele>235.3</ele>
    <time>2026-01-18T11:43:53Z</time>
   </trkpt>
   <trkpt lat="30.9841270" lon="75.7776820">
    <ele>235.3</ele>
    <time>2026-01-18T11:43:54Z</time>
   </trkpt>
   <trkpt lat="30.9841480" lon="75.7777430">
    <ele>235.3</ele>
    <time>2026-01-18T11:43:55Z</time>
   </trkpt>
   <trkpt lat="30.9841680" lon="75.7778040">
    <ele>235.4</ele>
    <time>2026-01-18T11:43:56Z</time>
   </trkpt>
   <trkpt lat="30.9841900" lon="75.7778620">
    <ele>235.4</ele>
    <time>2026-01-18T11:43:57Z</time>
   </trkpt>
   <trkpt lat="30.9842110" lon="75.7779210">
    <ele>235.5</ele>
    <time>2026-01-18T11:43:58Z</time>
   </trkpt>
   <trkpt lat="30.9842330" lon="75.7779810">
    <ele>235.5</ele>
    <time>2026-01-18T11:43:59Z</time>
   </trkpt>
   <trkpt lat="30.9842550" lon="75.7780400">
    <ele>235.5</ele>
    <time>2026-01-18T11:44:00Z</time>
   </trkpt>
   <trkpt lat="30.9842780" lon="75.7780990">
    <ele>235.6</ele>
    <time>2026-01-18T11:44:01Z</time>
   </trkpt>
   <trkpt lat="30.9842980" lon="75.7781580">
    <ele>235.7</ele>
    <time>2026-01-18T11:44:02Z</time>
   </trkpt>
   <trkpt lat="30.9843180" lon="75.7782190">
    <ele>235.8</ele>
    <time>2026-01-18T11:44:03Z</time>
   </trkpt>
   <trkpt lat="30.9843380" lon="75.7782800">
    <ele>235.8</ele>
    <time>2026-01-18T11:44:04Z</time>
   </trkpt>
   <trkpt lat="30.9843580" lon="75.7783360">
    <ele>235.8</ele>
    <time>2026-01-18T11:44:05Z</time>
   </trkpt>
   <trkpt lat="30.9843810" lon="75.7783980">
    <ele>235.9</ele>
    <time>2026-01-18T11:44:06Z</time>
   </trkpt>
   <trkpt lat="30.9844020" lon="75.7784590">
    <ele>235.9</ele>
    <time>2026-01-18T11:44:07Z</time>
   </trkpt>
   <trkpt lat="30.9844250" lon="75.7785190">
    <ele>236.0</ele>
    <time>2026-01-18T11:44:08Z</time>
   </trkpt>
   <trkpt lat="30.9844470" lon="75.7785800">
    <ele>236.0</ele>
    <time>2026-01-18T11:44:09Z</time>
   </trkpt>
   <trkpt lat="30.9844670" lon="75.7786400">
    <ele>236.1</ele>
    <time>2026-01-18T11:44:10Z</time>
   </trkpt>
   <trkpt lat="30.9844870" lon="75.7786990">
    <ele>236.1</ele>
    <time>2026-01-18T11:44:11Z</time>
   </trkpt>
   <trkpt lat="30.9845050" lon="75.7787610">
    <ele>236.1</ele>
    <time>2026-01-18T11:44:12Z</time>
   </trkpt>
   <trkpt lat="30.9845280" lon="75.7788220">
    <ele>236.2</ele>
    <time>2026-01-18T11:44:13Z</time>
   </trkpt>
   <trkpt lat="30.9845520" lon="75.7788780">
    <ele>236.2</ele>
    <time>2026-01-18T11:44:14Z</time>
   </trkpt>
   <trkpt lat="30.9845740" lon="75.7789360">
    <ele>236.3</ele>
    <time>2026-01-18T11:44:15Z</time>
   </trkpt>
   <trkpt lat="30.9845950" lon="75.7789970">
    <ele>236.3</ele>
    <time>2026-01-18T11:44:16Z</time>
   </trkpt>
   <trkpt lat="30.9846130" lon="75.7790570">
    <ele>236.3</ele>
    <time>2026-01-18T11:44:17Z</time>
   </trkpt>
   <trkpt lat="30.9846320" lon="75.7791170">
    <ele>236.4</ele>
    <time>2026-01-18T11:44:18Z</time>
   </trkpt>
   <trkpt lat="30.9846530" lon="75.7791730">
    <ele>236.4</ele>
    <time>2026-01-18T11:44:19Z</time>
   </trkpt>
   <trkpt lat="30.9846730" lon="75.7792340">
    <ele>236.4</ele>
    <time>2026-01-18T11:44:20Z</time>
   </trkpt>
   <trkpt lat="30.9846950" lon="75.7792910">
    <ele>236.5</ele>
    <time>2026-01-18T11:44:21Z</time>
   </trkpt>
   <trkpt lat="30.9847180" lon="75.7793520">
    <ele>236.5</ele>
    <time>2026-01-18T11:44:22Z</time>
   </trkpt>
   <trkpt lat="30.9847390" lon="75.7794130">
    <ele>236.5</ele>
    <time>2026-01-18T11:44:23Z</time>
   </trkpt>
   <trkpt lat="30.9847610" lon="75.7794720">
    <ele>236.6</ele>
    <time>2026-01-18T11:44:24Z</time>
   </trkpt>
   <trkpt lat="30.9847820" lon="75.7795330">
    <ele>236.6</ele>
    <time>2026-01-18T11:44:25Z</time>
   </trkpt>
   <trkpt lat="30.9848020" lon="75.7795940">
    <ele>236.6</ele>
    <time>2026-01-18T11:44:26Z</time>
   </trkpt>
   <trkpt lat="30.9848250" lon="75.7796530">
    <ele>236.7</ele>
    <time>2026-01-18T11:44:27Z</time>
   </trkpt>
   <trkpt lat="30.9848460" lon="75.7797130">
    <ele>236.7</ele>
    <time>2026-01-18T11:44:28Z</time>
   </trkpt>
   <trkpt lat="30.9848700" lon="75.7797740">
    <ele>236.7</ele>
    <time>2026-01-18T11:44:29Z</time>
   </trkpt>
   <trkpt lat="30.9848900" lon="75.7798350">
    <ele>236.8</ele>
    <time>2026-01-18T11:44:30Z</time>
   </trkpt>
   <trkpt lat="30.9849130" lon="75.7798980">
    <ele>236.8</ele>
    <time>2026-01-18T11:44:31Z</time>
   </trkpt>
   <trkpt lat="30.9849370" lon="75.7799600">
    <ele>236.8</ele>
    <time>2026-01-18T11:44:32Z</time>
   </trkpt>
   <trkpt lat="30.9849570" lon="75.7800200">
    <ele>236.9</ele>
    <time>2026-01-18T11:44:33Z</time>
   </trkpt>
   <trkpt lat="30.9849810" lon="75.7800810">
    <ele>236.9</ele>
    <time>2026-01-18T11:44:34Z</time>
   </trkpt>
   <trkpt lat="30.9850020" lon="75.7801410">
    <ele>236.9</ele>
    <time>2026-01-18T11:44:35Z</time>
   </trkpt>
   <trkpt lat="30.9850230" lon="75.7802010">
    <ele>237.0</ele>
    <time>2026-01-18T11:44:36Z</time>
   </trkpt>
   <trkpt lat="30.9850450" lon="75.7802600">
    <ele>237.0</ele>
    <time>2026-01-18T11:44:37Z</time>
   </trkpt>
   <trkpt lat="30.9850670" lon="75.7803200">
    <ele>237.1</ele>
    <time>2026-01-18T11:44:38Z</time>
   </trkpt>
   <trkpt lat="30.9850880" lon="75.7803780">
    <ele>237.2</ele>
    <time>2026-01-18T11:44:39Z</time>
   </trkpt>
   <trkpt lat="30.9851090" lon="75.7804360">
    <ele>237.2</ele>
    <time>2026-01-18T11:44:40Z</time>
   </trkpt>
   <trkpt lat="30.9851320" lon="75.7804950">
    <ele>237.3</ele>
    <time>2026-01-18T11:44:41Z</time>
   </trkpt>
   <trkpt lat="30.9851520" lon="75.7805530">
    <ele>237.4</ele>
    <time>2026-01-18T11:44:42Z</time>
   </trkpt>
   <trkpt lat="30.9851710" lon="75.7806100">
    <ele>237.4</ele>
    <time>2026-01-18T11:44:43Z</time>
   </trkpt>
   <trkpt lat="30.9851920" lon="75.7806680">
    <ele>237.5</ele>
    <time>2026-01-18T11:44:44Z</time>
   </trkpt>
   <trkpt lat="30.9852130" lon="75.7807240">
    <ele>237.5</ele>
    <time>2026-01-18T11:44:45Z</time>
   </trkpt>
   <trkpt lat="30.9852340" lon="75.7807810">
    <ele>237.6</ele>
    <time>2026-01-18T11:44:46Z</time>
   </trkpt>
   <trkpt lat="30.9852510" lon="75.7808380">
    <ele>237.6</ele>
    <time>2026-01-18T11:44:47Z</time>
   </trkpt>
   <trkpt lat="30.9852700" lon="75.7808950">
    <ele>237.7</ele>
    <time>2026-01-18T11:44:48Z</time>
   </trkpt>
   <trkpt lat="30.9852900" lon="75.7809510">
    <ele>237.7</ele>
    <time>2026-01-18T11:44:49Z</time>
   </trkpt>
   <trkpt lat="30.9853090" lon="75.7810070">
    <ele>237.7</ele>
    <time>2026-01-18T11:44:50Z</time>
   </trkpt>
   <trkpt lat="30.9853280" lon="75.7810640">
    <ele>237.8</ele>
    <time>2026-01-18T11:44:51Z</time>
   </trkpt>
   <trkpt lat="30.9853470" lon="75.7811180">
    <ele>237.8</ele>
    <time>2026-01-18T11:44:52Z</time>
   </trkpt>
   <trkpt lat="30.9853640" lon="75.7811760">
    <ele>237.8</ele>
    <time>2026-01-18T11:44:53Z</time>
   </trkpt>
   <trkpt lat="30.9853810" lon="75.7812320">
    <ele>237.8</ele>
    <time>2026-01-18T11:44:54Z</time>
   </trkpt>
   <trkpt lat="30.9854000" lon="75.7812900">
    <ele>237.8</ele>
    <time>2026-01-18T11:44:55Z</time>
   </trkpt>
   <trkpt lat="30.9854180" lon="75.7813480">
    <ele>237.8</ele>
    <time>2026-01-18T11:44:56Z</time>
   </trkpt>
   <trkpt lat="30.9854320" lon="75.7814080">
    <ele>237.8</ele>
    <time>2026-01-18T11:44:57Z</time>
   </trkpt>
   <trkpt lat="30.9854490" lon="75.7814670">
    <ele>237.8</ele>
    <time>2026-01-18T11:44:58Z</time>
   </trkpt>
   <trkpt lat="30.9854680" lon="75.7815240">
    <ele>237.8</ele>
    <time>2026-01-18T11:44:59Z</time>
   </trkpt>
   <trkpt lat="30.9854840" lon="75.7815850">
    <ele>237.8</ele>
    <time>2026-01-18T11:45:00Z</time>
   </trkpt>
   <trkpt lat="30.9854980" lon="75.7816480">
    <ele>237.8</ele>
    <time>2026-01-18T11:45:01Z</time>
   </trkpt>
   <trkpt lat="30.9855170" lon="75.7817090">
    <ele>237.8</ele>
    <time>2026-01-18T11:45:02Z</time>
   </trkpt>
   <trkpt lat="30.9855290" lon="75.7817680">
    <ele>237.8</ele>
    <time>2026-01-18T11:45:03Z</time>
   </trkpt>
   <trkpt lat="30.9855480" lon="75.7818330">
    <ele>237.7</ele>
    <time>2026-01-18T11:45:04Z</time>
   </trkpt>
   <trkpt lat="30.9855620" lon="75.7818950">
    <ele>237.7</ele>
    <time>2026-01-18T11:45:05Z</time>
   </trkpt>
   <trkpt lat="30.9855750" lon="75.7819590">
    <ele>237.7</ele>
    <time>2026-01-18T11:45:06Z</time>
   </trkpt>
   <trkpt lat="30.9855920" lon="75.7820220">
    <ele>237.7</ele>
    <time>2026-01-18T11:45:07Z</time>
   </trkpt>
   <trkpt lat="30.9856080" lon="75.7820830">
    <ele>237.7</ele>
    <time>2026-01-18T11:45:08Z</time>
   </trkpt>
   <trkpt lat="30.9856230" lon="75.7821460">
    <ele>237.7</ele>
    <time>2026-01-18T11:45:09Z</time>
   </trkpt>
   <trkpt lat="30.9856530" lon="75.7822720">
    <ele>237.6</ele>
    <time>2026-01-18T11:45:10Z</time>
   </trkpt>
   <trkpt lat="30.9856680" lon="75.7823340">
    <ele>237.6</ele>
    <time>2026-01-18T11:45:11Z</time>
   </trkpt>
   <trkpt lat="30.9856830" lon="75.7823940">
    <ele>237.6</ele>
    <time>2026-01-18T11:45:12Z</time>
   </trkpt>
   <trkpt lat="30.9856990" lon="75.7824590">
    <ele>237.6</ele>
    <time>2026-01-18T11:45:13Z</time>
   </trkpt>
   <trkpt lat="30.9857110" lon="75.7825220">
    <ele>237.6</ele>
    <time>2026-01-18T11:45:14Z</time>
   </trkpt>
   <trkpt lat="30.9857230" lon="75.7825860">
    <ele>237.6</ele>
    <time>2026-01-18T11:45:15Z</time>
   </trkpt>
   <trkpt lat="30.9857370" lon="75.7826480">
    <ele>237.6</ele>
    <time>2026-01-18T11:45:16Z</time>
   </trkpt>
   <trkpt lat="30.9857500" lon="75.7827130">
    <ele>237.6</ele>
    <time>2026-01-18T11:45:17Z</time>
   </trkpt>
   <trkpt lat="30.9857610" lon="75.7827740">
    <ele>237.6</ele>
    <time>2026-01-18T11:45:18Z</time>
   </trkpt>
   <trkpt lat="30.9857740" lon="75.7828360">
    <ele>237.6</ele>
    <time>2026-01-18T11:45:19Z</time>
   </trkpt>
   <trkpt lat="30.9857900" lon="75.7828980">
    <ele>237.6</ele>
    <time>2026-01-18T11:45:20Z</time>
   </trkpt>
   <trkpt lat="30.9858080" lon="75.7829590">
    <ele>237.6</ele>
    <time>2026-01-18T11:45:21Z</time>
   </trkpt>
   <trkpt lat="30.9858250" lon="75.7830220">
    <ele>237.6</ele>
    <time>2026-01-18T11:45:22Z</time>
   </trkpt>
   <trkpt lat="30.9858460" lon="75.7830800">
    <ele>237.8</ele>
    <time>2026-01-18T11:45:23Z</time>
   </trkpt>
   <trkpt lat="30.9858730" lon="75.7831370">
    <ele>238.2</ele>
    <time>2026-01-18T11:45:24Z</time>
   </trkpt>
   <trkpt lat="30.9859050" lon="75.7831940">
    <ele>238.5</ele>
    <time>2026-01-18T11:45:25Z</time>
   </trkpt>
   <trkpt lat="30.9859360" lon="75.7832510">
    <ele>238.8</ele>
    <time>2026-01-18T11:45:26Z</time>
   </trkpt>
   <trkpt lat="30.9859660" lon="75.7833090">
    <ele>239.0</ele>
    <time>2026-01-18T11:45:27Z</time>
   </trkpt>
   <trkpt lat="30.9860010" lon="75.7833650">
    <ele>239.1</ele>
    <time>2026-01-18T11:45:28Z</time>
   </trkpt>
   <trkpt lat="30.9860310" lon="75.7834250">
    <ele>239.1</ele>
    <time>2026-01-18T11:45:29Z</time>
   </trkpt>
   <trkpt lat="30.9860570" lon="75.7834860">
    <ele>239.4</ele>
    <time>2026-01-18T11:45:30Z</time>
   </trkpt>
   <trkpt lat="30.9860780" lon="75.7835500">
    <ele>239.8</ele>
    <time>2026-01-18T11:45:31Z</time>
   </trkpt>
   <trkpt lat="30.9861020" lon="75.7836100">
    <ele>240.3</ele>
    <time>2026-01-18T11:45:32Z</time>
   </trkpt>
   <trkpt lat="30.9861240" lon="75.7836680">
    <ele>240.5</ele>
    <time>2026-01-18T11:45:33Z</time>
   </trkpt>
   <trkpt lat="30.9861490" lon="75.7837270">
    <ele>240.6</ele>
    <time>2026-01-18T11:45:34Z</time>
   </trkpt>
   <trkpt lat="30.9861760" lon="75.7837890">
    <ele>240.9</ele>
    <time>2026-01-18T11:45:35Z</time>
   </trkpt>
   <trkpt lat="30.9861980" lon="75.7838500">
    <ele>240.9</ele>
    <time>2026-01-18T11:45:36Z</time>
   </trkpt>
   <trkpt lat="30.9862210" lon="75.7839160">
    <ele>241.2</ele>
    <time>2026-01-18T11:45:37Z</time>
   </trkpt>
   <trkpt lat="30.9862450" lon="75.7839810">
    <ele>241.3</ele>
    <time>2026-01-18T11:45:38Z</time>
   </trkpt>
   <trkpt lat="30.9862660" lon="75.7840440">
    <ele>241.1</ele>
    <time>2026-01-18T11:45:39Z</time>
   </trkpt>
   <trkpt lat="30.9862880" lon="75.7841070">
    <ele>241.2</ele>
    <time>2026-01-18T11:45:40Z</time>
   </trkpt>
   <trkpt lat="30.9863120" lon="75.7841700">
    <ele>241.0</ele>
    <time>2026-01-18T11:45:41Z</time>
   </trkpt>
   <trkpt lat="30.9863340" lon="75.7842330">
    <ele>240.8</ele>
    <time>2026-01-18T11:45:42Z</time>
   </trkpt>
   <trkpt lat="30.9863540" lon="75.7842970">
    <ele>240.8</ele>
    <time>2026-01-18T11:45:43Z</time>
   </trkpt>
   <trkpt lat="30.9863780" lon="75.7843610">
    <ele>240.6</ele>
    <time>2026-01-18T11:45:45Z</time>
   </trkpt>
   <trkpt lat="30.9863990" lon="75.7844260">
    <ele>240.6</ele>
    <time>2026-01-18T11:45:46Z</time>
   </trkpt>
   <trkpt lat="30.9864230" lon="75.7844870">
    <ele>240.4</ele>
    <time>2026-01-18T11:45:47Z</time>
   </trkpt>
   <trkpt lat="30.9864460" lon="75.7845500">
    <ele>240.2</ele>
    <time>2026-01-18T11:45:48Z</time>
   </trkpt>
   <trkpt lat="30.9864670" lon="75.7846150">
    <ele>240.2</ele>
    <time>2026-01-18T11:45:49Z</time>
   </trkpt>
   <trkpt lat="30.9864910" lon="75.7846770">
    <ele>240.0</ele>
    <time>2026-01-18T11:45:50Z</time>
   </trkpt>
   <trkpt lat="30.9865150" lon="75.7847400">
    <ele>239.7</ele>
    <time>2026-01-18T11:45:51Z</time>
   </trkpt>
   <trkpt lat="30.9865370" lon="75.7848050">
    <ele>239.8</ele>
    <time>2026-01-18T11:45:52Z</time>
   </trkpt>
   <trkpt lat="30.9865560" lon="75.7848660">
    <ele>239.3</ele>
    <time>2026-01-18T11:45:53Z</time>
   </trkpt>
   <trkpt lat="30.9865730" lon="75.7849340">
    <ele>239.3</ele>
    <time>2026-01-18T11:45:54Z</time>
   </trkpt>
   <trkpt lat="30.9866010" lon="75.7849970">
    <ele>238.9</ele>
    <time>2026-01-18T11:45:55Z</time>
   </trkpt>
   <trkpt lat="30.9866250" lon="75.7850630">
    <ele>238.4</ele>
    <time>2026-01-18T11:45:56Z</time>
   </trkpt>
   <trkpt lat="30.9866450" lon="75.7851270">
    <ele>238.4</ele>
    <time>2026-01-18T11:45:57Z</time>
   </trkpt>
   <trkpt lat="30.9866680" lon="75.7851930">
    <ele>238.1</ele>
    <time>2026-01-18T11:45:58Z</time>
   </trkpt>
   <trkpt lat="30.9866910" lon="75.7852590">
    <ele>238.1</ele>
    <time>2026-01-18T11:45:59Z</time>
   </trkpt>
   <trkpt lat="30.9867170" lon="75.7853250">
    <ele>237.7</ele>
    <time>2026-01-18T11:46:00Z</time>
   </trkpt>
   <trkpt lat="30.9867420" lon="75.7853870">
    <ele>237.5</ele>
    <time>2026-01-18T11:46:01Z</time>
   </trkpt>
   <trkpt lat="30.9867670" lon="75.7854520">
    <ele>237.3</ele>
    <time>2026-01-18T11:46:02Z</time>
   </trkpt>
   <trkpt lat="30.9867930" lon="75.7855180">
    <ele>237.3</ele>
    <time>2026-01-18T11:46:03Z</time>
   </trkpt>
   <trkpt lat="30.9868210" lon="75.7855810">
    <ele>237.3</ele>
    <time>2026-01-18T11:46:04Z</time>
   </trkpt>
   <trkpt lat="30.9868460" lon="75.7856460">
    <ele>237.3</ele>
    <time>2026-01-18T11:46:05Z</time>
   </trkpt>
   <trkpt lat="30.9868680" lon="75.7857080">
    <ele>237.4</ele>
    <time>2026-01-18T11:46:06Z</time>
   </trkpt>
   <trkpt lat="30.9868910" lon="75.7857730">
    <ele>237.4</ele>
    <time>2026-01-18T11:46:07Z</time>
   </trkpt>
   <trkpt lat="30.9869150" lon="75.7858370">
    <ele>237.4</ele>
    <time>2026-01-18T11:46:08Z</time>
   </trkpt>
   <trkpt lat="30.9869410" lon="75.7859030">
    <ele>237.1</ele>
    <time>2026-01-18T11:46:09Z</time>
   </trkpt>
   <trkpt lat="30.9869670" lon="75.7859460">
    <ele>236.8</ele>
    <time>2026-01-18T11:46:10Z</time>
   </trkpt>
   <trkpt lat="30.9869910" lon="75.7860150">
    <ele>236.3</ele>
    <time>2026-01-18T11:46:11Z</time>
   </trkpt>
   <trkpt lat="30.9870190" lon="75.7860770">
    <ele>235.9</ele>
    <time>2026-01-18T11:46:12Z</time>
   </trkpt>
   <trkpt lat="30.9870460" lon="75.7861400">
    <ele>235.0</ele>
    <time>2026-01-18T11:46:13Z</time>
   </trkpt>
   <trkpt lat="30.9870700" lon="75.7862020">
    <ele>234.7</ele>
    <time>2026-01-18T11:46:14Z</time>
   </trkpt>
   <trkpt lat="30.9870960" lon="75.7862650">
    <ele>234.7</ele>
    <time>2026-01-18T11:46:15Z</time>
   </trkpt>
   <trkpt lat="30.9871220" lon="75.7863260">
    <ele>234.7</ele>
    <time>2026-01-18T11:46:16Z</time>
   </trkpt>
   <trkpt lat="30.9871490" lon="75.7863900">
    <ele>234.9</ele>
    <time>2026-01-18T11:46:17Z</time>
   </trkpt>
   <trkpt lat="30.9871740" lon="75.7864520">
    <ele>235.5</ele>
    <time>2026-01-18T11:46:18Z</time>
   </trkpt>
   <trkpt lat="30.9872010" lon="75.7865160">
    <ele>235.7</ele>
    <time>2026-01-18T11:46:19Z</time>
   </trkpt>
   <trkpt lat="30.9872260" lon="75.7865750">
    <ele>236.3</ele>
    <time>2026-01-18T11:46:20Z</time>
   </trkpt>
   <trkpt lat="30.9872550" lon="75.7866440">
    <ele>236.6</ele>
    <time>2026-01-18T11:46:21Z</time>
   </trkpt>
   <trkpt lat="30.9872790" lon="75.7867060">
    <ele>237.2</ele>
    <time>2026-01-18T11:46:22Z</time>
   </trkpt>
   <trkpt lat="30.9873040" lon="75.7867650">
    <ele>237.6</ele>
    <time>2026-01-18T11:46:23Z</time>
   </trkpt>
   <trkpt lat="30.9873280" lon="75.7868290">
    <ele>238.2</ele>
    <time>2026-01-18T11:46:24Z</time>
   </trkpt>
   <trkpt lat="30.9873520" lon="75.7868890">
    <ele>238.4</ele>
    <time>2026-01-18T11:46:25Z</time>
   </trkpt>
   <trkpt lat="30.9873770" lon="75.7869490">
    <ele>238.1</ele>
    <time>2026-01-18T11:46:26Z</time>
   </trkpt>
   <trkpt lat="30.9874010" lon="75.7870090">
    <ele>237.9</ele>
    <time>2026-01-18T11:46:27Z</time>
   </trkpt>
   <trkpt lat="30.9874230" lon="75.7870680">
    <ele>237.9</ele>
    <time>2026-01-18T11:46:28Z</time>
   </trkpt>
   <trkpt lat="30.9874470" lon="75.7871290">
    <ele>237.5</ele>
    <time>2026-01-18T11:46:29Z</time>
   </trkpt>
   <trkpt lat="30.9874700" lon="75.7871890">
    <ele>236.9</ele>
    <time>2026-01-18T11:46:30Z</time>
   </trkpt>
   <trkpt lat="30.9874900" lon="75.7872390">
    <ele>237.0</ele>
    <time>2026-01-18T11:46:31Z</time>
   </trkpt>
   <trkpt lat="30.9875140" lon="75.7873030">
    <ele>237.0</ele>
    <time>2026-01-18T11:46:32Z</time>
   </trkpt>
   <trkpt lat="30.9875420" lon="75.7873780">
    <ele>237.3</ele>
    <time>2026-01-18T11:46:33Z</time>
   </trkpt>
   <trkpt lat="30.9875630" lon="75.7874350">
    <ele>237.0</ele>
    <time>2026-01-18T11:46:34Z</time>
   </trkpt>
   <trkpt lat="30.9875800" lon="75.7874960">
    <ele>236.5</ele>
    <time>2026-01-18T11:46:35Z</time>
   </trkpt>
   <trkpt lat="30.9876030" lon="75.7875480">
    <ele>236.6</ele>
    <time>2026-01-18T11:46:36Z</time>
   </trkpt>
   <trkpt lat="30.9876270" lon="75.7876000">
    <ele>236.1</ele>
    <time>2026-01-18T11:46:37Z</time>
   </trkpt>
   <trkpt lat="30.9876460" lon="75.7876530">
    <ele>236.1</ele>
    <time>2026-01-18T11:46:38Z</time>
   </trkpt>
   <trkpt lat="30.9876660" lon="75.7877050">
    <ele>235.7</ele>
    <time>2026-01-18T11:46:39Z</time>
   </trkpt>
   <trkpt lat="30.9876870" lon="75.7877580">
    <ele>235.7</ele>
    <time>2026-01-18T11:46:40Z</time>
   </trkpt>
   <trkpt lat="30.9877070" lon="75.7878140">
    <ele>235.4</ele>
    <time>2026-01-18T11:46:41Z</time>
   </trkpt>
   <trkpt lat="30.9877270" lon="75.7878680">
    <ele>235.2</ele>
    <time>2026-01-18T11:46:42Z</time>
   </trkpt>
   <trkpt lat="30.9877470" lon="75.7879260">
    <ele>235.3</ele>
    <time>2026-01-18T11:46:43Z</time>
   </trkpt>
   <trkpt lat="30.9877670" lon="75.7879830">
    <ele>235.2</ele>
    <time>2026-01-18T11:46:44Z</time>
   </trkpt>
   <trkpt lat="30.9877880" lon="75.7880380">
    <ele>235.3</ele>
    <time>2026-01-18T11:46:45Z</time>
   </trkpt>
   <trkpt lat="30.9878070" lon="75.7880890">
    <ele>235.1</ele>
    <time>2026-01-18T11:46:46Z</time>
   </trkpt>
   <trkpt lat="30.9878280" lon="75.7881490">
    <ele>235.3</ele>
    <time>2026-01-18T11:46:47Z</time>
   </trkpt>
   <trkpt lat="30.9878510" lon="75.7882060">
    <ele>235.7</ele>
    <time>2026-01-18T11:46:48Z</time>
   </trkpt>
   <trkpt lat="30.9878720" lon="75.7882610">
    <ele>236.0</ele>
    <time>2026-01-18T11:46:49Z</time>
   </trkpt>
   <trkpt lat="30.9878940" lon="75.7883230">
    <ele>236.3</ele>
    <time>2026-01-18T11:46:50Z</time>
   </trkpt>
   <trkpt lat="30.9879160" lon="75.7883760">
    <ele>236.9</ele>
    <time>2026-01-18T11:46:51Z</time>
   </trkpt>
   <trkpt lat="30.9879360" lon="75.7884350">
    <ele>237.1</ele>
    <time>2026-01-18T11:46:52Z</time>
   </trkpt>
   <trkpt lat="30.9879600" lon="75.7884920">
    <ele>237.4</ele>
    <time>2026-01-18T11:46:53Z</time>
   </trkpt>
   <trkpt lat="30.9879790" lon="75.7885480">
    <ele>238.0</ele>
    <time>2026-01-18T11:46:54Z</time>
   </trkpt>
   <trkpt lat="30.9880040" lon="75.7886100">
    <ele>238.2</ele>
    <time>2026-01-18T11:46:55Z</time>
   </trkpt>
   <trkpt lat="30.9880260" lon="75.7886610">
    <ele>238.4</ele>
    <time>2026-01-18T11:46:56Z</time>
   </trkpt>
   <trkpt lat="30.9880530" lon="75.7887120">
    <ele>238.5</ele>
    <time>2026-01-18T11:46:57Z</time>
   </trkpt>
   <trkpt lat="30.9880740" lon="75.7887640">
    <ele>238.6</ele>
    <time>2026-01-18T11:46:58Z</time>
   </trkpt>
   <trkpt lat="30.9880890" lon="75.7888150">
    <ele>238.8</ele>
    <time>2026-01-18T11:46:59Z</time>
   </trkpt>
   <trkpt lat="30.9881070" lon="75.7888640">
    <ele>238.9</ele>
    <time>2026-01-18T11:47:00Z</time>
   </trkpt>
   <trkpt lat="30.9881250" lon="75.7889150">
    <ele>239.2</ele>
    <time>2026-01-18T11:47:01Z</time>
   </trkpt>
   <trkpt lat="30.9881420" lon="75.7889650">
    <ele>239.2</ele>
    <time>2026-01-18T11:47:02Z</time>
   </trkpt>
   <trkpt lat="30.9881620" lon="75.7890170">
    <ele>239.2</ele>
    <time>2026-01-18T11:47:03Z</time>
   </trkpt>
   <trkpt lat="30.9881790" lon="75.7890700">
    <ele>239.0</ele>
    <time>2026-01-18T11:47:04Z</time>
   </trkpt>
   <trkpt lat="30.9881970" lon="75.7891240">
    <ele>238.9</ele>
    <time>2026-01-18T11:47:05Z</time>
   </trkpt>
   <trkpt lat="30.9882350" lon="75.7892290">
    <ele>237.9</ele>
    <time>2026-01-18T11:47:06Z</time>
   </trkpt>
   <trkpt lat="30.9882560" lon="75.7892800">
    <ele>237.6</ele>
    <time>2026-01-18T11:47:07Z</time>
   </trkpt>
   <trkpt lat="30.9882760" lon="75.7893240">
    <ele>237.6</ele>
    <time>2026-01-18T11:47:08Z</time>
   </trkpt>
   <trkpt lat="30.9882900" lon="75.7893760">
    <ele>237.5</ele>
    <time>2026-01-18T11:47:09Z</time>
   </trkpt>
   <trkpt lat="30.9883070" lon="75.7894250">
    <ele>237.6</ele>
    <time>2026-01-18T11:47:10Z</time>
   </trkpt>
   <trkpt lat="30.9883240" lon="75.7894730">
    <ele>237.7</ele>
    <time>2026-01-18T11:47:11Z</time>
   </trkpt>
   <trkpt lat="30.9883470" lon="75.7895180">
    <ele>237.9</ele>
    <time>2026-01-18T11:47:12Z</time>
   </trkpt>
   <trkpt lat="30.9883630" lon="75.7895610">
    <ele>237.9</ele>
    <time>2026-01-18T11:47:13Z</time>
   </trkpt>
   <trkpt lat="30.9883810" lon="75.7896000">
    <ele>238.1</ele>
    <time>2026-01-18T11:47:14Z</time>
   </trkpt>
   <trkpt lat="30.9883940" lon="75.7896430">
    <ele>238.0</ele>
    <time>2026-01-18T11:47:15Z</time>
   </trkpt>
   <trkpt lat="30.9884070" lon="75.7896870">
    <ele>238.3</ele>
    <time>2026-01-18T11:47:16Z</time>
   </trkpt>
   <trkpt lat="30.9884270" lon="75.7897230">
    <ele>238.5</ele>
    <time>2026-01-18T11:47:17Z</time>
   </trkpt>
   <trkpt lat="30.9884430" lon="75.7897440">
    <ele>238.8</ele>
    <time>2026-01-18T11:47:18Z</time>
   </trkpt>
   <trkpt lat="30.9884440" lon="75.7897530">
    <ele>238.8</ele>
    <time>2026-01-18T11:47:19Z</time>
   </trkpt>
   <trkpt lat="30.9884400" lon="75.7897670">
    <ele>238.9</ele>
    <time>2026-01-18T11:47:20Z</time>
   </trkpt>
   <trkpt lat="30.9884430" lon="75.7897860">
    <ele>239.1</ele>
    <time>2026-01-18T11:47:21Z</time>
   </trkpt>
   <trkpt lat="30.9884490" lon="75.7898030">
    <ele>239.2</ele>
    <time>2026-01-18T11:47:22Z</time>
   </trkpt>
   <trkpt lat="30.9884480" lon="75.7898130">
    <ele>239.2</ele>
    <time>2026-01-18T11:47:23Z</time>
   </trkpt>
   <trkpt lat="30.9884500" lon="75.7898170">
    <ele>239.3</ele>
    <time>2026-01-18T11:47:24Z</time>
   </trkpt>
   <trkpt lat="30.9884610" lon="75.7898350">
    <ele>239.5</ele>
    <time>2026-01-18T11:47:25Z</time>
   </trkpt>
   <trkpt lat="30.9884670" lon="75.7898450">
    <ele>239.6</ele>
    <time>2026-01-18T11:47:26Z</time>
   </trkpt>
   <trkpt lat="30.9884740" lon="75.7898550">
    <ele>239.6</ele>
    <time>2026-01-18T11:47:27Z</time>
   </trkpt>
   <trkpt lat="30.9884800" lon="75.7898700">
    <ele>239.6</ele>
    <time>2026-01-18T11:47:28Z</time>
   </trkpt>
   <trkpt lat="30.9884820" lon="75.7898920">
    <ele>239.9</ele>
    <time>2026-01-18T11:47:29Z</time>
   </trkpt>
   <trkpt lat="30.9884910" lon="75.7899330">
    <ele>240.2</ele>
    <time>2026-01-18T11:47:30Z</time>
   </trkpt>
   <trkpt lat="30.9884950" lon="75.7899470">
    <ele>240.2</ele>
    <time>2026-01-18T11:47:31Z</time>
   </trkpt>
   <trkpt lat="30.9885070" lon="75.7899800">
    <ele>240.5</ele>
    <time>2026-01-18T11:47:32Z</time>
   </trkpt>
   <trkpt lat="30.9885100" lon="75.7899930">
    <ele>240.6</ele>
    <time>2026-01-18T11:47:33Z</time>
   </trkpt>
   <trkpt lat="30.9885270" lon="75.7900240">
    <ele>240.9</ele>
    <time>2026-01-18T11:47:34Z</time>
   </trkpt>
   <trkpt lat="30.9885330" lon="75.7900310">
    <ele>240.9</ele>
    <time>2026-01-18T11:47:35Z</time>
   </trkpt>
   <trkpt lat="30.9885610" lon="75.7900420">
    <ele>240.9</ele>
    <time>2026-01-18T11:47:36Z</time>
   </trkpt>
   <trkpt lat="30.9885700" lon="75.7900430">
    <ele>241.2</ele>
    <time>2026-01-18T11:47:37Z</time>
   </trkpt>
   <trkpt lat="30.9886080" lon="75.7900240">
    <ele>240.8</ele>
    <time>2026-01-18T11:47:38Z</time>
   </trkpt>
   <trkpt lat="30.9886210" lon="75.7900130">
    <ele>240.6</ele>
    <time>2026-01-18T11:47:39Z</time>
   </trkpt>
   <trkpt lat="30.9886530" lon="75.7899930">
    <ele>240.1</ele>
    <time>2026-01-18T11:47:40Z</time>
   </trkpt>
   <trkpt lat="30.9886950" lon="75.7899870">
    <ele>239.9</ele>
    <time>2026-01-18T11:47:41Z</time>
   </trkpt>
   <trkpt lat="30.9887420" lon="75.7899730">
    <ele>239.9</ele>
    <time>2026-01-18T11:47:42Z</time>
   </trkpt>
   <trkpt lat="30.9887900" lon="75.7899570">
    <ele>239.6</ele>
    <time>2026-01-18T11:47:43Z</time>
   </trkpt>
   <trkpt lat="30.9888400" lon="75.7899420">
    <ele>239.6</ele>
    <time>2026-01-18T11:47:44Z</time>
   </trkpt>
   <trkpt lat="30.9888860" lon="75.7899320">
    <ele>239.5</ele>
    <time>2026-01-18T11:47:45Z</time>
   </trkpt>
   <trkpt lat="30.9889390" lon="75.7899100">
    <ele>238.9</ele>
    <time>2026-01-18T11:47:46Z</time>
   </trkpt>
   <trkpt lat="30.9889970" lon="75.7898980">
    <ele>238.6</ele>
    <time>2026-01-18T11:47:47Z</time>
   </trkpt>
   <trkpt lat="30.9890530" lon="75.7898850">
    <ele>238.4</ele>
    <time>2026-01-18T11:47:48Z</time>
   </trkpt>
   <trkpt lat="30.9891060" lon="75.7898840">
    <ele>238.4</ele>
    <time>2026-01-18T11:47:49Z</time>
   </trkpt>
   <trkpt lat="30.9891530" lon="75.7898980">
    <ele>238.3</ele>
    <time>2026-01-18T11:47:51Z</time>
   </trkpt>
   <trkpt lat="30.9892000" lon="75.7899140">
    <ele>238.1</ele>
    <time>2026-01-18T11:47:52Z</time>
   </trkpt>
   <trkpt lat="30.9892430" lon="75.7899320">
    <ele>238.3</ele>
    <time>2026-01-18T11:47:53Z</time>
   </trkpt>
   <trkpt lat="30.9892910" lon="75.7899550">
    <ele>238.1</ele>
    <time>2026-01-18T11:47:54Z</time>
   </trkpt>
   <trkpt lat="30.9893400" lon="75.7899740">
    <ele>238.4</ele>
    <time>2026-01-18T11:47:55Z</time>
   </trkpt>
   <trkpt lat="30.9893960" lon="75.7899880">
    <ele>238.4</ele>
    <time>2026-01-18T11:47:56Z</time>
   </trkpt>
   <trkpt lat="30.9894560" lon="75.7899890">
    <ele>238.4</ele>
    <time>2026-01-18T11:47:57Z</time>
   </trkpt>
   <trkpt lat="30.9895090" lon="75.7899890">
    <ele>238.5</ele>
    <time>2026-01-18T11:47:58Z</time>
   </trkpt>
   <trkpt lat="30.9895600" lon="75.7899900">
    <ele>238.5</ele>
    <time>2026-01-18T11:47:59Z</time>
   </trkpt>
   <trkpt lat="30.9896040" lon="75.7899930">
    <ele>238.9</ele>
    <time>2026-01-18T11:48:00Z</time>
   </trkpt>
   <trkpt lat="30.9896500" lon="75.7899840">
    <ele>238.9</ele>
    <time>2026-01-18T11:48:01Z</time>
   </trkpt>
   <trkpt lat="30.9896890" lon="75.7899730">
    <ele>239.0</ele>
    <time>2026-01-18T11:48:02Z</time>
   </trkpt>
   <trkpt lat="30.9897310" lon="75.7899710">
    <ele>239.0</ele>
    <time>2026-01-18T11:48:03Z</time>
   </trkpt>
   <trkpt lat="30.9897690" lon="75.7899710">
    <ele>239.1</ele>
    <time>2026-01-18T11:48:04Z</time>
   </trkpt>
   <trkpt lat="30.9898060" lon="75.7899660">
    <ele>239.1</ele>
    <time>2026-01-18T11:48:05Z</time>
   </trkpt>
   <trkpt lat="30.9898390" lon="75.7899680">
    <ele>239.1</ele>
    <time>2026-01-18T11:48:06Z</time>
   </trkpt>
   <trkpt lat="30.9898690" lon="75.7899640">
    <ele>239.1</ele>
    <time>2026-01-18T11:48:07Z</time>
   </trkpt>
   <trkpt lat="30.9899010" lon="75.7899670">
    <ele>239.2</ele>
    <time>2026-01-18T11:48:08Z</time>
   </trkpt>
   <trkpt lat="30.9899340" lon="75.7899730">
    <ele>239.2</ele>
    <time>2026-01-18T11:48:09Z</time>
   </trkpt>
   <trkpt lat="30.9899680" lon="75.7899810">
    <ele>239.2</ele>
    <time>2026-01-18T11:48:10Z</time>
   </trkpt>
   <trkpt lat="30.9900000" lon="75.7899950">
    <ele>239.3</ele>
    <time>2026-01-18T11:48:11Z</time>
   </trkpt>
   <trkpt lat="30.9900490" lon="75.7899980">
    <ele>239.3</ele>
    <time>2026-01-18T11:48:12Z</time>
   </trkpt>
   <trkpt lat="30.9900880" lon="75.7899960">
    <ele>239.3</ele>
    <time>2026-01-18T11:48:13Z</time>
   </trkpt>
   <trkpt lat="30.9901230" lon="75.7899990">
    <ele>239.4</ele>
    <time>2026-01-18T11:48:14Z</time>
   </trkpt>
   <trkpt lat="30.9901610" lon="75.7899980">
    <ele>239.4</ele>
    <time>2026-01-18T11:48:15Z</time>
   </trkpt>
   <trkpt lat="30.9901990" lon="75.7899960">
    <ele>239.5</ele>
    <time>2026-01-18T11:48:16Z</time>
   </trkpt>
   <trkpt lat="30.9902390" lon="75.7899960">
    <ele>239.5</ele>
    <time>2026-01-18T11:48:17Z</time>
   </trkpt>
   <trkpt lat="30.9902750" lon="75.7899910">
    <ele>239.5</ele>
    <time>2026-01-18T11:48:18Z</time>
   </trkpt>
   <trkpt lat="30.9903080" lon="75.7899890">
    <ele>239.6</ele>
    <time>2026-01-18T11:48:19Z</time>
   </trkpt>
   <trkpt lat="30.9903430" lon="75.7899880">
    <ele>239.6</ele>
    <time>2026-01-18T11:48:20Z</time>
   </trkpt>
   <trkpt lat="30.9903690" lon="75.7899820">
    <ele>239.6</ele>
    <time>2026-01-18T11:48:21Z</time>
   </trkpt>
   <trkpt lat="30.9903830" lon="75.7899790">
    <ele>239.7</ele>
    <time>2026-01-18T11:48:22Z</time>
   </trkpt>
   <trkpt lat="30.9904550" lon="75.7899690">
    <ele>239.7</ele>
    <time>2026-01-18T11:48:23Z</time>
   </trkpt>
   <trkpt lat="30.9905060" lon="75.7899610">
    <ele>239.7</ele>
    <time>2026-01-18T11:48:24Z</time>
   </trkpt>
   <trkpt lat="30.9905490" lon="75.7899580">
    <ele>239.8</ele>
    <time>2026-01-18T11:48:25Z</time>
   </trkpt>
   <trkpt lat="30.9905890" lon="75.7899510">
    <ele>239.8</ele>
    <time>2026-01-18T11:48:26Z</time>
   </trkpt>
   <trkpt lat="30.9906260" lon="75.7899480">
    <ele>239.8</ele>
    <time>2026-01-18T11:48:27Z</time>
   </trkpt>
   <trkpt lat="30.9906650" lon="75.7899410">
    <ele>239.8</ele>
    <time>2026-01-18T11:48:28Z</time>
   </trkpt>
   <trkpt lat="30.9907010" lon="75.7899330">
    <ele>239.9</ele>
    <time>2026-01-18T11:48:29Z</time>
   </trkpt>
   <trkpt lat="30.9907290" lon="75.7899230">
    <ele>239.9</ele>
    <time>2026-01-18T11:48:30Z</time>
   </trkpt>
   <trkpt lat="30.9907570" lon="75.7899160">
    <ele>239.9</ele>
    <time>2026-01-18T11:48:31Z</time>
   </trkpt>
   <trkpt lat="30.9907870" lon="75.7899200">
    <ele>239.9</ele>
    <time>2026-01-18T11:48:32Z</time>
   </trkpt>
   <trkpt lat="30.9908260" lon="75.7899060">
    <ele>239.9</ele>
    <time>2026-01-18T11:48:33Z</time>
   </trkpt>
   <trkpt lat="30.9908390" lon="75.7898970">
    <ele>239.9</ele>
    <time>2026-01-18T11:48:34Z</time>
   </trkpt>
   <trkpt lat="30.9908750" lon="75.7898930">
    <ele>239.9</ele>
    <time>2026-01-18T11:48:35Z</time>
   </trkpt>
   <trkpt lat="30.9908870" lon="75.7898960">
    <ele>239.9</ele>
    <time>2026-01-18T11:48:36Z</time>
   </trkpt>
   <trkpt lat="30.9909210" lon="75.7899060">
    <ele>239.9</ele>
    <time>2026-01-18T11:48:37Z</time>
   </trkpt>
   <trkpt lat="30.9909330" lon="75.7899080">
    <ele>240.0</ele>
    <time>2026-01-18T11:48:38Z</time>
   </trkpt>
   <trkpt lat="30.9909640" lon="75.7899000">
    <ele>240.0</ele>
    <time>2026-01-18T11:48:39Z</time>
   </trkpt>
   <trkpt lat="30.9909940" lon="75.7898870">
    <ele>240.0</ele>
    <time>2026-01-18T11:48:40Z</time>
   </trkpt>
   <trkpt lat="30.9910200" lon="75.7898720">
    <ele>240.0</ele>
    <time>2026-01-18T11:48:41Z</time>
   </trkpt>
   <trkpt lat="30.9910430" lon="75.7898670">
    <ele>240.0</ele>
    <time>2026-01-18T11:48:42Z</time>
   </trkpt>
   <trkpt lat="30.9910630" lon="75.7898620">
    <ele>240.0</ele>
    <time>2026-01-18T11:48:43Z</time>
   </trkpt>
   <trkpt lat="30.9911020" lon="75.7898520">
    <ele>240.0</ele>
    <time>2026-01-18T11:48:44Z</time>
   </trkpt>
   <trkpt lat="30.9911400" lon="75.7898430">
    <ele>239.9</ele>
    <time>2026-01-18T11:48:45Z</time>
   </trkpt>
   <trkpt lat="30.9911890" lon="75.7898340">
    <ele>239.9</ele>
    <time>2026-01-18T11:48:46Z</time>
   </trkpt>
   <trkpt lat="30.9912250" lon="75.7898230">
    <ele>239.9</ele>
    <time>2026-01-18T11:48:47Z</time>
   </trkpt>
   <trkpt lat="30.9912580" lon="75.7898110">
    <ele>239.9</ele>
    <time>2026-01-18T11:48:48Z</time>
   </trkpt>
   <trkpt lat="30.9913160" lon="75.7897860">
    <ele>239.9</ele>
    <time>2026-01-18T11:48:49Z</time>
   </trkpt>
   <trkpt lat="30.9913510" lon="75.7897740">
    <ele>239.9</ele>
    <time>2026-01-18T11:48:50Z</time>
   </trkpt>
   <trkpt lat="30.9913620" lon="75.7897700">
    <ele>239.9</ele>
    <time>2026-01-18T11:48:51Z</time>
   </trkpt>
   <trkpt lat="30.9913740" lon="75.7897630">
    <ele>239.9</ele>
    <time>2026-01-18T11:48:52Z</time>
   </trkpt>
   <trkpt lat="30.9913670" lon="75.7897620">
    <ele>239.9</ele>
    <time>2026-01-18T11:48:53Z</time>
   </trkpt>
   <trkpt lat="30.9913610" lon="75.7897650">
    <ele>239.9</ele>
    <time>2026-01-18T11:48:54Z</time>
   </trkpt>
   <trkpt lat="30.9913610" lon="75.7897650">
    <ele>239.9</ele>
    <time>2026-01-18T11:48:55Z</time>
   </trkpt>
   <trkpt lat="30.9913640" lon="75.7897630">
    <ele>239.9</ele>
    <time>2026-01-18T11:48:56Z</time>
   </trkpt>
   <trkpt lat="30.9913660" lon="75.7897660">
    <ele>239.9</ele>
    <time>2026-01-18T11:48:57Z</time>
   </trkpt>
   <trkpt lat="30.9913650" lon="75.7897680">
    <ele>239.9</ele>
    <time>2026-01-18T11:48:58Z</time>
   </trkpt>
   <trkpt lat="30.9913660" lon="75.7897690">
    <ele>239.9</ele>
    <time>2026-01-18T11:48:59Z</time>
   </trkpt>
   <trkpt lat="30.9913670" lon="75.7897670">
    <ele>239.9</ele>
    <time>2026-01-18T11:49:00Z</time>
   </trkpt>
   <trkpt lat="30.9913650" lon="75.7897690">
    <ele>239.9</ele>
    <time>2026-01-18T11:49:01Z</time>
   </trkpt>
   <trkpt lat="30.9913650" lon="75.7897680">
    <ele>239.9</ele>
    <time>2026-01-18T11:49:02Z</time>
   </trkpt>
   <trkpt lat="30.9914370" lon="75.7897580">
    <ele>239.8</ele>
    <time>2026-01-18T11:49:14Z</time>
   </trkpt>
   <trkpt lat="30.9914700" lon="75.7897490">
    <ele>239.8</ele>
    <time>2026-01-18T11:49:15Z</time>
   </trkpt>
   <trkpt lat="30.9915060" lon="75.7897370">
    <ele>239.8</ele>
    <time>2026-01-18T11:49:16Z</time>
   </trkpt>
   <trkpt lat="30.9915390" lon="75.7897290">
    <ele>239.8</ele>
    <time>2026-01-18T11:49:17Z</time>
   </trkpt>
   <trkpt lat="30.9915760" lon="75.7897190">
    <ele>239.8</ele>
    <time>2026-01-18T11:49:18Z</time>
   </trkpt>
   <trkpt lat="30.9916140" lon="75.7897080">
    <ele>239.8</ele>
    <time>2026-01-18T11:49:19Z</time>
   </trkpt>
   <trkpt lat="30.9916540" lon="75.7896980">
    <ele>239.8</ele>
    <time>2026-01-18T11:49:20Z</time>
   </trkpt>
   <trkpt lat="30.9916930" lon="75.7896870">
    <ele>239.8</ele>
    <time>2026-01-18T11:49:21Z</time>
   </trkpt>
   <trkpt lat="30.9917350" lon="75.7896760">
    <ele>239.7</ele>
    <time>2026-01-18T11:49:22Z</time>
   </trkpt>
   <trkpt lat="30.9917770" lon="75.7896640">
    <ele>239.7</ele>
    <time>2026-01-18T11:49:23Z</time>
   </trkpt>
   <trkpt lat="30.9918200" lon="75.7896510">
    <ele>239.7</ele>
    <time>2026-01-18T11:49:24Z</time>
   </trkpt>
   <trkpt lat="30.9918630" lon="75.7896410">
    <ele>239.7</ele>
    <time>2026-01-18T11:49:25Z</time>
   </trkpt>
   <trkpt lat="30.9919070" lon="75.7896290">
    <ele>239.7</ele>
    <time>2026-01-18T11:49:26Z</time>
   </trkpt>
   <trkpt lat="30.9919500" lon="75.7896160">
    <ele>239.7</ele>
    <time>2026-01-18T11:49:27Z</time>
   </trkpt>
   <trkpt lat="30.9919930" lon="75.7896040">
    <ele>239.7</ele>
    <time>2026-01-18T11:49:28Z</time>
   </trkpt>
   <trkpt lat="30.9920390" lon="75.7895930">
    <ele>239.7</ele>
    <time>2026-01-18T11:49:29Z</time>
   </trkpt>
   <trkpt lat="30.9920850" lon="75.7895820">
    <ele>239.7</ele>
    <time>2026-01-18T11:49:30Z</time>
   </trkpt>
   <trkpt lat="30.9921330" lon="75.7895670">
    <ele>239.7</ele>
    <time>2026-01-18T11:49:31Z</time>
   </trkpt>
   <trkpt lat="30.9921780" lon="75.7895530">
    <ele>239.7</ele>
    <time>2026-01-18T11:49:32Z</time>
   </trkpt>
   <trkpt lat="30.9922280" lon="75.7895400">
    <ele>239.7</ele>
    <time>2026-01-18T11:49:33Z</time>
   </trkpt>
   <trkpt lat="30.9922770" lon="75.7895300">
    <ele>239.7</ele>
    <time>2026-01-18T11:49:34Z</time>
   </trkpt>
   <trkpt lat="30.9923270" lon="75.7895140">
    <ele>239.7</ele>
    <time>2026-01-18T11:49:35Z</time>
   </trkpt>
   <trkpt lat="30.9923780" lon="75.7894990">
    <ele>239.7</ele>
    <time>2026-01-18T11:49:36Z</time>
   </trkpt>
   <trkpt lat="30.9924290" lon="75.7894850">
    <ele>239.7</ele>
    <time>2026-01-18T11:49:37Z</time>
   </trkpt>
   <trkpt lat="30.9924790" lon="75.7894730">
    <ele>239.7</ele>
    <time>2026-01-18T11:49:38Z</time>
   </trkpt>
   <trkpt lat="30.9925290" lon="75.7894580">
    <ele>239.7</ele>
    <time>2026-01-18T11:49:39Z</time>
   </trkpt>
   <trkpt lat="30.9925810" lon="75.7894440">
    <ele>239.7</ele>
    <time>2026-01-18T11:49:40Z</time>
   </trkpt>
   <trkpt lat="30.9926350" lon="75.7894300">
    <ele>239.7</ele>
    <time>2026-01-18T11:49:41Z</time>
   </trkpt>
   <trkpt lat="30.9926880" lon="75.7894160">
    <ele>239.7</ele>
    <time>2026-01-18T11:49:42Z</time>
   </trkpt>
   <trkpt lat="30.9927400" lon="75.7894010">
    <ele>239.7</ele>
    <time>2026-01-18T11:49:43Z</time>
   </trkpt>
   <trkpt lat="30.9927930" lon="75.7893870">
    <ele>239.7</ele>
    <time>2026-01-18T11:49:44Z</time>
   </trkpt>
   <trkpt lat="30.9928460" lon="75.7893730">
    <ele>239.7</ele>
    <time>2026-01-18T11:49:45Z</time>
   </trkpt>
   <trkpt lat="30.9928970" lon="75.7893590">
    <ele>239.7</ele>
    <time>2026-01-18T11:49:46Z</time>
   </trkpt>
   <trkpt lat="30.9929500" lon="75.7893440">
    <ele>239.7</ele>
    <time>2026-01-18T11:49:47Z</time>
   </trkpt>
   <trkpt lat="30.9930030" lon="75.7893280">
    <ele>239.7</ele>
    <time>2026-01-18T11:49:48Z</time>
   </trkpt>
   <trkpt lat="30.9930570" lon="75.7893140">
    <ele>239.8</ele>
    <time>2026-01-18T11:49:49Z</time>
   </trkpt>
   <trkpt lat="30.9931110" lon="75.7893010">
    <ele>239.8</ele>
    <time>2026-01-18T11:49:50Z</time>
   </trkpt>
   <trkpt lat="30.9931650" lon="75.7892860">
    <ele>239.8</ele>
    <time>2026-01-18T11:49:51Z</time>
   </trkpt>
   <trkpt lat="30.9932180" lon="75.7892730">
    <ele>239.8</ele>
    <time>2026-01-18T11:49:52Z</time>
   </trkpt>
   <trkpt lat="30.9932720" lon="75.7892580">
    <ele>239.8</ele>
    <time>2026-01-18T11:49:53Z</time>
   </trkpt>
   <trkpt lat="30.9933260" lon="75.7892410">
    <ele>239.8</ele>
    <time>2026-01-18T11:49:54Z</time>
   </trkpt>
   <trkpt lat="30.9933790" lon="75.7892270">
    <ele>239.8</ele>
    <time>2026-01-18T11:49:55Z</time>
   </trkpt>
   <trkpt lat="30.9934350" lon="75.7892130">
    <ele>239.8</ele>
    <time>2026-01-18T11:49:57Z</time>
   </trkpt>
   <trkpt lat="30.9934890" lon="75.7891970">
    <ele>239.8</ele>
    <time>2026-01-18T11:49:58Z</time>
   </trkpt>
   <trkpt lat="30.9935440" lon="75.7891820">
    <ele>239.8</ele>
    <time>2026-01-18T11:49:59Z</time>
   </trkpt>
   <trkpt lat="30.9935980" lon="75.7891660">
    <ele>239.8</ele>
    <time>2026-01-18T11:50:00Z</time>
   </trkpt>
   <trkpt lat="30.9936520" lon="75.7891520">
    <ele>239.8</ele>
    <time>2026-01-18T11:50:01Z</time>
   </trkpt>
   <trkpt lat="30.9937070" lon="75.7891370">
    <ele>239.8</ele>
    <time>2026-01-18T11:50:02Z</time>
   </trkpt>
   <trkpt lat="30.9937620" lon="75.7891210">
    <ele>239.8</ele>
    <time>2026-01-18T11:50:03Z</time>
   </trkpt>
   <trkpt lat="30.9938160" lon="75.7891060">
    <ele>239.8</ele>
    <time>2026-01-18T11:50:04Z</time>
   </trkpt>
   <trkpt lat="30.9938690" lon="75.7890920">
    <ele>239.8</ele>
    <time>2026-01-18T11:50:05Z</time>
   </trkpt>
   <trkpt lat="30.9939240" lon="75.7890760">
    <ele>239.8</ele>
    <time>2026-01-18T11:50:06Z</time>
   </trkpt>
   <trkpt lat="30.9939780" lon="75.7890610">
    <ele>239.8</ele>
    <time>2026-01-18T11:50:07Z</time>
   </trkpt>
   <trkpt lat="30.9940320" lon="75.7890470">
    <ele>239.9</ele>
    <time>2026-01-18T11:50:08Z</time>
   </trkpt>
   <trkpt lat="30.9940850" lon="75.7890320">
    <ele>239.9</ele>
    <time>2026-01-18T11:50:09Z</time>
   </trkpt>
   <trkpt lat="30.9941410" lon="75.7890180">
    <ele>239.9</ele>
    <time>2026-01-18T11:50:10Z</time>
   </trkpt>
   <trkpt lat="30.9941940" lon="75.7890020">
    <ele>239.9</ele>
    <time>2026-01-18T11:50:11Z</time>
   </trkpt>
   <trkpt lat="30.9942490" lon="75.7889860">
    <ele>239.9</ele>
    <time>2026-01-18T11:50:12Z</time>
   </trkpt>
   <trkpt lat="30.9943030" lon="75.7889710">
    <ele>239.9</ele>
    <time>2026-01-18T11:50:13Z</time>
   </trkpt>
   <trkpt lat="30.9943590" lon="75.7889560">
    <ele>239.9</ele>
    <time>2026-01-18T11:50:14Z</time>
   </trkpt>
   <trkpt lat="30.9944120" lon="75.7889400">
    <ele>239.9</ele>
    <time>2026-01-18T11:50:15Z</time>
   </trkpt>
   <trkpt lat="30.9944670" lon="75.7889260">
    <ele>239.9</ele>
    <time>2026-01-18T11:50:16Z</time>
   </trkpt>
   <trkpt lat="30.9945240" lon="75.7889120">
    <ele>239.9</ele>
    <time>2026-01-18T11:50:17Z</time>
   </trkpt>
   <trkpt lat="30.9945780" lon="75.7888980">
    <ele>239.9</ele>
    <time>2026-01-18T11:50:18Z</time>
   </trkpt>
   <trkpt lat="30.9946310" lon="75.7888810">
    <ele>239.9</ele>
    <time>2026-01-18T11:50:19Z</time>
   </trkpt>
   <trkpt lat="30.9946860" lon="75.7888670">
    <ele>239.9</ele>
    <time>2026-01-18T11:50:20Z</time>
   </trkpt>
   <trkpt lat="30.9947430" lon="75.7888510">
    <ele>239.9</ele>
    <time>2026-01-18T11:50:21Z</time>
   </trkpt>
   <trkpt lat="30.9947980" lon="75.7888360">
    <ele>239.9</ele>
    <time>2026-01-18T11:50:22Z</time>
   </trkpt>
   <trkpt lat="30.9948540" lon="75.7888240">
    <ele>239.9</ele>
    <time>2026-01-18T11:50:23Z</time>
   </trkpt>
   <trkpt lat="30.9949080" lon="75.7888050">
    <ele>240.0</ele>
    <time>2026-01-18T11:50:24Z</time>
   </trkpt>
   <trkpt lat="30.9949660" lon="75.7887900">
    <ele>240.0</ele>
    <time>2026-01-18T11:50:25Z</time>
   </trkpt>
   <trkpt lat="30.9950230" lon="75.7887730">
    <ele>240.0</ele>
    <time>2026-01-18T11:50:26Z</time>
   </trkpt>
   <trkpt lat="30.9950800" lon="75.7887580">
    <ele>240.0</ele>
    <time>2026-01-18T11:50:27Z</time>
   </trkpt>
   <trkpt lat="30.9951970" lon="75.7887240">
    <ele>240.1</ele>
    <time>2026-01-18T11:50:28Z</time>
   </trkpt>
   <trkpt lat="30.9952530" lon="75.7887120">
    <ele>240.1</ele>
    <time>2026-01-18T11:50:29Z</time>
   </trkpt>
   <trkpt lat="30.9953120" lon="75.7886940">
    <ele>240.1</ele>
    <time>2026-01-18T11:50:30Z</time>
   </trkpt>
   <trkpt lat="30.9953720" lon="75.7886800">
    <ele>240.1</ele>
    <time>2026-01-18T11:50:31Z</time>
   </trkpt>
   <trkpt lat="30.9954300" lon="75.7886620">
    <ele>240.1</ele>
    <time>2026-01-18T11:50:32Z</time>
   </trkpt>
   <trkpt lat="30.9954910" lon="75.7886470">
    <ele>240.1</ele>
    <time>2026-01-18T11:50:33Z</time>
   </trkpt>
   <trkpt lat="30.9955510" lon="75.7886280">
    <ele>240.1</ele>
    <time>2026-01-18T11:50:34Z</time>
   </trkpt>
   <trkpt lat="30.9956110" lon="75.7886130">
    <ele>240.1</ele>
    <time>2026-01-18T11:50:35Z</time>
   </trkpt>
   <trkpt lat="30.9956720" lon="75.7885950">
    <ele>240.1</ele>
    <time>2026-01-18T11:50:36Z</time>
   </trkpt>
   <trkpt lat="30.9957320" lon="75.7885770">
    <ele>240.1</ele>
    <time>2026-01-18T11:50:37Z</time>
   </trkpt>
   <trkpt lat="30.9957950" lon="75.7885610">
    <ele>240.2</ele>
    <time>2026-01-18T11:50:38Z</time>
   </trkpt>
   <trkpt lat="30.9958550" lon="75.7885430">
    <ele>240.2</ele>
    <time>2026-01-18T11:50:39Z</time>
   </trkpt>
   <trkpt lat="30.9959150" lon="75.7885290">
    <ele>240.2</ele>
    <time>2026-01-18T11:50:40Z</time>
   </trkpt>
   <trkpt lat="30.9959770" lon="75.7885120">
    <ele>240.2</ele>
    <time>2026-01-18T11:50:41Z</time>
   </trkpt>
   <trkpt lat="30.9960380" lon="75.7884950">
    <ele>240.2</ele>
    <time>2026-01-18T11:50:42Z</time>
   </trkpt>
   <trkpt lat="30.9960990" lon="75.7884760">
    <ele>240.2</ele>
    <time>2026-01-18T11:50:43Z</time>
   </trkpt>
   <trkpt lat="30.9961610" lon="75.7884600">
    <ele>240.2</ele>
    <time>2026-01-18T11:50:44Z</time>
   </trkpt>
   <trkpt lat="30.9962240" lon="75.7884410">
    <ele>240.2</ele>
    <time>2026-01-18T11:50:45Z</time>
   </trkpt>
   <trkpt lat="30.9962860" lon="75.7884240">
    <ele>240.2</ele>
    <time>2026-01-18T11:50:46Z</time>
   </trkpt>
   <trkpt lat="30.9963450" lon="75.7884080">
    <ele>240.2</ele>
    <time>2026-01-18T11:50:47Z</time>
   </trkpt>
   <trkpt lat="30.9964030" lon="75.7883910">
    <ele>240.2</ele>
    <time>2026-01-18T11:50:48Z</time>
   </trkpt>
   <trkpt lat="30.9964590" lon="75.7883800">
    <ele>240.2</ele>
    <time>2026-01-18T11:50:49Z</time>
   </trkpt>
   <trkpt lat="30.9965160" lon="75.7883630">
    <ele>240.3</ele>
    <time>2026-01-18T11:50:50Z</time>
   </trkpt>
   <trkpt lat="30.9965760" lon="75.7883460">
    <ele>240.3</ele>
    <time>2026-01-18T11:50:51Z</time>
   </trkpt>
   <trkpt lat="30.9966340" lon="75.7883330">
    <ele>240.3</ele>
    <time>2026-01-18T11:50:52Z</time>
   </trkpt>
   <trkpt lat="30.9966940" lon="75.7883190">
    <ele>240.3</ele>
    <time>2026-01-18T11:50:53Z</time>
   </trkpt>
   <trkpt lat="30.9967510" lon="75.7883060">
    <ele>240.3</ele>
    <time>2026-01-18T11:50:54Z</time>
   </trkpt>
   <trkpt lat="30.9968110" lon="75.7882860">
    <ele>240.3</ele>
    <time>2026-01-18T11:50:55Z</time>
   </trkpt>
   <trkpt lat="30.9968740" lon="75.7882650">
    <ele>240.3</ele>
    <time>2026-01-18T11:50:56Z</time>
   </trkpt>
   <trkpt lat="30.9969290" lon="75.7882520">
    <ele>240.4</ele>
    <time>2026-01-18T11:50:57Z</time>
   </trkpt>
   <trkpt lat="30.9969920" lon="75.7882370">
    <ele>240.4</ele>
    <time>2026-01-18T11:50:58Z</time>
   </trkpt>
   <trkpt lat="30.9970500" lon="75.7882240">
    <ele>240.4</ele>
    <time>2026-01-18T11:50:59Z</time>
   </trkpt>
   <trkpt lat="30.9971070" lon="75.7882100">
    <ele>240.4</ele>
    <time>2026-01-18T11:51:00Z</time>
   </trkpt>
   <trkpt lat="30.9971610" lon="75.7881930">
    <ele>240.4</ele>
    <time>2026-01-18T11:51:01Z</time>
   </trkpt>
   <trkpt lat="30.9972140" lon="75.7881760">
    <ele>240.5</ele>
    <time>2026-01-18T11:51:02Z</time>
   </trkpt>
   <trkpt lat="30.9972690" lon="75.7881620">
    <ele>240.5</ele>
    <time>2026-01-18T11:51:03Z</time>
   </trkpt>
   <trkpt lat="30.9973210" lon="75.7881500">
    <ele>240.5</ele>
    <time>2026-01-18T11:51:04Z</time>
   </trkpt>
   <trkpt lat="30.9973750" lon="75.7881400">
    <ele>240.6</ele>
    <time>2026-01-18T11:51:05Z</time>
   </trkpt>
   <trkpt lat="30.9974250" lon="75.7881270">
    <ele>240.6</ele>
    <time>2026-01-18T11:51:06Z</time>
   </trkpt>
   <trkpt lat="30.9974720" lon="75.7881100">
    <ele>240.6</ele>
    <time>2026-01-18T11:51:07Z</time>
   </trkpt>
   <trkpt lat="30.9975210" lon="75.7880890">
    <ele>240.6</ele>
    <time>2026-01-18T11:51:08Z</time>
   </trkpt>
   <trkpt lat="30.9975740" lon="75.7880730">
    <ele>240.6</ele>
    <time>2026-01-18T11:51:09Z</time>
   </trkpt>
   <trkpt lat="30.9976210" lon="75.7880590">
    <ele>240.6</ele>
    <time>2026-01-18T11:51:10Z</time>
   </trkpt>
   <trkpt lat="30.9976630" lon="75.7880420">
    <ele>240.5</ele>
    <time>2026-01-18T11:51:11Z</time>
   </trkpt>
   <trkpt lat="30.9977140" lon="75.7880270">
    <ele>240.5</ele>
    <time>2026-01-18T11:51:12Z</time>
   </trkpt>
   <trkpt lat="30.9977480" lon="75.7880110">
    <ele>240.4</ele>
    <time>2026-01-18T11:51:13Z</time>
   </trkpt>
   <trkpt lat="30.9977880" lon="75.7880040">
    <ele>240.4</ele>
    <time>2026-01-18T11:51:14Z</time>
   </trkpt>
   <trkpt lat="30.9978240" lon="75.7879920">
    <ele>240.3</ele>
    <time>2026-01-18T11:51:15Z</time>
   </trkpt>
   <trkpt lat="30.9978810" lon="75.7879630">
    <ele>240.3</ele>
    <time>2026-01-18T11:51:16Z</time>
   </trkpt>
   <trkpt lat="30.9979230" lon="75.7879590">
    <ele>240.2</ele>
    <time>2026-01-18T11:51:17Z</time>
   </trkpt>
   <trkpt lat="30.9979680" lon="75.7879480">
    <ele>240.1</ele>
    <time>2026-01-18T11:51:18Z</time>
   </trkpt>
   <trkpt lat="30.9980150" lon="75.7879400">
    <ele>240.0</ele>
    <time>2026-01-18T11:51:19Z</time>
   </trkpt>
   <trkpt lat="30.9980650" lon="75.7879210">
    <ele>240.0</ele>
    <time>2026-01-18T11:51:20Z</time>
   </trkpt>
   <trkpt lat="30.9981160" lon="75.7879110">
    <ele>239.9</ele>
    <time>2026-01-18T11:51:21Z</time>
   </trkpt>
   <trkpt lat="30.9981660" lon="75.7879040">
    <ele>239.8</ele>
    <time>2026-01-18T11:51:22Z</time>
   </trkpt>
   <trkpt lat="30.9982230" lon="75.7878860">
    <ele>239.8</ele>
    <time>2026-01-18T11:51:23Z</time>
   </trkpt>
   <trkpt lat="30.9982770" lon="75.7878710">
    <ele>239.7</ele>
    <time>2026-01-18T11:51:24Z</time>
   </trkpt>
   <trkpt lat="30.9983340" lon="75.7878580">
    <ele>239.6</ele>
    <time>2026-01-18T11:51:25Z</time>
   </trkpt>
   <trkpt lat="30.9983920" lon="75.7878480">
    <ele>239.6</ele>
    <time>2026-01-18T11:51:26Z</time>
   </trkpt>
   <trkpt lat="30.9984470" lon="75.7878310">
    <ele>239.5</ele>
    <time>2026-01-18T11:51:27Z</time>
   </trkpt>
   <trkpt lat="30.9985010" lon="75.7878220">
    <ele>239.4</ele>
    <time>2026-01-18T11:51:28Z</time>
   </trkpt>
   <trkpt lat="30.9985540" lon="75.7878130">
    <ele>239.4</ele>
    <time>2026-01-18T11:51:29Z</time>
   </trkpt>
   <trkpt lat="30.9986070" lon="75.7878020">
    <ele>239.3</ele>
    <time>2026-01-18T11:51:30Z</time>
   </trkpt>
   <trkpt lat="30.9986620" lon="75.7877870">
    <ele>239.2</ele>
    <time>2026-01-18T11:51:31Z</time>
   </trkpt>
   <trkpt lat="30.9987130" lon="75.7877660">
    <ele>239.2</ele>
    <time>2026-01-18T11:51:32Z</time>
   </trkpt>
   <trkpt lat="30.9987660" lon="75.7877480">
    <ele>239.1</ele>
    <time>2026-01-18T11:51:33Z</time>
   </trkpt>
   <trkpt lat="30.9988210" lon="75.7877330">
    <ele>239.0</ele>
    <time>2026-01-18T11:51:34Z</time>
   </trkpt>
   <trkpt lat="30.9988740" lon="75.7877220">
    <ele>239.0</ele>
    <time>2026-01-18T11:51:35Z</time>
   </trkpt>
   <trkpt lat="30.9989260" lon="75.7877110">
    <ele>238.9</ele>
    <time>2026-01-18T11:51:36Z</time>
   </trkpt>
   <trkpt lat="30.9989780" lon="75.7876990">
    <ele>238.9</ele>
    <time>2026-01-18T11:51:37Z</time>
   </trkpt>
   <trkpt lat="30.9990090" lon="75.7877030">
    <ele>238.9</ele>
    <time>2026-01-18T11:51:38Z</time>
   </trkpt>
   <trkpt lat="30.9990660" lon="75.7876820">
    <ele>238.9</ele>
    <time>2026-01-18T11:51:39Z</time>
   </trkpt>
   <trkpt lat="30.9991310" lon="75.7876740">
    <ele>238.9</ele>
    <time>2026-01-18T11:51:40Z</time>
   </trkpt>
   <trkpt lat="30.9991890" lon="75.7876580">
    <ele>238.9</ele>
    <time>2026-01-18T11:51:41Z</time>
   </trkpt>
   <trkpt lat="30.9992520" lon="75.7876410">
    <ele>239.1</ele>
    <time>2026-01-18T11:51:42Z</time>
   </trkpt>
   <trkpt lat="30.9993140" lon="75.7876300">
    <ele>239.5</ele>
    <time>2026-01-18T11:51:43Z</time>
   </trkpt>
   <trkpt lat="30.9993740" lon="75.7876090">
    <ele>239.7</ele>
    <time>2026-01-18T11:51:44Z</time>
   </trkpt>
   <trkpt lat="30.9994340" lon="75.7875870">
    <ele>239.8</ele>
    <time>2026-01-18T11:51:45Z</time>
   </trkpt>
   <trkpt lat="30.9994920" lon="75.7875780">
    <ele>239.8</ele>
    <time>2026-01-18T11:51:46Z</time>
   </trkpt>
   <trkpt lat="30.9995580" lon="75.7875570">
    <ele>239.7</ele>
    <time>2026-01-18T11:51:47Z</time>
   </trkpt>
   <trkpt lat="30.9996170" lon="75.7875220">
    <ele>239.7</ele>
    <time>2026-01-18T11:51:48Z</time>
   </trkpt>
   <trkpt lat="30.9996740" lon="75.7875020">
    <ele>239.7</ele>
    <time>2026-01-18T11:51:49Z</time>
   </trkpt>
   <trkpt lat="30.9997330" lon="75.7875020">
    <ele>239.6</ele>
    <time>2026-01-18T11:51:50Z</time>
   </trkpt>
   <trkpt lat="30.9997910" lon="75.7874870">
    <ele>239.6</ele>
    <time>2026-01-18T11:51:51Z</time>
   </trkpt>
   <trkpt lat="30.9998520" lon="75.7874710">
    <ele>239.6</ele>
    <time>2026-01-18T11:51:52Z</time>
   </trkpt>
   <trkpt lat="30.9999120" lon="75.7874530">
    <ele>239.6</ele>
    <time>2026-01-18T11:51:53Z</time>
   </trkpt>
   <trkpt lat="30.9999750" lon="75.7874380">
    <ele>239.6</ele>
    <time>2026-01-18T11:51:54Z</time>
   </trkpt>
   <trkpt lat="31.0000370" lon="75.7874260">
    <ele>239.5</ele>
    <time>2026-01-18T11:51:55Z</time>
   </trkpt>
   <trkpt lat="31.0000970" lon="75.7874110">
    <ele>239.5</ele>
    <time>2026-01-18T11:51:56Z</time>
   </trkpt>
   <trkpt lat="31.0001610" lon="75.7873960">
    <ele>239.6</ele>
    <time>2026-01-18T11:51:57Z</time>
   </trkpt>
   <trkpt lat="31.0002240" lon="75.7873790">
    <ele>239.6</ele>
    <time>2026-01-18T11:51:58Z</time>
   </trkpt>
   <trkpt lat="31.0002870" lon="75.7873590">
    <ele>239.6</ele>
    <time>2026-01-18T11:51:59Z</time>
   </trkpt>
   <trkpt lat="31.0003520" lon="75.7873410">
    <ele>239.6</ele>
    <time>2026-01-18T11:52:00Z</time>
   </trkpt>
   <trkpt lat="31.0004160" lon="75.7873250">
    <ele>239.6</ele>
    <time>2026-01-18T11:52:01Z</time>
   </trkpt>
   <trkpt lat="31.0004800" lon="75.7873080">
    <ele>239.7</ele>
    <time>2026-01-18T11:52:03Z</time>
   </trkpt>
   <trkpt lat="31.0005440" lon="75.7872910">
    <ele>239.8</ele>
    <time>2026-01-18T11:52:04Z</time>
   </trkpt>
   <trkpt lat="31.0006080" lon="75.7872730">
    <ele>239.8</ele>
    <time>2026-01-18T11:52:05Z</time>
   </trkpt>
   <trkpt lat="31.0006720" lon="75.7872560">
    <ele>239.9</ele>
    <time>2026-01-18T11:52:06Z</time>
   </trkpt>
   <trkpt lat="31.0007390" lon="75.7872390">
    <ele>240.0</ele>
    <time>2026-01-18T11:52:07Z</time>
   </trkpt>
   <trkpt lat="31.0008020" lon="75.7872180">
    <ele>240.1</ele>
    <time>2026-01-18T11:52:08Z</time>
   </trkpt>
   <trkpt lat="31.0008660" lon="75.7871940">
    <ele>240.2</ele>
    <time>2026-01-18T11:52:09Z</time>
   </trkpt>
   <trkpt lat="31.0009310" lon="75.7871720">
    <ele>240.3</ele>
    <time>2026-01-18T11:52:10Z</time>
   </trkpt>
   <trkpt lat="31.0009980" lon="75.7871560">
    <ele>240.4</ele>
    <time>2026-01-18T11:52:11Z</time>
   </trkpt>
   <trkpt lat="31.0010640" lon="75.7871350">
    <ele>240.5</ele>
    <time>2026-01-18T11:52:12Z</time>
   </trkpt>
   <trkpt lat="31.0011280" lon="75.7871110">
    <ele>240.5</ele>
    <time>2026-01-18T11:52:13Z</time>
   </trkpt>
   <trkpt lat="31.0011930" lon="75.7870860">
    <ele>240.6</ele>
    <time>2026-01-18T11:52:14Z</time>
   </trkpt>
   <trkpt lat="31.0012570" lon="75.7870600">
    <ele>240.7</ele>
    <time>2026-01-18T11:52:15Z</time>
   </trkpt>
   <trkpt lat="31.0013250" lon="75.7870320">
    <ele>241.0</ele>
    <time>2026-01-18T11:52:16Z</time>
   </trkpt>
   <trkpt lat="31.0013920" lon="75.7870070">
    <ele>241.2</ele>
    <time>2026-01-18T11:52:17Z</time>
   </trkpt>
   <trkpt lat="31.0014640" lon="75.7869880">
    <ele>241.2</ele>
    <time>2026-01-18T11:52:18Z</time>
   </trkpt>
   <trkpt lat="31.0015370" lon="75.7869720">
    <ele>241.1</ele>
    <time>2026-01-18T11:52:19Z</time>
   </trkpt>
   <trkpt lat="31.0016060" lon="75.7869550">
    <ele>241.0</ele>
    <time>2026-01-18T11:52:20Z</time>
   </trkpt>
   <trkpt lat="31.0017440" lon="75.7869110">
    <ele>241.0</ele>
    <time>2026-01-18T11:52:21Z</time>
   </trkpt>
   <trkpt lat="31.0018150" lon="75.7868920">
    <ele>241.1</ele>
    <time>2026-01-18T11:52:22Z</time>
   </trkpt>
   <trkpt lat="31.0018840" lon="75.7868700">
    <ele>241.3</ele>
    <time>2026-01-18T11:52:23Z</time>
   </trkpt>
   <trkpt lat="31.0019540" lon="75.7868490">
    <ele>241.5</ele>
    <time>2026-01-18T11:52:24Z</time>
   </trkpt>
   <trkpt lat="31.0020250" lon="75.7868280">
    <ele>241.7</ele>
    <time>2026-01-18T11:52:25Z</time>
   </trkpt>
   <trkpt lat="31.0020960" lon="75.7868080">
    <ele>241.9</ele>
    <time>2026-01-18T11:52:26Z</time>
   </trkpt>
   <trkpt lat="31.0021650" lon="75.7867880">
    <ele>241.9</ele>
    <time>2026-01-18T11:52:27Z</time>
   </trkpt>
   <trkpt lat="31.0022370" lon="75.7867680">
    <ele>241.9</ele>
    <time>2026-01-18T11:52:28Z</time>
   </trkpt>
   <trkpt lat="31.0023090" lon="75.7867500">
    <ele>241.9</ele>
    <time>2026-01-18T11:52:29Z</time>
   </trkpt>
   <trkpt lat="31.0023790" lon="75.7867280">
    <ele>241.8</ele>
    <time>2026-01-18T11:52:30Z</time>
   </trkpt>
   <trkpt lat="31.0024510" lon="75.7867090">
    <ele>241.8</ele>
    <time>2026-01-18T11:52:31Z</time>
   </trkpt>
   <trkpt lat="31.0025230" lon="75.7866880">
    <ele>241.8</ele>
    <time>2026-01-18T11:52:32Z</time>
   </trkpt>
   <trkpt lat="31.0025940" lon="75.7866660">
    <ele>241.8</ele>
    <time>2026-01-18T11:52:33Z</time>
   </trkpt>
   <trkpt lat="31.0026660" lon="75.7866460">
    <ele>241.7</ele>
    <time>2026-01-18T11:52:34Z</time>
   </trkpt>
   <trkpt lat="31.0027360" lon="75.7866240">
    <ele>241.7</ele>
    <time>2026-01-18T11:52:35Z</time>
   </trkpt>
   <trkpt lat="31.0028070" lon="75.7866020">
    <ele>241.7</ele>
    <time>2026-01-18T11:52:36Z</time>
   </trkpt>
   <trkpt lat="31.0028790" lon="75.7865780">
    <ele>241.7</ele>
    <time>2026-01-18T11:52:37Z</time>
   </trkpt>
   <trkpt lat="31.0029470" lon="75.7865510">
    <ele>241.6</ele>
    <time>2026-01-18T11:52:38Z</time>
   </trkpt>
   <trkpt lat="31.0030150" lon="75.7865190">
    <ele>241.6</ele>
    <time>2026-01-18T11:52:39Z</time>
   </trkpt>
   <trkpt lat="31.0030830" lon="75.7864870">
    <ele>241.6</ele>
    <time>2026-01-18T11:52:40Z</time>
   </trkpt>
   <trkpt lat="31.0031540" lon="75.7864620">
    <ele>241.6</ele>
    <time>2026-01-18T11:52:41Z</time>
   </trkpt>
   <trkpt lat="31.0032250" lon="75.7864430">
    <ele>241.5</ele>
    <time>2026-01-18T11:52:42Z</time>
   </trkpt>
   <trkpt lat="31.0032970" lon="75.7864200">
    <ele>241.5</ele>
    <time>2026-01-18T11:52:43Z</time>
   </trkpt>
   <trkpt lat="31.0033680" lon="75.7863960">
    <ele>241.5</ele>
    <time>2026-01-18T11:52:44Z</time>
   </trkpt>
   <trkpt lat="31.0034390" lon="75.7863740">
    <ele>241.5</ele>
    <time>2026-01-18T11:52:45Z</time>
   </trkpt>
   <trkpt lat="31.0035090" lon="75.7863510">
    <ele>241.4</ele>
    <time>2026-01-18T11:52:46Z</time>
   </trkpt>
   <trkpt lat="31.0035800" lon="75.7863260">
    <ele>241.4</ele>
    <time>2026-01-18T11:52:47Z</time>
   </trkpt>
   <trkpt lat="31.0036500" lon="75.7863020">
    <ele>241.4</ele>
    <time>2026-01-18T11:52:48Z</time>
   </trkpt>
   <trkpt lat="31.0037180" lon="75.7862790">
    <ele>241.4</ele>
    <time>2026-01-18T11:52:49Z</time>
   </trkpt>
   <trkpt lat="31.0037890" lon="75.7862570">
    <ele>241.3</ele>
    <time>2026-01-18T11:52:50Z</time>
   </trkpt>
   <trkpt lat="31.0038570" lon="75.7862340">
    <ele>241.3</ele>
    <time>2026-01-18T11:52:51Z</time>
   </trkpt>
   <trkpt lat="31.0039260" lon="75.7862100">
    <ele>241.3</ele>
    <time>2026-01-18T11:52:52Z</time>
   </trkpt>
   <trkpt lat="31.0039940" lon="75.7861860">
    <ele>241.3</ele>
    <time>2026-01-18T11:52:53Z</time>
   </trkpt>
   <trkpt lat="31.0040610" lon="75.7861610">
    <ele>241.2</ele>
    <time>2026-01-18T11:52:54Z</time>
   </trkpt>
   <trkpt lat="31.0041280" lon="75.7861340">
    <ele>241.2</ele>
    <time>2026-01-18T11:52:55Z</time>
   </trkpt>
   <trkpt lat="31.0041960" lon="75.7861100">
    <ele>241.2</ele>
    <time>2026-01-18T11:52:56Z</time>
   </trkpt>
   <trkpt lat="31.0042630" lon="75.7860890">
    <ele>241.2</ele>
    <time>2026-01-18T11:52:57Z</time>
   </trkpt>
   <trkpt lat="31.0043310" lon="75.7860680">
    <ele>241.1</ele>
    <time>2026-01-18T11:52:58Z</time>
   </trkpt>
   <trkpt lat="31.0043980" lon="75.7860450">
    <ele>241.1</ele>
    <time>2026-01-18T11:52:59Z</time>
   </trkpt>
   <trkpt lat="31.0044650" lon="75.7860190">
    <ele>241.1</ele>
    <time>2026-01-18T11:53:00Z</time>
   </trkpt>
   <trkpt lat="31.0045320" lon="75.7859950">
    <ele>241.1</ele>
    <time>2026-01-18T11:53:01Z</time>
   </trkpt>
   <trkpt lat="31.0045980" lon="75.7859720">
    <ele>241.1</ele>
    <time>2026-01-18T11:53:02Z</time>
   </trkpt>
   <trkpt lat="31.0046640" lon="75.7859490">
    <ele>241.0</ele>
    <time>2026-01-18T11:53:03Z</time>
   </trkpt>
   <trkpt lat="31.0047290" lon="75.7859270">
    <ele>241.0</ele>
    <time>2026-01-18T11:53:04Z</time>
   </trkpt>
   <trkpt lat="31.0047940" lon="75.7859040">
    <ele>241.0</ele>
    <time>2026-01-18T11:53:05Z</time>
   </trkpt>
   <trkpt lat="31.0048580" lon="75.7858810">
    <ele>241.1</ele>
    <time>2026-01-18T11:53:06Z</time>
   </trkpt>
   <trkpt lat="31.0049220" lon="75.7858590">
    <ele>241.1</ele>
    <time>2026-01-18T11:53:07Z</time>
   </trkpt>
   <trkpt lat="31.0049860" lon="75.7858390">
    <ele>241.1</ele>
    <time>2026-01-18T11:53:08Z</time>
   </trkpt>
   <trkpt lat="31.0050480" lon="75.7858190">
    <ele>241.2</ele>
    <time>2026-01-18T11:53:09Z</time>
   </trkpt>
   <trkpt lat="31.0051110" lon="75.7857970">
    <ele>241.3</ele>
    <time>2026-01-18T11:53:10Z</time>
   </trkpt>
   <trkpt lat="31.0051740" lon="75.7857750">
    <ele>241.4</ele>
    <time>2026-01-18T11:53:11Z</time>
   </trkpt>
   <trkpt lat="31.0052360" lon="75.7857540">
    <ele>241.4</ele>
    <time>2026-01-18T11:53:12Z</time>
   </trkpt>
   <trkpt lat="31.0052970" lon="75.7857330">
    <ele>241.2</ele>
    <time>2026-01-18T11:53:13Z</time>
   </trkpt>
   <trkpt lat="31.0053560" lon="75.7857140">
    <ele>240.7</ele>
    <time>2026-01-18T11:53:14Z</time>
   </trkpt>
   <trkpt lat="31.0054130" lon="75.7857000">
    <ele>239.8</ele>
    <time>2026-01-18T11:53:15Z</time>
   </trkpt>
   <trkpt lat="31.0054680" lon="75.7856890">
    <ele>238.9</ele>
    <time>2026-01-18T11:53:16Z</time>
   </trkpt>
   <trkpt lat="31.0055220" lon="75.7856760">
    <ele>238.3</ele>
    <time>2026-01-18T11:53:17Z</time>
   </trkpt>
   <trkpt lat="31.0055700" lon="75.7856610">
    <ele>238.1</ele>
    <time>2026-01-18T11:53:18Z</time>
   </trkpt>
   <trkpt lat="31.0056220" lon="75.7856360">
    <ele>238.1</ele>
    <time>2026-01-18T11:53:19Z</time>
   </trkpt>
   <trkpt lat="31.0056710" lon="75.7856170">
    <ele>238.2</ele>
    <time>2026-01-18T11:53:20Z</time>
   </trkpt>
   <trkpt lat="31.0057200" lon="75.7856020">
    <ele>238.3</ele>
    <time>2026-01-18T11:53:21Z</time>
   </trkpt>
   <trkpt lat="31.0057680" lon="75.7855880">
    <ele>238.3</ele>
    <time>2026-01-18T11:53:22Z</time>
   </trkpt>
   <trkpt lat="31.0058190" lon="75.7855740">
    <ele>238.1</ele>
    <time>2026-01-18T11:53:23Z</time>
   </trkpt>
   <trkpt lat="31.0058690" lon="75.7855570">
    <ele>238.1</ele>
    <time>2026-01-18T11:53:24Z</time>
   </trkpt>
   <trkpt lat="31.0059220" lon="75.7855400">
    <ele>238.2</ele>
    <time>2026-01-18T11:53:25Z</time>
   </trkpt>
   <trkpt lat="31.0059740" lon="75.7855220">
    <ele>238.2</ele>
    <time>2026-01-18T11:53:26Z</time>
   </trkpt>
   <trkpt lat="31.0060270" lon="75.7855030">
    <ele>238.3</ele>
    <time>2026-01-18T11:53:27Z</time>
   </trkpt>
   <trkpt lat="31.0060800" lon="75.7854840">
    <ele>238.4</ele>
    <time>2026-01-18T11:53:28Z</time>
   </trkpt>
   <trkpt lat="31.0061340" lon="75.7854680">
    <ele>238.5</ele>
    <time>2026-01-18T11:53:29Z</time>
   </trkpt>
   <trkpt lat="31.0061900" lon="75.7854510">
    <ele>238.6</ele>
    <time>2026-01-18T11:53:30Z</time>
   </trkpt>
   <trkpt lat="31.0062420" lon="75.7854380">
    <ele>238.7</ele>
    <time>2026-01-18T11:53:31Z</time>
   </trkpt>
   <trkpt lat="31.0062980" lon="75.7854210">
    <ele>238.7</ele>
    <time>2026-01-18T11:53:32Z</time>
   </trkpt>
   <trkpt lat="31.0063540" lon="75.7854040">
    <ele>238.8</ele>
    <time>2026-01-18T11:53:33Z</time>
   </trkpt>
   <trkpt lat="31.0064080" lon="75.7853880">
    <ele>238.9</ele>
    <time>2026-01-18T11:53:34Z</time>
   </trkpt>
   <trkpt lat="31.0064610" lon="75.7853730">
    <ele>239.0</ele>
    <time>2026-01-18T11:53:35Z</time>
   </trkpt>
   <trkpt lat="31.0065170" lon="75.7853560">
    <ele>239.1</ele>
    <time>2026-01-18T11:53:36Z</time>
   </trkpt>
   <trkpt lat="31.0065710" lon="75.7853380">
    <ele>239.2</ele>
    <time>2026-01-18T11:53:37Z</time>
   </trkpt>
   <trkpt lat="31.0066260" lon="75.7853230">
    <ele>239.2</ele>
    <time>2026-01-18T11:53:38Z</time>
   </trkpt>
   <trkpt lat="31.0066800" lon="75.7853050">
    <ele>239.3</ele>
    <time>2026-01-18T11:53:39Z</time>
   </trkpt>
   <trkpt lat="31.0067360" lon="75.7852890">
    <ele>239.4</ele>
    <time>2026-01-18T11:53:40Z</time>
   </trkpt>
   <trkpt lat="31.0067900" lon="75.7852710">
    <ele>239.5</ele>
    <time>2026-01-18T11:53:41Z</time>
   </trkpt>
   <trkpt lat="31.0068440" lon="75.7852530">
    <ele>239.6</ele>
    <time>2026-01-18T11:53:42Z</time>
   </trkpt>
   <trkpt lat="31.0068980" lon="75.7852340">
    <ele>239.7</ele>
    <time>2026-01-18T11:53:43Z</time>
   </trkpt>
   <trkpt lat="31.0069510" lon="75.7852170">
    <ele>239.7</ele>
    <time>2026-01-18T11:53:44Z</time>
   </trkpt>
   <trkpt lat="31.0070050" lon="75.7851980">
    <ele>239.8</ele>
    <time>2026-01-18T11:53:45Z</time>
   </trkpt>
   <trkpt lat="31.0070590" lon="75.7851800">
    <ele>239.9</ele>
    <time>2026-01-18T11:53:46Z</time>
   </trkpt>
   <trkpt lat="31.0071130" lon="75.7851620">
    <ele>240.0</ele>
    <time>2026-01-18T11:53:47Z</time>
   </trkpt>
   <trkpt lat="31.0071650" lon="75.7851400">
    <ele>240.1</ele>
    <time>2026-01-18T11:53:48Z</time>
   </trkpt>
   <trkpt lat="31.0072170" lon="75.7851200">
    <ele>240.1</ele>
    <time>2026-01-18T11:53:49Z</time>
   </trkpt>
   <trkpt lat="31.0072700" lon="75.7850950">
    <ele>240.2</ele>
    <time>2026-01-18T11:53:50Z</time>
   </trkpt>
   <trkpt lat="31.0073220" lon="75.7850730">
    <ele>240.3</ele>
    <time>2026-01-18T11:53:51Z</time>
   </trkpt>
   <trkpt lat="31.0073740" lon="75.7850520">
    <ele>240.4</ele>
    <time>2026-01-18T11:53:52Z</time>
   </trkpt>
   <trkpt lat="31.0074260" lon="75.7850290">
    <ele>240.5</ele>
    <time>2026-01-18T11:53:53Z</time>
   </trkpt>
   <trkpt lat="31.0074780" lon="75.7850070">
    <ele>240.6</ele>
    <time>2026-01-18T11:53:54Z</time>
   </trkpt>
   <trkpt lat="31.0075290" lon="75.7849840">
    <ele>240.6</ele>
    <time>2026-01-18T11:53:55Z</time>
   </trkpt>
   <trkpt lat="31.0075830" lon="75.7849600">
    <ele>240.7</ele>
    <time>2026-01-18T11:53:56Z</time>
   </trkpt>
   <trkpt lat="31.0076360" lon="75.7849390">
    <ele>240.8</ele>
    <time>2026-01-18T11:53:57Z</time>
   </trkpt>
   <trkpt lat="31.0076890" lon="75.7849160">
    <ele>240.9</ele>
    <time>2026-01-18T11:53:58Z</time>
   </trkpt>
   <trkpt lat="31.0077420" lon="75.7848940">
    <ele>241.0</ele>
    <time>2026-01-18T11:53:59Z</time>
   </trkpt>
   <trkpt lat="31.0077960" lon="75.7848720">
    <ele>241.1</ele>
    <time>2026-01-18T11:54:00Z</time>
   </trkpt>
   <trkpt lat="31.0078520" lon="75.7848480">
    <ele>241.1</ele>
    <time>2026-01-18T11:54:01Z</time>
   </trkpt>
   <trkpt lat="31.0079080" lon="75.7848260">
    <ele>241.2</ele>
    <time>2026-01-18T11:54:02Z</time>
   </trkpt>
   <trkpt lat="31.0079660" lon="75.7848070">
    <ele>241.3</ele>
    <time>2026-01-18T11:54:03Z</time>
   </trkpt>
   <trkpt lat="31.0080240" lon="75.7847880">
    <ele>241.4</ele>
    <time>2026-01-18T11:54:04Z</time>
   </trkpt>
   <trkpt lat="31.0080840" lon="75.7847680">
    <ele>241.5</ele>
    <time>2026-01-18T11:54:05Z</time>
   </trkpt>
   <trkpt lat="31.0081440" lon="75.7847450">
    <ele>241.6</ele>
    <time>2026-01-18T11:54:06Z</time>
   </trkpt>
   <trkpt lat="31.0082040" lon="75.7847190">
    <ele>241.7</ele>
    <time>2026-01-18T11:54:07Z</time>
   </trkpt>
   <trkpt lat="31.0082630" lon="75.7846940">
    <ele>241.8</ele>
    <time>2026-01-18T11:54:09Z</time>
   </trkpt>
   <trkpt lat="31.0083250" lon="75.7846670">
    <ele>241.9</ele>
    <time>2026-01-18T11:54:10Z</time>
   </trkpt>
   <trkpt lat="31.0083870" lon="75.7846400">
    <ele>242.0</ele>
    <time>2026-01-18T11:54:11Z</time>
   </trkpt>
   <trkpt lat="31.0084490" lon="75.7846160">
    <ele>242.1</ele>
    <time>2026-01-18T11:54:12Z</time>
   </trkpt>
   <trkpt lat="31.0085100" lon="75.7845930">
    <ele>242.2</ele>
    <time>2026-01-18T11:54:13Z</time>
   </trkpt>
   <trkpt lat="31.0085720" lon="75.7845690">
    <ele>242.3</ele>
    <time>2026-01-18T11:54:14Z</time>
   </trkpt>
   <trkpt lat="31.0086330" lon="75.7845440">
    <ele>242.4</ele>
    <time>2026-01-18T11:54:15Z</time>
   </trkpt>
   <trkpt lat="31.0086950" lon="75.7845190">
    <ele>242.5</ele>
    <time>2026-01-18T11:54:16Z</time>
   </trkpt>
   <trkpt lat="31.0087560" lon="75.7844960">
    <ele>242.6</ele>
    <time>2026-01-18T11:54:17Z</time>
   </trkpt>
   <trkpt lat="31.0088190" lon="75.7844750">
    <ele>242.6</ele>
    <time>2026-01-18T11:54:18Z</time>
   </trkpt>
   <trkpt lat="31.0088810" lon="75.7844550">
    <ele>242.7</ele>
    <time>2026-01-18T11:54:19Z</time>
   </trkpt>
   <trkpt lat="31.0089420" lon="75.7844350">
    <ele>242.8</ele>
    <time>2026-01-18T11:54:20Z</time>
   </trkpt>
   <trkpt lat="31.0090020" lon="75.7844170">
    <ele>242.9</ele>
    <time>2026-01-18T11:54:21Z</time>
   </trkpt>
   <trkpt lat="31.0090630" lon="75.7844000">
    <ele>243.0</ele>
    <time>2026-01-18T11:54:22Z</time>
   </trkpt>
   <trkpt lat="31.0091260" lon="75.7843840">
    <ele>243.1</ele>
    <time>2026-01-18T11:54:23Z</time>
   </trkpt>
   <trkpt lat="31.0091880" lon="75.7843670">
    <ele>243.2</ele>
    <time>2026-01-18T11:54:24Z</time>
   </trkpt>
   <trkpt lat="31.0092480" lon="75.7843480">
    <ele>243.4</ele>
    <time>2026-01-18T11:54:25Z</time>
   </trkpt>
   <trkpt lat="31.0093090" lon="75.7843300">
    <ele>243.5</ele>
    <time>2026-01-18T11:54:26Z</time>
   </trkpt>
   <trkpt lat="31.0094300" lon="75.7842920">
    <ele>243.7</ele>
    <time>2026-01-18T11:54:27Z</time>
   </trkpt>
   <trkpt lat="31.0094910" lon="75.7842720">
    <ele>243.8</ele>
    <time>2026-01-18T11:54:28Z</time>
   </trkpt>
   <trkpt lat="31.0095540" lon="75.7842560">
    <ele>243.7</ele>
    <time>2026-01-18T11:54:29Z</time>
   </trkpt>
   <trkpt lat="31.0096180" lon="75.7842410">
    <ele>243.7</ele>
    <time>2026-01-18T11:54:30Z</time>
   </trkpt>
   <trkpt lat="31.0096820" lon="75.7842240">
    <ele>243.6</ele>
    <time>2026-01-18T11:54:31Z</time>
   </trkpt>
   <trkpt lat="31.0097460" lon="75.7842060">
    <ele>243.6</ele>
    <time>2026-01-18T11:54:32Z</time>
   </trkpt>
   <trkpt lat="31.0098100" lon="75.7841890">
    <ele>243.5</ele>
    <time>2026-01-18T11:54:33Z</time>
   </trkpt>
   <trkpt lat="31.0098750" lon="75.7841720">
    <ele>243.5</ele>
    <time>2026-01-18T11:54:34Z</time>
   </trkpt>
   <trkpt lat="31.0099400" lon="75.7841550">
    <ele>243.4</ele>
    <time>2026-01-18T11:54:35Z</time>
   </trkpt>
   <trkpt lat="31.0100040" lon="75.7841370">
    <ele>243.4</ele>
    <time>2026-01-18T11:54:36Z</time>
   </trkpt>
   <trkpt lat="31.0100690" lon="75.7841180">
    <ele>243.3</ele>
    <time>2026-01-18T11:54:37Z</time>
   </trkpt>
   <trkpt lat="31.0101340" lon="75.7840970">
    <ele>243.3</ele>
    <time>2026-01-18T11:54:38Z</time>
   </trkpt>
   <trkpt lat="31.0102010" lon="75.7840780">
    <ele>243.2</ele>
    <time>2026-01-18T11:54:39Z</time>
   </trkpt>
   <trkpt lat="31.0102670" lon="75.7840530">
    <ele>243.2</ele>
    <time>2026-01-18T11:54:40Z</time>
   </trkpt>
   <trkpt lat="31.0103330" lon="75.7840290">
    <ele>243.1</ele>
    <time>2026-01-18T11:54:41Z</time>
   </trkpt>
   <trkpt lat="31.0103970" lon="75.7840020">
    <ele>243.1</ele>
    <time>2026-01-18T11:54:42Z</time>
   </trkpt>
   <trkpt lat="31.0104620" lon="75.7839770">
    <ele>243.0</ele>
    <time>2026-01-18T11:54:43Z</time>
   </trkpt>
   <trkpt lat="31.0105240" lon="75.7839510">
    <ele>242.8</ele>
    <time>2026-01-18T11:54:44Z</time>
   </trkpt>
   <trkpt lat="31.0105880" lon="75.7839270">
    <ele>242.6</ele>
    <time>2026-01-18T11:54:45Z</time>
   </trkpt>
   <trkpt lat="31.0106500" lon="75.7839070">
    <ele>242.4</ele>
    <time>2026-01-18T11:54:46Z</time>
   </trkpt>
   <trkpt lat="31.0107100" lon="75.7838860">
    <ele>242.3</ele>
    <time>2026-01-18T11:54:47Z</time>
   </trkpt>
   <trkpt lat="31.0107690" lon="75.7838630">
    <ele>242.1</ele>
    <time>2026-01-18T11:54:48Z</time>
   </trkpt>
   <trkpt lat="31.0108260" lon="75.7838430">
    <ele>241.9</ele>
    <time>2026-01-18T11:54:49Z</time>
   </trkpt>
   <trkpt lat="31.0108820" lon="75.7838220">
    <ele>241.7</ele>
    <time>2026-01-18T11:54:50Z</time>
   </trkpt>
   <trkpt lat="31.0109380" lon="75.7838010">
    <ele>241.6</ele>
    <time>2026-01-18T11:54:51Z</time>
   </trkpt>
   <trkpt lat="31.0109950" lon="75.7837790">
    <ele>241.4</ele>
    <time>2026-01-18T11:54:52Z</time>
   </trkpt>
   <trkpt lat="31.0110530" lon="75.7837620">
    <ele>241.2</ele>
    <time>2026-01-18T11:54:53Z</time>
   </trkpt>
   <trkpt lat="31.0111100" lon="75.7837440">
    <ele>241.1</ele>
    <time>2026-01-18T11:54:54Z</time>
   </trkpt>
   <trkpt lat="31.0111690" lon="75.7837290">
    <ele>240.9</ele>
    <time>2026-01-18T11:54:55Z</time>
   </trkpt>
   <trkpt lat="31.0112260" lon="75.7837090">
    <ele>240.7</ele>
    <time>2026-01-18T11:54:56Z</time>
   </trkpt>
   <trkpt lat="31.0112830" lon="75.7836870">
    <ele>240.5</ele>
    <time>2026-01-18T11:54:57Z</time>
   </trkpt>
   <trkpt lat="31.0113400" lon="75.7836680">
    <ele>240.4</ele>
    <time>2026-01-18T11:54:58Z</time>
   </trkpt>
   <trkpt lat="31.0113960" lon="75.7836510">
    <ele>240.2</ele>
    <time>2026-01-18T11:54:59Z</time>
   </trkpt>
   <trkpt lat="31.0114530" lon="75.7836330">
    <ele>240.0</ele>
    <time>2026-01-18T11:55:00Z</time>
   </trkpt>
   <trkpt lat="31.0115120" lon="75.7836140">
    <ele>239.8</ele>
    <time>2026-01-18T11:55:01Z</time>
   </trkpt>
   <trkpt lat="31.0115680" lon="75.7835930">
    <ele>239.7</ele>
    <time>2026-01-18T11:55:02Z</time>
   </trkpt>
   <trkpt lat="31.0116230" lon="75.7835760">
    <ele>239.5</ele>
    <time>2026-01-18T11:55:03Z</time>
   </trkpt>
   <trkpt lat="31.0116800" lon="75.7835600">
    <ele>239.3</ele>
    <time>2026-01-18T11:55:04Z</time>
   </trkpt>
   <trkpt lat="31.0117370" lon="75.7835450">
    <ele>239.2</ele>
    <time>2026-01-18T11:55:05Z</time>
   </trkpt>
   <trkpt lat="31.0117950" lon="75.7835300">
    <ele>239.0</ele>
    <time>2026-01-18T11:55:06Z</time>
   </trkpt>
   <trkpt lat="31.0118500" lon="75.7835130">
    <ele>238.8</ele>
    <time>2026-01-18T11:55:07Z</time>
   </trkpt>
   <trkpt lat="31.0119030" lon="75.7834960">
    <ele>238.8</ele>
    <time>2026-01-18T11:55:08Z</time>
   </trkpt>
   <trkpt lat="31.0119540" lon="75.7834820">
    <ele>238.7</ele>
    <time>2026-01-18T11:55:09Z</time>
   </trkpt>
   <trkpt lat="31.0120040" lon="75.7834660">
    <ele>238.7</ele>
    <time>2026-01-18T11:55:10Z</time>
   </trkpt>
   <trkpt lat="31.0120540" lon="75.7834550">
    <ele>238.6</ele>
    <time>2026-01-18T11:55:11Z</time>
   </trkpt>
   <trkpt lat="31.0121060" lon="75.7834430">
    <ele>238.6</ele>
    <time>2026-01-18T11:55:12Z</time>
   </trkpt>
   <trkpt lat="31.0121610" lon="75.7834290">
    <ele>238.5</ele>
    <time>2026-01-18T11:55:13Z</time>
   </trkpt>
   <trkpt lat="31.0122140" lon="75.7834160">
    <ele>238.5</ele>
    <time>2026-01-18T11:55:14Z</time>
   </trkpt>
   <trkpt lat="31.0122690" lon="75.7834050">
    <ele>238.4</ele>
    <time>2026-01-18T11:55:15Z</time>
   </trkpt>
   <trkpt lat="31.0123240" lon="75.7833890">
    <ele>238.4</ele>
    <time>2026-01-18T11:55:16Z</time>
   </trkpt>
   <trkpt lat="31.0123770" lon="75.7833690">
    <ele>238.3</ele>
    <time>2026-01-18T11:55:17Z</time>
   </trkpt>
   <trkpt lat="31.0124320" lon="75.7833540">
    <ele>238.3</ele>
    <time>2026-01-18T11:55:18Z</time>
   </trkpt>
   <trkpt lat="31.0124840" lon="75.7833460">
    <ele>238.2</ele>
    <time>2026-01-18T11:55:19Z</time>
   </trkpt>
   <trkpt lat="31.0125350" lon="75.7833370">
    <ele>238.2</ele>
    <time>2026-01-18T11:55:20Z</time>
   </trkpt>
   <trkpt lat="31.0125860" lon="75.7833290">
    <ele>238.1</ele>
    <time>2026-01-18T11:55:21Z</time>
   </trkpt>
   <trkpt lat="31.0126340" lon="75.7833150">
    <ele>238.1</ele>
    <time>2026-01-18T11:55:22Z</time>
   </trkpt>
   <trkpt lat="31.0126810" lon="75.7833020">
    <ele>238.1</ele>
    <time>2026-01-18T11:55:23Z</time>
   </trkpt>
   <trkpt lat="31.0127280" lon="75.7832970">
    <ele>238.2</ele>
    <time>2026-01-18T11:55:24Z</time>
   </trkpt>
   <trkpt lat="31.0127740" lon="75.7832920">
    <ele>238.2</ele>
    <time>2026-01-18T11:55:25Z</time>
   </trkpt>
   <trkpt lat="31.0128110" lon="75.7832860">
    <ele>238.3</ele>
    <time>2026-01-18T11:55:26Z</time>
   </trkpt>
   <trkpt lat="31.0128390" lon="75.7832940">
    <ele>238.4</ele>
    <time>2026-01-18T11:55:27Z</time>
   </trkpt>
   <trkpt lat="31.0128580" lon="75.7833200">
    <ele>239.2</ele>
    <time>2026-01-18T11:55:28Z</time>
   </trkpt>
   <trkpt lat="31.0128690" lon="75.7833530">
    <ele>239.6</ele>
    <time>2026-01-18T11:55:29Z</time>
   </trkpt>
   <trkpt lat="31.0128710" lon="75.7833950">
    <ele>239.9</ele>
    <time>2026-01-18T11:55:30Z</time>
   </trkpt>
   <trkpt lat="31.0128710" lon="75.7834060">
    <ele>240.3</ele>
    <time>2026-01-18T11:55:31Z</time>
   </trkpt>
   <trkpt lat="31.0128710" lon="75.7834540">
    <ele>240.6</ele>
    <time>2026-01-18T11:55:32Z</time>
   </trkpt>
   <trkpt lat="31.0128700" lon="75.7834760">
    <ele>240.9</ele>
    <time>2026-01-18T11:55:33Z</time>
   </trkpt>
   <trkpt lat="31.0128750" lon="75.7835120">
    <ele>241.0</ele>
    <time>2026-01-18T11:55:34Z</time>
   </trkpt>
   <trkpt lat="31.0128800" lon="75.7835290">
    <ele>241.1</ele>
    <time>2026-01-18T11:55:35Z</time>
   </trkpt>
   <trkpt lat="31.0128830" lon="75.7835650">
    <ele>241.2</ele>
    <time>2026-01-18T11:55:36Z</time>
   </trkpt>
   <trkpt lat="31.0128800" lon="75.7836020">
    <ele>241.6</ele>
    <time>2026-01-18T11:55:37Z</time>
   </trkpt>
   <trkpt lat="31.0128500" lon="75.7836460">
    <ele>241.2</ele>
    <time>2026-01-18T11:55:38Z</time>
   </trkpt>
   <trkpt lat="31.0128120" lon="75.7836640">
    <ele>240.7</ele>
    <time>2026-01-18T11:55:39Z</time>
   </trkpt>
   <trkpt lat="31.0127760" lon="75.7836770">
    <ele>240.7</ele>
    <time>2026-01-18T11:55:40Z</time>
   </trkpt>
   <trkpt lat="31.0127340" lon="75.7836840">
    <ele>240.7</ele>
    <time>2026-01-18T11:55:41Z</time>
   </trkpt>
   <trkpt lat="31.0126910" lon="75.7836940">
    <ele>240.7</ele>
    <time>2026-01-18T11:55:42Z</time>
   </trkpt>
   <trkpt lat="31.0126470" lon="75.7837020">
    <ele>240.7</ele>
    <time>2026-01-18T11:55:43Z</time>
   </trkpt>
   <trkpt lat="31.0125980" lon="75.7837180">
    <ele>240.7</ele>
    <time>2026-01-18T11:55:44Z</time>
   </trkpt>
   <trkpt lat="31.0125500" lon="75.7837350">
    <ele>240.7</ele>
    <time>2026-01-18T11:55:45Z</time>
   </trkpt>
   <trkpt lat="31.0125010" lon="75.7837460">
    <ele>240.6</ele>
    <time>2026-01-18T11:55:46Z</time>
   </trkpt>
   <trkpt lat="31.0124490" lon="75.7837580">
    <ele>240.6</ele>
    <time>2026-01-18T11:55:47Z</time>
   </trkpt>
   <trkpt lat="31.0123960" lon="75.7837700">
    <ele>240.5</ele>
    <time>2026-01-18T11:55:48Z</time>
   </trkpt>
   <trkpt lat="31.0123460" lon="75.7837850">
    <ele>240.5</ele>
    <time>2026-01-18T11:55:49Z</time>
   </trkpt>
   <trkpt lat="31.0122930" lon="75.7838020">
    <ele>240.4</ele>
    <time>2026-01-18T11:55:50Z</time>
   </trkpt>
   <trkpt lat="31.0122410" lon="75.7838210">
    <ele>240.4</ele>
    <time>2026-01-18T11:55:51Z</time>
   </trkpt>
   <trkpt lat="31.0121890" lon="75.7838380">
    <ele>240.3</ele>
    <time>2026-01-18T11:55:52Z</time>
   </trkpt>
   <trkpt lat="31.0121370" lon="75.7838490">
    <ele>240.3</ele>
    <time>2026-01-18T11:55:53Z</time>
   </trkpt>
   <trkpt lat="31.0120890" lon="75.7838660">
    <ele>240.2</ele>
    <time>2026-01-18T11:55:54Z</time>
   </trkpt>
   <trkpt lat="31.0120460" lon="75.7838910">
    <ele>240.2</ele>
    <time>2026-01-18T11:55:55Z</time>
   </trkpt>
   <trkpt lat="31.0120010" lon="75.7839120">
    <ele>240.1</ele>
    <time>2026-01-18T11:55:56Z</time>
   </trkpt>
   <trkpt lat="31.0119560" lon="75.7839250">
    <ele>240.0</ele>
    <time>2026-01-18T11:55:57Z</time>
   </trkpt>
   <trkpt lat="31.0119110" lon="75.7839360">
    <ele>240.0</ele>
    <time>2026-01-18T11:55:58Z</time>
   </trkpt>
   <trkpt lat="31.0118660" lon="75.7839470">
    <ele>239.9</ele>
    <time>2026-01-18T11:55:59Z</time>
   </trkpt>
   <trkpt lat="31.0118230" lon="75.7839620">
    <ele>239.9</ele>
    <time>2026-01-18T11:56:00Z</time>
   </trkpt>
   <trkpt lat="31.0117790" lon="75.7839740">
    <ele>239.8</ele>
    <time>2026-01-18T11:56:01Z</time>
   </trkpt>
   <trkpt lat="31.0117350" lon="75.7839860">
    <ele>239.7</ele>
    <time>2026-01-18T11:56:02Z</time>
   </trkpt>
   <trkpt lat="31.0116870" lon="75.7840000">
    <ele>239.6</ele>
    <time>2026-01-18T11:56:03Z</time>
   </trkpt>
   <trkpt lat="31.0116370" lon="75.7840150">
    <ele>239.5</ele>
    <time>2026-01-18T11:56:04Z</time>
   </trkpt>
   <trkpt lat="31.0115850" lon="75.7840300">
    <ele>239.4</ele>
    <time>2026-01-18T11:56:05Z</time>
   </trkpt>
   <trkpt lat="31.0115320" lon="75.7840490">
    <ele>239.2</ele>
    <time>2026-01-18T11:56:06Z</time>
   </trkpt>
   <trkpt lat="31.0114800" lon="75.7840660">
    <ele>239.1</ele>
    <time>2026-01-18T11:56:07Z</time>
   </trkpt>
   <trkpt lat="31.0114280" lon="75.7840840">
    <ele>239.0</ele>
    <time>2026-01-18T11:56:08Z</time>
   </trkpt>
   <trkpt lat="31.0113740" lon="75.7841040">
    <ele>238.8</ele>
    <time>2026-01-18T11:56:09Z</time>
   </trkpt>
   <trkpt lat="31.0113210" lon="75.7841230">
    <ele>238.6</ele>
    <time>2026-01-18T11:56:10Z</time>
   </trkpt>
   <trkpt lat="31.0112660" lon="75.7841430">
    <ele>238.5</ele>
    <time>2026-01-18T11:56:11Z</time>
   </trkpt>
   <trkpt lat="31.0112120" lon="75.7841640">
    <ele>238.3</ele>
    <time>2026-01-18T11:56:12Z</time>
   </trkpt>
   <trkpt lat="31.0111570" lon="75.7841810">
    <ele>238.1</ele>
    <time>2026-01-18T11:56:14Z</time>
   </trkpt>
   <trkpt lat="31.0111030" lon="75.7841980">
    <ele>237.9</ele>
    <time>2026-01-18T11:56:15Z</time>
   </trkpt>
   <trkpt lat="31.0110490" lon="75.7842160">
    <ele>237.7</ele>
    <time>2026-01-18T11:56:16Z</time>
   </trkpt>
   <trkpt lat="31.0109950" lon="75.7842350">
    <ele>237.5</ele>
    <time>2026-01-18T11:56:17Z</time>
   </trkpt>
   <trkpt lat="31.0109410" lon="75.7842540">
    <ele>237.3</ele>
    <time>2026-01-18T11:56:18Z</time>
   </trkpt>
   <trkpt lat="31.0108860" lon="75.7842750">
    <ele>237.1</ele>
    <time>2026-01-18T11:56:19Z</time>
   </trkpt>
   <trkpt lat="31.0108320" lon="75.7842950">
    <ele>236.9</ele>
    <time>2026-01-18T11:56:20Z</time>
   </trkpt>
   <trkpt lat="31.0107780" lon="75.7843120">
    <ele>236.7</ele>
    <time>2026-01-18T11:56:21Z</time>
   </trkpt>
   <trkpt lat="31.0107230" lon="75.7843300">
    <ele>236.6</ele>
    <time>2026-01-18T11:56:22Z</time>
   </trkpt>
   <trkpt lat="31.0106700" lon="75.7843490">
    <ele>236.4</ele>
    <time>2026-01-18T11:56:23Z</time>
   </trkpt>
   <trkpt lat="31.0106150" lon="75.7843700">
    <ele>236.2</ele>
    <time>2026-01-18T11:56:24Z</time>
   </trkpt>
   <trkpt lat="31.0105610" lon="75.7843910">
    <ele>236.1</ele>
    <time>2026-01-18T11:56:25Z</time>
   </trkpt>
   <trkpt lat="31.0105070" lon="75.7844110">
    <ele>236.0</ele>
    <time>2026-01-18T11:56:26Z</time>
   </trkpt>
   <trkpt lat="31.0104520" lon="75.7844310">
    <ele>235.8</ele>
    <time>2026-01-18T11:56:27Z</time>
   </trkpt>
   <trkpt lat="31.0103420" lon="75.7844730">
    <ele>235.6</ele>
    <time>2026-01-18T11:56:28Z</time>
   </trkpt>
   <trkpt lat="31.0102860" lon="75.7844940">
    <ele>235.5</ele>
    <time>2026-01-18T11:56:29Z</time>
   </trkpt>
   <trkpt lat="31.0102320" lon="75.7845140">
    <ele>235.4</ele>
    <time>2026-01-18T11:56:30Z</time>
   </trkpt>
   <trkpt lat="31.0101790" lon="75.7845340">
    <ele>235.4</ele>
    <time>2026-01-18T11:56:31Z</time>
   </trkpt>
   <trkpt lat="31.0101270" lon="75.7845570">
    <ele>235.3</ele>
    <time>2026-01-18T11:56:32Z</time>
   </trkpt>
   <trkpt lat="31.0100770" lon="75.7845730">
    <ele>235.3</ele>
    <time>2026-01-18T11:56:33Z</time>
   </trkpt>
   <trkpt lat="31.0100240" lon="75.7845840">
    <ele>235.3</ele>
    <time>2026-01-18T11:56:34Z</time>
   </trkpt>
   <trkpt lat="31.0099730" lon="75.7845830">
    <ele>236.5</ele>
    <time>2026-01-18T11:56:35Z</time>
   </trkpt>
   <trkpt lat="31.0099360" lon="75.7845780">
    <ele>237.3</ele>
    <time>2026-01-18T11:56:36Z</time>
   </trkpt>
   <trkpt lat="31.0099150" lon="75.7845720">
    <ele>237.8</ele>
    <time>2026-01-18T11:56:37Z</time>
   </trkpt>
   <trkpt lat="31.0099030" lon="75.7845700">
    <ele>238.1</ele>
    <time>2026-01-18T11:56:38Z</time>
   </trkpt>
   <trkpt lat="31.0098740" lon="75.7845740">
    <ele>238.8</ele>
    <time>2026-01-18T11:56:39Z</time>
   </trkpt>
   <trkpt lat="31.0098640" lon="75.7845750">
    <ele>239.0</ele>
    <time>2026-01-18T11:56:40Z</time>
   </trkpt>
   <trkpt lat="31.0098470" lon="75.7845740">
    <ele>239.4</ele>
    <time>2026-01-18T11:56:41Z</time>
   </trkpt>
   <trkpt lat="31.0098290" lon="75.7845740">
    <ele>239.8</ele>
    <time>2026-01-18T11:56:42Z</time>
   </trkpt>
   <trkpt lat="31.0097980" lon="75.7845770">
    <ele>240.6</ele>
    <time>2026-01-18T11:56:43Z</time>
   </trkpt>
   <trkpt lat="31.0097850" lon="75.7845770">
    <ele>240.9</ele>
    <time>2026-01-18T11:56:44Z</time>
   </trkpt>
   <trkpt lat="31.0097480" lon="75.7845860">
    <ele>241.8</ele>
    <time>2026-01-18T11:56:45Z</time>
   </trkpt>
   <trkpt lat="31.0097320" lon="75.7845890">
    <ele>242.1</ele>
    <time>2026-01-18T11:56:46Z</time>
   </trkpt>
   <trkpt lat="31.0096970" lon="75.7846020">
    <ele>243.0</ele>
    <time>2026-01-18T11:56:47Z</time>
   </trkpt>
   <trkpt lat="31.0096560" lon="75.7846130">
    <ele>244.0</ele>
    <time>2026-01-18T11:56:48Z</time>
   </trkpt>
   <trkpt lat="31.0096130" lon="75.7846220">
    <ele>243.8</ele>
    <time>2026-01-18T11:56:49Z</time>
   </trkpt>
   <trkpt lat="31.0095720" lon="75.7846410">
    <ele>243.5</ele>
    <time>2026-01-18T11:56:50Z</time>
   </trkpt>
   <trkpt lat="31.0095300" lon="75.7846610">
    <ele>243.3</ele>
    <time>2026-01-18T11:56:51Z</time>
   </trkpt>
   <trkpt lat="31.0094840" lon="75.7846780">
    <ele>243.1</ele>
    <time>2026-01-18T11:56:52Z</time>
   </trkpt>
   <trkpt lat="31.0094430" lon="75.7846950">
    <ele>242.8</ele>
    <time>2026-01-18T11:56:53Z</time>
   </trkpt>
   <trkpt lat="31.0093970" lon="75.7847160">
    <ele>242.6</ele>
    <time>2026-01-18T11:56:54Z</time>
   </trkpt>
   <trkpt lat="31.0093520" lon="75.7847350">
    <ele>242.3</ele>
    <time>2026-01-18T11:56:55Z</time>
   </trkpt>
   <trkpt lat="31.0093120" lon="75.7847570">
    <ele>242.1</ele>
    <time>2026-01-18T11:56:56Z</time>
   </trkpt>
   <trkpt lat="31.0092700" lon="75.7847750">
    <ele>241.9</ele>
    <time>2026-01-18T11:56:57Z</time>
   </trkpt>
   <trkpt lat="31.0092290" lon="75.7847940">
    <ele>241.7</ele>
    <time>2026-01-18T11:56:58Z</time>
   </trkpt>
   <trkpt lat="31.0091890" lon="75.7848150">
    <ele>241.4</ele>
    <time>2026-01-18T11:56:59Z</time>
   </trkpt>
   <trkpt lat="31.0091490" lon="75.7848340">
    <ele>241.2</ele>
    <time>2026-01-18T11:57:00Z</time>
   </trkpt>
   <trkpt lat="31.0091130" lon="75.7848540">
    <ele>241.0</ele>
    <time>2026-01-18T11:57:01Z</time>
   </trkpt>
   <trkpt lat="31.0090850" lon="75.7848690">
    <ele>240.9</ele>
    <time>2026-01-18T11:57:02Z</time>
   </trkpt>
   <trkpt lat="31.0090610" lon="75.7848890">
    <ele>240.7</ele>
    <time>2026-01-18T11:57:03Z</time>
   </trkpt>
   <trkpt lat="31.0090540" lon="75.7848970">
    <ele>240.7</ele>
    <time>2026-01-18T11:57:04Z</time>
   </trkpt>
   <trkpt lat="31.0090480" lon="75.7849330">
    <ele>240.5</ele>
    <time>2026-01-18T11:57:05Z</time>
   </trkpt>
   <trkpt lat="31.0090490" lon="75.7849470">
    <ele>240.4</ele>
    <time>2026-01-18T11:57:06Z</time>
   </trkpt>
   <trkpt lat="31.0090600" lon="75.7849800">
    <ele>240.3</ele>
    <time>2026-01-18T11:57:07Z</time>
   </trkpt>
   <trkpt lat="31.0090700" lon="75.7850160">
    <ele>240.1</ele>
    <time>2026-01-18T11:57:08Z</time>
   </trkpt>
   <trkpt lat="31.0090750" lon="75.7850560">
    <ele>239.9</ele>
    <time>2026-01-18T11:57:09Z</time>
   </trkpt>
   <trkpt lat="31.0090740" lon="75.7851050">
    <ele>239.7</ele>
    <time>2026-01-18T11:57:10Z</time>
   </trkpt>
   <trkpt lat="31.0090720" lon="75.7851560">
    <ele>239.5</ele>
    <time>2026-01-18T11:57:11Z</time>
   </trkpt>
   <trkpt lat="31.0090710" lon="75.7852030">
    <ele>239.3</ele>
    <time>2026-01-18T11:57:12Z</time>
   </trkpt>
   <trkpt lat="31.0090720" lon="75.7852670">
    <ele>239.0</ele>
    <time>2026-01-18T11:57:13Z</time>
   </trkpt>
   <trkpt lat="31.0090720" lon="75.7853220">
    <ele>238.8</ele>
    <time>2026-01-18T11:57:14Z</time>
   </trkpt>
   <trkpt lat="31.0090730" lon="75.7853760">
    <ele>238.5</ele>
    <time>2026-01-18T11:57:15Z</time>
   </trkpt>
   <trkpt lat="31.0090730" lon="75.7854290">
    <ele>238.3</ele>
    <time>2026-01-18T11:57:16Z</time>
   </trkpt>
   <trkpt lat="31.0090740" lon="75.7854820">
    <ele>238.1</ele>
    <time>2026-01-18T11:57:17Z</time>
   </trkpt>
   <trkpt lat="31.0090750" lon="75.7855330">
    <ele>237.8</ele>
    <time>2026-01-18T11:57:18Z</time>
   </trkpt>
   <trkpt lat="31.0090720" lon="75.7855840">
    <ele>237.6</ele>
    <time>2026-01-18T11:57:19Z</time>
   </trkpt>
   <trkpt lat="31.0090690" lon="75.7856330">
    <ele>237.4</ele>
    <time>2026-01-18T11:57:20Z</time>
   </trkpt>
   <trkpt lat="31.0090670" lon="75.7856810">
    <ele>237.2</ele>
    <time>2026-01-18T11:57:21Z</time>
   </trkpt>
   <trkpt lat="31.0090700" lon="75.7857310">
    <ele>237.0</ele>
    <time>2026-01-18T11:57:22Z</time>
   </trkpt>
   <trkpt lat="31.0090700" lon="75.7857820">
    <ele>236.8</ele>
    <time>2026-01-18T11:57:23Z</time>
   </trkpt>
   <trkpt lat="31.0090670" lon="75.7858310">
    <ele>236.5</ele>
    <time>2026-01-18T11:57:24Z</time>
   </trkpt>
   <trkpt lat="31.0090640" lon="75.7858810">
    <ele>236.3</ele>
    <time>2026-01-18T11:57:25Z</time>
   </trkpt>
   <trkpt lat="31.0090640" lon="75.7859290">
    <ele>236.1</ele>
    <time>2026-01-18T11:57:26Z</time>
   </trkpt>
   <trkpt lat="31.0090630" lon="75.7859770">
    <ele>235.9</ele>
    <time>2026-01-18T11:57:27Z</time>
   </trkpt>
   <trkpt lat="31.0090620" lon="75.7860250">
    <ele>235.7</ele>
    <time>2026-01-18T11:57:28Z</time>
   </trkpt>
   <trkpt lat="31.0090620" lon="75.7860730">
    <ele>235.5</ele>
    <time>2026-01-18T11:57:29Z</time>
   </trkpt>
   <trkpt lat="31.0090610" lon="75.7861190">
    <ele>235.3</ele>
    <time>2026-01-18T11:57:30Z</time>
   </trkpt>
   <trkpt lat="31.0090610" lon="75.7861700">
    <ele>235.1</ele>
    <time>2026-01-18T11:57:31Z</time>
   </trkpt>
   <trkpt lat="31.0090630" lon="75.7862170">
    <ele>235.0</ele>
    <time>2026-01-18T11:57:32Z</time>
   </trkpt>
   <trkpt lat="31.0090630" lon="75.7862640">
    <ele>235.0</ele>
    <time>2026-01-18T11:57:33Z</time>
   </trkpt>
   <trkpt lat="31.0090610" lon="75.7863120">
    <ele>235.1</ele>
    <time>2026-01-18T11:57:34Z</time>
   </trkpt>
   <trkpt lat="31.0090620" lon="75.7863550">
    <ele>235.1</ele>
    <time>2026-01-18T11:57:35Z</time>
   </trkpt>
   <trkpt lat="31.0090600" lon="75.7864070">
    <ele>235.1</ele>
    <time>2026-01-18T11:57:36Z</time>
   </trkpt>
   <trkpt lat="31.0090590" lon="75.7864590">
    <ele>235.1</ele>
    <time>2026-01-18T11:57:37Z</time>
   </trkpt>
   <trkpt lat="31.0090640" lon="75.7865050">
    <ele>235.1</ele>
    <time>2026-01-18T11:57:38Z</time>
   </trkpt>
   <trkpt lat="31.0090610" lon="75.7865450">
    <ele>235.1</ele>
    <time>2026-01-18T11:57:39Z</time>
   </trkpt>
   <trkpt lat="31.0090620" lon="75.7865880">
    <ele>235.2</ele>
    <time>2026-01-18T11:57:40Z</time>
   </trkpt>
   <trkpt lat="31.0090600" lon="75.7866250">
    <ele>235.2</ele>
    <time>2026-01-18T11:57:41Z</time>
   </trkpt>
   <trkpt lat="31.0090580" lon="75.7866570">
    <ele>235.2</ele>
    <time>2026-01-18T11:57:42Z</time>
   </trkpt>
   <trkpt lat="31.0090570" lon="75.7866980">
    <ele>235.3</ele>
    <time>2026-01-18T11:57:43Z</time>
   </trkpt>
   <trkpt lat="31.0090580" lon="75.7867350">
    <ele>235.4</ele>
    <time>2026-01-18T11:57:44Z</time>
   </trkpt>
   <trkpt lat="31.0090550" lon="75.7867760">
    <ele>235.4</ele>
    <time>2026-01-18T11:57:45Z</time>
   </trkpt>
   <trkpt lat="31.0090560" lon="75.7868140">
    <ele>235.5</ele>
    <time>2026-01-18T11:57:46Z</time>
   </trkpt>
   <trkpt lat="31.0090590" lon="75.7868580">
    <ele>235.6</ele>
    <time>2026-01-18T11:57:47Z</time>
   </trkpt>
   <trkpt lat="31.0090610" lon="75.7868920">
    <ele>235.7</ele>
    <time>2026-01-18T11:57:48Z</time>
   </trkpt>
   <trkpt lat="31.0090650" lon="75.7869300">
    <ele>235.7</ele>
    <time>2026-01-18T11:57:49Z</time>
   </trkpt>
   <trkpt lat="31.0090670" lon="75.7869650">
    <ele>235.8</ele>
    <time>2026-01-18T11:57:50Z</time>
   </trkpt>
   <trkpt lat="31.0090670" lon="75.7870010">
    <ele>235.9</ele>
    <time>2026-01-18T11:57:51Z</time>
   </trkpt>
   <trkpt lat="31.0090710" lon="75.7870440">
    <ele>236.0</ele>
    <time>2026-01-18T11:57:52Z</time>
   </trkpt>
   <trkpt lat="31.0090720" lon="75.7870570">
    <ele>236.0</ele>
    <time>2026-01-18T11:57:53Z</time>
   </trkpt>
   <trkpt lat="31.0090730" lon="75.7870650">
    <ele>236.0</ele>
    <time>2026-01-18T11:57:54Z</time>
   </trkpt>
   <trkpt lat="31.0090730" lon="75.7870710">
    <ele>236.0</ele>
    <time>2026-01-18T11:57:55Z</time>
   </trkpt>
   <trkpt lat="31.0090730" lon="75.7870770">
    <ele>236.0</ele>
    <time>2026-01-18T11:57:56Z</time>
   </trkpt>
   <trkpt lat="31.0090730" lon="75.7870820">
    <ele>236.0</ele>
    <time>2026-01-18T11:57:57Z</time>
   </trkpt>
   <trkpt lat="31.0090730" lon="75.7870880">
    <ele>236.0</ele>
    <time>2026-01-18T11:57:58Z</time>
   </trkpt>
   <trkpt lat="31.0090730" lon="75.7870940">
    <ele>236.1</ele>
    <time>2026-01-18T11:57:59Z</time>
   </trkpt>
   <trkpt lat="31.0090730" lon="75.7871000">
    <ele>236.1</ele>
    <time>2026-01-18T11:58:00Z</time>
   </trkpt>
   <trkpt lat="31.0090760" lon="75.7871160">
    <ele>236.1</ele>
    <time>2026-01-18T11:58:01Z</time>
   </trkpt>
   <trkpt lat="31.0090870" lon="75.7871320">
    <ele>236.1</ele>
    <time>2026-01-18T11:58:02Z</time>
   </trkpt>
   <trkpt lat="31.0091150" lon="75.7871340">
    <ele>236.4</ele>
    <time>2026-01-18T11:58:03Z</time>
   </trkpt>
   <trkpt lat="31.0091240" lon="75.7871330">
    <ele>236.5</ele>
    <time>2026-01-18T11:58:04Z</time>
   </trkpt>
   <trkpt lat="31.0091500" lon="75.7871200">
    <ele>236.6</ele>
    <time>2026-01-18T11:58:05Z</time>
   </trkpt>
   <trkpt lat="31.0091790" lon="75.7871040">
    <ele>236.7</ele>
    <time>2026-01-18T11:58:06Z</time>
   </trkpt>
   <trkpt lat="31.0091870" lon="75.7870990">
    <ele>236.7</ele>
    <time>2026-01-18T11:58:07Z</time>
   </trkpt>
   <trkpt lat="31.0092230" lon="75.7870860">
    <ele>236.7</ele>
    <time>2026-01-18T11:58:08Z</time>
   </trkpt>
   <trkpt lat="31.0092400" lon="75.7870790">
    <ele>236.7</ele>
    <time>2026-01-18T11:58:09Z</time>
   </trkpt>
   <trkpt lat="31.0092780" lon="75.7870710">
    <ele>236.6</ele>
    <time>2026-01-18T11:58:10Z</time>
   </trkpt>
   <trkpt lat="31.0092900" lon="75.7870680">
    <ele>236.6</ele>
    <time>2026-01-18T11:58:11Z</time>
   </trkpt>
   <trkpt lat="31.0093300" lon="75.7870560">
    <ele>236.6</ele>
    <time>2026-01-18T11:58:12Z</time>
   </trkpt>
   <trkpt lat="31.0093440" lon="75.7870520">
    <ele>236.6</ele>
    <time>2026-01-18T11:58:13Z</time>
   </trkpt>
   <trkpt lat="31.0093770" lon="75.7870370">
    <ele>236.5</ele>
    <time>2026-01-18T11:58:14Z</time>
   </trkpt>
   <trkpt lat="31.0093860" lon="75.7870310">
    <ele>236.5</ele>
    <time>2026-01-18T11:58:15Z</time>
   </trkpt>
   <trkpt lat="31.0094220" lon="75.7870260">
    <ele>236.5</ele>
    <time>2026-01-18T11:58:16Z</time>
   </trkpt>
   <trkpt lat="31.0094330" lon="75.7870250">
    <ele>236.5</ele>
    <time>2026-01-18T11:58:17Z</time>
   </trkpt>
   <trkpt lat="31.0094620" lon="75.7870180">
    <ele>236.4</ele>
    <time>2026-01-18T11:58:18Z</time>
   </trkpt>
   <trkpt lat="31.0094700" lon="75.7870150">
    <ele>236.4</ele>
    <time>2026-01-18T11:58:19Z</time>
   </trkpt>
   <trkpt lat="31.0094780" lon="75.7870110">
    <ele>236.4</ele>
    <time>2026-01-18T11:58:20Z</time>
   </trkpt>
   <trkpt lat="31.0094890" lon="75.7870040">
    <ele>236.4</ele>
    <time>2026-01-18T11:58:21Z</time>
   </trkpt>
   <trkpt lat="31.0094980" lon="75.7869920">
    <ele>236.4</ele>
    <time>2026-01-18T11:58:22Z</time>
   </trkpt>
   <trkpt lat="31.0095290" lon="75.7869690">
    <ele>236.4</ele>
    <time>2026-01-18T11:58:23Z</time>
   </trkpt>
   <trkpt lat="31.0095400" lon="75.7869660">
    <ele>236.4</ele>
    <time>2026-01-18T11:58:24Z</time>
   </trkpt>
   <trkpt lat="31.0095750" lon="75.7869640">
    <ele>236.3</ele>
    <time>2026-01-18T11:58:25Z</time>
   </trkpt>
   <trkpt lat="31.0095860" lon="75.7869610">
    <ele>236.3</ele>
    <time>2026-01-18T11:58:26Z</time>
   </trkpt>
   <trkpt lat="31.0096110" lon="75.7869490">
    <ele>236.3</ele>
    <time>2026-01-18T11:58:27Z</time>
   </trkpt>
   <trkpt lat="31.0096450" lon="75.7869350">
    <ele>236.2</ele>
    <time>2026-01-18T11:58:28Z</time>
   </trkpt>
   <trkpt lat="31.0096560" lon="75.7869300">
    <ele>236.2</ele>
    <time>2026-01-18T11:58:29Z</time>
   </trkpt>
   <trkpt lat="31.0096720" lon="75.7869210">
    <ele>236.2</ele>
    <time>2026-01-18T11:58:30Z</time>
   </trkpt>
   <trkpt lat="31.0096850" lon="75.7869150">
    <ele>236.2</ele>
    <time>2026-01-18T11:58:31Z</time>
   </trkpt>
   <trkpt lat="31.0097130" lon="75.7869050">
    <ele>236.2</ele>
    <time>2026-01-18T11:58:32Z</time>
   </trkpt>
   <trkpt lat="31.0097250" lon="75.7869000">
    <ele>236.2</ele>
    <time>2026-01-18T11:58:33Z</time>
   </trkpt>
   <trkpt lat="31.0097620" lon="75.7868810">
    <ele>236.1</ele>
    <time>2026-01-18T11:58:34Z</time>
   </trkpt>
   <trkpt lat="31.0097740" lon="75.7868740">
    <ele>236.1</ele>
    <time>2026-01-18T11:58:35Z</time>
   </trkpt>
   <trkpt lat="31.0098050" lon="75.7868590">
    <ele>236.1</ele>
    <time>2026-01-18T11:58:36Z</time>
   </trkpt>
   <trkpt lat="31.0098160" lon="75.7868560">
    <ele>236.1</ele>
    <time>2026-01-18T11:58:37Z</time>
   </trkpt>
   <trkpt lat="31.0098520" lon="75.7868510">
    <ele>236.0</ele>
    <time>2026-01-18T11:58:38Z</time>
   </trkpt>
   <trkpt lat="31.0098620" lon="75.7868490">
    <ele>236.0</ele>
    <time>2026-01-18T11:58:39Z</time>
   </trkpt>
   <trkpt lat="31.0098900" lon="75.7868350">
    <ele>236.0</ele>
    <time>2026-01-18T11:58:40Z</time>
   </trkpt>
   <trkpt lat="31.0098970" lon="75.7868270">
    <ele>236.0</ele>
    <time>2026-01-18T11:58:41Z</time>
   </trkpt>
   <trkpt lat="31.0099240" lon="75.7868060">
    <ele>236.0</ele>
    <time>2026-01-18T11:58:42Z</time>
   </trkpt>
   <trkpt lat="31.0099330" lon="75.7868010">
    <ele>236.0</ele>
    <time>2026-01-18T11:58:43Z</time>
   </trkpt>
   <trkpt lat="31.0099500" lon="75.7868020">
    <ele>235.9</ele>
    <time>2026-01-18T11:58:44Z</time>
   </trkpt>
   <trkpt lat="31.0099580" lon="75.7868030">
    <ele>235.9</ele>
    <time>2026-01-18T11:58:45Z</time>
   </trkpt>
   <trkpt lat="31.0099580" lon="75.7868000">
    <ele>235.9</ele>
    <time>2026-01-18T11:58:46Z</time>
   </trkpt>
   <trkpt lat="31.0099540" lon="75.7868020">
    <ele>235.9</ele>
    <time>2026-01-18T11:58:47Z</time>
   </trkpt>
   <trkpt lat="31.0099520" lon="75.7868040">
    <ele>235.9</ele>
    <time>2026-01-18T11:58:48Z</time>
   </trkpt>
   <trkpt lat="31.0099560" lon="75.7868070">
    <ele>235.9</ele>
    <time>2026-01-18T11:58:49Z</time>
   </trkpt>
   <trkpt lat="31.0099570" lon="75.7868140">
    <ele>235.9</ele>
    <time>2026-01-18T11:58:50Z</time>
   </trkpt>
   <trkpt lat="31.0099610" lon="75.7868160">
    <ele>235.9</ele>
    <time>2026-01-18T11:58:51Z</time>
   </trkpt>
   <trkpt lat="31.0099610" lon="75.7868150">
    <ele>235.9</ele>
    <time>2026-01-18T11:58:52Z</time>
   </trkpt>
   <trkpt lat="31.0099580" lon="75.7867930">
    <ele>235.9</ele>
    <time>2026-01-18T11:58:53Z</time>
   </trkpt>
   <trkpt lat="31.0099530" lon="75.7867900">
    <ele>235.9</ele>
    <time>2026-01-18T11:58:54Z</time>
   </trkpt>
   <trkpt lat="31.0099600" lon="75.7868070">
    <ele>235.9</ele>
    <time>2026-01-18T11:58:55Z</time>
   </trkpt>
   <trkpt lat="31.0099630" lon="75.7868100">
    <ele>235.9</ele>
    <time>2026-01-18T11:58:56Z</time>
   </trkpt>
   <trkpt lat="31.0099680" lon="75.7868140">
    <ele>235.9</ele>
    <time>2026-01-18T11:58:57Z</time>
   </trkpt>
   <trkpt lat="31.0099660" lon="75.7868200">
    <ele>235.9</ele>
    <time>2026-01-18T11:58:58Z</time>
   </trkpt>
   <trkpt lat="31.0099690" lon="75.7868220">
    <ele>235.8</ele>
    <time>2026-01-18T11:58:59Z</time>
   </trkpt>
   <trkpt lat="31.0099760" lon="75.7868260">
    <ele>235.8</ele>
    <time>2026-01-18T11:59:00Z</time>
   </trkpt>
   <trkpt lat="31.0099860" lon="75.7868320">
    <ele>235.8</ele>
    <time>2026-01-18T11:59:01Z</time>
   </trkpt>
   <trkpt lat="31.0099930" lon="75.7868420">
    <ele>235.8</ele>
    <time>2026-01-18T11:59:02Z</time>
   </trkpt>
   <trkpt lat="31.0099970" lon="75.7868470">
    <ele>235.8</ele>
    <time>2026-01-18T11:59:03Z</time>
   </trkpt>
   <trkpt lat="31.0100010" lon="75.7868430">
    <ele>235.8</ele>
    <time>2026-01-18T11:59:04Z</time>
   </trkpt>
   <trkpt lat="31.0099760" lon="75.7868270">
    <ele>235.8</ele>
    <time>2026-01-18T11:59:35Z</time>
   </trkpt>
   <trkpt lat="31.0099740" lon="75.7868170">
    <ele>235.8</ele>
    <time>2026-01-18T11:59:36Z</time>
   </trkpt>
   <trkpt lat="31.0099650" lon="75.7868160">
    <ele>235.8</ele>
    <time>2026-01-18T11:59:37Z</time>
   </trkpt>
   <trkpt lat="31.0099640" lon="75.7868320">
    <ele>235.8</ele>
    <time>2026-01-18T11:59:38Z</time>
   </trkpt>
   <trkpt lat="31.0099600" lon="75.7868430">
    <ele>235.7</ele>
    <time>2026-01-18T11:59:39Z</time>
   </trkpt>
   <trkpt lat="31.0099700" lon="75.7868440">
    <ele>235.7</ele>
    <time>2026-01-18T11:59:40Z</time>
   </trkpt>
   <trkpt lat="31.0099770" lon="75.7868460">
    <ele>235.7</ele>
    <time>2026-01-18T11:59:41Z</time>
   </trkpt>
   <trkpt lat="31.0099820" lon="75.7868580">
    <ele>235.7</ele>
    <time>2026-01-18T11:59:42Z</time>
   </trkpt>
   <trkpt lat="31.0099770" lon="75.7868660">
    <ele>235.7</ele>
    <time>2026-01-18T11:59:43Z</time>
   </trkpt>
   <trkpt lat="31.0099850" lon="75.7868740">
    <ele>235.7</ele>
    <time>2026-01-18T11:59:44Z</time>
   </trkpt>
   <trkpt lat="31.0099930" lon="75.7868830">
    <ele>235.7</ele>
    <time>2026-01-18T11:59:45Z</time>
   </trkpt>
   <trkpt lat="31.0099890" lon="75.7868860">
    <ele>235.7</ele>
    <time>2026-01-18T11:59:46Z</time>
   </trkpt>
   <trkpt lat="31.0099820" lon="75.7869010">
    <ele>235.7</ele>
    <time>2026-01-18T11:59:47Z</time>
   </trkpt>
   <trkpt lat="31.0099680" lon="75.7869070">
    <ele>235.7</ele>
    <time>2026-01-18T11:59:48Z</time>
   </trkpt>
   <trkpt lat="31.0099610" lon="75.7869110">
    <ele>235.6</ele>
    <time>2026-01-18T11:59:49Z</time>
   </trkpt>
   <trkpt lat="31.0099630" lon="75.7869200">
    <ele>235.6</ele>
    <time>2026-01-18T11:59:50Z</time>
   </trkpt>
   <trkpt lat="31.0099640" lon="75.7869340">
    <ele>235.6</ele>
    <time>2026-01-18T11:59:51Z</time>
   </trkpt>
   <trkpt lat="31.0099740" lon="75.7869370">
    <ele>235.6</ele>
    <time>2026-01-18T11:59:52Z</time>
   </trkpt>
   <trkpt lat="31.0099670" lon="75.7869330">
    <ele>235.6</ele>
    <time>2026-01-18T11:59:53Z</time>
   </trkpt>
   <trkpt lat="31.0099700" lon="75.7869330">
    <ele>235.6</ele>
    <time>2026-01-18T11:59:54Z</time>
   </trkpt>
   <trkpt lat="31.0099770" lon="75.7869520">
    <ele>235.6</ele>
    <time>2026-01-18T11:59:55Z</time>
   </trkpt>
   <trkpt lat="31.0099870" lon="75.7869350">
    <ele>235.6</ele>
    <time>2026-01-18T11:59:56Z</time>
   </trkpt>
   <trkpt lat="31.0099920" lon="75.7869310">
    <ele>235.6</ele>
    <time>2026-01-18T11:59:57Z</time>
   </trkpt>
   <trkpt lat="31.0099970" lon="75.7869330">
    <ele>235.6</ele>
    <time>2026-01-18T11:59:58Z</time>
   </trkpt>
   <trkpt lat="31.0100010" lon="75.7869290">
    <ele>235.6</ele>
    <time>2026-01-18T11:59:59Z</time>
   </trkpt>
   <trkpt lat="31.0100060" lon="75.7869240">
    <ele>235.6</ele>
    <time>2026-01-18T12:00:00Z</time>
   </trkpt>
   <trkpt lat="31.0100050" lon="75.7869240">
    <ele>235.6</ele>
    <time>2026-01-18T12:00:01Z</time>
   </trkpt>
   <trkpt lat="31.0100040" lon="75.7869250">
    <ele>235.6</ele>
    <time>2026-01-18T12:00:02Z</time>
   </trkpt>
   <trkpt lat="31.0100080" lon="75.7869230">
    <ele>235.5</ele>
    <time>2026-01-18T12:00:03Z</time>
   </trkpt>
   <trkpt lat="31.0100020" lon="75.7869200">
    <ele>235.5</ele>
    <time>2026-01-18T12:00:04Z</time>
   </trkpt>
   <trkpt lat="31.0100020" lon="75.7869200">
    <ele>235.5</ele>
    <time>2026-01-18T12:00:05Z</time>
   </trkpt>
   <trkpt lat="31.0099680" lon="75.7868570">
    <ele>235.5</ele>
    <time>2026-01-18T12:00:26Z</time>
   </trkpt>
   <trkpt lat="31.0099600" lon="75.7868560">
    <ele>235.5</ele>
    <time>2026-01-18T12:00:27Z</time>
   </trkpt>
   <trkpt lat="31.0099670" lon="75.7868590">
    <ele>235.5</ele>
    <time>2026-01-18T12:00:28Z</time>
   </trkpt>
   <trkpt lat="31.0099690" lon="75.7868630">
    <ele>235.5</ele>
    <time>2026-01-18T12:00:29Z</time>
   </trkpt>
   <trkpt lat="31.0099710" lon="75.7868630">
    <ele>235.5</ele>
    <time>2026-01-18T12:00:30Z</time>
   </trkpt>
   <trkpt lat="31.0099760" lon="75.7868660">
    <ele>235.5</ele>
    <time>2026-01-18T12:00:31Z</time>
   </trkpt>
   <trkpt lat="31.0099720" lon="75.7868650">
    <ele>235.5</ele>
    <time>2026-01-18T12:00:32Z</time>
   </trkpt>
   <trkpt lat="31.0099800" lon="75.7868710">
    <ele>235.4</ele>
    <time>2026-01-18T12:00:33Z</time>
   </trkpt>
   <trkpt lat="31.0099780" lon="75.7868730">
    <ele>235.4</ele>
    <time>2026-01-18T12:00:34Z</time>
   </trkpt>
   <trkpt lat="31.0099740" lon="75.7868770">
    <ele>235.4</ele>
    <time>2026-01-18T12:00:35Z</time>
   </trkpt>
   <trkpt lat="31.0099810" lon="75.7868770">
    <ele>235.4</ele>
    <time>2026-01-18T12:00:36Z</time>
   </trkpt>
   <trkpt lat="31.0099820" lon="75.7868840">
    <ele>235.4</ele>
    <time>2026-01-18T12:00:37Z</time>
   </trkpt>
   <trkpt lat="31.0099770" lon="75.7868160">
    <ele>235.4</ele>
    <time>2026-01-18T12:00:56Z</time>
   </trkpt>
  </trkseg>
 </trk>
</gpx>
