<?xml version="1.0" encoding="UTF-8"?>
<gpx xmlns:xsi="http://www.w3.org/2001/XMLSchema-instance" xsi:schemaLocation="http://www.topografix.com/GPX/1/1 http://www.topografix.com/GPX/1/1/gpx.xsd" creator="StravaGPX" version="1.1" xmlns="http://www.topografix.com/GPX/1/1">
 <metadata>
  <time>2025-11-26T10:13:19Z</time>
 </metadata>
 <trk>
  <name>Afternoon Ride</name>
  <type>cycling</type>
  <trkseg>
   <trkpt lat="31.0444480" lon="75.7829020">
    <ele>242.0</ele>
    <time>2025-11-26T10:13:19Z</time>
   </trkpt>
   <trkpt lat="31.0444780" lon="75.7829020">
    <ele>242.0</ele>
    <time>2025-11-26T10:13:20Z</time>
   </trkpt>
   <trkpt lat="31.0445070" lon="75.7829030">
    <ele>242.0</ele>
    <time>2025-11-26T10:13:21Z</time>
   </trkpt>
   <trkpt lat="31.0445440" lon="75.7828920">
    <ele>242.1</ele>
    <time>2025-11-26T10:13:22Z</time>
   </trkpt>
   <trkpt lat="31.0445890" lon="75.7828800">
    <ele>242.1</ele>
    <time>2025-11-26T10:13:23Z</time>
   </trkpt>
   <trkpt lat="31.0446400" lon="75.7828690">
    <ele>242.2</ele>
    <time>2025-11-26T10:13:24Z</time>
   </trkpt>
   <trkpt lat="31.0446860" lon="75.7828600">
    <ele>242.2</ele>
    <time>2025-11-26T10:13:25Z</time>
   </trkpt>
   <trkpt lat="31.0447290" lon="75.7828500">
    <ele>242.2</ele>
    <time>2025-11-26T10:13:26Z</time>
   </trkpt>
   <trkpt lat="31.0447790" lon="75.7828410">
    <ele>242.2</ele>
    <time>2025-11-26T10:13:27Z</time>
   </trkpt>
   <trkpt lat="31.0448260" lon="75.7828310">
    <ele>242.2</ele>
    <time>2025-11-26T10:13:28Z</time>
   </trkpt>
   <trkpt lat="31.0448750" lon="75.7828250">
    <ele>242.2</ele>
    <time>2025-11-26T10:13:29Z</time>
   </trkpt>
   <trkpt lat="31.0449250" lon="75.7828180">
    <ele>242.2</ele>
    <time>2025-11-26T10:13:30Z</time>
   </trkpt>
   <trkpt lat="31.0449810" lon="75.7828080">
    <ele>242.2</ele>
    <time>2025-11-26T10:13:31Z</time>
   </trkpt>
   <trkpt lat="31.0450310" lon="75.7828020">
    <ele>242.2</ele>
    <time>2025-11-26T10:13:32Z</time>
   </trkpt>
   <trkpt lat="31.0450860" lon="75.7827950">
    <ele>242.2</ele>
    <time>2025-11-26T10:13:33Z</time>
   </trkpt>
   <trkpt lat="31.0451390" lon="75.7827840">
    <ele>242.1</ele>
    <time>2025-11-26T10:13:34Z</time>
   </trkpt>
   <trkpt lat="31.0451930" lon="75.7827740">
    <ele>242.1</ele>
    <time>2025-11-26T10:13:35Z</time>
   </trkpt>
   <trkpt lat="31.0452450" lon="75.7827640">
    <ele>242.1</ele>
    <time>2025-11-26T10:13:36Z</time>
   </trkpt>
   <trkpt lat="31.0452990" lon="75.7827550">
    <ele>242.1</ele>
    <time>2025-11-26T10:13:37Z</time>
   </trkpt>
   <trkpt lat="31.0453510" lon="75.7827480">
    <ele>242.1</ele>
    <time>2025-11-26T10:13:38Z</time>
   </trkpt>
   <trkpt lat="31.0454040" lon="75.7827400">
    <ele>242.1</ele>
    <time>2025-11-26T10:13:39Z</time>
   </trkpt>
   <trkpt lat="31.0454590" lon="75.7827330">
    <ele>242.1</ele>
    <time>2025-11-26T10:13:40Z</time>
   </trkpt>
   <trkpt lat="31.0455130" lon="75.7827260">
    <ele>242.1</ele>
    <time>2025-11-26T10:13:41Z</time>
   </trkpt>
   <trkpt lat="31.0455670" lon="75.7827210">
    <ele>242.1</ele>
    <time>2025-11-26T10:13:42Z</time>
   </trkpt>
   <trkpt lat="31.0456210" lon="75.7827130">
    <ele>242.1</ele>
    <time>2025-11-26T10:13:43Z</time>
   </trkpt>
   <trkpt lat="31.0456740" lon="75.7827040">
    <ele>242.1</ele>
    <time>2025-11-26T10:13:44Z</time>
   </trkpt>
   <trkpt lat="31.0457270" lon="75.7826920">
    <ele>242.1</ele>
    <time>2025-11-26T10:13:45Z</time>
   </trkpt>
   <trkpt lat="31.0457820" lon="75.7826830">
    <ele>242.1</ele>
    <time>2025-11-26T10:13:46Z</time>
   </trkpt>
   <trkpt lat="31.0458370" lon="75.7826740">
    <ele>242.0</ele>
    <time>2025-11-26T10:13:47Z</time>
   </trkpt>
   <trkpt lat="31.0458920" lon="75.7826680">
    <ele>242.0</ele>
    <time>2025-11-26T10:13:48Z</time>
   </trkpt>
   <trkpt lat="31.0459480" lon="75.7826590">
    <ele>242.0</ele>
    <time>2025-11-26T10:13:49Z</time>
   </trkpt>
   <trkpt lat="31.0460070" lon="75.7826510">
    <ele>242.0</ele>
    <time>2025-11-26T10:13:50Z</time>
   </trkpt>
   <trkpt lat="31.0460650" lon="75.7826430">
    <ele>242.0</ele>
    <time>2025-11-26T10:13:51Z</time>
   </trkpt>
   <trkpt lat="31.0461030" lon="75.7826250">
    <ele>242.0</ele>
    <time>2025-11-26T10:13:52Z</time>
   </trkpt>
   <trkpt lat="31.0461600" lon="75.7826240">
    <ele>242.0</ele>
    <time>2025-11-26T10:13:53Z</time>
   </trkpt>
   <trkpt lat="31.0462130" lon="75.7826210">
    <ele>242.0</ele>
    <time>2025-11-26T10:13:54Z</time>
   </trkpt>
   <trkpt lat="31.0462710" lon="75.7826140">
    <ele>242.0</ele>
    <time>2025-11-26T10:13:55Z</time>
   </trkpt>
   <trkpt lat="31.0463250" lon="75.7826030">
    <ele>241.9</ele>
    <time>2025-11-26T10:13:56Z</time>
   </trkpt>
   <trkpt lat="31.0463830" lon="75.7825950">
    <ele>241.9</ele>
    <time>2025-11-26T10:13:57Z</time>
   </trkpt>
   <trkpt lat="31.0464420" lon="75.7825920">
    <ele>241.9</ele>
    <time>2025-11-26T10:13:58Z</time>
   </trkpt>
   <trkpt lat="31.0465000" lon="75.7825850">
    <ele>241.9</ele>
    <time>2025-11-26T10:13:59Z</time>
   </trkpt>
   <trkpt lat="31.0465540" lon="75.7825740">
    <ele>241.9</ele>
    <time>2025-11-26T10:14:00Z</time>
   </trkpt>
   <trkpt lat="31.0466690" lon="75.7825540">
    <ele>241.9</ele>
    <time>2025-11-26T10:14:01Z</time>
   </trkpt>
   <trkpt lat="31.0467320" lon="75.7825460">
    <ele>241.9</ele>
    <time>2025-11-26T10:14:02Z</time>
   </trkpt>
   <trkpt lat="31.0467910" lon="75.7825370">
    <ele>241.9</ele>
    <time>2025-11-26T10:14:03Z</time>
   </trkpt>
   <trkpt lat="31.0468450" lon="75.7825290">
    <ele>241.9</ele>
    <time>2025-11-26T10:14:04Z</time>
   </trkpt>
   <trkpt lat="31.0469030" lon="75.7825140">
    <ele>241.9</ele>
    <time>2025-11-26T10:14:05Z</time>
   </trkpt>
   <trkpt lat="31.0469600" lon="75.7825020">
    <ele>242.0</ele>
    <time>2025-11-26T10:14:06Z</time>
   </trkpt>
   <trkpt lat="31.0470180" lon="75.7824880">
    <ele>242.0</ele>
    <time>2025-11-26T10:14:07Z</time>
   </trkpt>
   <trkpt lat="31.0470730" lon="75.7824810">
    <ele>242.0</ele>
    <time>2025-11-26T10:14:08Z</time>
   </trkpt>
   <trkpt lat="31.0471270" lon="75.7824740">
    <ele>242.1</ele>
    <time>2025-11-26T10:14:09Z</time>
   </trkpt>
   <trkpt lat="31.0471780" lon="75.7824670">
    <ele>242.1</ele>
    <time>2025-11-26T10:14:10Z</time>
   </trkpt>
   <trkpt lat="31.0472320" lon="75.7824580">
    <ele>242.2</ele>
    <time>2025-11-26T10:14:11Z</time>
   </trkpt>
   <trkpt lat="31.0472820" lon="75.7824490">
    <ele>242.3</ele>
    <time>2025-11-26T10:14:12Z</time>
   </trkpt>
   <trkpt lat="31.0473460" lon="75.7824410">
    <ele>242.3</ele>
    <time>2025-11-26T10:14:13Z</time>
   </trkpt>
   <trkpt lat="31.0474080" lon="75.7824370">
    <ele>242.4</ele>
    <time>2025-11-26T10:14:14Z</time>
   </trkpt>
   <trkpt lat="31.0474690" lon="75.7824340">
    <ele>242.4</ele>
    <time>2025-11-26T10:14:15Z</time>
   </trkpt>
   <trkpt lat="31.0475290" lon="75.7824330">
    <ele>242.5</ele>
    <time>2025-11-26T10:14:16Z</time>
   </trkpt>
   <trkpt lat="31.0475840" lon="75.7824220">
    <ele>242.5</ele>
    <time>2025-11-26T10:14:17Z</time>
   </trkpt>
   <trkpt lat="31.0476430" lon="75.7824210">
    <ele>242.6</ele>
    <time>2025-11-26T10:14:18Z</time>
   </trkpt>
   <trkpt lat="31.0477010" lon="75.7824200">
    <ele>242.6</ele>
    <time>2025-11-26T10:14:19Z</time>
   </trkpt>
   <trkpt lat="31.0477620" lon="75.7824110">
    <ele>242.7</ele>
    <time>2025-11-26T10:14:20Z</time>
   </trkpt>
   <trkpt lat="31.0478230" lon="75.7824020">
    <ele>242.7</ele>
    <time>2025-11-26T10:14:21Z</time>
   </trkpt>
   <trkpt lat="31.0478770" lon="75.7823910">
    <ele>242.7</ele>
    <time>2025-11-26T10:14:22Z</time>
   </trkpt>
   <trkpt lat="31.0479360" lon="75.7823950">
    <ele>242.7</ele>
    <time>2025-11-26T10:14:23Z</time>
   </trkpt>
   <trkpt lat="31.0480010" lon="75.7823930">
    <ele>242.6</ele>
    <time>2025-11-26T10:14:24Z</time>
   </trkpt>
   <trkpt lat="31.0480680" lon="75.7823960">
    <ele>242.6</ele>
    <time>2025-11-26T10:14:25Z</time>
   </trkpt>
   <trkpt lat="31.0481370" lon="75.7823920">
    <ele>242.5</ele>
    <time>2025-11-26T10:14:26Z</time>
   </trkpt>
   <trkpt lat="31.0482050" lon="75.7823900">
    <ele>242.5</ele>
    <time>2025-11-26T10:14:27Z</time>
   </trkpt>
   <trkpt lat="31.0482750" lon="75.7823900">
    <ele>242.4</ele>
    <time>2025-11-26T10:14:28Z</time>
   </trkpt>
   <trkpt lat="31.0483410" lon="75.7823830">
    <ele>242.3</ele>
    <time>2025-11-26T10:14:29Z</time>
   </trkpt>
   <trkpt lat="31.0484090" lon="75.7823770">
    <ele>242.2</ele>
    <time>2025-11-26T10:14:30Z</time>
   </trkpt>
   <trkpt lat="31.0484790" lon="75.7823770">
    <ele>242.1</ele>
    <time>2025-11-26T10:14:31Z</time>
   </trkpt>
   <trkpt lat="31.0485530" lon="75.7823800">
    <ele>242.1</ele>
    <time>2025-11-26T10:14:32Z</time>
   </trkpt>
   <trkpt lat="31.0486270" lon="75.7823820">
    <ele>242.0</ele>
    <time>2025-11-26T10:14:33Z</time>
   </trkpt>
   <trkpt lat="31.0486960" lon="75.7823780">
    <ele>242.0</ele>
    <time>2025-11-26T10:14:34Z</time>
   </trkpt>
   <trkpt lat="31.0487630" lon="75.7823780">
    <ele>241.9</ele>
    <time>2025-11-26T10:14:35Z</time>
   </trkpt>
   <trkpt lat="31.0488310" lon="75.7823800">
    <ele>241.9</ele>
    <time>2025-11-26T10:14:36Z</time>
   </trkpt>
   <trkpt lat="31.0488960" lon="75.7823710">
    <ele>241.9</ele>
    <time>2025-11-26T10:14:37Z</time>
   </trkpt>
   <trkpt lat="31.0489590" lon="75.7823710">
    <ele>241.9</ele>
    <time>2025-11-26T10:14:38Z</time>
   </trkpt>
   <trkpt lat="31.0490170" lon="75.7823750">
    <ele>241.9</ele>
    <time>2025-11-26T10:14:39Z</time>
   </trkpt>
   <trkpt lat="31.0490750" lon="75.7823730">
    <ele>241.9</ele>
    <time>2025-11-26T10:14:40Z</time>
   </trkpt>
   <trkpt lat="31.0491380" lon="75.7823720">
    <ele>241.9</ele>
    <time>2025-11-26T10:14:41Z</time>
   </trkpt>
   <trkpt lat="31.0491950" lon="75.7823750">
    <ele>241.9</ele>
    <time>2025-11-26T10:14:42Z</time>
   </trkpt>
   <trkpt lat="31.0492520" lon="75.7823680">
    <ele>241.9</ele>
    <time>2025-11-26T10:14:43Z</time>
   </trkpt>
   <trkpt lat="31.0493020" lon="75.7823670">
    <ele>241.9</ele>
    <time>2025-11-26T10:14:44Z</time>
   </trkpt>
   <trkpt lat="31.0493500" lon="75.7823720">
    <ele>241.8</ele>
    <time>2025-11-26T10:14:45Z</time>
   </trkpt>
   <trkpt lat="31.0494070" lon="75.7823710">
    <ele>241.8</ele>
    <time>2025-11-26T10:14:46Z</time>
   </trkpt>
   <trkpt lat="31.0494600" lon="75.7823760">
    <ele>241.8</ele>
    <time>2025-11-26T10:14:47Z</time>
   </trkpt>
   <trkpt lat="31.0495140" lon="75.7823800">
    <ele>241.8</ele>
    <time>2025-11-26T10:14:48Z</time>
   </trkpt>
   <trkpt lat="31.0495650" lon="75.7823740">
    <ele>241.8</ele>
    <time>2025-11-26T10:14:49Z</time>
   </trkpt>
   <trkpt lat="31.0496240" lon="75.7823780">
    <ele>241.8</ele>
    <time>2025-11-26T10:14:50Z</time>
   </trkpt>
   <trkpt lat="31.0496760" lon="75.7823750">
    <ele>241.8</ele>
    <time>2025-11-26T10:14:51Z</time>
   </trkpt>
   <trkpt lat="31.0497280" lon="75.7823730">
    <ele>241.8</ele>
    <time>2025-11-26T10:14:52Z</time>
   </trkpt>
   <trkpt lat="31.0497830" lon="75.7823760">
    <ele>241.7</ele>
    <time>2025-11-26T10:14:53Z</time>
   </trkpt>
   <trkpt lat="31.0498320" lon="75.7823750">
    <ele>241.7</ele>
    <time>2025-11-26T10:14:54Z</time>
   </trkpt>
   <trkpt lat="31.0498850" lon="75.7823760">
    <ele>241.7</ele>
    <time>2025-11-26T10:14:55Z</time>
   </trkpt>
   <trkpt lat="31.0499410" lon="75.7823740">
    <ele>241.7</ele>
    <time>2025-11-26T10:14:56Z</time>
   </trkpt>
   <trkpt lat="31.0499970" lon="75.7823710">
    <ele>241.7</ele>
    <time>2025-11-26T10:14:57Z</time>
   </trkpt>
   <trkpt lat="31.0500510" lon="75.7823680">
    <ele>241.7</ele>
    <time>2025-11-26T10:14:58Z</time>
   </trkpt>
   <trkpt lat="31.0501110" lon="75.7823700">
    <ele>241.7</ele>
    <time>2025-11-26T10:14:59Z</time>
   </trkpt>
   <trkpt lat="31.0501660" lon="75.7823730">
    <ele>241.7</ele>
    <time>2025-11-26T10:15:00Z</time>
   </trkpt>
   <trkpt lat="31.0502260" lon="75.7823670">
    <ele>241.7</ele>
    <time>2025-11-26T10:15:01Z</time>
   </trkpt>
   <trkpt lat="31.0502870" lon="75.7823620">
    <ele>241.7</ele>
    <time>2025-11-26T10:15:02Z</time>
   </trkpt>
   <trkpt lat="31.0503460" lon="75.7823600">
    <ele>241.7</ele>
    <time>2025-11-26T10:15:03Z</time>
   </trkpt>
   <trkpt lat="31.0504040" lon="75.7823580">
    <ele>241.7</ele>
    <time>2025-11-26T10:15:04Z</time>
   </trkpt>
   <trkpt lat="31.0504610" lon="75.7823590">
    <ele>241.7</ele>
    <time>2025-11-26T10:15:05Z</time>
   </trkpt>
   <trkpt lat="31.0505240" lon="75.7823630">
    <ele>241.7</ele>
    <time>2025-11-26T10:15:06Z</time>
   </trkpt>
   <trkpt lat="31.0505850" lon="75.7823550">
    <ele>241.7</ele>
    <time>2025-11-26T10:15:07Z</time>
   </trkpt>
   <trkpt lat="31.0506340" lon="75.7823380">
    <ele>241.7</ele>
    <time>2025-11-26T10:15:08Z</time>
   </trkpt>
   <trkpt lat="31.0506960" lon="75.7823340">
    <ele>241.7</ele>
    <time>2025-11-26T10:15:09Z</time>
   </trkpt>
   <trkpt lat="31.0507550" lon="75.7823370">
    <ele>241.7</ele>
    <time>2025-11-26T10:15:10Z</time>
   </trkpt>
   <trkpt lat="31.0508130" lon="75.7823380">
    <ele>241.7</ele>
    <time>2025-11-26T10:15:11Z</time>
   </trkpt>
   <trkpt lat="31.0508700" lon="75.7823460">
    <ele>241.7</ele>
    <time>2025-11-26T10:15:12Z</time>
   </trkpt>
   <trkpt lat="31.0509230" lon="75.7823450">
    <ele>241.7</ele>
    <time>2025-11-26T10:15:13Z</time>
   </trkpt>
   <trkpt lat="31.0509790" lon="75.7823360">
    <ele>241.7</ele>
    <time>2025-11-26T10:15:14Z</time>
   </trkpt>
   <trkpt lat="31.0510350" lon="75.7823360">
    <ele>241.7</ele>
    <time>2025-11-26T10:15:15Z</time>
   </trkpt>
   <trkpt lat="31.0510970" lon="75.7823360">
    <ele>241.6</ele>
    <time>2025-11-26T10:15:16Z</time>
   </trkpt>
   <trkpt lat="31.0511590" lon="75.7823390">
    <ele>241.6</ele>
    <time>2025-11-26T10:15:17Z</time>
   </trkpt>
   <trkpt lat="31.0512200" lon="75.7823420">
    <ele>241.6</ele>
    <time>2025-11-26T10:15:18Z</time>
   </trkpt>
   <trkpt lat="31.0512860" lon="75.7823370">
    <ele>241.6</ele>
    <time>2025-11-26T10:15:19Z</time>
   </trkpt>
   <trkpt lat="31.0513500" lon="75.7823300">
    <ele>241.6</ele>
    <time>2025-11-26T10:15:20Z</time>
   </trkpt>
   <trkpt lat="31.0514150" lon="75.7823240">
    <ele>241.5</ele>
    <time>2025-11-26T10:15:21Z</time>
   </trkpt>
   <trkpt lat="31.0514810" lon="75.7823230">
    <ele>241.5</ele>
    <time>2025-11-26T10:15:22Z</time>
   </trkpt>
   <trkpt lat="31.0515420" lon="75.7823230">
    <ele>241.5</ele>
    <time>2025-11-26T10:15:23Z</time>
   </trkpt>
   <trkpt lat="31.0516130" lon="75.7823210">
    <ele>241.5</ele>
    <time>2025-11-26T10:15:24Z</time>
   </trkpt>
   <trkpt lat="31.0516790" lon="75.7823190">
    <ele>241.5</ele>
    <time>2025-11-26T10:15:25Z</time>
   </trkpt>
   <trkpt lat="31.0517470" lon="75.7823160">
    <ele>241.4</ele>
    <time>2025-11-26T10:15:26Z</time>
   </trkpt>
   <trkpt lat="31.0518140" lon="75.7823130">
    <ele>241.4</ele>
    <time>2025-11-26T10:15:27Z</time>
   </trkpt>
   <trkpt lat="31.0518820" lon="75.7823120">
    <ele>241.4</ele>
    <time>2025-11-26T10:15:28Z</time>
   </trkpt>
   <trkpt lat="31.0519510" lon="75.7823100">
    <ele>241.4</ele>
    <time>2025-11-26T10:15:29Z</time>
   </trkpt>
   <trkpt lat="31.0520200" lon="75.7823100">
    <ele>241.3</ele>
    <time>2025-11-26T10:15:30Z</time>
   </trkpt>
   <trkpt lat="31.0520890" lon="75.7823090">
    <ele>241.3</ele>
    <time>2025-11-26T10:15:31Z</time>
   </trkpt>
   <trkpt lat="31.0521580" lon="75.7823110">
    <ele>241.3</ele>
    <time>2025-11-26T10:15:32Z</time>
   </trkpt>
   <trkpt lat="31.0522260" lon="75.7823110">
    <ele>241.3</ele>
    <time>2025-11-26T10:15:33Z</time>
   </trkpt>
   <trkpt lat="31.0522960" lon="75.7823100">
    <ele>241.3</ele>
    <time>2025-11-26T10:15:34Z</time>
   </trkpt>
   <trkpt lat="31.0523660" lon="75.7823090">
    <ele>241.3</ele>
    <time>2025-11-26T10:15:35Z</time>
   </trkpt>
   <trkpt lat="31.0524330" lon="75.7823030">
    <ele>241.3</ele>
    <time>2025-11-26T10:15:36Z</time>
   </trkpt>
   <trkpt lat="31.0525030" lon="75.7822980">
    <ele>241.3</ele>
    <time>2025-11-26T10:15:37Z</time>
   </trkpt>
   <trkpt lat="31.0525710" lon="75.7822960">
    <ele>241.4</ele>
    <time>2025-11-26T10:15:38Z</time>
   </trkpt>
   <trkpt lat="31.0526410" lon="75.7822950">
    <ele>241.4</ele>
    <time>2025-11-26T10:15:39Z</time>
   </trkpt>
   <trkpt lat="31.0527100" lon="75.7822930">
    <ele>241.4</ele>
    <time>2025-11-26T10:15:40Z</time>
   </trkpt>
   <trkpt lat="31.0527800" lon="75.7822920">
    <ele>241.5</ele>
    <time>2025-11-26T10:15:41Z</time>
   </trkpt>
   <trkpt lat="31.0528500" lon="75.7822920">
    <ele>241.5</ele>
    <time>2025-11-26T10:15:42Z</time>
   </trkpt>
   <trkpt lat="31.0529180" lon="75.7822930">
    <ele>241.6</ele>
    <time>2025-11-26T10:15:43Z</time>
   </trkpt>
   <trkpt lat="31.0529870" lon="75.7822910">
    <ele>241.6</ele>
    <time>2025-11-26T10:15:44Z</time>
   </trkpt>
   <trkpt lat="31.0530560" lon="75.7822890">
    <ele>241.7</ele>
    <time>2025-11-26T10:15:45Z</time>
   </trkpt>
   <trkpt lat="31.0531230" lon="75.7822860">
    <ele>241.8</ele>
    <time>2025-11-26T10:15:46Z</time>
   </trkpt>
   <trkpt lat="31.0531890" lon="75.7822820">
    <ele>241.9</ele>
    <time>2025-11-26T10:15:47Z</time>
   </trkpt>
   <trkpt lat="31.0532540" lon="75.7822780">
    <ele>242.0</ele>
    <time>2025-11-26T10:15:48Z</time>
   </trkpt>
   <trkpt lat="31.0533210" lon="75.7822730">
    <ele>242.2</ele>
    <time>2025-11-26T10:15:49Z</time>
   </trkpt>
   <trkpt lat="31.0533870" lon="75.7822710">
    <ele>242.3</ele>
    <time>2025-11-26T10:15:50Z</time>
   </trkpt>
   <trkpt lat="31.0534570" lon="75.7822670">
    <ele>242.5</ele>
    <time>2025-11-26T10:15:51Z</time>
   </trkpt>
   <trkpt lat="31.0535260" lon="75.7822660">
    <ele>242.6</ele>
    <time>2025-11-26T10:15:52Z</time>
   </trkpt>
   <trkpt lat="31.0535910" lon="75.7822620">
    <ele>242.8</ele>
    <time>2025-11-26T10:15:53Z</time>
   </trkpt>
   <trkpt lat="31.0536560" lon="75.7822630">
    <ele>243.0</ele>
    <time>2025-11-26T10:15:54Z</time>
   </trkpt>
   <trkpt lat="31.0537200" lon="75.7822620">
    <ele>243.1</ele>
    <time>2025-11-26T10:15:55Z</time>
   </trkpt>
   <trkpt lat="31.0537840" lon="75.7822600">
    <ele>243.3</ele>
    <time>2025-11-26T10:15:56Z</time>
   </trkpt>
   <trkpt lat="31.0538470" lon="75.7822590">
    <ele>243.5</ele>
    <time>2025-11-26T10:15:57Z</time>
   </trkpt>
   <trkpt lat="31.0539080" lon="75.7822570">
    <ele>243.6</ele>
    <time>2025-11-26T10:15:58Z</time>
   </trkpt>
   <trkpt lat="31.0539690" lon="75.7822550">
    <ele>243.7</ele>
    <time>2025-11-26T10:15:59Z</time>
   </trkpt>
   <trkpt lat="31.0540300" lon="75.7822510">
    <ele>243.9</ele>
    <time>2025-11-26T10:16:00Z</time>
   </trkpt>
   <trkpt lat="31.0540910" lon="75.7822480">
    <ele>244.0</ele>
    <time>2025-11-26T10:16:01Z</time>
   </trkpt>
   <trkpt lat="31.0541490" lon="75.7822470">
    <ele>244.1</ele>
    <time>2025-11-26T10:16:02Z</time>
   </trkpt>
   <trkpt lat="31.0542070" lon="75.7822460">
    <ele>244.2</ele>
    <time>2025-11-26T10:16:03Z</time>
   </trkpt>
   <trkpt lat="31.0542670" lon="75.7822440">
    <ele>244.3</ele>
    <time>2025-11-26T10:16:04Z</time>
   </trkpt>
   <trkpt lat="31.0543250" lon="75.7822430">
    <ele>244.4</ele>
    <time>2025-11-26T10:16:05Z</time>
   </trkpt>
   <trkpt lat="31.0543840" lon="75.7822400">
    <ele>244.5</ele>
    <time>2025-11-26T10:16:06Z</time>
   </trkpt>
   <trkpt lat="31.0544440" lon="75.7822390">
    <ele>244.6</ele>
    <time>2025-11-26T10:16:07Z</time>
   </trkpt>
   <trkpt lat="31.0545040" lon="75.7822380">
    <ele>244.7</ele>
    <time>2025-11-26T10:16:08Z</time>
   </trkpt>
   <trkpt lat="31.0545630" lon="75.7822360">
    <ele>244.8</ele>
    <time>2025-11-26T10:16:09Z</time>
   </trkpt>
   <trkpt lat="31.0546230" lon="75.7822350">
    <ele>244.8</ele>
    <time>2025-11-26T10:16:10Z</time>
   </trkpt>
   <trkpt lat="31.0546850" lon="75.7822340">
    <ele>244.9</ele>
    <time>2025-11-26T10:16:11Z</time>
   </trkpt>
   <trkpt lat="31.0547460" lon="75.7822320">
    <ele>244.9</ele>
    <time>2025-11-26T10:16:12Z</time>
   </trkpt>
   <trkpt lat="31.0548100" lon="75.7822310">
    <ele>245.0</ele>
    <time>2025-11-26T10:16:13Z</time>
   </trkpt>
   <trkpt lat="31.0548720" lon="75.7822300">
    <ele>245.0</ele>
    <time>2025-11-26T10:16:14Z</time>
   </trkpt>
   <trkpt lat="31.0549340" lon="75.7822290">
    <ele>245.0</ele>
    <time>2025-11-26T10:16:15Z</time>
   </trkpt>
   <trkpt lat="31.0549970" lon="75.7822280">
    <ele>245.1</ele>
    <time>2025-11-26T10:16:16Z</time>
   </trkpt>
   <trkpt lat="31.0550580" lon="75.7822280">
    <ele>245.1</ele>
    <time>2025-11-26T10:16:17Z</time>
   </trkpt>
   <trkpt lat="31.0551220" lon="75.7822280">
    <ele>245.1</ele>
    <time>2025-11-26T10:16:18Z</time>
   </trkpt>
   <trkpt lat="31.0551850" lon="75.7822260">
    <ele>245.1</ele>
    <time>2025-11-26T10:16:19Z</time>
   </trkpt>
   <trkpt lat="31.0552510" lon="75.7822230">
    <ele>245.1</ele>
    <time>2025-11-26T10:16:20Z</time>
   </trkpt>
   <trkpt lat="31.0553160" lon="75.7822220">
    <ele>245.1</ele>
    <time>2025-11-26T10:16:21Z</time>
   </trkpt>
   <trkpt lat="31.0553790" lon="75.7822190">
    <ele>245.1</ele>
    <time>2025-11-26T10:16:22Z</time>
   </trkpt>
   <trkpt lat="31.0554460" lon="75.7822180">
    <ele>245.0</ele>
    <time>2025-11-26T10:16:23Z</time>
   </trkpt>
   <trkpt lat="31.0555120" lon="75.7822180">
    <ele>245.0</ele>
    <time>2025-11-26T10:16:24Z</time>
   </trkpt>
   <trkpt lat="31.0555810" lon="75.7822160">
    <ele>244.9</ele>
    <time>2025-11-26T10:16:25Z</time>
   </trkpt>
   <trkpt lat="31.0556480" lon="75.7822160">
    <ele>244.9</ele>
    <time>2025-11-26T10:16:26Z</time>
   </trkpt>
   <trkpt lat="31.0557180" lon="75.7822140">
    <ele>244.8</ele>
    <time>2025-11-26T10:16:27Z</time>
   </trkpt>
   <trkpt lat="31.0557870" lon="75.7822140">
    <ele>244.7</ele>
    <time>2025-11-26T10:16:28Z</time>
   </trkpt>
   <trkpt lat="31.0558560" lon="75.7822120">
    <ele>244.7</ele>
    <time>2025-11-26T10:16:29Z</time>
   </trkpt>
   <trkpt lat="31.0559260" lon="75.7822110">
    <ele>244.6</ele>
    <time>2025-11-26T10:16:30Z</time>
   </trkpt>
   <trkpt lat="31.0559980" lon="75.7822090">
    <ele>244.5</ele>
    <time>2025-11-26T10:16:31Z</time>
   </trkpt>
   <trkpt lat="31.0560690" lon="75.7822080">
    <ele>244.5</ele>
    <time>2025-11-26T10:16:32Z</time>
   </trkpt>
   <trkpt lat="31.0561430" lon="75.7822060">
    <ele>244.4</ele>
    <time>2025-11-26T10:16:33Z</time>
   </trkpt>
   <trkpt lat="31.0562140" lon="75.7822070">
    <ele>244.2</ele>
    <time>2025-11-26T10:16:34Z</time>
   </trkpt>
   <trkpt lat="31.0562880" lon="75.7822060">
    <ele>244.1</ele>
    <time>2025-11-26T10:16:35Z</time>
   </trkpt>
   <trkpt lat="31.0563640" lon="75.7822040">
    <ele>244.0</ele>
    <time>2025-11-26T10:16:36Z</time>
   </trkpt>
   <trkpt lat="31.0564400" lon="75.7822020">
    <ele>243.8</ele>
    <time>2025-11-26T10:16:37Z</time>
   </trkpt>
   <trkpt lat="31.0565190" lon="75.7822000">
    <ele>243.7</ele>
    <time>2025-11-26T10:16:38Z</time>
   </trkpt>
   <trkpt lat="31.0565990" lon="75.7821980">
    <ele>243.5</ele>
    <time>2025-11-26T10:16:39Z</time>
   </trkpt>
   <trkpt lat="31.0566780" lon="75.7821960">
    <ele>243.3</ele>
    <time>2025-11-26T10:16:40Z</time>
   </trkpt>
   <trkpt lat="31.0567570" lon="75.7821950">
    <ele>243.1</ele>
    <time>2025-11-26T10:16:41Z</time>
   </trkpt>
   <trkpt lat="31.0568340" lon="75.7821940">
    <ele>242.9</ele>
    <time>2025-11-26T10:16:42Z</time>
   </trkpt>
   <trkpt lat="31.0569120" lon="75.7821920">
    <ele>242.7</ele>
    <time>2025-11-26T10:16:43Z</time>
   </trkpt>
   <trkpt lat="31.0569900" lon="75.7821920">
    <ele>242.5</ele>
    <time>2025-11-26T10:16:44Z</time>
   </trkpt>
   <trkpt lat="31.0570720" lon="75.7821900">
    <ele>242.3</ele>
    <time>2025-11-26T10:16:45Z</time>
   </trkpt>
   <trkpt lat="31.0571510" lon="75.7821870">
    <ele>242.0</ele>
    <time>2025-11-26T10:16:46Z</time>
   </trkpt>
   <trkpt lat="31.0572310" lon="75.7821870">
    <ele>241.8</ele>
    <time>2025-11-26T10:16:47Z</time>
   </trkpt>
   <trkpt lat="31.0573130" lon="75.7821860">
    <ele>241.6</ele>
    <time>2025-11-26T10:16:48Z</time>
   </trkpt>
   <trkpt lat="31.0573930" lon="75.7821860">
    <ele>241.4</ele>
    <time>2025-11-26T10:16:49Z</time>
   </trkpt>
   <trkpt lat="31.0574710" lon="75.7821840">
    <ele>241.2</ele>
    <time>2025-11-26T10:16:50Z</time>
   </trkpt>
   <trkpt lat="31.0575500" lon="75.7821820">
    <ele>241.0</ele>
    <time>2025-11-26T10:16:51Z</time>
   </trkpt>
   <trkpt lat="31.0576260" lon="75.7821810">
    <ele>240.9</ele>
    <time>2025-11-26T10:16:52Z</time>
   </trkpt>
   <trkpt lat="31.0577010" lon="75.7821790">
    <ele>240.8</ele>
    <time>2025-11-26T10:16:53Z</time>
   </trkpt>
   <trkpt lat="31.0577750" lon="75.7821770">
    <ele>240.7</ele>
    <time>2025-11-26T10:16:54Z</time>
   </trkpt>
   <trkpt lat="31.0578470" lon="75.7821760">
    <ele>240.6</ele>
    <time>2025-11-26T10:16:55Z</time>
   </trkpt>
   <trkpt lat="31.0579170" lon="75.7821760">
    <ele>240.6</ele>
    <time>2025-11-26T10:16:56Z</time>
   </trkpt>
   <trkpt lat="31.0579850" lon="75.7821720">
    <ele>240.5</ele>
    <time>2025-11-26T10:16:57Z</time>
   </trkpt>
   <trkpt lat="31.0580410" lon="75.7821710">
    <ele>240.5</ele>
    <time>2025-11-26T10:16:58Z</time>
   </trkpt>
   <trkpt lat="31.0580820" lon="75.7821690">
    <ele>240.5</ele>
    <time>2025-11-26T10:16:59Z</time>
   </trkpt>
   <trkpt lat="31.0581200" lon="75.7821640">
    <ele>240.5</ele>
    <time>2025-11-26T10:17:00Z</time>
   </trkpt>
   <trkpt lat="31.0581520" lon="75.7821560">
    <ele>240.5</ele>
    <time>2025-11-26T10:17:01Z</time>
   </trkpt>
   <trkpt lat="31.0581750" lon="75.7821460">
    <ele>240.5</ele>
    <time>2025-11-26T10:17:02Z</time>
   </trkpt>
   <trkpt lat="31.0581830" lon="75.7821330">
    <ele>240.5</ele>
    <time>2025-11-26T10:17:03Z</time>
   </trkpt>
   <trkpt lat="31.0581920" lon="75.7821240">
    <ele>240.5</ele>
    <time>2025-11-26T10:17:04Z</time>
   </trkpt>
   <trkpt lat="31.0582080" lon="75.7821100">
    <ele>240.5</ele>
    <time>2025-11-26T10:17:05Z</time>
   </trkpt>
   <trkpt lat="31.0582430" lon="75.7820840">
    <ele>240.5</ele>
    <time>2025-11-26T10:17:06Z</time>
   </trkpt>
   <trkpt lat="31.0582560" lon="75.7820750">
    <ele>240.5</ele>
    <time>2025-11-26T10:17:07Z</time>
   </trkpt>
   <trkpt lat="31.0582790" lon="75.7820370">
    <ele>240.5</ele>
    <time>2025-11-26T10:17:08Z</time>
   </trkpt>
   <trkpt lat="31.0582990" lon="75.7820060">
    <ele>240.5</ele>
    <time>2025-11-26T10:17:09Z</time>
   </trkpt>
   <trkpt lat="31.0583180" lon="75.7819680">
    <ele>240.5</ele>
    <time>2025-11-26T10:17:10Z</time>
   </trkpt>
   <trkpt lat="31.0583460" lon="75.7819330">
    <ele>240.5</ele>
    <time>2025-11-26T10:17:11Z</time>
   </trkpt>
   <trkpt lat="31.0583740" lon="75.7818930">
    <ele>240.5</ele>
    <time>2025-11-26T10:17:12Z</time>
   </trkpt>
   <trkpt lat="31.0584020" lon="75.7818480">
    <ele>240.5</ele>
    <time>2025-11-26T10:17:13Z</time>
   </trkpt>
   <trkpt lat="31.0584330" lon="75.7818120">
    <ele>240.5</ele>
    <time>2025-11-26T10:17:14Z</time>
   </trkpt>
   <trkpt lat="31.0584670" lon="75.7817770">
    <ele>240.5</ele>
    <time>2025-11-26T10:17:15Z</time>
   </trkpt>
   <trkpt lat="31.0584940" lon="75.7817410">
    <ele>240.5</ele>
    <time>2025-11-26T10:17:16Z</time>
   </trkpt>
   <trkpt lat="31.0585160" lon="75.7817030">
    <ele>240.5</ele>
    <time>2025-11-26T10:17:17Z</time>
   </trkpt>
   <trkpt lat="31.0585310" lon="75.7816600">
    <ele>240.5</ele>
    <time>2025-11-26T10:17:18Z</time>
   </trkpt>
   <trkpt lat="31.0585410" lon="75.7816220">
    <ele>240.5</ele>
    <time>2025-11-26T10:17:19Z</time>
   </trkpt>
   <trkpt lat="31.0585460" lon="75.7815920">
    <ele>240.5</ele>
    <time>2025-11-26T10:17:20Z</time>
   </trkpt>
   <trkpt lat="31.0585400" lon="75.7815830">
    <ele>240.5</ele>
    <time>2025-11-26T10:17:21Z</time>
   </trkpt>
   <trkpt lat="31.0585420" lon="75.7815810">
    <ele>240.5</ele>
    <time>2025-11-26T10:17:22Z</time>
   </trkpt>
   <trkpt lat="31.0585390" lon="75.7815920">
    <ele>240.5</ele>
    <time>2025-11-26T10:17:23Z</time>
   </trkpt>
   <trkpt lat="31.0585380" lon="75.7815890">
    <ele>240.5</ele>
    <time>2025-11-26T10:17:24Z</time>
   </trkpt>
   <trkpt lat="31.0585380" lon="75.7815890">
    <ele>240.5</ele>
    <time>2025-11-26T10:17:25Z</time>
   </trkpt>
   <trkpt lat="31.0585370" lon="75.7815910">
    <ele>240.5</ele>
    <time>2025-11-26T10:17:26Z</time>
   </trkpt>
   <trkpt lat="31.0585340" lon="75.7815970">
    <ele>240.5</ele>
    <time>2025-11-26T10:17:27Z</time>
   </trkpt>
   <trkpt lat="31.0585390" lon="75.7815990">
    <ele>240.5</ele>
    <time>2025-11-26T10:17:28Z</time>
   </trkpt>
   <trkpt lat="31.0585470" lon="75.7815890">
    <ele>240.5</ele>
    <time>2025-11-26T10:17:29Z</time>
   </trkpt>
   <trkpt lat="31.0585420" lon="75.7815910">
    <ele>240.5</ele>
    <time>2025-11-26T10:17:30Z</time>
   </trkpt>
   <trkpt lat="31.0585420" lon="75.7815910">
    <ele>240.5</ele>
    <time>2025-11-26T10:17:31Z</time>
   </trkpt>
   <trkpt lat="31.0585400" lon="75.7815920">
    <ele>240.5</ele>
    <time>2025-11-26T10:17:32Z</time>
   </trkpt>
   <trkpt lat="31.0585380" lon="75.7815910">
    <ele>240.5</ele>
    <time>2025-11-26T10:17:33Z</time>
   </trkpt>
   <trkpt lat="31.0585360" lon="75.7815890">
    <ele>240.5</ele>
    <time>2025-11-26T10:17:34Z</time>
   </trkpt>
   <trkpt lat="31.0585340" lon="75.7815890">
    <ele>240.5</ele>
    <time>2025-11-26T10:17:35Z</time>
   </trkpt>
   <trkpt lat="31.0585340" lon="75.7815900">
    <ele>240.5</ele>
    <time>2025-11-26T10:17:36Z</time>
   </trkpt>
   <trkpt lat="31.0585310" lon="75.7815880">
    <ele>240.5</ele>
    <time>2025-11-26T10:17:37Z</time>
   </trkpt>
   <trkpt lat="31.0585310" lon="75.7815880">
    <ele>240.5</ele>
    <time>2025-11-26T10:17:38Z</time>
   </trkpt>
   <trkpt lat="31.0585300" lon="75.7815870">
    <ele>240.5</ele>
    <time>2025-11-26T10:17:39Z</time>
   </trkpt>
   <trkpt lat="31.0585270" lon="75.7815880">
    <ele>240.5</ele>
    <time>2025-11-26T10:17:40Z</time>
   </trkpt>
   <trkpt lat="31.0585260" lon="75.7815870">
    <ele>240.5</ele>
    <time>2025-11-26T10:17:41Z</time>
   </trkpt>
   <trkpt lat="31.0585260" lon="75.7815880">
    <ele>240.5</ele>
    <time>2025-11-26T10:17:42Z</time>
   </trkpt>
   <trkpt lat="31.0585260" lon="75.7815880">
    <ele>240.5</ele>
    <time>2025-11-26T10:17:43Z</time>
   </trkpt>
   <trkpt lat="31.0585260" lon="75.7815880">
    <ele>240.5</ele>
    <time>2025-11-26T10:17:44Z</time>
   </trkpt>
   <trkpt lat="31.0585260" lon="75.7815880">
    <ele>240.5</ele>
    <time>2025-11-26T10:17:45Z</time>
   </trkpt>
   <trkpt lat="31.0585260" lon="75.7815880">
    <ele>240.5</ele>
    <time>2025-11-26T10:17:46Z</time>
   </trkpt>
   <trkpt lat="31.0585260" lon="75.7815880">
    <ele>240.5</ele>
    <time>2025-11-26T10:17:47Z</time>
   </trkpt>
   <trkpt lat="31.0585140" lon="75.7815940">
    <ele>240.5</ele>
    <time>2025-11-26T10:17:48Z</time>
   </trkpt>
   <trkpt lat="31.0585130" lon="75.7815950">
    <ele>240.5</ele>
    <time>2025-11-26T10:17:49Z</time>
   </trkpt>
   <trkpt lat="31.0585130" lon="75.7815950">
    <ele>240.5</ele>
    <time>2025-11-26T10:17:50Z</time>
   </trkpt>
   <trkpt lat="31.0585110" lon="75.7815980">
    <ele>240.5</ele>
    <time>2025-11-26T10:17:51Z</time>
   </trkpt>
   <trkpt lat="31.0585090" lon="75.7816010">
    <ele>240.5</ele>
    <time>2025-11-26T10:17:52Z</time>
   </trkpt>
   <trkpt lat="31.0585090" lon="75.7816010">
    <ele>240.5</ele>
    <time>2025-11-26T10:17:53Z</time>
   </trkpt>
   <trkpt lat="31.0585090" lon="75.7816010">
    <ele>240.5</ele>
    <time>2025-11-26T10:17:54Z</time>
   </trkpt>
   <trkpt lat="31.0585100" lon="75.7815940">
    <ele>240.5</ele>
    <time>2025-11-26T10:17:55Z</time>
   </trkpt>
   <trkpt lat="31.0585110" lon="75.7815850">
    <ele>240.5</ele>
    <time>2025-11-26T10:17:56Z</time>
   </trkpt>
   <trkpt lat="31.0585130" lon="75.7815900">
    <ele>240.5</ele>
    <time>2025-11-26T10:17:57Z</time>
   </trkpt>
   <trkpt lat="31.0585150" lon="75.7815900">
    <ele>240.5</ele>
    <time>2025-11-26T10:17:58Z</time>
   </trkpt>
   <trkpt lat="31.0585160" lon="75.7815840">
    <ele>240.5</ele>
    <time>2025-11-26T10:17:59Z</time>
   </trkpt>
   <trkpt lat="31.0585170" lon="75.7815790">
    <ele>240.5</ele>
    <time>2025-11-26T10:18:00Z</time>
   </trkpt>
   <trkpt lat="31.0585140" lon="75.7815880">
    <ele>240.5</ele>
    <time>2025-11-26T10:18:01Z</time>
   </trkpt>
   <trkpt lat="31.0585150" lon="75.7815970">
    <ele>240.5</ele>
    <time>2025-11-26T10:18:02Z</time>
   </trkpt>
   <trkpt lat="31.0585160" lon="75.7815990">
    <ele>240.5</ele>
    <time>2025-11-26T10:18:03Z</time>
   </trkpt>
   <trkpt lat="31.0585170" lon="75.7816020">
    <ele>240.5</ele>
    <time>2025-11-26T10:18:04Z</time>
   </trkpt>
   <trkpt lat="31.0585230" lon="75.7816010">
    <ele>240.5</ele>
    <time>2025-11-26T10:18:05Z</time>
   </trkpt>
   <trkpt lat="31.0585300" lon="75.7816010">
    <ele>240.5</ele>
    <time>2025-11-26T10:18:06Z</time>
   </trkpt>
   <trkpt lat="31.0585190" lon="75.7816350">
    <ele>240.5</ele>
    <time>2025-11-26T10:18:07Z</time>
   </trkpt>
   <trkpt lat="31.0585260" lon="75.7816830">
    <ele>240.5</ele>
    <time>2025-11-26T10:18:08Z</time>
   </trkpt>
   <trkpt lat="31.0585390" lon="75.7817360">
    <ele>240.5</ele>
    <time>2025-11-26T10:18:09Z</time>
   </trkpt>
   <trkpt lat="31.0585510" lon="75.7817830">
    <ele>240.5</ele>
    <time>2025-11-26T10:18:10Z</time>
   </trkpt>
   <trkpt lat="31.0585600" lon="75.7818320">
    <ele>240.5</ele>
    <time>2025-11-26T10:18:11Z</time>
   </trkpt>
   <trkpt lat="31.0585680" lon="75.7818790">
    <ele>240.5</ele>
    <time>2025-11-26T10:18:12Z</time>
   </trkpt>
   <trkpt lat="31.0585850" lon="75.7819290">
    <ele>240.5</ele>
    <time>2025-11-26T10:18:13Z</time>
   </trkpt>
   <trkpt lat="31.0586080" lon="75.7819670">
    <ele>240.5</ele>
    <time>2025-11-26T10:18:14Z</time>
   </trkpt>
   <trkpt lat="31.0586350" lon="75.7820000">
    <ele>240.5</ele>
    <time>2025-11-26T10:18:15Z</time>
   </trkpt>
   <trkpt lat="31.0586680" lon="75.7820240">
    <ele>240.5</ele>
    <time>2025-11-26T10:18:16Z</time>
   </trkpt>
   <trkpt lat="31.0587070" lon="75.7820360">
    <ele>240.5</ele>
    <time>2025-11-26T10:18:17Z</time>
   </trkpt>
   <trkpt lat="31.0587490" lon="75.7820410">
    <ele>240.5</ele>
    <time>2025-11-26T10:18:18Z</time>
   </trkpt>
   <trkpt lat="31.0587920" lon="75.7820420">
    <ele>240.5</ele>
    <time>2025-11-26T10:18:19Z</time>
   </trkpt>
   <trkpt lat="31.0588360" lon="75.7820400">
    <ele>240.5</ele>
    <time>2025-11-26T10:18:20Z</time>
   </trkpt>
   <trkpt lat="31.0588840" lon="75.7820410">
    <ele>240.5</ele>
    <time>2025-11-26T10:18:21Z</time>
   </trkpt>
   <trkpt lat="31.0589320" lon="75.7820410">
    <ele>240.5</ele>
    <time>2025-11-26T10:18:22Z</time>
   </trkpt>
   <trkpt lat="31.0589810" lon="75.7820400">
    <ele>240.5</ele>
    <time>2025-11-26T10:18:23Z</time>
   </trkpt>
   <trkpt lat="31.0590300" lon="75.7820390">
    <ele>240.5</ele>
    <time>2025-11-26T10:18:24Z</time>
   </trkpt>
   <trkpt lat="31.0590830" lon="75.7820390">
    <ele>240.5</ele>
    <time>2025-11-26T10:18:25Z</time>
   </trkpt>
   <trkpt lat="31.0591370" lon="75.7820390">
    <ele>240.5</ele>
    <time>2025-11-26T10:18:26Z</time>
   </trkpt>
   <trkpt lat="31.0591890" lon="75.7820370">
    <ele>240.5</ele>
    <time>2025-11-26T10:18:27Z</time>
   </trkpt>
   <trkpt lat="31.0592410" lon="75.7820370">
    <ele>240.5</ele>
    <time>2025-11-26T10:18:28Z</time>
   </trkpt>
   <trkpt lat="31.0592940" lon="75.7820370">
    <ele>240.5</ele>
    <time>2025-11-26T10:18:29Z</time>
   </trkpt>
   <trkpt lat="31.0593480" lon="75.7820390">
    <ele>240.5</ele>
    <time>2025-11-26T10:18:30Z</time>
   </trkpt>
   <trkpt lat="31.0594020" lon="75.7820390">
    <ele>240.5</ele>
    <time>2025-11-26T10:18:31Z</time>
   </trkpt>
   <trkpt lat="31.0594570" lon="75.7820380">
    <ele>240.6</ele>
    <time>2025-11-26T10:18:32Z</time>
   </trkpt>
   <trkpt lat="31.0595110" lon="75.7820370">
    <ele>240.6</ele>
    <time>2025-11-26T10:18:33Z</time>
   </trkpt>
   <trkpt lat="31.0595660" lon="75.7820400">
    <ele>240.6</ele>
    <time>2025-11-26T10:18:34Z</time>
   </trkpt>
   <trkpt lat="31.0596200" lon="75.7820420">
    <ele>240.6</ele>
    <time>2025-11-26T10:18:35Z</time>
   </trkpt>
   <trkpt lat="31.0596750" lon="75.7820410">
    <ele>240.6</ele>
    <time>2025-11-26T10:18:36Z</time>
   </trkpt>
   <trkpt lat="31.0597280" lon="75.7820410">
    <ele>240.7</ele>
    <time>2025-11-26T10:18:37Z</time>
   </trkpt>
   <trkpt lat="31.0597830" lon="75.7820430">
    <ele>240.7</ele>
    <time>2025-11-26T10:18:38Z</time>
   </trkpt>
   <trkpt lat="31.0598360" lon="75.7820450">
    <ele>240.7</ele>
    <time>2025-11-26T10:18:39Z</time>
   </trkpt>
   <trkpt lat="31.0598880" lon="75.7820480">
    <ele>240.7</ele>
    <time>2025-11-26T10:18:40Z</time>
   </trkpt>
   <trkpt lat="31.0599390" lon="75.7820580">
    <ele>240.8</ele>
    <time>2025-11-26T10:18:41Z</time>
   </trkpt>
   <trkpt lat="31.0599840" lon="75.7820740">
    <ele>240.8</ele>
    <time>2025-11-26T10:18:42Z</time>
   </trkpt>
   <trkpt lat="31.0600320" lon="75.7820880">
    <ele>240.8</ele>
    <time>2025-11-26T10:18:43Z</time>
   </trkpt>
   <trkpt lat="31.0600760" lon="75.7820960">
    <ele>240.8</ele>
    <time>2025-11-26T10:18:44Z</time>
   </trkpt>
   <trkpt lat="31.0601050" lon="75.7821070">
    <ele>240.8</ele>
    <time>2025-11-26T10:18:45Z</time>
   </trkpt>
   <trkpt lat="31.0601330" lon="75.7821280">
    <ele>240.8</ele>
    <time>2025-11-26T10:18:46Z</time>
   </trkpt>
   <trkpt lat="31.0601430" lon="75.7821360">
    <ele>240.9</ele>
    <time>2025-11-26T10:18:47Z</time>
   </trkpt>
   <trkpt lat="31.0601690" lon="75.7821420">
    <ele>240.9</ele>
    <time>2025-11-26T10:18:48Z</time>
   </trkpt>
   <trkpt lat="31.0602050" lon="75.7821400">
    <ele>240.9</ele>
    <time>2025-11-26T10:18:49Z</time>
   </trkpt>
   <trkpt lat="31.0602500" lon="75.7821420">
    <ele>240.9</ele>
    <time>2025-11-26T10:18:50Z</time>
   </trkpt>
   <trkpt lat="31.0602990" lon="75.7821470">
    <ele>241.0</ele>
    <time>2025-11-26T10:18:51Z</time>
   </trkpt>
   <trkpt lat="31.0603450" lon="75.7821450">
    <ele>241.0</ele>
    <time>2025-11-26T10:18:52Z</time>
   </trkpt>
   <trkpt lat="31.0604010" lon="75.7821440">
    <ele>241.1</ele>
    <time>2025-11-26T10:18:53Z</time>
   </trkpt>
   <trkpt lat="31.0604630" lon="75.7821470">
    <ele>241.2</ele>
    <time>2025-11-26T10:18:54Z</time>
   </trkpt>
   <trkpt lat="31.0605330" lon="75.7821520">
    <ele>241.3</ele>
    <time>2025-11-26T10:18:55Z</time>
   </trkpt>
   <trkpt lat="31.0606070" lon="75.7821510">
    <ele>241.4</ele>
    <time>2025-11-26T10:18:56Z</time>
   </trkpt>
   <trkpt lat="31.0606770" lon="75.7821470">
    <ele>241.6</ele>
    <time>2025-11-26T10:18:57Z</time>
   </trkpt>
   <trkpt lat="31.0607440" lon="75.7821440">
    <ele>241.7</ele>
    <time>2025-11-26T10:18:58Z</time>
   </trkpt>
   <trkpt lat="31.0608080" lon="75.7821480">
    <ele>241.9</ele>
    <time>2025-11-26T10:18:59Z</time>
   </trkpt>
   <trkpt lat="31.0608710" lon="75.7821530">
    <ele>242.1</ele>
    <time>2025-11-26T10:19:00Z</time>
   </trkpt>
   <trkpt lat="31.0609310" lon="75.7821530">
    <ele>242.2</ele>
    <time>2025-11-26T10:19:01Z</time>
   </trkpt>
   <trkpt lat="31.0609890" lon="75.7821470">
    <ele>242.4</ele>
    <time>2025-11-26T10:19:02Z</time>
   </trkpt>
   <trkpt lat="31.0610480" lon="75.7821400">
    <ele>242.6</ele>
    <time>2025-11-26T10:19:03Z</time>
   </trkpt>
   <trkpt lat="31.0611040" lon="75.7821370">
    <ele>242.8</ele>
    <time>2025-11-26T10:19:04Z</time>
   </trkpt>
   <trkpt lat="31.0611600" lon="75.7821350">
    <ele>243.0</ele>
    <time>2025-11-26T10:19:05Z</time>
   </trkpt>
   <trkpt lat="31.0612130" lon="75.7821350">
    <ele>243.1</ele>
    <time>2025-11-26T10:19:06Z</time>
   </trkpt>
   <trkpt lat="31.0612670" lon="75.7821350">
    <ele>243.3</ele>
    <time>2025-11-26T10:19:07Z</time>
   </trkpt>
   <trkpt lat="31.0613190" lon="75.7821320">
    <ele>243.5</ele>
    <time>2025-11-26T10:19:08Z</time>
   </trkpt>
   <trkpt lat="31.0613710" lon="75.7821300">
    <ele>243.7</ele>
    <time>2025-11-26T10:19:09Z</time>
   </trkpt>
   <trkpt lat="31.0614200" lon="75.7821300">
    <ele>243.9</ele>
    <time>2025-11-26T10:19:10Z</time>
   </trkpt>
   <trkpt lat="31.0614700" lon="75.7821290">
    <ele>244.1</ele>
    <time>2025-11-26T10:19:11Z</time>
   </trkpt>
   <trkpt lat="31.0615190" lon="75.7821280">
    <ele>244.2</ele>
    <time>2025-11-26T10:19:12Z</time>
   </trkpt>
   <trkpt lat="31.0615670" lon="75.7821260">
    <ele>244.4</ele>
    <time>2025-11-26T10:19:13Z</time>
   </trkpt>
   <trkpt lat="31.0616140" lon="75.7821260">
    <ele>244.6</ele>
    <time>2025-11-26T10:19:14Z</time>
   </trkpt>
   <trkpt lat="31.0616610" lon="75.7821250">
    <ele>244.7</ele>
    <time>2025-11-26T10:19:15Z</time>
   </trkpt>
   <trkpt lat="31.0617080" lon="75.7821240">
    <ele>244.9</ele>
    <time>2025-11-26T10:19:16Z</time>
   </trkpt>
   <trkpt lat="31.0617550" lon="75.7821230">
    <ele>245.0</ele>
    <time>2025-11-26T10:19:17Z</time>
   </trkpt>
   <trkpt lat="31.0618010" lon="75.7821220">
    <ele>245.1</ele>
    <time>2025-11-26T10:19:18Z</time>
   </trkpt>
   <trkpt lat="31.0618460" lon="75.7821210">
    <ele>245.3</ele>
    <time>2025-11-26T10:19:19Z</time>
   </trkpt>
   <trkpt lat="31.0618930" lon="75.7821200">
    <ele>245.4</ele>
    <time>2025-11-26T10:19:20Z</time>
   </trkpt>
   <trkpt lat="31.0619420" lon="75.7821210">
    <ele>245.6</ele>
    <time>2025-11-26T10:19:21Z</time>
   </trkpt>
   <trkpt lat="31.0619920" lon="75.7821180">
    <ele>245.7</ele>
    <time>2025-11-26T10:19:22Z</time>
   </trkpt>
   <trkpt lat="31.0620400" lon="75.7821170">
    <ele>245.9</ele>
    <time>2025-11-26T10:19:23Z</time>
   </trkpt>
   <trkpt lat="31.0620880" lon="75.7821170">
    <ele>246.0</ele>
    <time>2025-11-26T10:19:24Z</time>
   </trkpt>
   <trkpt lat="31.0621330" lon="75.7821150">
    <ele>246.1</ele>
    <time>2025-11-26T10:19:25Z</time>
   </trkpt>
   <trkpt lat="31.0621790" lon="75.7821150">
    <ele>246.2</ele>
    <time>2025-11-26T10:19:26Z</time>
   </trkpt>
   <trkpt lat="31.0622240" lon="75.7821150">
    <ele>246.3</ele>
    <time>2025-11-26T10:19:27Z</time>
   </trkpt>
   <trkpt lat="31.0622700" lon="75.7821130">
    <ele>246.4</ele>
    <time>2025-11-26T10:19:28Z</time>
   </trkpt>
   <trkpt lat="31.0623150" lon="75.7821110">
    <ele>246.5</ele>
    <time>2025-11-26T10:19:29Z</time>
   </trkpt>
   <trkpt lat="31.0623590" lon="75.7821100">
    <ele>246.6</ele>
    <time>2025-11-26T10:19:30Z</time>
   </trkpt>
   <trkpt lat="31.0624030" lon="75.7821090">
    <ele>246.7</ele>
    <time>2025-11-26T10:19:31Z</time>
   </trkpt>
   <trkpt lat="31.0624470" lon="75.7821080">
    <ele>246.8</ele>
    <time>2025-11-26T10:19:32Z</time>
   </trkpt>
   <trkpt lat="31.0624890" lon="75.7821090">
    <ele>246.9</ele>
    <time>2025-11-26T10:19:33Z</time>
   </trkpt>
   <trkpt lat="31.0625310" lon="75.7821080">
    <ele>247.0</ele>
    <time>2025-11-26T10:19:34Z</time>
   </trkpt>
   <trkpt lat="31.0625740" lon="75.7821070">
    <ele>247.1</ele>
    <time>2025-11-26T10:19:35Z</time>
   </trkpt>
   <trkpt lat="31.0626150" lon="75.7821080">
    <ele>247.2</ele>
    <time>2025-11-26T10:19:36Z</time>
   </trkpt>
   <trkpt lat="31.0626580" lon="75.7821080">
    <ele>247.3</ele>
    <time>2025-11-26T10:19:37Z</time>
   </trkpt>
   <trkpt lat="31.0627050" lon="75.7821070">
    <ele>247.4</ele>
    <time>2025-11-26T10:19:38Z</time>
   </trkpt>
   <trkpt lat="31.0627520" lon="75.7821090">
    <ele>247.4</ele>
    <time>2025-11-26T10:19:39Z</time>
   </trkpt>
   <trkpt lat="31.0628030" lon="75.7821070">
    <ele>247.5</ele>
    <time>2025-11-26T10:19:40Z</time>
   </trkpt>
   <trkpt lat="31.0628520" lon="75.7821080">
    <ele>247.6</ele>
    <time>2025-11-26T10:19:41Z</time>
   </trkpt>
   <trkpt lat="31.0628990" lon="75.7821090">
    <ele>247.7</ele>
    <time>2025-11-26T10:19:42Z</time>
   </trkpt>
   <trkpt lat="31.0629450" lon="75.7821110">
    <ele>247.8</ele>
    <time>2025-11-26T10:19:43Z</time>
   </trkpt>
   <trkpt lat="31.0629880" lon="75.7821090">
    <ele>247.8</ele>
    <time>2025-11-26T10:19:44Z</time>
   </trkpt>
   <trkpt lat="31.0630300" lon="75.7821080">
    <ele>247.9</ele>
    <time>2025-11-26T10:19:45Z</time>
   </trkpt>
   <trkpt lat="31.0630740" lon="75.7821110">
    <ele>248.0</ele>
    <time>2025-11-26T10:19:46Z</time>
   </trkpt>
   <trkpt lat="31.0631180" lon="75.7821090">
    <ele>248.0</ele>
    <time>2025-11-26T10:19:47Z</time>
   </trkpt>
   <trkpt lat="31.0631610" lon="75.7821090">
    <ele>248.1</ele>
    <time>2025-11-26T10:19:48Z</time>
   </trkpt>
   <trkpt lat="31.0632050" lon="75.7821100">
    <ele>248.1</ele>
    <time>2025-11-26T10:19:49Z</time>
   </trkpt>
   <trkpt lat="31.0632510" lon="75.7821100">
    <ele>248.1</ele>
    <time>2025-11-26T10:19:50Z</time>
   </trkpt>
   <trkpt lat="31.0632950" lon="75.7821110">
    <ele>248.2</ele>
    <time>2025-11-26T10:19:51Z</time>
   </trkpt>
   <trkpt lat="31.0633390" lon="75.7821100">
    <ele>248.2</ele>
    <time>2025-11-26T10:19:52Z</time>
   </trkpt>
   <trkpt lat="31.0633890" lon="75.7821120">
    <ele>248.2</ele>
    <time>2025-11-26T10:19:53Z</time>
   </trkpt>
   <trkpt lat="31.0634390" lon="75.7821190">
    <ele>248.3</ele>
    <time>2025-11-26T10:19:54Z</time>
   </trkpt>
   <trkpt lat="31.0634760" lon="75.7821110">
    <ele>248.3</ele>
    <time>2025-11-26T10:19:55Z</time>
   </trkpt>
   <trkpt lat="31.0635140" lon="75.7821120">
    <ele>248.3</ele>
    <time>2025-11-26T10:19:56Z</time>
   </trkpt>
   <trkpt lat="31.0635530" lon="75.7821130">
    <ele>248.4</ele>
    <time>2025-11-26T10:19:57Z</time>
   </trkpt>
   <trkpt lat="31.0635860" lon="75.7821140">
    <ele>248.4</ele>
    <time>2025-11-26T10:19:58Z</time>
   </trkpt>
   <trkpt lat="31.0636240" lon="75.7821120">
    <ele>248.4</ele>
    <time>2025-11-26T10:19:59Z</time>
   </trkpt>
   <trkpt lat="31.0636640" lon="75.7821120">
    <ele>248.4</ele>
    <time>2025-11-26T10:20:00Z</time>
   </trkpt>
   <trkpt lat="31.0637050" lon="75.7821100">
    <ele>248.5</ele>
    <time>2025-11-26T10:20:01Z</time>
   </trkpt>
   <trkpt lat="31.0637470" lon="75.7821100">
    <ele>248.5</ele>
    <time>2025-11-26T10:20:02Z</time>
   </trkpt>
   <trkpt lat="31.0637910" lon="75.7821100">
    <ele>248.5</ele>
    <time>2025-11-26T10:20:03Z</time>
   </trkpt>
   <trkpt lat="31.0638350" lon="75.7821110">
    <ele>248.5</ele>
    <time>2025-11-26T10:20:04Z</time>
   </trkpt>
   <trkpt lat="31.0638750" lon="75.7821110">
    <ele>248.6</ele>
    <time>2025-11-26T10:20:05Z</time>
   </trkpt>
   <trkpt lat="31.0639190" lon="75.7821130">
    <ele>248.6</ele>
    <time>2025-11-26T10:20:06Z</time>
   </trkpt>
   <trkpt lat="31.0639630" lon="75.7821130">
    <ele>248.6</ele>
    <time>2025-11-26T10:20:07Z</time>
   </trkpt>
   <trkpt lat="31.0640100" lon="75.7821150">
    <ele>248.6</ele>
    <time>2025-11-26T10:20:08Z</time>
   </trkpt>
   <trkpt lat="31.0640580" lon="75.7821160">
    <ele>248.6</ele>
    <time>2025-11-26T10:20:09Z</time>
   </trkpt>
   <trkpt lat="31.0641030" lon="75.7821170">
    <ele>248.6</ele>
    <time>2025-11-26T10:20:10Z</time>
   </trkpt>
   <trkpt lat="31.0641480" lon="75.7821180">
    <ele>248.6</ele>
    <time>2025-11-26T10:20:11Z</time>
   </trkpt>
   <trkpt lat="31.0641930" lon="75.7821190">
    <ele>248.6</ele>
    <time>2025-11-26T10:20:12Z</time>
   </trkpt>
   <trkpt lat="31.0642400" lon="75.7821200">
    <ele>248.6</ele>
    <time>2025-11-26T10:20:13Z</time>
   </trkpt>
   <trkpt lat="31.0642890" lon="75.7821210">
    <ele>248.5</ele>
    <time>2025-11-26T10:20:14Z</time>
   </trkpt>
   <trkpt lat="31.0643400" lon="75.7821240">
    <ele>248.5</ele>
    <time>2025-11-26T10:20:15Z</time>
   </trkpt>
   <trkpt lat="31.0643910" lon="75.7821250">
    <ele>248.4</ele>
    <time>2025-11-26T10:20:16Z</time>
   </trkpt>
   <trkpt lat="31.0644420" lon="75.7821260">
    <ele>248.4</ele>
    <time>2025-11-26T10:20:17Z</time>
   </trkpt>
   <trkpt lat="31.0644900" lon="75.7821260">
    <ele>248.3</ele>
    <time>2025-11-26T10:20:18Z</time>
   </trkpt>
   <trkpt lat="31.0645380" lon="75.7821280">
    <ele>248.2</ele>
    <time>2025-11-26T10:20:19Z</time>
   </trkpt>
   <trkpt lat="31.0645880" lon="75.7821280">
    <ele>248.2</ele>
    <time>2025-11-26T10:20:20Z</time>
   </trkpt>
   <trkpt lat="31.0646350" lon="75.7821320">
    <ele>248.1</ele>
    <time>2025-11-26T10:20:21Z</time>
   </trkpt>
   <trkpt lat="31.0646880" lon="75.7821340">
    <ele>248.1</ele>
    <time>2025-11-26T10:20:22Z</time>
   </trkpt>
   <trkpt lat="31.0647430" lon="75.7821360">
    <ele>248.0</ele>
    <time>2025-11-26T10:20:23Z</time>
   </trkpt>
   <trkpt lat="31.0647980" lon="75.7821340">
    <ele>248.0</ele>
    <time>2025-11-26T10:20:24Z</time>
   </trkpt>
   <trkpt lat="31.0648540" lon="75.7821330">
    <ele>247.9</ele>
    <time>2025-11-26T10:20:25Z</time>
   </trkpt>
   <trkpt lat="31.0649100" lon="75.7821360">
    <ele>247.8</ele>
    <time>2025-11-26T10:20:26Z</time>
   </trkpt>
   <trkpt lat="31.0649660" lon="75.7821400">
    <ele>247.7</ele>
    <time>2025-11-26T10:20:27Z</time>
   </trkpt>
   <trkpt lat="31.0650230" lon="75.7821410">
    <ele>247.6</ele>
    <time>2025-11-26T10:20:28Z</time>
   </trkpt>
   <trkpt lat="31.0650790" lon="75.7821440">
    <ele>247.4</ele>
    <time>2025-11-26T10:20:29Z</time>
   </trkpt>
   <trkpt lat="31.0651360" lon="75.7821460">
    <ele>247.3</ele>
    <time>2025-11-26T10:20:30Z</time>
   </trkpt>
   <trkpt lat="31.0651940" lon="75.7821480">
    <ele>247.2</ele>
    <time>2025-11-26T10:20:31Z</time>
   </trkpt>
   <trkpt lat="31.0652460" lon="75.7821520">
    <ele>247.1</ele>
    <time>2025-11-26T10:20:32Z</time>
   </trkpt>
   <trkpt lat="31.0652880" lon="75.7821690">
    <ele>247.0</ele>
    <time>2025-11-26T10:20:33Z</time>
   </trkpt>
   <trkpt lat="31.0653510" lon="75.7821730">
    <ele>246.8</ele>
    <time>2025-11-26T10:20:34Z</time>
   </trkpt>
   <trkpt lat="31.0654190" lon="75.7821680">
    <ele>246.6</ele>
    <time>2025-11-26T10:20:35Z</time>
   </trkpt>
   <trkpt lat="31.0654870" lon="75.7821660">
    <ele>246.4</ele>
    <time>2025-11-26T10:20:36Z</time>
   </trkpt>
   <trkpt lat="31.0655510" lon="75.7821680">
    <ele>246.2</ele>
    <time>2025-11-26T10:20:37Z</time>
   </trkpt>
   <trkpt lat="31.0656140" lon="75.7821710">
    <ele>246.0</ele>
    <time>2025-11-26T10:20:38Z</time>
   </trkpt>
   <trkpt lat="31.0656780" lon="75.7821740">
    <ele>245.8</ele>
    <time>2025-11-26T10:20:39Z</time>
   </trkpt>
   <trkpt lat="31.0657430" lon="75.7821770">
    <ele>245.6</ele>
    <time>2025-11-26T10:20:40Z</time>
   </trkpt>
   <trkpt lat="31.0658120" lon="75.7821760">
    <ele>245.4</ele>
    <time>2025-11-26T10:20:41Z</time>
   </trkpt>
   <trkpt lat="31.0658800" lon="75.7821750">
    <ele>245.1</ele>
    <time>2025-11-26T10:20:42Z</time>
   </trkpt>
   <trkpt lat="31.0659500" lon="75.7821780">
    <ele>244.8</ele>
    <time>2025-11-26T10:20:43Z</time>
   </trkpt>
   <trkpt lat="31.0660230" lon="75.7821800">
    <ele>244.5</ele>
    <time>2025-11-26T10:20:44Z</time>
   </trkpt>
   <trkpt lat="31.0660970" lon="75.7821820">
    <ele>244.3</ele>
    <time>2025-11-26T10:20:45Z</time>
   </trkpt>
   <trkpt lat="31.0661720" lon="75.7821800">
    <ele>244.0</ele>
    <time>2025-11-26T10:20:46Z</time>
   </trkpt>
   <trkpt lat="31.0662470" lon="75.7821810">
    <ele>243.7</ele>
    <time>2025-11-26T10:20:47Z</time>
   </trkpt>
   <trkpt lat="31.0663230" lon="75.7821840">
    <ele>243.4</ele>
    <time>2025-11-26T10:20:48Z</time>
   </trkpt>
   <trkpt lat="31.0664030" lon="75.7821850">
    <ele>243.1</ele>
    <time>2025-11-26T10:20:49Z</time>
   </trkpt>
   <trkpt lat="31.0664810" lon="75.7821860">
    <ele>242.8</ele>
    <time>2025-11-26T10:20:50Z</time>
   </trkpt>
   <trkpt lat="31.0665650" lon="75.7821880">
    <ele>242.5</ele>
    <time>2025-11-26T10:20:51Z</time>
   </trkpt>
   <trkpt lat="31.0666550" lon="75.7821960">
    <ele>242.2</ele>
    <time>2025-11-26T10:20:52Z</time>
   </trkpt>
   <trkpt lat="31.0667260" lon="75.7821950">
    <ele>241.9</ele>
    <time>2025-11-26T10:20:53Z</time>
   </trkpt>
   <trkpt lat="31.0668000" lon="75.7821920">
    <ele>241.7</ele>
    <time>2025-11-26T10:20:54Z</time>
   </trkpt>
   <trkpt lat="31.0668710" lon="75.7821920">
    <ele>241.6</ele>
    <time>2025-11-26T10:20:55Z</time>
   </trkpt>
   <trkpt lat="31.0669550" lon="75.7821910">
    <ele>241.4</ele>
    <time>2025-11-26T10:20:56Z</time>
   </trkpt>
   <trkpt lat="31.0670320" lon="75.7821920">
    <ele>241.3</ele>
    <time>2025-11-26T10:20:57Z</time>
   </trkpt>
   <trkpt lat="31.0671100" lon="75.7821920">
    <ele>241.2</ele>
    <time>2025-11-26T10:20:58Z</time>
   </trkpt>
   <trkpt lat="31.0671870" lon="75.7821920">
    <ele>241.2</ele>
    <time>2025-11-26T10:20:59Z</time>
   </trkpt>
   <trkpt lat="31.0672640" lon="75.7821920">
    <ele>241.1</ele>
    <time>2025-11-26T10:21:00Z</time>
   </trkpt>
   <trkpt lat="31.0673400" lon="75.7821910">
    <ele>241.1</ele>
    <time>2025-11-26T10:21:01Z</time>
   </trkpt>
   <trkpt lat="31.0674160" lon="75.7821860">
    <ele>241.1</ele>
    <time>2025-11-26T10:21:02Z</time>
   </trkpt>
   <trkpt lat="31.0674920" lon="75.7821920">
    <ele>241.1</ele>
    <time>2025-11-26T10:21:03Z</time>
   </trkpt>
   <trkpt lat="31.0675690" lon="75.7821910">
    <ele>241.1</ele>
    <time>2025-11-26T10:21:04Z</time>
   </trkpt>
   <trkpt lat="31.0676470" lon="75.7821910">
    <ele>241.1</ele>
    <time>2025-11-26T10:21:05Z</time>
   </trkpt>
   <trkpt lat="31.0677250" lon="75.7821960">
    <ele>241.2</ele>
    <time>2025-11-26T10:21:06Z</time>
   </trkpt>
   <trkpt lat="31.0678040" lon="75.7821990">
    <ele>241.2</ele>
    <time>2025-11-26T10:21:07Z</time>
   </trkpt>
   <trkpt lat="31.0678900" lon="75.7822020">
    <ele>241.3</ele>
    <time>2025-11-26T10:21:08Z</time>
   </trkpt>
   <trkpt lat="31.0679720" lon="75.7822050">
    <ele>241.3</ele>
    <time>2025-11-26T10:21:09Z</time>
   </trkpt>
   <trkpt lat="31.0680550" lon="75.7822100">
    <ele>241.3</ele>
    <time>2025-11-26T10:21:10Z</time>
   </trkpt>
   <trkpt lat="31.0681420" lon="75.7822090">
    <ele>241.3</ele>
    <time>2025-11-26T10:21:11Z</time>
   </trkpt>
   <trkpt lat="31.0682270" lon="75.7822060">
    <ele>241.3</ele>
    <time>2025-11-26T10:21:12Z</time>
   </trkpt>
   <trkpt lat="31.0683150" lon="75.7822080">
    <ele>241.2</ele>
    <time>2025-11-26T10:21:13Z</time>
   </trkpt>
   <trkpt lat="31.0684040" lon="75.7822130">
    <ele>241.2</ele>
    <time>2025-11-26T10:21:14Z</time>
   </trkpt>
   <trkpt lat="31.0684940" lon="75.7822110">
    <ele>241.1</ele>
    <time>2025-11-26T10:21:15Z</time>
   </trkpt>
   <trkpt lat="31.0685790" lon="75.7822090">
    <ele>241.0</ele>
    <time>2025-11-26T10:21:16Z</time>
   </trkpt>
   <trkpt lat="31.0686640" lon="75.7822110">
    <ele>240.9</ele>
    <time>2025-11-26T10:21:17Z</time>
   </trkpt>
   <trkpt lat="31.0687490" lon="75.7822140">
    <ele>240.9</ele>
    <time>2025-11-26T10:21:18Z</time>
   </trkpt>
   <trkpt lat="31.0688340" lon="75.7822190">
    <ele>240.8</ele>
    <time>2025-11-26T10:21:19Z</time>
   </trkpt>
   <trkpt lat="31.0689160" lon="75.7822180">
    <ele>240.7</ele>
    <time>2025-11-26T10:21:20Z</time>
   </trkpt>
   <trkpt lat="31.0689900" lon="75.7822200">
    <ele>240.7</ele>
    <time>2025-11-26T10:21:21Z</time>
   </trkpt>
   <trkpt lat="31.0690650" lon="75.7822190">
    <ele>240.6</ele>
    <time>2025-11-26T10:21:22Z</time>
   </trkpt>
   <trkpt lat="31.0691410" lon="75.7822140">
    <ele>240.6</ele>
    <time>2025-11-26T10:21:23Z</time>
   </trkpt>
   <trkpt lat="31.0692190" lon="75.7822150">
    <ele>240.5</ele>
    <time>2025-11-26T10:21:24Z</time>
   </trkpt>
   <trkpt lat="31.0693000" lon="75.7822200">
    <ele>240.5</ele>
    <time>2025-11-26T10:21:25Z</time>
   </trkpt>
   <trkpt lat="31.0693780" lon="75.7822240">
    <ele>240.4</ele>
    <time>2025-11-26T10:21:26Z</time>
   </trkpt>
   <trkpt lat="31.0694590" lon="75.7822290">
    <ele>240.4</ele>
    <time>2025-11-26T10:21:27Z</time>
   </trkpt>
   <trkpt lat="31.0695390" lon="75.7822300">
    <ele>240.4</ele>
    <time>2025-11-26T10:21:28Z</time>
   </trkpt>
   <trkpt lat="31.0696190" lon="75.7822310">
    <ele>240.4</ele>
    <time>2025-11-26T10:21:29Z</time>
   </trkpt>
   <trkpt lat="31.0697000" lon="75.7822320">
    <ele>240.5</ele>
    <time>2025-11-26T10:21:30Z</time>
   </trkpt>
   <trkpt lat="31.0697810" lon="75.7822340">
    <ele>240.5</ele>
    <time>2025-11-26T10:21:31Z</time>
   </trkpt>
   <trkpt lat="31.0698630" lon="75.7822370">
    <ele>240.5</ele>
    <time>2025-11-26T10:21:32Z</time>
   </trkpt>
   <trkpt lat="31.0699440" lon="75.7822390">
    <ele>240.6</ele>
    <time>2025-11-26T10:21:33Z</time>
   </trkpt>
   <trkpt lat="31.0700250" lon="75.7822420">
    <ele>240.6</ele>
    <time>2025-11-26T10:21:34Z</time>
   </trkpt>
   <trkpt lat="31.0701070" lon="75.7822440">
    <ele>240.6</ele>
    <time>2025-11-26T10:21:35Z</time>
   </trkpt>
   <trkpt lat="31.0701900" lon="75.7822460">
    <ele>240.6</ele>
    <time>2025-11-26T10:21:36Z</time>
   </trkpt>
   <trkpt lat="31.0702730" lon="75.7822460">
    <ele>240.6</ele>
    <time>2025-11-26T10:21:37Z</time>
   </trkpt>
   <trkpt lat="31.0703550" lon="75.7822490">
    <ele>240.7</ele>
    <time>2025-11-26T10:21:38Z</time>
   </trkpt>
   <trkpt lat="31.0704390" lon="75.7822510">
    <ele>240.7</ele>
    <time>2025-11-26T10:21:39Z</time>
   </trkpt>
   <trkpt lat="31.0705230" lon="75.7822530">
    <ele>240.7</ele>
    <time>2025-11-26T10:21:40Z</time>
   </trkpt>
   <trkpt lat="31.0706060" lon="75.7822550">
    <ele>240.7</ele>
    <time>2025-11-26T10:21:41Z</time>
   </trkpt>
   <trkpt lat="31.0706890" lon="75.7822580">
    <ele>240.7</ele>
    <time>2025-11-26T10:21:42Z</time>
   </trkpt>
   <trkpt lat="31.0707730" lon="75.7822600">
    <ele>240.7</ele>
    <time>2025-11-26T10:21:43Z</time>
   </trkpt>
   <trkpt lat="31.0708560" lon="75.7822620">
    <ele>240.7</ele>
    <time>2025-11-26T10:21:44Z</time>
   </trkpt>
   <trkpt lat="31.0709400" lon="75.7822640">
    <ele>240.7</ele>
    <time>2025-11-26T10:21:45Z</time>
   </trkpt>
   <trkpt lat="31.0710240" lon="75.7822650">
    <ele>240.7</ele>
    <time>2025-11-26T10:21:46Z</time>
   </trkpt>
   <trkpt lat="31.0711080" lon="75.7822670">
    <ele>240.7</ele>
    <time>2025-11-26T10:21:47Z</time>
   </trkpt>
   <trkpt lat="31.0711900" lon="75.7822690">
    <ele>240.7</ele>
    <time>2025-11-26T10:21:48Z</time>
   </trkpt>
   <trkpt lat="31.0712730" lon="75.7822720">
    <ele>240.7</ele>
    <time>2025-11-26T10:21:49Z</time>
   </trkpt>
   <trkpt lat="31.0713590" lon="75.7822740">
    <ele>240.7</ele>
    <time>2025-11-26T10:21:50Z</time>
   </trkpt>
   <trkpt lat="31.0714430" lon="75.7822730">
    <ele>240.8</ele>
    <time>2025-11-26T10:21:51Z</time>
   </trkpt>
   <trkpt lat="31.0715280" lon="75.7822720">
    <ele>240.8</ele>
    <time>2025-11-26T10:21:52Z</time>
   </trkpt>
   <trkpt lat="31.0716110" lon="75.7822690">
    <ele>240.8</ele>
    <time>2025-11-26T10:21:53Z</time>
   </trkpt>
   <trkpt lat="31.0716970" lon="75.7822680">
    <ele>240.8</ele>
    <time>2025-11-26T10:21:54Z</time>
   </trkpt>
   <trkpt lat="31.0717820" lon="75.7822620">
    <ele>240.8</ele>
    <time>2025-11-26T10:21:55Z</time>
   </trkpt>
   <trkpt lat="31.0718660" lon="75.7822600">
    <ele>240.8</ele>
    <time>2025-11-26T10:21:56Z</time>
   </trkpt>
   <trkpt lat="31.0719500" lon="75.7822520">
    <ele>240.8</ele>
    <time>2025-11-26T10:21:57Z</time>
   </trkpt>
   <trkpt lat="31.0720340" lon="75.7822440">
    <ele>240.8</ele>
    <time>2025-11-26T10:21:58Z</time>
   </trkpt>
   <trkpt lat="31.0721150" lon="75.7822370">
    <ele>240.9</ele>
    <time>2025-11-26T10:21:59Z</time>
   </trkpt>
   <trkpt lat="31.0721960" lon="75.7822320">
    <ele>240.9</ele>
    <time>2025-11-26T10:22:00Z</time>
   </trkpt>
   <trkpt lat="31.0722760" lon="75.7822240">
    <ele>241.0</ele>
    <time>2025-11-26T10:22:01Z</time>
   </trkpt>
   <trkpt lat="31.0723570" lon="75.7822150">
    <ele>241.0</ele>
    <time>2025-11-26T10:22:02Z</time>
   </trkpt>
   <trkpt lat="31.0724360" lon="75.7822070">
    <ele>241.0</ele>
    <time>2025-11-26T10:22:03Z</time>
   </trkpt>
   <trkpt lat="31.0725130" lon="75.7821980">
    <ele>241.1</ele>
    <time>2025-11-26T10:22:04Z</time>
   </trkpt>
   <trkpt lat="31.0725910" lon="75.7821890">
    <ele>241.2</ele>
    <time>2025-11-26T10:22:05Z</time>
   </trkpt>
   <trkpt lat="31.0726670" lon="75.7821790">
    <ele>241.3</ele>
    <time>2025-11-26T10:22:06Z</time>
   </trkpt>
   <trkpt lat="31.0727430" lon="75.7821690">
    <ele>241.3</ele>
    <time>2025-11-26T10:22:07Z</time>
   </trkpt>
   <trkpt lat="31.0728190" lon="75.7821620">
    <ele>241.3</ele>
    <time>2025-11-26T10:22:08Z</time>
   </trkpt>
   <trkpt lat="31.0728920" lon="75.7821510">
    <ele>241.3</ele>
    <time>2025-11-26T10:22:09Z</time>
   </trkpt>
   <trkpt lat="31.0729660" lon="75.7821420">
    <ele>241.3</ele>
    <time>2025-11-26T10:22:10Z</time>
   </trkpt>
   <trkpt lat="31.0730390" lon="75.7821330">
    <ele>241.3</ele>
    <time>2025-11-26T10:22:11Z</time>
   </trkpt>
   <trkpt lat="31.0731130" lon="75.7821230">
    <ele>241.3</ele>
    <time>2025-11-26T10:22:12Z</time>
   </trkpt>
   <trkpt lat="31.0731870" lon="75.7821140">
    <ele>241.2</ele>
    <time>2025-11-26T10:22:13Z</time>
   </trkpt>
   <trkpt lat="31.0732590" lon="75.7821050">
    <ele>241.2</ele>
    <time>2025-11-26T10:22:14Z</time>
   </trkpt>
   <trkpt lat="31.0733320" lon="75.7820960">
    <ele>241.2</ele>
    <time>2025-11-26T10:22:15Z</time>
   </trkpt>
   <trkpt lat="31.0734060" lon="75.7820870">
    <ele>241.2</ele>
    <time>2025-11-26T10:22:16Z</time>
   </trkpt>
   <trkpt lat="31.0734800" lon="75.7820750">
    <ele>241.2</ele>
    <time>2025-11-26T10:22:17Z</time>
   </trkpt>
   <trkpt lat="31.0735540" lon="75.7820670">
    <ele>241.2</ele>
    <time>2025-11-26T10:22:18Z</time>
   </trkpt>
   <trkpt lat="31.0736270" lon="75.7820580">
    <ele>241.1</ele>
    <time>2025-11-26T10:22:19Z</time>
   </trkpt>
   <trkpt lat="31.0737020" lon="75.7820470">
    <ele>241.1</ele>
    <time>2025-11-26T10:22:20Z</time>
   </trkpt>
   <trkpt lat="31.0737770" lon="75.7820370">
    <ele>241.1</ele>
    <time>2025-11-26T10:22:21Z</time>
   </trkpt>
   <trkpt lat="31.0738520" lon="75.7820280">
    <ele>241.1</ele>
    <time>2025-11-26T10:22:22Z</time>
   </trkpt>
   <trkpt lat="31.0739260" lon="75.7820180">
    <ele>241.1</ele>
    <time>2025-11-26T10:22:23Z</time>
   </trkpt>
   <trkpt lat="31.0740010" lon="75.7820090">
    <ele>241.1</ele>
    <time>2025-11-26T10:22:24Z</time>
   </trkpt>
   <trkpt lat="31.0740770" lon="75.7819990">
    <ele>241.1</ele>
    <time>2025-11-26T10:22:25Z</time>
   </trkpt>
   <trkpt lat="31.0741530" lon="75.7819890">
    <ele>241.2</ele>
    <time>2025-11-26T10:22:27Z</time>
   </trkpt>
   <trkpt lat="31.0742280" lon="75.7819790">
    <ele>241.2</ele>
    <time>2025-11-26T10:22:28Z</time>
   </trkpt>
   <trkpt lat="31.0743040" lon="75.7819690">
    <ele>241.2</ele>
    <time>2025-11-26T10:22:29Z</time>
   </trkpt>
   <trkpt lat="31.0743810" lon="75.7819600">
    <ele>241.2</ele>
    <time>2025-11-26T10:22:30Z</time>
   </trkpt>
   <trkpt lat="31.0744580" lon="75.7819490">
    <ele>241.2</ele>
    <time>2025-11-26T10:22:31Z</time>
   </trkpt>
   <trkpt lat="31.0745330" lon="75.7819420">
    <ele>241.2</ele>
    <time>2025-11-26T10:22:32Z</time>
   </trkpt>
   <trkpt lat="31.0746090" lon="75.7819320">
    <ele>241.2</ele>
    <time>2025-11-26T10:22:33Z</time>
   </trkpt>
   <trkpt lat="31.0746850" lon="75.7819220">
    <ele>241.2</ele>
    <time>2025-11-26T10:22:34Z</time>
   </trkpt>
   <trkpt lat="31.0747610" lon="75.7819130">
    <ele>241.2</ele>
    <time>2025-11-26T10:22:35Z</time>
   </trkpt>
   <trkpt lat="31.0748360" lon="75.7819030">
    <ele>241.2</ele>
    <time>2025-11-26T10:22:36Z</time>
   </trkpt>
   <trkpt lat="31.0749110" lon="75.7818920">
    <ele>241.2</ele>
    <time>2025-11-26T10:22:37Z</time>
   </trkpt>
   <trkpt lat="31.0749860" lon="75.7818830">
    <ele>241.2</ele>
    <time>2025-11-26T10:22:38Z</time>
   </trkpt>
   <trkpt lat="31.0750600" lon="75.7818720">
    <ele>241.2</ele>
    <time>2025-11-26T10:22:39Z</time>
   </trkpt>
   <trkpt lat="31.0751350" lon="75.7818630">
    <ele>241.2</ele>
    <time>2025-11-26T10:22:40Z</time>
   </trkpt>
   <trkpt lat="31.0752100" lon="75.7818530">
    <ele>241.2</ele>
    <time>2025-11-26T10:22:41Z</time>
   </trkpt>
   <trkpt lat="31.0752850" lon="75.7818440">
    <ele>241.2</ele>
    <time>2025-11-26T10:22:42Z</time>
   </trkpt>
   <trkpt lat="31.0753580" lon="75.7818330">
    <ele>241.2</ele>
    <time>2025-11-26T10:22:43Z</time>
   </trkpt>
   <trkpt lat="31.0754310" lon="75.7818240">
    <ele>241.2</ele>
    <time>2025-11-26T10:22:44Z</time>
   </trkpt>
   <trkpt lat="31.0755010" lon="75.7818160">
    <ele>241.2</ele>
    <time>2025-11-26T10:22:45Z</time>
   </trkpt>
   <trkpt lat="31.0755730" lon="75.7818060">
    <ele>241.2</ele>
    <time>2025-11-26T10:22:46Z</time>
   </trkpt>
   <trkpt lat="31.0757140" lon="75.7817870">
    <ele>241.2</ele>
    <time>2025-11-26T10:22:47Z</time>
   </trkpt>
   <trkpt lat="31.0757850" lon="75.7817780">
    <ele>241.2</ele>
    <time>2025-11-26T10:22:48Z</time>
   </trkpt>
   <trkpt lat="31.0758560" lon="75.7817700">
    <ele>241.2</ele>
    <time>2025-11-26T10:22:49Z</time>
   </trkpt>
   <trkpt lat="31.0759280" lon="75.7817610">
    <ele>241.2</ele>
    <time>2025-11-26T10:22:50Z</time>
   </trkpt>
   <trkpt lat="31.0760010" lon="75.7817520">
    <ele>241.1</ele>
    <time>2025-11-26T10:22:51Z</time>
   </trkpt>
   <trkpt lat="31.0760730" lon="75.7817420">
    <ele>241.1</ele>
    <time>2025-11-26T10:22:52Z</time>
   </trkpt>
   <trkpt lat="31.0761440" lon="75.7817330">
    <ele>241.0</ele>
    <time>2025-11-26T10:22:53Z</time>
   </trkpt>
   <trkpt lat="31.0762170" lon="75.7817240">
    <ele>241.0</ele>
    <time>2025-11-26T10:22:54Z</time>
   </trkpt>
   <trkpt lat="31.0762870" lon="75.7817140">
    <ele>241.0</ele>
    <time>2025-11-26T10:22:55Z</time>
   </trkpt>
   <trkpt lat="31.0763580" lon="75.7817050">
    <ele>241.0</ele>
    <time>2025-11-26T10:22:56Z</time>
   </trkpt>
   <trkpt lat="31.0764290" lon="75.7816950">
    <ele>240.9</ele>
    <time>2025-11-26T10:22:57Z</time>
   </trkpt>
   <trkpt lat="31.0765020" lon="75.7816860">
    <ele>240.9</ele>
    <time>2025-11-26T10:22:58Z</time>
   </trkpt>
   <trkpt lat="31.0765720" lon="75.7816770">
    <ele>240.9</ele>
    <time>2025-11-26T10:22:59Z</time>
   </trkpt>
   <trkpt lat="31.0766440" lon="75.7816690">
    <ele>240.9</ele>
    <time>2025-11-26T10:23:00Z</time>
   </trkpt>
   <trkpt lat="31.0767140" lon="75.7816590">
    <ele>240.9</ele>
    <time>2025-11-26T10:23:01Z</time>
   </trkpt>
   <trkpt lat="31.0767850" lon="75.7816500">
    <ele>240.9</ele>
    <time>2025-11-26T10:23:02Z</time>
   </trkpt>
   <trkpt lat="31.0768550" lon="75.7816400">
    <ele>240.9</ele>
    <time>2025-11-26T10:23:03Z</time>
   </trkpt>
   <trkpt lat="31.0769250" lon="75.7816320">
    <ele>240.9</ele>
    <time>2025-11-26T10:23:04Z</time>
   </trkpt>
   <trkpt lat="31.0769960" lon="75.7816220">
    <ele>240.8</ele>
    <time>2025-11-26T10:23:05Z</time>
   </trkpt>
   <trkpt lat="31.0770670" lon="75.7816130">
    <ele>240.8</ele>
    <time>2025-11-26T10:23:06Z</time>
   </trkpt>
   <trkpt lat="31.0771380" lon="75.7816060">
    <ele>240.8</ele>
    <time>2025-11-26T10:23:07Z</time>
   </trkpt>
   <trkpt lat="31.0772110" lon="75.7815980">
    <ele>240.7</ele>
    <time>2025-11-26T10:23:08Z</time>
   </trkpt>
   <trkpt lat="31.0772810" lon="75.7815880">
    <ele>240.7</ele>
    <time>2025-11-26T10:23:09Z</time>
   </trkpt>
   <trkpt lat="31.0773540" lon="75.7815780">
    <ele>240.7</ele>
    <time>2025-11-26T10:23:10Z</time>
   </trkpt>
   <trkpt lat="31.0774250" lon="75.7815680">
    <ele>240.6</ele>
    <time>2025-11-26T10:23:11Z</time>
   </trkpt>
   <trkpt lat="31.0774980" lon="75.7815590">
    <ele>240.6</ele>
    <time>2025-11-26T10:23:12Z</time>
   </trkpt>
   <trkpt lat="31.0775710" lon="75.7815510">
    <ele>240.6</ele>
    <time>2025-11-26T10:23:13Z</time>
   </trkpt>
   <trkpt lat="31.0776450" lon="75.7815420">
    <ele>240.6</ele>
    <time>2025-11-26T10:23:14Z</time>
   </trkpt>
   <trkpt lat="31.0777170" lon="75.7815330">
    <ele>240.6</ele>
    <time>2025-11-26T10:23:15Z</time>
   </trkpt>
   <trkpt lat="31.0777900" lon="75.7815220">
    <ele>240.6</ele>
    <time>2025-11-26T10:23:16Z</time>
   </trkpt>
   <trkpt lat="31.0778620" lon="75.7815100">
    <ele>240.6</ele>
    <time>2025-11-26T10:23:17Z</time>
   </trkpt>
   <trkpt lat="31.0779340" lon="75.7815020">
    <ele>240.6</ele>
    <time>2025-11-26T10:23:18Z</time>
   </trkpt>
   <trkpt lat="31.0780070" lon="75.7814920">
    <ele>240.6</ele>
    <time>2025-11-26T10:23:19Z</time>
   </trkpt>
   <trkpt lat="31.0780800" lon="75.7814840">
    <ele>240.6</ele>
    <time>2025-11-26T10:23:20Z</time>
   </trkpt>
   <trkpt lat="31.0781530" lon="75.7814760">
    <ele>240.6</ele>
    <time>2025-11-26T10:23:21Z</time>
   </trkpt>
   <trkpt lat="31.0782270" lon="75.7814670">
    <ele>240.6</ele>
    <time>2025-11-26T10:23:22Z</time>
   </trkpt>
   <trkpt lat="31.0783020" lon="75.7814580">
    <ele>240.5</ele>
    <time>2025-11-26T10:23:23Z</time>
   </trkpt>
   <trkpt lat="31.0783760" lon="75.7814470">
    <ele>240.5</ele>
    <time>2025-11-26T10:23:24Z</time>
   </trkpt>
   <trkpt lat="31.0784490" lon="75.7814360">
    <ele>240.5</ele>
    <time>2025-11-26T10:23:25Z</time>
   </trkpt>
   <trkpt lat="31.0785230" lon="75.7814270">
    <ele>240.5</ele>
    <time>2025-11-26T10:23:26Z</time>
   </trkpt>
   <trkpt lat="31.0785960" lon="75.7814170">
    <ele>240.5</ele>
    <time>2025-11-26T10:23:27Z</time>
   </trkpt>
   <trkpt lat="31.0786700" lon="75.7814080">
    <ele>240.5</ele>
    <time>2025-11-26T10:23:28Z</time>
   </trkpt>
   <trkpt lat="31.0787420" lon="75.7813990">
    <ele>240.5</ele>
    <time>2025-11-26T10:23:29Z</time>
   </trkpt>
   <trkpt lat="31.0788150" lon="75.7813900">
    <ele>240.5</ele>
    <time>2025-11-26T10:23:30Z</time>
   </trkpt>
   <trkpt lat="31.0788870" lon="75.7813790">
    <ele>240.5</ele>
    <time>2025-11-26T10:23:31Z</time>
   </trkpt>
   <trkpt lat="31.0789600" lon="75.7813710">
    <ele>240.5</ele>
    <time>2025-11-26T10:23:32Z</time>
   </trkpt>
   <trkpt lat="31.0790300" lon="75.7813630">
    <ele>240.4</ele>
    <time>2025-11-26T10:23:33Z</time>
   </trkpt>
   <trkpt lat="31.0791030" lon="75.7813580">
    <ele>240.4</ele>
    <time>2025-11-26T10:23:34Z</time>
   </trkpt>
   <trkpt lat="31.0791720" lon="75.7813480">
    <ele>240.4</ele>
    <time>2025-11-26T10:23:35Z</time>
   </trkpt>
   <trkpt lat="31.0792430" lon="75.7813390">
    <ele>240.4</ele>
    <time>2025-11-26T10:23:36Z</time>
   </trkpt>
   <trkpt lat="31.0793130" lon="75.7813290">
    <ele>240.4</ele>
    <time>2025-11-26T10:23:37Z</time>
   </trkpt>
   <trkpt lat="31.0793840" lon="75.7813210">
    <ele>240.4</ele>
    <time>2025-11-26T10:23:38Z</time>
   </trkpt>
   <trkpt lat="31.0794560" lon="75.7813110">
    <ele>240.4</ele>
    <time>2025-11-26T10:23:39Z</time>
   </trkpt>
   <trkpt lat="31.0795280" lon="75.7813050">
    <ele>240.4</ele>
    <time>2025-11-26T10:23:40Z</time>
   </trkpt>
   <trkpt lat="31.0796010" lon="75.7812960">
    <ele>240.4</ele>
    <time>2025-11-26T10:23:41Z</time>
   </trkpt>
   <trkpt lat="31.0796730" lon="75.7812900">
    <ele>240.4</ele>
    <time>2025-11-26T10:23:42Z</time>
   </trkpt>
   <trkpt lat="31.0797450" lon="75.7812810">
    <ele>240.5</ele>
    <time>2025-11-26T10:23:43Z</time>
   </trkpt>
   <trkpt lat="31.0798150" lon="75.7812720">
    <ele>240.5</ele>
    <time>2025-11-26T10:23:44Z</time>
   </trkpt>
   <trkpt lat="31.0798870" lon="75.7812620">
    <ele>240.5</ele>
    <time>2025-11-26T10:23:45Z</time>
   </trkpt>
   <trkpt lat="31.0799590" lon="75.7812530">
    <ele>240.5</ele>
    <time>2025-11-26T10:23:46Z</time>
   </trkpt>
   <trkpt lat="31.0800320" lon="75.7812450">
    <ele>240.6</ele>
    <time>2025-11-26T10:23:47Z</time>
   </trkpt>
   <trkpt lat="31.0801060" lon="75.7812360">
    <ele>240.6</ele>
    <time>2025-11-26T10:23:48Z</time>
   </trkpt>
   <trkpt lat="31.0801800" lon="75.7812260">
    <ele>240.6</ele>
    <time>2025-11-26T10:23:49Z</time>
   </trkpt>
   <trkpt lat="31.0802550" lon="75.7812160">
    <ele>240.6</ele>
    <time>2025-11-26T10:23:50Z</time>
   </trkpt>
   <trkpt lat="31.0803300" lon="75.7812060">
    <ele>240.6</ele>
    <time>2025-11-26T10:23:52Z</time>
   </trkpt>
   <trkpt lat="31.0804040" lon="75.7811970">
    <ele>240.5</ele>
    <time>2025-11-26T10:23:53Z</time>
   </trkpt>
   <trkpt lat="31.0804780" lon="75.7811890">
    <ele>240.5</ele>
    <time>2025-11-26T10:23:54Z</time>
   </trkpt>
   <trkpt lat="31.0805510" lon="75.7811800">
    <ele>240.5</ele>
    <time>2025-11-26T10:23:55Z</time>
   </trkpt>
   <trkpt lat="31.0806220" lon="75.7811700">
    <ele>240.5</ele>
    <time>2025-11-26T10:23:56Z</time>
   </trkpt>
   <trkpt lat="31.0806960" lon="75.7811620">
    <ele>240.5</ele>
    <time>2025-11-26T10:23:57Z</time>
   </trkpt>
   <trkpt lat="31.0807680" lon="75.7811540">
    <ele>240.5</ele>
    <time>2025-11-26T10:23:58Z</time>
   </trkpt>
   <trkpt lat="31.0808400" lon="75.7811450">
    <ele>240.5</ele>
    <time>2025-11-26T10:23:59Z</time>
   </trkpt>
   <trkpt lat="31.0809130" lon="75.7811350">
    <ele>240.6</ele>
    <time>2025-11-26T10:24:00Z</time>
   </trkpt>
   <trkpt lat="31.0809840" lon="75.7811260">
    <ele>240.6</ele>
    <time>2025-11-26T10:24:01Z</time>
   </trkpt>
   <trkpt lat="31.0810550" lon="75.7811170">
    <ele>240.6</ele>
    <time>2025-11-26T10:24:02Z</time>
   </trkpt>
   <trkpt lat="31.0811270" lon="75.7811080">
    <ele>240.6</ele>
    <time>2025-11-26T10:24:03Z</time>
   </trkpt>
   <trkpt lat="31.0811960" lon="75.7811020">
    <ele>240.7</ele>
    <time>2025-11-26T10:24:04Z</time>
   </trkpt>
   <trkpt lat="31.0812660" lon="75.7810970">
    <ele>240.7</ele>
    <time>2025-11-26T10:24:05Z</time>
   </trkpt>
   <trkpt lat="31.0813350" lon="75.7810910">
    <ele>240.7</ele>
    <time>2025-11-26T10:24:06Z</time>
   </trkpt>
   <trkpt lat="31.0814040" lon="75.7810840">
    <ele>240.7</ele>
    <time>2025-11-26T10:24:07Z</time>
   </trkpt>
   <trkpt lat="31.0814740" lon="75.7810810">
    <ele>240.7</ele>
    <time>2025-11-26T10:24:08Z</time>
   </trkpt>
   <trkpt lat="31.0815410" lon="75.7810770">
    <ele>240.8</ele>
    <time>2025-11-26T10:24:09Z</time>
   </trkpt>
   <trkpt lat="31.0816100" lon="75.7810730">
    <ele>240.8</ele>
    <time>2025-11-26T10:24:10Z</time>
   </trkpt>
   <trkpt lat="31.0816790" lon="75.7810700">
    <ele>240.9</ele>
    <time>2025-11-26T10:24:11Z</time>
   </trkpt>
   <trkpt lat="31.0817470" lon="75.7810600">
    <ele>240.9</ele>
    <time>2025-11-26T10:24:12Z</time>
   </trkpt>
   <trkpt lat="31.0818180" lon="75.7810550">
    <ele>241.0</ele>
    <time>2025-11-26T10:24:13Z</time>
   </trkpt>
   <trkpt lat="31.0818900" lon="75.7810490">
    <ele>241.0</ele>
    <time>2025-11-26T10:24:14Z</time>
   </trkpt>
   <trkpt lat="31.0819610" lon="75.7810450">
    <ele>241.1</ele>
    <time>2025-11-26T10:24:15Z</time>
   </trkpt>
   <trkpt lat="31.0820310" lon="75.7810400">
    <ele>241.1</ele>
    <time>2025-11-26T10:24:16Z</time>
   </trkpt>
   <trkpt lat="31.0821020" lon="75.7810350">
    <ele>241.1</ele>
    <time>2025-11-26T10:24:17Z</time>
   </trkpt>
   <trkpt lat="31.0821730" lon="75.7810270">
    <ele>241.2</ele>
    <time>2025-11-26T10:24:18Z</time>
   </trkpt>
   <trkpt lat="31.0822430" lon="75.7810190">
    <ele>241.2</ele>
    <time>2025-11-26T10:24:19Z</time>
   </trkpt>
   <trkpt lat="31.0823130" lon="75.7810060">
    <ele>241.3</ele>
    <time>2025-11-26T10:24:20Z</time>
   </trkpt>
   <trkpt lat="31.0823820" lon="75.7809930">
    <ele>241.3</ele>
    <time>2025-11-26T10:24:21Z</time>
   </trkpt>
   <trkpt lat="31.0824510" lon="75.7809830">
    <ele>241.4</ele>
    <time>2025-11-26T10:24:22Z</time>
   </trkpt>
   <trkpt lat="31.0825200" lon="75.7809740">
    <ele>241.4</ele>
    <time>2025-11-26T10:24:23Z</time>
   </trkpt>
   <trkpt lat="31.0825870" lon="75.7809660">
    <ele>241.5</ele>
    <time>2025-11-26T10:24:24Z</time>
   </trkpt>
   <trkpt lat="31.0826530" lon="75.7809600">
    <ele>241.6</ele>
    <time>2025-11-26T10:24:25Z</time>
   </trkpt>
   <trkpt lat="31.0827160" lon="75.7809520">
    <ele>241.7</ele>
    <time>2025-11-26T10:24:26Z</time>
   </trkpt>
   <trkpt lat="31.0827810" lon="75.7809440">
    <ele>241.8</ele>
    <time>2025-11-26T10:24:27Z</time>
   </trkpt>
   <trkpt lat="31.0828430" lon="75.7809350">
    <ele>241.9</ele>
    <time>2025-11-26T10:24:28Z</time>
   </trkpt>
   <trkpt lat="31.0829030" lon="75.7809270">
    <ele>242.0</ele>
    <time>2025-11-26T10:24:29Z</time>
   </trkpt>
   <trkpt lat="31.0829610" lon="75.7809190">
    <ele>242.2</ele>
    <time>2025-11-26T10:24:30Z</time>
   </trkpt>
   <trkpt lat="31.0830200" lon="75.7809120">
    <ele>242.3</ele>
    <time>2025-11-26T10:24:31Z</time>
   </trkpt>
   <trkpt lat="31.0830780" lon="75.7809050">
    <ele>242.5</ele>
    <time>2025-11-26T10:24:32Z</time>
   </trkpt>
   <trkpt lat="31.0831350" lon="75.7808980">
    <ele>242.7</ele>
    <time>2025-11-26T10:24:33Z</time>
   </trkpt>
   <trkpt lat="31.0831900" lon="75.7808900">
    <ele>242.9</ele>
    <time>2025-11-26T10:24:34Z</time>
   </trkpt>
   <trkpt lat="31.0832470" lon="75.7808850">
    <ele>243.0</ele>
    <time>2025-11-26T10:24:35Z</time>
   </trkpt>
   <trkpt lat="31.0832990" lon="75.7808780">
    <ele>243.2</ele>
    <time>2025-11-26T10:24:36Z</time>
   </trkpt>
   <trkpt lat="31.0833540" lon="75.7808700">
    <ele>243.4</ele>
    <time>2025-11-26T10:24:37Z</time>
   </trkpt>
   <trkpt lat="31.0834080" lon="75.7808630">
    <ele>243.6</ele>
    <time>2025-11-26T10:24:38Z</time>
   </trkpt>
   <trkpt lat="31.0834640" lon="75.7808560">
    <ele>243.9</ele>
    <time>2025-11-26T10:24:39Z</time>
   </trkpt>
   <trkpt lat="31.0835190" lon="75.7808520">
    <ele>244.1</ele>
    <time>2025-11-26T10:24:40Z</time>
   </trkpt>
   <trkpt lat="31.0835810" lon="75.7808420">
    <ele>244.4</ele>
    <time>2025-11-26T10:24:41Z</time>
   </trkpt>
   <trkpt lat="31.0836430" lon="75.7808360">
    <ele>244.6</ele>
    <time>2025-11-26T10:24:42Z</time>
   </trkpt>
   <trkpt lat="31.0837070" lon="75.7808300">
    <ele>244.9</ele>
    <time>2025-11-26T10:24:43Z</time>
   </trkpt>
   <trkpt lat="31.0837720" lon="75.7808200">
    <ele>245.2</ele>
    <time>2025-11-26T10:24:44Z</time>
   </trkpt>
   <trkpt lat="31.0838420" lon="75.7808110">
    <ele>245.4</ele>
    <time>2025-11-26T10:24:45Z</time>
   </trkpt>
   <trkpt lat="31.0839070" lon="75.7808030">
    <ele>245.6</ele>
    <time>2025-11-26T10:24:46Z</time>
   </trkpt>
   <trkpt lat="31.0839770" lon="75.7807980">
    <ele>245.9</ele>
    <time>2025-11-26T10:24:47Z</time>
   </trkpt>
   <trkpt lat="31.0841180" lon="75.7807850">
    <ele>246.4</ele>
    <time>2025-11-26T10:24:48Z</time>
   </trkpt>
   <trkpt lat="31.0841800" lon="75.7807660">
    <ele>246.6</ele>
    <time>2025-11-26T10:24:49Z</time>
   </trkpt>
   <trkpt lat="31.0842390" lon="75.7807580">
    <ele>246.8</ele>
    <time>2025-11-26T10:24:50Z</time>
   </trkpt>
   <trkpt lat="31.0842950" lon="75.7807530">
    <ele>246.9</ele>
    <time>2025-11-26T10:24:51Z</time>
   </trkpt>
   <trkpt lat="31.0843510" lon="75.7807480">
    <ele>247.1</ele>
    <time>2025-11-26T10:24:52Z</time>
   </trkpt>
   <trkpt lat="31.0844120" lon="75.7807410">
    <ele>247.2</ele>
    <time>2025-11-26T10:24:53Z</time>
   </trkpt>
   <trkpt lat="31.0844790" lon="75.7807330">
    <ele>247.4</ele>
    <time>2025-11-26T10:24:54Z</time>
   </trkpt>
   <trkpt lat="31.0845490" lon="75.7807250">
    <ele>247.5</ele>
    <time>2025-11-26T10:24:55Z</time>
   </trkpt>
   <trkpt lat="31.0846200" lon="75.7807160">
    <ele>247.7</ele>
    <time>2025-11-26T10:24:56Z</time>
   </trkpt>
   <trkpt lat="31.0846930" lon="75.7807100">
    <ele>247.8</ele>
    <time>2025-11-26T10:24:57Z</time>
   </trkpt>
   <trkpt lat="31.0847680" lon="75.7806980">
    <ele>248.0</ele>
    <time>2025-11-26T10:24:58Z</time>
   </trkpt>
   <trkpt lat="31.0848450" lon="75.7806860">
    <ele>248.1</ele>
    <time>2025-11-26T10:24:59Z</time>
   </trkpt>
   <trkpt lat="31.0849210" lon="75.7806770">
    <ele>248.2</ele>
    <time>2025-11-26T10:25:00Z</time>
   </trkpt>
   <trkpt lat="31.0849920" lon="75.7806670">
    <ele>248.3</ele>
    <time>2025-11-26T10:25:01Z</time>
   </trkpt>
   <trkpt lat="31.0850620" lon="75.7806580">
    <ele>248.4</ele>
    <time>2025-11-26T10:25:02Z</time>
   </trkpt>
   <trkpt lat="31.0851330" lon="75.7806500">
    <ele>248.5</ele>
    <time>2025-11-26T10:25:03Z</time>
   </trkpt>
   <trkpt lat="31.0852010" lon="75.7806420">
    <ele>248.6</ele>
    <time>2025-11-26T10:25:04Z</time>
   </trkpt>
   <trkpt lat="31.0852700" lon="75.7806340">
    <ele>248.7</ele>
    <time>2025-11-26T10:25:05Z</time>
   </trkpt>
   <trkpt lat="31.0853360" lon="75.7806280">
    <ele>248.7</ele>
    <time>2025-11-26T10:25:06Z</time>
   </trkpt>
   <trkpt lat="31.0854020" lon="75.7806190">
    <ele>248.8</ele>
    <time>2025-11-26T10:25:07Z</time>
   </trkpt>
   <trkpt lat="31.0854680" lon="75.7806090">
    <ele>248.8</ele>
    <time>2025-11-26T10:25:08Z</time>
   </trkpt>
   <trkpt lat="31.0855320" lon="75.7806020">
    <ele>248.8</ele>
    <time>2025-11-26T10:25:09Z</time>
   </trkpt>
   <trkpt lat="31.0855930" lon="75.7805940">
    <ele>248.9</ele>
    <time>2025-11-26T10:25:10Z</time>
   </trkpt>
   <trkpt lat="31.0856510" lon="75.7805890">
    <ele>248.9</ele>
    <time>2025-11-26T10:25:11Z</time>
   </trkpt>
   <trkpt lat="31.0857130" lon="75.7805820">
    <ele>248.9</ele>
    <time>2025-11-26T10:25:12Z</time>
   </trkpt>
   <trkpt lat="31.0857730" lon="75.7805730">
    <ele>248.9</ele>
    <time>2025-11-26T10:25:13Z</time>
   </trkpt>
   <trkpt lat="31.0858300" lon="75.7805650">
    <ele>248.9</ele>
    <time>2025-11-26T10:25:14Z</time>
   </trkpt>
   <trkpt lat="31.0858840" lon="75.7805590">
    <ele>248.9</ele>
    <time>2025-11-26T10:25:15Z</time>
   </trkpt>
   <trkpt lat="31.0859380" lon="75.7805520">
    <ele>248.9</ele>
    <time>2025-11-26T10:25:16Z</time>
   </trkpt>
   <trkpt lat="31.0859900" lon="75.7805450">
    <ele>248.9</ele>
    <time>2025-11-26T10:25:17Z</time>
   </trkpt>
   <trkpt lat="31.0860420" lon="75.7805420">
    <ele>248.8</ele>
    <time>2025-11-26T10:25:18Z</time>
   </trkpt>
   <trkpt lat="31.0860960" lon="75.7805370">
    <ele>248.8</ele>
    <time>2025-11-26T10:25:19Z</time>
   </trkpt>
   <trkpt lat="31.0861530" lon="75.7805310">
    <ele>248.7</ele>
    <time>2025-11-26T10:25:20Z</time>
   </trkpt>
   <trkpt lat="31.0862090" lon="75.7805220">
    <ele>248.7</ele>
    <time>2025-11-26T10:25:21Z</time>
   </trkpt>
   <trkpt lat="31.0862660" lon="75.7805140">
    <ele>248.6</ele>
    <time>2025-11-26T10:25:22Z</time>
   </trkpt>
   <trkpt lat="31.0863250" lon="75.7805050">
    <ele>248.6</ele>
    <time>2025-11-26T10:25:23Z</time>
   </trkpt>
   <trkpt lat="31.0863840" lon="75.7805010">
    <ele>248.5</ele>
    <time>2025-11-26T10:25:24Z</time>
   </trkpt>
   <trkpt lat="31.0864430" lon="75.7804930">
    <ele>248.4</ele>
    <time>2025-11-26T10:25:25Z</time>
   </trkpt>
   <trkpt lat="31.0865040" lon="75.7804830">
    <ele>248.3</ele>
    <time>2025-11-26T10:25:26Z</time>
   </trkpt>
   <trkpt lat="31.0865650" lon="75.7804740">
    <ele>248.2</ele>
    <time>2025-11-26T10:25:27Z</time>
   </trkpt>
   <trkpt lat="31.0866260" lon="75.7804660">
    <ele>248.1</ele>
    <time>2025-11-26T10:25:28Z</time>
   </trkpt>
   <trkpt lat="31.0866890" lon="75.7804570">
    <ele>248.0</ele>
    <time>2025-11-26T10:25:29Z</time>
   </trkpt>
   <trkpt lat="31.0867530" lon="75.7804500">
    <ele>247.8</ele>
    <time>2025-11-26T10:25:30Z</time>
   </trkpt>
   <trkpt lat="31.0868180" lon="75.7804420">
    <ele>247.7</ele>
    <time>2025-11-26T10:25:31Z</time>
   </trkpt>
   <trkpt lat="31.0868850" lon="75.7804340">
    <ele>247.5</ele>
    <time>2025-11-26T10:25:32Z</time>
   </trkpt>
   <trkpt lat="31.0869520" lon="75.7804260">
    <ele>247.4</ele>
    <time>2025-11-26T10:25:33Z</time>
   </trkpt>
   <trkpt lat="31.0870210" lon="75.7804170">
    <ele>247.2</ele>
    <time>2025-11-26T10:25:34Z</time>
   </trkpt>
   <trkpt lat="31.0870900" lon="75.7804080">
    <ele>247.0</ele>
    <time>2025-11-26T10:25:35Z</time>
   </trkpt>
   <trkpt lat="31.0871600" lon="75.7803970">
    <ele>246.8</ele>
    <time>2025-11-26T10:25:36Z</time>
   </trkpt>
   <trkpt lat="31.0872310" lon="75.7803870">
    <ele>246.6</ele>
    <time>2025-11-26T10:25:37Z</time>
   </trkpt>
   <trkpt lat="31.0873020" lon="75.7803770">
    <ele>246.3</ele>
    <time>2025-11-26T10:25:38Z</time>
   </trkpt>
   <trkpt lat="31.0873730" lon="75.7803690">
    <ele>246.1</ele>
    <time>2025-11-26T10:25:39Z</time>
   </trkpt>
   <trkpt lat="31.0874460" lon="75.7803630">
    <ele>245.8</ele>
    <time>2025-11-26T10:25:40Z</time>
   </trkpt>
   <trkpt lat="31.0875250" lon="75.7803440">
    <ele>245.5</ele>
    <time>2025-11-26T10:25:41Z</time>
   </trkpt>
   <trkpt lat="31.0876040" lon="75.7803440">
    <ele>245.2</ele>
    <time>2025-11-26T10:25:42Z</time>
   </trkpt>
   <trkpt lat="31.0876770" lon="75.7803360">
    <ele>245.0</ele>
    <time>2025-11-26T10:25:43Z</time>
   </trkpt>
   <trkpt lat="31.0877440" lon="75.7803240">
    <ele>244.7</ele>
    <time>2025-11-26T10:25:44Z</time>
   </trkpt>
   <trkpt lat="31.0878130" lon="75.7803100">
    <ele>244.4</ele>
    <time>2025-11-26T10:25:45Z</time>
   </trkpt>
   <trkpt lat="31.0878820" lon="75.7803120">
    <ele>244.1</ele>
    <time>2025-11-26T10:25:46Z</time>
   </trkpt>
   <trkpt lat="31.0879590" lon="75.7802970">
    <ele>243.8</ele>
    <time>2025-11-26T10:25:47Z</time>
   </trkpt>
   <trkpt lat="31.0880300" lon="75.7802850">
    <ele>243.5</ele>
    <time>2025-11-26T10:25:48Z</time>
   </trkpt>
   <trkpt lat="31.0881040" lon="75.7802750">
    <ele>243.2</ele>
    <time>2025-11-26T10:25:49Z</time>
   </trkpt>
   <trkpt lat="31.0881790" lon="75.7802660">
    <ele>242.9</ele>
    <time>2025-11-26T10:25:50Z</time>
   </trkpt>
   <trkpt lat="31.0882550" lon="75.7802590">
    <ele>242.6</ele>
    <time>2025-11-26T10:25:51Z</time>
   </trkpt>
   <trkpt lat="31.0883350" lon="75.7802500">
    <ele>242.3</ele>
    <time>2025-11-26T10:25:52Z</time>
   </trkpt>
   <trkpt lat="31.0884210" lon="75.7802370">
    <ele>242.0</ele>
    <time>2025-11-26T10:25:53Z</time>
   </trkpt>
   <trkpt lat="31.0884910" lon="75.7802270">
    <ele>241.7</ele>
    <time>2025-11-26T10:25:54Z</time>
   </trkpt>
   <trkpt lat="31.0885680" lon="75.7802150">
    <ele>241.5</ele>
    <time>2025-11-26T10:25:55Z</time>
   </trkpt>
   <trkpt lat="31.0886480" lon="75.7802060">
    <ele>241.2</ele>
    <time>2025-11-26T10:25:56Z</time>
   </trkpt>
   <trkpt lat="31.0887310" lon="75.7801980">
    <ele>241.0</ele>
    <time>2025-11-26T10:25:58Z</time>
   </trkpt>
   <trkpt lat="31.0888160" lon="75.7801870">
    <ele>240.8</ele>
    <time>2025-11-26T10:25:59Z</time>
   </trkpt>
   <trkpt lat="31.0889020" lon="75.7801740">
    <ele>240.6</ele>
    <time>2025-11-26T10:26:00Z</time>
   </trkpt>
   <trkpt lat="31.0889850" lon="75.7801620">
    <ele>240.5</ele>
    <time>2025-11-26T10:26:01Z</time>
   </trkpt>
   <trkpt lat="31.0890640" lon="75.7801560">
    <ele>240.4</ele>
    <time>2025-11-26T10:26:02Z</time>
   </trkpt>
   <trkpt lat="31.0891420" lon="75.7801470">
    <ele>240.3</ele>
    <time>2025-11-26T10:26:03Z</time>
   </trkpt>
   <trkpt lat="31.0892190" lon="75.7801340">
    <ele>240.2</ele>
    <time>2025-11-26T10:26:04Z</time>
   </trkpt>
   <trkpt lat="31.0892970" lon="75.7801170">
    <ele>240.1</ele>
    <time>2025-11-26T10:26:05Z</time>
   </trkpt>
   <trkpt lat="31.0893730" lon="75.7801040">
    <ele>240.1</ele>
    <time>2025-11-26T10:26:06Z</time>
   </trkpt>
   <trkpt lat="31.0894480" lon="75.7800960">
    <ele>240.0</ele>
    <time>2025-11-26T10:26:07Z</time>
   </trkpt>
   <trkpt lat="31.0895220" lon="75.7800900">
    <ele>240.0</ele>
    <time>2025-11-26T10:26:08Z</time>
   </trkpt>
   <trkpt lat="31.0895890" lon="75.7800800">
    <ele>239.9</ele>
    <time>2025-11-26T10:26:09Z</time>
   </trkpt>
   <trkpt lat="31.0896500" lon="75.7800690">
    <ele>239.9</ele>
    <time>2025-11-26T10:26:10Z</time>
   </trkpt>
   <trkpt lat="31.0897040" lon="75.7800560">
    <ele>239.9</ele>
    <time>2025-11-26T10:26:11Z</time>
   </trkpt>
   <trkpt lat="31.0897790" lon="75.7800470">
    <ele>239.8</ele>
    <time>2025-11-26T10:26:12Z</time>
   </trkpt>
   <trkpt lat="31.0898510" lon="75.7800360">
    <ele>239.8</ele>
    <time>2025-11-26T10:26:13Z</time>
   </trkpt>
   <trkpt lat="31.0899190" lon="75.7800220">
    <ele>239.8</ele>
    <time>2025-11-26T10:26:14Z</time>
   </trkpt>
   <trkpt lat="31.0899890" lon="75.7800080">
    <ele>239.8</ele>
    <time>2025-11-26T10:26:15Z</time>
   </trkpt>
   <trkpt lat="31.0900610" lon="75.7799960">
    <ele>239.8</ele>
    <time>2025-11-26T10:26:16Z</time>
   </trkpt>
   <trkpt lat="31.0901310" lon="75.7799820">
    <ele>239.8</ele>
    <time>2025-11-26T10:26:17Z</time>
   </trkpt>
   <trkpt lat="31.0902020" lon="75.7799700">
    <ele>239.8</ele>
    <time>2025-11-26T10:26:18Z</time>
   </trkpt>
   <trkpt lat="31.0902730" lon="75.7799590">
    <ele>239.8</ele>
    <time>2025-11-26T10:26:19Z</time>
   </trkpt>
   <trkpt lat="31.0903450" lon="75.7799480">
    <ele>239.8</ele>
    <time>2025-11-26T10:26:20Z</time>
   </trkpt>
   <trkpt lat="31.0904150" lon="75.7799370">
    <ele>239.8</ele>
    <time>2025-11-26T10:26:21Z</time>
   </trkpt>
   <trkpt lat="31.0904880" lon="75.7799270">
    <ele>239.8</ele>
    <time>2025-11-26T10:26:22Z</time>
   </trkpt>
   <trkpt lat="31.0905610" lon="75.7799130">
    <ele>239.8</ele>
    <time>2025-11-26T10:26:23Z</time>
   </trkpt>
   <trkpt lat="31.0906350" lon="75.7798990">
    <ele>239.8</ele>
    <time>2025-11-26T10:26:24Z</time>
   </trkpt>
   <trkpt lat="31.0907100" lon="75.7798850">
    <ele>239.8</ele>
    <time>2025-11-26T10:26:25Z</time>
   </trkpt>
   <trkpt lat="31.0907850" lon="75.7798750">
    <ele>239.8</ele>
    <time>2025-11-26T10:26:26Z</time>
   </trkpt>
   <trkpt lat="31.0908620" lon="75.7798670">
    <ele>239.8</ele>
    <time>2025-11-26T10:26:27Z</time>
   </trkpt>
   <trkpt lat="31.0909390" lon="75.7798570">
    <ele>239.8</ele>
    <time>2025-11-26T10:26:28Z</time>
   </trkpt>
   <trkpt lat="31.0910220" lon="75.7798420">
    <ele>239.8</ele>
    <time>2025-11-26T10:26:29Z</time>
   </trkpt>
   <trkpt lat="31.0910920" lon="75.7798330">
    <ele>239.8</ele>
    <time>2025-11-26T10:26:30Z</time>
   </trkpt>
   <trkpt lat="31.0911670" lon="75.7798230">
    <ele>239.8</ele>
    <time>2025-11-26T10:26:31Z</time>
   </trkpt>
   <trkpt lat="31.0912400" lon="75.7798140">
    <ele>239.8</ele>
    <time>2025-11-26T10:26:32Z</time>
   </trkpt>
   <trkpt lat="31.0913120" lon="75.7798050">
    <ele>239.9</ele>
    <time>2025-11-26T10:26:33Z</time>
   </trkpt>
   <trkpt lat="31.0913810" lon="75.7797960">
    <ele>239.9</ele>
    <time>2025-11-26T10:26:34Z</time>
   </trkpt>
   <trkpt lat="31.0914510" lon="75.7797880">
    <ele>239.9</ele>
    <time>2025-11-26T10:26:35Z</time>
   </trkpt>
   <trkpt lat="31.0915210" lon="75.7797780">
    <ele>239.9</ele>
    <time>2025-11-26T10:26:36Z</time>
   </trkpt>
   <trkpt lat="31.0915920" lon="75.7797670">
    <ele>239.9</ele>
    <time>2025-11-26T10:26:37Z</time>
   </trkpt>
   <trkpt lat="31.0916640" lon="75.7797570">
    <ele>239.9</ele>
    <time>2025-11-26T10:26:38Z</time>
   </trkpt>
   <trkpt lat="31.0917370" lon="75.7797470">
    <ele>239.9</ele>
    <time>2025-11-26T10:26:39Z</time>
   </trkpt>
   <trkpt lat="31.0918120" lon="75.7797370">
    <ele>239.8</ele>
    <time>2025-11-26T10:26:40Z</time>
   </trkpt>
   <trkpt lat="31.0918850" lon="75.7797260">
    <ele>239.8</ele>
    <time>2025-11-26T10:26:41Z</time>
   </trkpt>
   <trkpt lat="31.0919580" lon="75.7797140">
    <ele>239.7</ele>
    <time>2025-11-26T10:26:42Z</time>
   </trkpt>
   <trkpt lat="31.0920300" lon="75.7797040">
    <ele>239.7</ele>
    <time>2025-11-26T10:26:43Z</time>
   </trkpt>
   <trkpt lat="31.0921030" lon="75.7796960">
    <ele>239.7</ele>
    <time>2025-11-26T10:26:44Z</time>
   </trkpt>
   <trkpt lat="31.0922460" lon="75.7796760">
    <ele>239.7</ele>
    <time>2025-11-26T10:26:45Z</time>
   </trkpt>
   <trkpt lat="31.0923160" lon="75.7796650">
    <ele>239.7</ele>
    <time>2025-11-26T10:26:46Z</time>
   </trkpt>
   <trkpt lat="31.0923850" lon="75.7796560">
    <ele>239.7</ele>
    <time>2025-11-26T10:26:47Z</time>
   </trkpt>
   <trkpt lat="31.0924560" lon="75.7796490">
    <ele>239.7</ele>
    <time>2025-11-26T10:26:48Z</time>
   </trkpt>
   <trkpt lat="31.0925250" lon="75.7796420">
    <ele>239.7</ele>
    <time>2025-11-26T10:26:49Z</time>
   </trkpt>
   <trkpt lat="31.0925950" lon="75.7796320">
    <ele>239.7</ele>
    <time>2025-11-26T10:26:50Z</time>
   </trkpt>
   <trkpt lat="31.0926610" lon="75.7796250">
    <ele>239.8</ele>
    <time>2025-11-26T10:26:51Z</time>
   </trkpt>
   <trkpt lat="31.0927290" lon="75.7796180">
    <ele>239.8</ele>
    <time>2025-11-26T10:26:52Z</time>
   </trkpt>
   <trkpt lat="31.0927950" lon="75.7796100">
    <ele>239.8</ele>
    <time>2025-11-26T10:26:53Z</time>
   </trkpt>
   <trkpt lat="31.0928590" lon="75.7796030">
    <ele>239.8</ele>
    <time>2025-11-26T10:26:54Z</time>
   </trkpt>
   <trkpt lat="31.0929250" lon="75.7795950">
    <ele>239.8</ele>
    <time>2025-11-26T10:26:55Z</time>
   </trkpt>
   <trkpt lat="31.0929890" lon="75.7795810">
    <ele>239.8</ele>
    <time>2025-11-26T10:26:56Z</time>
   </trkpt>
   <trkpt lat="31.0930530" lon="75.7795660">
    <ele>239.8</ele>
    <time>2025-11-26T10:26:57Z</time>
   </trkpt>
   <trkpt lat="31.0931170" lon="75.7795550">
    <ele>239.8</ele>
    <time>2025-11-26T10:26:58Z</time>
   </trkpt>
   <trkpt lat="31.0931810" lon="75.7795450">
    <ele>239.8</ele>
    <time>2025-11-26T10:26:59Z</time>
   </trkpt>
   <trkpt lat="31.0932450" lon="75.7795360">
    <ele>239.8</ele>
    <time>2025-11-26T10:27:00Z</time>
   </trkpt>
   <trkpt lat="31.0933100" lon="75.7795270">
    <ele>239.8</ele>
    <time>2025-11-26T10:27:01Z</time>
   </trkpt>
   <trkpt lat="31.0933730" lon="75.7795180">
    <ele>239.8</ele>
    <time>2025-11-26T10:27:02Z</time>
   </trkpt>
   <trkpt lat="31.0934350" lon="75.7795090">
    <ele>239.7</ele>
    <time>2025-11-26T10:27:03Z</time>
   </trkpt>
   <trkpt lat="31.0934990" lon="75.7795010">
    <ele>239.7</ele>
    <time>2025-11-26T10:27:04Z</time>
   </trkpt>
   <trkpt lat="31.0935600" lon="75.7794910">
    <ele>239.7</ele>
    <time>2025-11-26T10:27:05Z</time>
   </trkpt>
   <trkpt lat="31.0936220" lon="75.7794820">
    <ele>239.7</ele>
    <time>2025-11-26T10:27:06Z</time>
   </trkpt>
   <trkpt lat="31.0936850" lon="75.7794740">
    <ele>239.8</ele>
    <time>2025-11-26T10:27:07Z</time>
   </trkpt>
   <trkpt lat="31.0937470" lon="75.7794630">
    <ele>239.8</ele>
    <time>2025-11-26T10:27:08Z</time>
   </trkpt>
   <trkpt lat="31.0938090" lon="75.7794540">
    <ele>239.8</ele>
    <time>2025-11-26T10:27:09Z</time>
   </trkpt>
   <trkpt lat="31.0938710" lon="75.7794470">
    <ele>239.7</ele>
    <time>2025-11-26T10:27:10Z</time>
   </trkpt>
   <trkpt lat="31.0939330" lon="75.7794370">
    <ele>239.7</ele>
    <time>2025-11-26T10:27:11Z</time>
   </trkpt>
   <trkpt lat="31.0939960" lon="75.7794300">
    <ele>239.7</ele>
    <time>2025-11-26T10:27:12Z</time>
   </trkpt>
   <trkpt lat="31.0940580" lon="75.7794210">
    <ele>239.7</ele>
    <time>2025-11-26T10:27:13Z</time>
   </trkpt>
   <trkpt lat="31.0941210" lon="75.7794120">
    <ele>239.7</ele>
    <time>2025-11-26T10:27:14Z</time>
   </trkpt>
   <trkpt lat="31.0941830" lon="75.7794040">
    <ele>239.7</ele>
    <time>2025-11-26T10:27:15Z</time>
   </trkpt>
   <trkpt lat="31.0942460" lon="75.7793960">
    <ele>239.6</ele>
    <time>2025-11-26T10:27:16Z</time>
   </trkpt>
   <trkpt lat="31.0943100" lon="75.7793890">
    <ele>239.6</ele>
    <time>2025-11-26T10:27:17Z</time>
   </trkpt>
   <trkpt lat="31.0943710" lon="75.7793790">
    <ele>239.6</ele>
    <time>2025-11-26T10:27:18Z</time>
   </trkpt>
   <trkpt lat="31.0944340" lon="75.7793700">
    <ele>239.6</ele>
    <time>2025-11-26T10:27:19Z</time>
   </trkpt>
   <trkpt lat="31.0944960" lon="75.7793610">
    <ele>239.6</ele>
    <time>2025-11-26T10:27:20Z</time>
   </trkpt>
   <trkpt lat="31.0945590" lon="75.7793530">
    <ele>239.6</ele>
    <time>2025-11-26T10:27:21Z</time>
   </trkpt>
   <trkpt lat="31.0946220" lon="75.7793450">
    <ele>239.6</ele>
    <time>2025-11-26T10:27:22Z</time>
   </trkpt>
   <trkpt lat="31.0946850" lon="75.7793370">
    <ele>239.6</ele>
    <time>2025-11-26T10:27:23Z</time>
   </trkpt>
   <trkpt lat="31.0947470" lon="75.7793300">
    <ele>239.5</ele>
    <time>2025-11-26T10:27:24Z</time>
   </trkpt>
   <trkpt lat="31.0948100" lon="75.7793200">
    <ele>239.5</ele>
    <time>2025-11-26T10:27:25Z</time>
   </trkpt>
   <trkpt lat="31.0948720" lon="75.7793110">
    <ele>239.5</ele>
    <time>2025-11-26T10:27:26Z</time>
   </trkpt>
   <trkpt lat="31.0949340" lon="75.7793040">
    <ele>239.5</ele>
    <time>2025-11-26T10:27:27Z</time>
   </trkpt>
   <trkpt lat="31.0949980" lon="75.7792940">
    <ele>239.5</ele>
    <time>2025-11-26T10:27:28Z</time>
   </trkpt>
   <trkpt lat="31.0950610" lon="75.7792830">
    <ele>239.5</ele>
    <time>2025-11-26T10:27:29Z</time>
   </trkpt>
   <trkpt lat="31.0951230" lon="75.7792760">
    <ele>239.5</ele>
    <time>2025-11-26T10:27:30Z</time>
   </trkpt>
   <trkpt lat="31.0951870" lon="75.7792670">
    <ele>239.5</ele>
    <time>2025-11-26T10:27:31Z</time>
   </trkpt>
   <trkpt lat="31.0952500" lon="75.7792570">
    <ele>239.5</ele>
    <time>2025-11-26T10:27:32Z</time>
   </trkpt>
   <trkpt lat="31.0953130" lon="75.7792480">
    <ele>239.5</ele>
    <time>2025-11-26T10:27:33Z</time>
   </trkpt>
   <trkpt lat="31.0953780" lon="75.7792400">
    <ele>239.7</ele>
    <time>2025-11-26T10:27:34Z</time>
   </trkpt>
   <trkpt lat="31.0954410" lon="75.7792300">
    <ele>239.8</ele>
    <time>2025-11-26T10:27:35Z</time>
   </trkpt>
   <trkpt lat="31.0955060" lon="75.7792220">
    <ele>239.7</ele>
    <time>2025-11-26T10:27:36Z</time>
   </trkpt>
   <trkpt lat="31.0955720" lon="75.7792140">
    <ele>239.7</ele>
    <time>2025-11-26T10:27:37Z</time>
   </trkpt>
   <trkpt lat="31.0956350" lon="75.7792040">
    <ele>239.7</ele>
    <time>2025-11-26T10:27:38Z</time>
   </trkpt>
   <trkpt lat="31.0957000" lon="75.7791940">
    <ele>239.7</ele>
    <time>2025-11-26T10:27:39Z</time>
   </trkpt>
   <trkpt lat="31.0957660" lon="75.7791840">
    <ele>239.6</ele>
    <time>2025-11-26T10:27:40Z</time>
   </trkpt>
   <trkpt lat="31.0958310" lon="75.7791740">
    <ele>239.6</ele>
    <time>2025-11-26T10:27:41Z</time>
   </trkpt>
   <trkpt lat="31.0958960" lon="75.7791630">
    <ele>239.6</ele>
    <time>2025-11-26T10:27:42Z</time>
   </trkpt>
   <trkpt lat="31.0959610" lon="75.7791530">
    <ele>239.6</ele>
    <time>2025-11-26T10:27:43Z</time>
   </trkpt>
   <trkpt lat="31.0960250" lon="75.7791440">
    <ele>239.6</ele>
    <time>2025-11-26T10:27:44Z</time>
   </trkpt>
   <trkpt lat="31.0960900" lon="75.7791360">
    <ele>239.6</ele>
    <time>2025-11-26T10:27:45Z</time>
   </trkpt>
   <trkpt lat="31.0961540" lon="75.7791260">
    <ele>239.6</ele>
    <time>2025-11-26T10:27:46Z</time>
   </trkpt>
   <trkpt lat="31.0962190" lon="75.7791160">
    <ele>239.6</ele>
    <time>2025-11-26T10:27:47Z</time>
   </trkpt>
   <trkpt lat="31.0962830" lon="75.7791090">
    <ele>239.6</ele>
    <time>2025-11-26T10:27:48Z</time>
   </trkpt>
   <trkpt lat="31.0963470" lon="75.7790970">
    <ele>239.6</ele>
    <time>2025-11-26T10:27:49Z</time>
   </trkpt>
   <trkpt lat="31.0964140" lon="75.7790880">
    <ele>239.5</ele>
    <time>2025-11-26T10:27:50Z</time>
   </trkpt>
   <trkpt lat="31.0964800" lon="75.7790790">
    <ele>239.5</ele>
    <time>2025-11-26T10:27:51Z</time>
   </trkpt>
   <trkpt lat="31.0965470" lon="75.7790710">
    <ele>239.5</ele>
    <time>2025-11-26T10:27:52Z</time>
   </trkpt>
   <trkpt lat="31.0966130" lon="75.7790610">
    <ele>239.5</ele>
    <time>2025-11-26T10:27:53Z</time>
   </trkpt>
   <trkpt lat="31.0966820" lon="75.7790480">
    <ele>239.5</ele>
    <time>2025-11-26T10:27:54Z</time>
   </trkpt>
   <trkpt lat="31.0967520" lon="75.7790390">
    <ele>239.5</ele>
    <time>2025-11-26T10:27:55Z</time>
   </trkpt>
   <trkpt lat="31.0968210" lon="75.7790300">
    <ele>239.5</ele>
    <time>2025-11-26T10:27:56Z</time>
   </trkpt>
   <trkpt lat="31.0968930" lon="75.7790230">
    <ele>239.4</ele>
    <time>2025-11-26T10:27:57Z</time>
   </trkpt>
   <trkpt lat="31.0969650" lon="75.7790120">
    <ele>239.4</ele>
    <time>2025-11-26T10:27:58Z</time>
   </trkpt>
   <trkpt lat="31.0970380" lon="75.7790040">
    <ele>239.4</ele>
    <time>2025-11-26T10:27:59Z</time>
   </trkpt>
   <trkpt lat="31.0971090" lon="75.7789950">
    <ele>239.4</ele>
    <time>2025-11-26T10:28:00Z</time>
   </trkpt>
   <trkpt lat="31.0971820" lon="75.7789880">
    <ele>239.5</ele>
    <time>2025-11-26T10:28:01Z</time>
   </trkpt>
   <trkpt lat="31.0972550" lon="75.7789790">
    <ele>239.5</ele>
    <time>2025-11-26T10:28:03Z</time>
   </trkpt>
   <trkpt lat="31.0973270" lon="75.7789700">
    <ele>239.5</ele>
    <time>2025-11-26T10:28:04Z</time>
   </trkpt>
   <trkpt lat="31.0973980" lon="75.7789580">
    <ele>239.5</ele>
    <time>2025-11-26T10:28:05Z</time>
   </trkpt>
   <trkpt lat="31.0974690" lon="75.7789490">
    <ele>239.5</ele>
    <time>2025-11-26T10:28:06Z</time>
   </trkpt>
   <trkpt lat="31.0975410" lon="75.7789410">
    <ele>239.4</ele>
    <time>2025-11-26T10:28:07Z</time>
   </trkpt>
   <trkpt lat="31.0976110" lon="75.7789330">
    <ele>239.4</ele>
    <time>2025-11-26T10:28:08Z</time>
   </trkpt>
   <trkpt lat="31.0976830" lon="75.7789260">
    <ele>239.4</ele>
    <time>2025-11-26T10:28:09Z</time>
   </trkpt>
   <trkpt lat="31.0977540" lon="75.7789190">
    <ele>239.4</ele>
    <time>2025-11-26T10:28:10Z</time>
   </trkpt>
   <trkpt lat="31.0978250" lon="75.7789110">
    <ele>239.3</ele>
    <time>2025-11-26T10:28:11Z</time>
   </trkpt>
   <trkpt lat="31.0978960" lon="75.7789000">
    <ele>239.3</ele>
    <time>2025-11-26T10:28:12Z</time>
   </trkpt>
   <trkpt lat="31.0979660" lon="75.7788860">
    <ele>239.3</ele>
    <time>2025-11-26T10:28:13Z</time>
   </trkpt>
   <trkpt lat="31.0980360" lon="75.7788710">
    <ele>239.3</ele>
    <time>2025-11-26T10:28:14Z</time>
   </trkpt>
   <trkpt lat="31.0981060" lon="75.7788630">
    <ele>239.3</ele>
    <time>2025-11-26T10:28:15Z</time>
   </trkpt>
   <trkpt lat="31.0981750" lon="75.7788570">
    <ele>239.3</ele>
    <time>2025-11-26T10:28:16Z</time>
   </trkpt>
   <trkpt lat="31.0982450" lon="75.7788500">
    <ele>239.2</ele>
    <time>2025-11-26T10:28:17Z</time>
   </trkpt>
   <trkpt lat="31.0983140" lon="75.7788400">
    <ele>239.2</ele>
    <time>2025-11-26T10:28:18Z</time>
   </trkpt>
   <trkpt lat="31.0983830" lon="75.7788310">
    <ele>239.2</ele>
    <time>2025-11-26T10:28:19Z</time>
   </trkpt>
   <trkpt lat="31.0984510" lon="75.7788210">
    <ele>239.2</ele>
    <time>2025-11-26T10:28:20Z</time>
   </trkpt>
   <trkpt lat="31.0985220" lon="75.7788120">
    <ele>239.2</ele>
    <time>2025-11-26T10:28:21Z</time>
   </trkpt>
   <trkpt lat="31.0985930" lon="75.7788010">
    <ele>239.2</ele>
    <time>2025-11-26T10:28:22Z</time>
   </trkpt>
   <trkpt lat="31.0986610" lon="75.7787930">
    <ele>239.2</ele>
    <time>2025-11-26T10:28:23Z</time>
   </trkpt>
   <trkpt lat="31.0987290" lon="75.7787830">
    <ele>239.2</ele>
    <time>2025-11-26T10:28:24Z</time>
   </trkpt>
   <trkpt lat="31.0987970" lon="75.7787750">
    <ele>239.2</ele>
    <time>2025-11-26T10:28:25Z</time>
   </trkpt>
   <trkpt lat="31.0988650" lon="75.7787660">
    <ele>239.2</ele>
    <time>2025-11-26T10:28:26Z</time>
   </trkpt>
   <trkpt lat="31.0989310" lon="75.7787560">
    <ele>239.3</ele>
    <time>2025-11-26T10:28:27Z</time>
   </trkpt>
   <trkpt lat="31.0989990" lon="75.7787460">
    <ele>239.3</ele>
    <time>2025-11-26T10:28:28Z</time>
   </trkpt>
   <trkpt lat="31.0990590" lon="75.7787390">
    <ele>239.3</ele>
    <time>2025-11-26T10:28:29Z</time>
   </trkpt>
   <trkpt lat="31.0991250" lon="75.7787300">
    <ele>239.3</ele>
    <time>2025-11-26T10:28:30Z</time>
   </trkpt>
   <trkpt lat="31.0991880" lon="75.7787210">
    <ele>239.3</ele>
    <time>2025-11-26T10:28:31Z</time>
   </trkpt>
   <trkpt lat="31.0992520" lon="75.7787140">
    <ele>239.3</ele>
    <time>2025-11-26T10:28:32Z</time>
   </trkpt>
   <trkpt lat="31.0993140" lon="75.7787040">
    <ele>239.3</ele>
    <time>2025-11-26T10:28:33Z</time>
   </trkpt>
   <trkpt lat="31.0993760" lon="75.7786960">
    <ele>239.3</ele>
    <time>2025-11-26T10:28:34Z</time>
   </trkpt>
   <trkpt lat="31.0994370" lon="75.7786880">
    <ele>239.4</ele>
    <time>2025-11-26T10:28:35Z</time>
   </trkpt>
   <trkpt lat="31.0994980" lon="75.7786790">
    <ele>239.4</ele>
    <time>2025-11-26T10:28:36Z</time>
   </trkpt>
   <trkpt lat="31.0995570" lon="75.7786700">
    <ele>239.4</ele>
    <time>2025-11-26T10:28:37Z</time>
   </trkpt>
   <trkpt lat="31.0996760" lon="75.7786550">
    <ele>239.4</ele>
    <time>2025-11-26T10:28:38Z</time>
   </trkpt>
   <trkpt lat="31.0997370" lon="75.7786480">
    <ele>239.5</ele>
    <time>2025-11-26T10:28:39Z</time>
   </trkpt>
   <trkpt lat="31.0997960" lon="75.7786410">
    <ele>239.5</ele>
    <time>2025-11-26T10:28:40Z</time>
   </trkpt>
   <trkpt lat="31.0998540" lon="75.7786310">
    <ele>239.5</ele>
    <time>2025-11-26T10:28:41Z</time>
   </trkpt>
   <trkpt lat="31.0999140" lon="75.7786230">
    <ele>239.5</ele>
    <time>2025-11-26T10:28:42Z</time>
   </trkpt>
   <trkpt lat="31.0999720" lon="75.7786150">
    <ele>239.5</ele>
    <time>2025-11-26T10:28:43Z</time>
   </trkpt>
   <trkpt lat="31.1000320" lon="75.7786070">
    <ele>239.5</ele>
    <time>2025-11-26T10:28:44Z</time>
   </trkpt>
   <trkpt lat="31.1000920" lon="75.7785990">
    <ele>239.5</ele>
    <time>2025-11-26T10:28:45Z</time>
   </trkpt>
   <trkpt lat="31.1001540" lon="75.7785920">
    <ele>239.5</ele>
    <time>2025-11-26T10:28:46Z</time>
   </trkpt>
   <trkpt lat="31.1002140" lon="75.7785830">
    <ele>239.5</ele>
    <time>2025-11-26T10:28:47Z</time>
   </trkpt>
   <trkpt lat="31.1002750" lon="75.7785750">
    <ele>239.5</ele>
    <time>2025-11-26T10:28:48Z</time>
   </trkpt>
   <trkpt lat="31.1003360" lon="75.7785680">
    <ele>239.5</ele>
    <time>2025-11-26T10:28:49Z</time>
   </trkpt>
   <trkpt lat="31.1003970" lon="75.7785600">
    <ele>239.5</ele>
    <time>2025-11-26T10:28:50Z</time>
   </trkpt>
   <trkpt lat="31.1004590" lon="75.7785500">
    <ele>239.5</ele>
    <time>2025-11-26T10:28:51Z</time>
   </trkpt>
   <trkpt lat="31.1005200" lon="75.7785430">
    <ele>239.5</ele>
    <time>2025-11-26T10:28:52Z</time>
   </trkpt>
   <trkpt lat="31.1005820" lon="75.7785360">
    <ele>239.5</ele>
    <time>2025-11-26T10:28:53Z</time>
   </trkpt>
   <trkpt lat="31.1006450" lon="75.7785280">
    <ele>239.5</ele>
    <time>2025-11-26T10:28:54Z</time>
   </trkpt>
   <trkpt lat="31.1007060" lon="75.7785200">
    <ele>239.5</ele>
    <time>2025-11-26T10:28:55Z</time>
   </trkpt>
   <trkpt lat="31.1007680" lon="75.7785120">
    <ele>239.5</ele>
    <time>2025-11-26T10:28:56Z</time>
   </trkpt>
   <trkpt lat="31.1008300" lon="75.7785010">
    <ele>239.5</ele>
    <time>2025-11-26T10:28:57Z</time>
   </trkpt>
   <trkpt lat="31.1008910" lon="75.7784930">
    <ele>239.5</ele>
    <time>2025-11-26T10:28:58Z</time>
   </trkpt>
   <trkpt lat="31.1009540" lon="75.7784870">
    <ele>239.5</ele>
    <time>2025-11-26T10:28:59Z</time>
   </trkpt>
   <trkpt lat="31.1010160" lon="75.7784780">
    <ele>239.5</ele>
    <time>2025-11-26T10:29:00Z</time>
   </trkpt>
   <trkpt lat="31.1010780" lon="75.7784700">
    <ele>239.5</ele>
    <time>2025-11-26T10:29:01Z</time>
   </trkpt>
   <trkpt lat="31.1011410" lon="75.7784610">
    <ele>239.5</ele>
    <time>2025-11-26T10:29:02Z</time>
   </trkpt>
   <trkpt lat="31.1012030" lon="75.7784510">
    <ele>239.4</ele>
    <time>2025-11-26T10:29:03Z</time>
   </trkpt>
   <trkpt lat="31.1012660" lon="75.7784440">
    <ele>239.4</ele>
    <time>2025-11-26T10:29:04Z</time>
   </trkpt>
   <trkpt lat="31.1013280" lon="75.7784340">
    <ele>239.4</ele>
    <time>2025-11-26T10:29:05Z</time>
   </trkpt>
   <trkpt lat="31.1013910" lon="75.7784270">
    <ele>239.4</ele>
    <time>2025-11-26T10:29:06Z</time>
   </trkpt>
   <trkpt lat="31.1014550" lon="75.7784200">
    <ele>239.4</ele>
    <time>2025-11-26T10:29:07Z</time>
   </trkpt>
   <trkpt lat="31.1015190" lon="75.7784110">
    <ele>239.4</ele>
    <time>2025-11-26T10:29:08Z</time>
   </trkpt>
   <trkpt lat="31.1015850" lon="75.7784020">
    <ele>239.4</ele>
    <time>2025-11-26T10:29:09Z</time>
   </trkpt>
   <trkpt lat="31.1016510" lon="75.7783920">
    <ele>239.4</ele>
    <time>2025-11-26T10:29:10Z</time>
   </trkpt>
   <trkpt lat="31.1017160" lon="75.7783810">
    <ele>239.4</ele>
    <time>2025-11-26T10:29:11Z</time>
   </trkpt>
   <trkpt lat="31.1017830" lon="75.7783740">
    <ele>239.4</ele>
    <time>2025-11-26T10:29:12Z</time>
   </trkpt>
   <trkpt lat="31.1018490" lon="75.7783660">
    <ele>239.4</ele>
    <time>2025-11-26T10:29:13Z</time>
   </trkpt>
   <trkpt lat="31.1019160" lon="75.7783560">
    <ele>239.4</ele>
    <time>2025-11-26T10:29:14Z</time>
   </trkpt>
   <trkpt lat="31.1019800" lon="75.7783490">
    <ele>239.4</ele>
    <time>2025-11-26T10:29:15Z</time>
   </trkpt>
   <trkpt lat="31.1020460" lon="75.7783400">
    <ele>239.4</ele>
    <time>2025-11-26T10:29:16Z</time>
   </trkpt>
   <trkpt lat="31.1021120" lon="75.7783320">
    <ele>239.4</ele>
    <time>2025-11-26T10:29:17Z</time>
   </trkpt>
   <trkpt lat="31.1021780" lon="75.7783220">
    <ele>239.3</ele>
    <time>2025-11-26T10:29:18Z</time>
   </trkpt>
   <trkpt lat="31.1022460" lon="75.7783120">
    <ele>239.3</ele>
    <time>2025-11-26T10:29:19Z</time>
   </trkpt>
   <trkpt lat="31.1023130" lon="75.7783030">
    <ele>239.3</ele>
    <time>2025-11-26T10:29:20Z</time>
   </trkpt>
   <trkpt lat="31.1023800" lon="75.7782950">
    <ele>239.3</ele>
    <time>2025-11-26T10:29:21Z</time>
   </trkpt>
   <trkpt lat="31.1024480" lon="75.7782880">
    <ele>239.3</ele>
    <time>2025-11-26T10:29:22Z</time>
   </trkpt>
   <trkpt lat="31.1025150" lon="75.7782780">
    <ele>239.3</ele>
    <time>2025-11-26T10:29:23Z</time>
   </trkpt>
   <trkpt lat="31.1025830" lon="75.7782690">
    <ele>239.3</ele>
    <time>2025-11-26T10:29:24Z</time>
   </trkpt>
   <trkpt lat="31.1026490" lon="75.7782600">
    <ele>239.3</ele>
    <time>2025-11-26T10:29:25Z</time>
   </trkpt>
   <trkpt lat="31.1027170" lon="75.7782540">
    <ele>239.3</ele>
    <time>2025-11-26T10:29:26Z</time>
   </trkpt>
   <trkpt lat="31.1027840" lon="75.7782450">
    <ele>239.3</ele>
    <time>2025-11-26T10:29:27Z</time>
   </trkpt>
   <trkpt lat="31.1028500" lon="75.7782380">
    <ele>239.3</ele>
    <time>2025-11-26T10:29:28Z</time>
   </trkpt>
   <trkpt lat="31.1029180" lon="75.7782290">
    <ele>239.3</ele>
    <time>2025-11-26T10:29:29Z</time>
   </trkpt>
   <trkpt lat="31.1029840" lon="75.7782200">
    <ele>239.3</ele>
    <time>2025-11-26T10:29:30Z</time>
   </trkpt>
   <trkpt lat="31.1030490" lon="75.7782110">
    <ele>239.3</ele>
    <time>2025-11-26T10:29:31Z</time>
   </trkpt>
   <trkpt lat="31.1031150" lon="75.7782060">
    <ele>239.3</ele>
    <time>2025-11-26T10:29:32Z</time>
   </trkpt>
   <trkpt lat="31.1031800" lon="75.7781990">
    <ele>239.3</ele>
    <time>2025-11-26T10:29:33Z</time>
   </trkpt>
   <trkpt lat="31.1032460" lon="75.7781900">
    <ele>239.4</ele>
    <time>2025-11-26T10:29:34Z</time>
   </trkpt>
   <trkpt lat="31.1033130" lon="75.7781790">
    <ele>239.4</ele>
    <time>2025-11-26T10:29:35Z</time>
   </trkpt>
   <trkpt lat="31.1033770" lon="75.7781740">
    <ele>239.4</ele>
    <time>2025-11-26T10:29:36Z</time>
   </trkpt>
   <trkpt lat="31.1034430" lon="75.7781660">
    <ele>239.4</ele>
    <time>2025-11-26T10:29:37Z</time>
   </trkpt>
   <trkpt lat="31.1035060" lon="75.7781580">
    <ele>239.4</ele>
    <time>2025-11-26T10:29:38Z</time>
   </trkpt>
   <trkpt lat="31.1035710" lon="75.7781490">
    <ele>239.5</ele>
    <time>2025-11-26T10:29:39Z</time>
   </trkpt>
   <trkpt lat="31.1036350" lon="75.7781430">
    <ele>239.5</ele>
    <time>2025-11-26T10:29:40Z</time>
   </trkpt>
   <trkpt lat="31.1036960" lon="75.7781350">
    <ele>239.5</ele>
    <time>2025-11-26T10:29:41Z</time>
   </trkpt>
   <trkpt lat="31.1037580" lon="75.7781260">
    <ele>239.6</ele>
    <time>2025-11-26T10:29:42Z</time>
   </trkpt>
   <trkpt lat="31.1038190" lon="75.7781150">
    <ele>239.7</ele>
    <time>2025-11-26T10:29:43Z</time>
   </trkpt>
   <trkpt lat="31.1038810" lon="75.7781070">
    <ele>239.8</ele>
    <time>2025-11-26T10:29:44Z</time>
   </trkpt>
   <trkpt lat="31.1039400" lon="75.7780980">
    <ele>239.9</ele>
    <time>2025-11-26T10:29:45Z</time>
   </trkpt>
   <trkpt lat="31.1039990" lon="75.7780860">
    <ele>240.0</ele>
    <time>2025-11-26T10:29:46Z</time>
   </trkpt>
   <trkpt lat="31.1040570" lon="75.7780760">
    <ele>240.0</ele>
    <time>2025-11-26T10:29:47Z</time>
   </trkpt>
   <trkpt lat="31.1041130" lon="75.7780690">
    <ele>240.1</ele>
    <time>2025-11-26T10:29:48Z</time>
   </trkpt>
   <trkpt lat="31.1041700" lon="75.7780640">
    <ele>240.2</ele>
    <time>2025-11-26T10:29:49Z</time>
   </trkpt>
   <trkpt lat="31.1042240" lon="75.7780570">
    <ele>240.3</ele>
    <time>2025-11-26T10:29:50Z</time>
   </trkpt>
   <trkpt lat="31.1042750" lon="75.7780480">
    <ele>240.3</ele>
    <time>2025-11-26T10:29:51Z</time>
   </trkpt>
   <trkpt lat="31.1043260" lon="75.7780390">
    <ele>240.4</ele>
    <time>2025-11-26T10:29:52Z</time>
   </trkpt>
   <trkpt lat="31.1043770" lon="75.7780310">
    <ele>240.6</ele>
    <time>2025-11-26T10:29:53Z</time>
   </trkpt>
   <trkpt lat="31.1044270" lon="75.7780250">
    <ele>240.7</ele>
    <time>2025-11-26T10:29:54Z</time>
   </trkpt>
   <trkpt lat="31.1044750" lon="75.7780190">
    <ele>240.8</ele>
    <time>2025-11-26T10:29:55Z</time>
   </trkpt>
   <trkpt lat="31.1045230" lon="75.7780150">
    <ele>241.0</ele>
    <time>2025-11-26T10:29:56Z</time>
   </trkpt>
   <trkpt lat="31.1045690" lon="75.7780070">
    <ele>241.1</ele>
    <time>2025-11-26T10:29:57Z</time>
   </trkpt>
   <trkpt lat="31.1046120" lon="75.7779990">
    <ele>241.2</ele>
    <time>2025-11-26T10:29:58Z</time>
   </trkpt>
   <trkpt lat="31.1046550" lon="75.7779930">
    <ele>241.4</ele>
    <time>2025-11-26T10:29:59Z</time>
   </trkpt>
   <trkpt lat="31.1046950" lon="75.7779870">
    <ele>241.5</ele>
    <time>2025-11-26T10:30:00Z</time>
   </trkpt>
   <trkpt lat="31.1047360" lon="75.7779830">
    <ele>241.6</ele>
    <time>2025-11-26T10:30:01Z</time>
   </trkpt>
   <trkpt lat="31.1047770" lon="75.7779760">
    <ele>241.7</ele>
    <time>2025-11-26T10:30:02Z</time>
   </trkpt>
   <trkpt lat="31.1048200" lon="75.7779690">
    <ele>241.9</ele>
    <time>2025-11-26T10:30:03Z</time>
   </trkpt>
   <trkpt lat="31.1048610" lon="75.7779630">
    <ele>242.0</ele>
    <time>2025-11-26T10:30:04Z</time>
   </trkpt>
   <trkpt lat="31.1049030" lon="75.7779590">
    <ele>242.2</ele>
    <time>2025-11-26T10:30:05Z</time>
   </trkpt>
   <trkpt lat="31.1049450" lon="75.7779540">
    <ele>242.3</ele>
    <time>2025-11-26T10:30:06Z</time>
   </trkpt>
   <trkpt lat="31.1049860" lon="75.7779480">
    <ele>242.4</ele>
    <time>2025-11-26T10:30:07Z</time>
   </trkpt>
   <trkpt lat="31.1050260" lon="75.7779420">
    <ele>242.6</ele>
    <time>2025-11-26T10:30:09Z</time>
   </trkpt>
   <trkpt lat="31.1050670" lon="75.7779350">
    <ele>242.7</ele>
    <time>2025-11-26T10:30:10Z</time>
   </trkpt>
   <trkpt lat="31.1051070" lon="75.7779300">
    <ele>242.8</ele>
    <time>2025-11-26T10:30:11Z</time>
   </trkpt>
   <trkpt lat="31.1051480" lon="75.7779260">
    <ele>243.0</ele>
    <time>2025-11-26T10:30:12Z</time>
   </trkpt>
   <trkpt lat="31.1051890" lon="75.7779200">
    <ele>243.1</ele>
    <time>2025-11-26T10:30:13Z</time>
   </trkpt>
   <trkpt lat="31.1052280" lon="75.7779140">
    <ele>243.2</ele>
    <time>2025-11-26T10:30:14Z</time>
   </trkpt>
   <trkpt lat="31.1052680" lon="75.7779070">
    <ele>243.4</ele>
    <time>2025-11-26T10:30:15Z</time>
   </trkpt>
   <trkpt lat="31.1053100" lon="75.7779010">
    <ele>243.5</ele>
    <time>2025-11-26T10:30:16Z</time>
   </trkpt>
   <trkpt lat="31.1053500" lon="75.7778930">
    <ele>243.6</ele>
    <time>2025-11-26T10:30:17Z</time>
   </trkpt>
   <trkpt lat="31.1053910" lon="75.7778870">
    <ele>243.7</ele>
    <time>2025-11-26T10:30:18Z</time>
   </trkpt>
   <trkpt lat="31.1054330" lon="75.7778820">
    <ele>243.9</ele>
    <time>2025-11-26T10:30:19Z</time>
   </trkpt>
   <trkpt lat="31.1054740" lon="75.7778750">
    <ele>244.0</ele>
    <time>2025-11-26T10:30:20Z</time>
   </trkpt>
   <trkpt lat="31.1055160" lon="75.7778700">
    <ele>244.1</ele>
    <time>2025-11-26T10:30:21Z</time>
   </trkpt>
   <trkpt lat="31.1055580" lon="75.7778610">
    <ele>244.2</ele>
    <time>2025-11-26T10:30:22Z</time>
   </trkpt>
   <trkpt lat="31.1055980" lon="75.7778570">
    <ele>244.3</ele>
    <time>2025-11-26T10:30:23Z</time>
   </trkpt>
   <trkpt lat="31.1056410" lon="75.7778500">
    <ele>244.4</ele>
    <time>2025-11-26T10:30:24Z</time>
   </trkpt>
   <trkpt lat="31.1056850" lon="75.7778430">
    <ele>244.5</ele>
    <time>2025-11-26T10:30:25Z</time>
   </trkpt>
   <trkpt lat="31.1057280" lon="75.7778370">
    <ele>244.6</ele>
    <time>2025-11-26T10:30:26Z</time>
   </trkpt>
   <trkpt lat="31.1057730" lon="75.7778290">
    <ele>244.7</ele>
    <time>2025-11-26T10:30:27Z</time>
   </trkpt>
   <trkpt lat="31.1058170" lon="75.7778230">
    <ele>244.8</ele>
    <time>2025-11-26T10:30:28Z</time>
   </trkpt>
   <trkpt lat="31.1058600" lon="75.7778170">
    <ele>244.9</ele>
    <time>2025-11-26T10:30:29Z</time>
   </trkpt>
   <trkpt lat="31.1059040" lon="75.7778130">
    <ele>245.0</ele>
    <time>2025-11-26T10:30:30Z</time>
   </trkpt>
   <trkpt lat="31.1059480" lon="75.7778060">
    <ele>245.0</ele>
    <time>2025-11-26T10:30:31Z</time>
   </trkpt>
   <trkpt lat="31.1059920" lon="75.7777990">
    <ele>245.1</ele>
    <time>2025-11-26T10:30:32Z</time>
   </trkpt>
   <trkpt lat="31.1060360" lon="75.7777910">
    <ele>245.2</ele>
    <time>2025-11-26T10:30:33Z</time>
   </trkpt>
   <trkpt lat="31.1060790" lon="75.7777850">
    <ele>245.3</ele>
    <time>2025-11-26T10:30:34Z</time>
   </trkpt>
   <trkpt lat="31.1061240" lon="75.7777800">
    <ele>245.3</ele>
    <time>2025-11-26T10:30:35Z</time>
   </trkpt>
   <trkpt lat="31.1061700" lon="75.7777730">
    <ele>245.4</ele>
    <time>2025-11-26T10:30:36Z</time>
   </trkpt>
   <trkpt lat="31.1062150" lon="75.7777660">
    <ele>245.5</ele>
    <time>2025-11-26T10:30:37Z</time>
   </trkpt>
   <trkpt lat="31.1062590" lon="75.7777600">
    <ele>245.5</ele>
    <time>2025-11-26T10:30:38Z</time>
   </trkpt>
   <trkpt lat="31.1063040" lon="75.7777540">
    <ele>245.6</ele>
    <time>2025-11-26T10:30:39Z</time>
   </trkpt>
   <trkpt lat="31.1063960" lon="75.7777380">
    <ele>245.6</ele>
    <time>2025-11-26T10:30:40Z</time>
   </trkpt>
   <trkpt lat="31.1064420" lon="75.7777320">
    <ele>245.7</ele>
    <time>2025-11-26T10:30:41Z</time>
   </trkpt>
   <trkpt lat="31.1064880" lon="75.7777240">
    <ele>245.7</ele>
    <time>2025-11-26T10:30:42Z</time>
   </trkpt>
   <trkpt lat="31.1065350" lon="75.7777180">
    <ele>245.7</ele>
    <time>2025-11-26T10:30:43Z</time>
   </trkpt>
   <trkpt lat="31.1065820" lon="75.7777110">
    <ele>245.7</ele>
    <time>2025-11-26T10:30:44Z</time>
   </trkpt>
   <trkpt lat="31.1066280" lon="75.7777060">
    <ele>245.8</ele>
    <time>2025-11-26T10:30:45Z</time>
   </trkpt>
   <trkpt lat="31.1066710" lon="75.7776990">
    <ele>245.8</ele>
    <time>2025-11-26T10:30:46Z</time>
   </trkpt>
   <trkpt lat="31.1067160" lon="75.7776910">
    <ele>245.8</ele>
    <time>2025-11-26T10:30:47Z</time>
   </trkpt>
   <trkpt lat="31.1067610" lon="75.7776840">
    <ele>245.8</ele>
    <time>2025-11-26T10:30:48Z</time>
   </trkpt>
   <trkpt lat="31.1068070" lon="75.7776800">
    <ele>245.8</ele>
    <time>2025-11-26T10:30:49Z</time>
   </trkpt>
   <trkpt lat="31.1068540" lon="75.7776710">
    <ele>245.9</ele>
    <time>2025-11-26T10:30:50Z</time>
   </trkpt>
   <trkpt lat="31.1068990" lon="75.7776620">
    <ele>245.9</ele>
    <time>2025-11-26T10:30:51Z</time>
   </trkpt>
   <trkpt lat="31.1069450" lon="75.7776530">
    <ele>245.9</ele>
    <time>2025-11-26T10:30:52Z</time>
   </trkpt>
   <trkpt lat="31.1069880" lon="75.7776480">
    <ele>245.9</ele>
    <time>2025-11-26T10:30:53Z</time>
   </trkpt>
   <trkpt lat="31.1070280" lon="75.7776430">
    <ele>245.9</ele>
    <time>2025-11-26T10:30:54Z</time>
   </trkpt>
   <trkpt lat="31.1070710" lon="75.7776360">
    <ele>245.9</ele>
    <time>2025-11-26T10:30:55Z</time>
   </trkpt>
   <trkpt lat="31.1071160" lon="75.7776280">
    <ele>246.0</ele>
    <time>2025-11-26T10:30:56Z</time>
   </trkpt>
   <trkpt lat="31.1071620" lon="75.7776220">
    <ele>246.0</ele>
    <time>2025-11-26T10:30:57Z</time>
   </trkpt>
   <trkpt lat="31.1072100" lon="75.7776170">
    <ele>245.9</ele>
    <time>2025-11-26T10:30:58Z</time>
   </trkpt>
   <trkpt lat="31.1072580" lon="75.7776090">
    <ele>245.9</ele>
    <time>2025-11-26T10:30:59Z</time>
   </trkpt>
   <trkpt lat="31.1073080" lon="75.7776020">
    <ele>245.9</ele>
    <time>2025-11-26T10:31:00Z</time>
   </trkpt>
   <trkpt lat="31.1073590" lon="75.7775960">
    <ele>245.9</ele>
    <time>2025-11-26T10:31:01Z</time>
   </trkpt>
   <trkpt lat="31.1074110" lon="75.7775890">
    <ele>245.8</ele>
    <time>2025-11-26T10:31:02Z</time>
   </trkpt>
   <trkpt lat="31.1074630" lon="75.7775800">
    <ele>245.8</ele>
    <time>2025-11-26T10:31:03Z</time>
   </trkpt>
   <trkpt lat="31.1075170" lon="75.7775710">
    <ele>245.8</ele>
    <time>2025-11-26T10:31:04Z</time>
   </trkpt>
   <trkpt lat="31.1075720" lon="75.7775620">
    <ele>245.7</ele>
    <time>2025-11-26T10:31:05Z</time>
   </trkpt>
   <trkpt lat="31.1076270" lon="75.7775540">
    <ele>245.6</ele>
    <time>2025-11-26T10:31:06Z</time>
   </trkpt>
   <trkpt lat="31.1076850" lon="75.7775460">
    <ele>245.6</ele>
    <time>2025-11-26T10:31:07Z</time>
   </trkpt>
   <trkpt lat="31.1077420" lon="75.7775370">
    <ele>245.5</ele>
    <time>2025-11-26T10:31:08Z</time>
   </trkpt>
   <trkpt lat="31.1077990" lon="75.7775280">
    <ele>245.4</ele>
    <time>2025-11-26T10:31:09Z</time>
   </trkpt>
   <trkpt lat="31.1078570" lon="75.7775170">
    <ele>245.3</ele>
    <time>2025-11-26T10:31:10Z</time>
   </trkpt>
   <trkpt lat="31.1079150" lon="75.7775100">
    <ele>245.2</ele>
    <time>2025-11-26T10:31:11Z</time>
   </trkpt>
   <trkpt lat="31.1079750" lon="75.7775030">
    <ele>245.1</ele>
    <time>2025-11-26T10:31:12Z</time>
   </trkpt>
   <trkpt lat="31.1080370" lon="75.7774960">
    <ele>245.0</ele>
    <time>2025-11-26T10:31:13Z</time>
   </trkpt>
   <trkpt lat="31.1081000" lon="75.7774860">
    <ele>244.9</ele>
    <time>2025-11-26T10:31:14Z</time>
   </trkpt>
   <trkpt lat="31.1081670" lon="75.7774770">
    <ele>244.8</ele>
    <time>2025-11-26T10:31:15Z</time>
   </trkpt>
   <trkpt lat="31.1082320" lon="75.7774670">
    <ele>244.6</ele>
    <time>2025-11-26T10:31:16Z</time>
   </trkpt>
   <trkpt lat="31.1082980" lon="75.7774560">
    <ele>244.4</ele>
    <time>2025-11-26T10:31:17Z</time>
   </trkpt>
   <trkpt lat="31.1083650" lon="75.7774450">
    <ele>244.3</ele>
    <time>2025-11-26T10:31:18Z</time>
   </trkpt>
   <trkpt lat="31.1084310" lon="75.7774370">
    <ele>244.1</ele>
    <time>2025-11-26T10:31:19Z</time>
   </trkpt>
   <trkpt lat="31.1085010" lon="75.7774260">
    <ele>243.9</ele>
    <time>2025-11-26T10:31:20Z</time>
   </trkpt>
   <trkpt lat="31.1085720" lon="75.7774160">
    <ele>243.7</ele>
    <time>2025-11-26T10:31:21Z</time>
   </trkpt>
   <trkpt lat="31.1086450" lon="75.7774050">
    <ele>243.5</ele>
    <time>2025-11-26T10:31:22Z</time>
   </trkpt>
   <trkpt lat="31.1087210" lon="75.7773940">
    <ele>243.2</ele>
    <time>2025-11-26T10:31:23Z</time>
   </trkpt>
   <trkpt lat="31.1087980" lon="75.7773810">
    <ele>243.0</ele>
    <time>2025-11-26T10:31:24Z</time>
   </trkpt>
   <trkpt lat="31.1088750" lon="75.7773700">
    <ele>242.7</ele>
    <time>2025-11-26T10:31:25Z</time>
   </trkpt>
   <trkpt lat="31.1089560" lon="75.7773580">
    <ele>242.4</ele>
    <time>2025-11-26T10:31:26Z</time>
   </trkpt>
   <trkpt lat="31.1090370" lon="75.7773480">
    <ele>242.1</ele>
    <time>2025-11-26T10:31:27Z</time>
   </trkpt>
   <trkpt lat="31.1091200" lon="75.7773360">
    <ele>241.8</ele>
    <time>2025-11-26T10:31:28Z</time>
   </trkpt>
   <trkpt lat="31.1092040" lon="75.7773250">
    <ele>241.4</ele>
    <time>2025-11-26T10:31:29Z</time>
   </trkpt>
   <trkpt lat="31.1092880" lon="75.7773130">
    <ele>241.1</ele>
    <time>2025-11-26T10:31:30Z</time>
   </trkpt>
   <trkpt lat="31.1093770" lon="75.7773020">
    <ele>240.8</ele>
    <time>2025-11-26T10:31:31Z</time>
   </trkpt>
   <trkpt lat="31.1094640" lon="75.7772890">
    <ele>240.6</ele>
    <time>2025-11-26T10:31:32Z</time>
   </trkpt>
   <trkpt lat="31.1095530" lon="75.7772770">
    <ele>240.3</ele>
    <time>2025-11-26T10:31:33Z</time>
   </trkpt>
   <trkpt lat="31.1096420" lon="75.7772630">
    <ele>240.1</ele>
    <time>2025-11-26T10:31:34Z</time>
   </trkpt>
   <trkpt lat="31.1097320" lon="75.7772510">
    <ele>239.9</ele>
    <time>2025-11-26T10:31:35Z</time>
   </trkpt>
   <trkpt lat="31.1098220" lon="75.7772380">
    <ele>239.7</ele>
    <time>2025-11-26T10:31:36Z</time>
   </trkpt>
   <trkpt lat="31.1099100" lon="75.7772230">
    <ele>239.6</ele>
    <time>2025-11-26T10:31:37Z</time>
   </trkpt>
   <trkpt lat="31.1099990" lon="75.7772080">
    <ele>239.5</ele>
    <time>2025-11-26T10:31:38Z</time>
   </trkpt>
   <trkpt lat="31.1100890" lon="75.7771930">
    <ele>239.4</ele>
    <time>2025-11-26T10:31:39Z</time>
   </trkpt>
   <trkpt lat="31.1101770" lon="75.7771790">
    <ele>239.3</ele>
    <time>2025-11-26T10:31:40Z</time>
   </trkpt>
   <trkpt lat="31.1102650" lon="75.7771660">
    <ele>239.3</ele>
    <time>2025-11-26T10:31:41Z</time>
   </trkpt>
   <trkpt lat="31.1103530" lon="75.7771520">
    <ele>239.2</ele>
    <time>2025-11-26T10:31:42Z</time>
   </trkpt>
   <trkpt lat="31.1104380" lon="75.7771380">
    <ele>239.2</ele>
    <time>2025-11-26T10:31:43Z</time>
   </trkpt>
   <trkpt lat="31.1105230" lon="75.7771230">
    <ele>239.2</ele>
    <time>2025-11-26T10:31:44Z</time>
   </trkpt>
   <trkpt lat="31.1106070" lon="75.7771090">
    <ele>239.1</ele>
    <time>2025-11-26T10:31:45Z</time>
   </trkpt>
   <trkpt lat="31.1106900" lon="75.7770940">
    <ele>239.1</ele>
    <time>2025-11-26T10:31:46Z</time>
   </trkpt>
   <trkpt lat="31.1107720" lon="75.7770810">
    <ele>239.0</ele>
    <time>2025-11-26T10:31:47Z</time>
   </trkpt>
   <trkpt lat="31.1108520" lon="75.7770700">
    <ele>239.0</ele>
    <time>2025-11-26T10:31:48Z</time>
   </trkpt>
   <trkpt lat="31.1109330" lon="75.7770570">
    <ele>239.0</ele>
    <time>2025-11-26T10:31:49Z</time>
   </trkpt>
   <trkpt lat="31.1110060" lon="75.7770480">
    <ele>239.0</ele>
    <time>2025-11-26T10:31:50Z</time>
   </trkpt>
   <trkpt lat="31.1110850" lon="75.7770360">
    <ele>239.1</ele>
    <time>2025-11-26T10:31:51Z</time>
   </trkpt>
   <trkpt lat="31.1111610" lon="75.7770190">
    <ele>239.1</ele>
    <time>2025-11-26T10:31:52Z</time>
   </trkpt>
   <trkpt lat="31.1112300" lon="75.7770040">
    <ele>239.1</ele>
    <time>2025-11-26T10:31:53Z</time>
   </trkpt>
   <trkpt lat="31.1113060" lon="75.7769950">
    <ele>239.2</ele>
    <time>2025-11-26T10:31:54Z</time>
   </trkpt>
   <trkpt lat="31.1113610" lon="75.7769840">
    <ele>239.2</ele>
    <time>2025-11-26T10:31:55Z</time>
   </trkpt>
   <trkpt lat="31.1114310" lon="75.7769740">
    <ele>239.3</ele>
    <time>2025-11-26T10:31:56Z</time>
   </trkpt>
   <trkpt lat="31.1114910" lon="75.7769650">
    <ele>239.3</ele>
    <time>2025-11-26T10:31:57Z</time>
   </trkpt>
   <trkpt lat="31.1115560" lon="75.7769550">
    <ele>239.4</ele>
    <time>2025-11-26T10:31:58Z</time>
   </trkpt>
   <trkpt lat="31.1116210" lon="75.7769450">
    <ele>239.4</ele>
    <time>2025-11-26T10:31:59Z</time>
   </trkpt>
   <trkpt lat="31.1116810" lon="75.7769330">
    <ele>239.4</ele>
    <time>2025-11-26T10:32:00Z</time>
   </trkpt>
   <trkpt lat="31.1117470" lon="75.7769280">
    <ele>239.5</ele>
    <time>2025-11-26T10:32:01Z</time>
   </trkpt>
   <trkpt lat="31.1118070" lon="75.7769190">
    <ele>239.5</ele>
    <time>2025-11-26T10:32:02Z</time>
   </trkpt>
   <trkpt lat="31.1118710" lon="75.7769090">
    <ele>239.5</ele>
    <time>2025-11-26T10:32:03Z</time>
   </trkpt>
   <trkpt lat="31.1119360" lon="75.7769000">
    <ele>239.5</ele>
    <time>2025-11-26T10:32:04Z</time>
   </trkpt>
   <trkpt lat="31.1119950" lon="75.7768950">
    <ele>239.6</ele>
    <time>2025-11-26T10:32:05Z</time>
   </trkpt>
   <trkpt lat="31.1120570" lon="75.7768880">
    <ele>239.6</ele>
    <time>2025-11-26T10:32:06Z</time>
   </trkpt>
   <trkpt lat="31.1121220" lon="75.7768750">
    <ele>239.6</ele>
    <time>2025-11-26T10:32:07Z</time>
   </trkpt>
   <trkpt lat="31.1121890" lon="75.7768660">
    <ele>239.6</ele>
    <time>2025-11-26T10:32:08Z</time>
   </trkpt>
   <trkpt lat="31.1122590" lon="75.7768560">
    <ele>239.6</ele>
    <time>2025-11-26T10:32:09Z</time>
   </trkpt>
   <trkpt lat="31.1123280" lon="75.7768450">
    <ele>239.6</ele>
    <time>2025-11-26T10:32:10Z</time>
   </trkpt>
   <trkpt lat="31.1123990" lon="75.7768310">
    <ele>239.7</ele>
    <time>2025-11-26T10:32:11Z</time>
   </trkpt>
   <trkpt lat="31.1124680" lon="75.7768220">
    <ele>239.7</ele>
    <time>2025-11-26T10:32:12Z</time>
   </trkpt>
   <trkpt lat="31.1125350" lon="75.7768140">
    <ele>239.7</ele>
    <time>2025-11-26T10:32:13Z</time>
   </trkpt>
   <trkpt lat="31.1125960" lon="75.7768000">
    <ele>239.7</ele>
    <time>2025-11-26T10:32:15Z</time>
   </trkpt>
   <trkpt lat="31.1126590" lon="75.7767910">
    <ele>239.7</ele>
    <time>2025-11-26T10:32:16Z</time>
   </trkpt>
   <trkpt lat="31.1127180" lon="75.7767830">
    <ele>239.7</ele>
    <time>2025-11-26T10:32:17Z</time>
   </trkpt>
   <trkpt lat="31.1127810" lon="75.7767730">
    <ele>239.8</ele>
    <time>2025-11-26T10:32:18Z</time>
   </trkpt>
   <trkpt lat="31.1128450" lon="75.7767630">
    <ele>239.8</ele>
    <time>2025-11-26T10:32:19Z</time>
   </trkpt>
   <trkpt lat="31.1129080" lon="75.7767570">
    <ele>239.8</ele>
    <time>2025-11-26T10:32:20Z</time>
   </trkpt>
   <trkpt lat="31.1129700" lon="75.7767500">
    <ele>239.8</ele>
    <time>2025-11-26T10:32:21Z</time>
   </trkpt>
   <trkpt lat="31.1130270" lon="75.7767400">
    <ele>239.8</ele>
    <time>2025-11-26T10:32:22Z</time>
   </trkpt>
   <trkpt lat="31.1130810" lon="75.7767360">
    <ele>239.9</ele>
    <time>2025-11-26T10:32:23Z</time>
   </trkpt>
   <trkpt lat="31.1131410" lon="75.7767260">
    <ele>239.9</ele>
    <time>2025-11-26T10:32:24Z</time>
   </trkpt>
   <trkpt lat="31.1132000" lon="75.7767140">
    <ele>239.9</ele>
    <time>2025-11-26T10:32:25Z</time>
   </trkpt>
   <trkpt lat="31.1132740" lon="75.7767090">
    <ele>239.9</ele>
    <time>2025-11-26T10:32:26Z</time>
   </trkpt>
   <trkpt lat="31.1133410" lon="75.7767000">
    <ele>240.0</ele>
    <time>2025-11-26T10:32:27Z</time>
   </trkpt>
   <trkpt lat="31.1134070" lon="75.7766900">
    <ele>240.0</ele>
    <time>2025-11-26T10:32:28Z</time>
   </trkpt>
   <trkpt lat="31.1134720" lon="75.7766800">
    <ele>240.0</ele>
    <time>2025-11-26T10:32:29Z</time>
   </trkpt>
   <trkpt lat="31.1135370" lon="75.7766710">
    <ele>240.0</ele>
    <time>2025-11-26T10:32:30Z</time>
   </trkpt>
   <trkpt lat="31.1136050" lon="75.7766600">
    <ele>240.0</ele>
    <time>2025-11-26T10:32:31Z</time>
   </trkpt>
   <trkpt lat="31.1137420" lon="75.7766450">
    <ele>240.1</ele>
    <time>2025-11-26T10:32:32Z</time>
   </trkpt>
   <trkpt lat="31.1138090" lon="75.7766380">
    <ele>240.1</ele>
    <time>2025-11-26T10:32:33Z</time>
   </trkpt>
   <trkpt lat="31.1138760" lon="75.7766290">
    <ele>240.1</ele>
    <time>2025-11-26T10:32:34Z</time>
   </trkpt>
   <trkpt lat="31.1139420" lon="75.7766230">
    <ele>240.2</ele>
    <time>2025-11-26T10:32:35Z</time>
   </trkpt>
   <trkpt lat="31.1140070" lon="75.7766150">
    <ele>240.2</ele>
    <time>2025-11-26T10:32:36Z</time>
   </trkpt>
   <trkpt lat="31.1140710" lon="75.7766050">
    <ele>240.3</ele>
    <time>2025-11-26T10:32:37Z</time>
   </trkpt>
   <trkpt lat="31.1141340" lon="75.7765960">
    <ele>240.4</ele>
    <time>2025-11-26T10:32:38Z</time>
   </trkpt>
   <trkpt lat="31.1141960" lon="75.7765840">
    <ele>240.5</ele>
    <time>2025-11-26T10:32:39Z</time>
   </trkpt>
   <trkpt lat="31.1142580" lon="75.7765740">
    <ele>240.6</ele>
    <time>2025-11-26T10:32:40Z</time>
   </trkpt>
   <trkpt lat="31.1143210" lon="75.7765660">
    <ele>240.6</ele>
    <time>2025-11-26T10:32:41Z</time>
   </trkpt>
   <trkpt lat="31.1143820" lon="75.7765590">
    <ele>240.7</ele>
    <time>2025-11-26T10:32:42Z</time>
   </trkpt>
   <trkpt lat="31.1144410" lon="75.7765520">
    <ele>240.8</ele>
    <time>2025-11-26T10:32:43Z</time>
   </trkpt>
   <trkpt lat="31.1145000" lon="75.7765440">
    <ele>240.9</ele>
    <time>2025-11-26T10:32:44Z</time>
   </trkpt>
   <trkpt lat="31.1145600" lon="75.7765360">
    <ele>240.9</ele>
    <time>2025-11-26T10:32:45Z</time>
   </trkpt>
   <trkpt lat="31.1146180" lon="75.7765310">
    <ele>241.0</ele>
    <time>2025-11-26T10:32:46Z</time>
   </trkpt>
   <trkpt lat="31.1146750" lon="75.7765260">
    <ele>241.1</ele>
    <time>2025-11-26T10:32:47Z</time>
   </trkpt>
   <trkpt lat="31.1147310" lon="75.7765190">
    <ele>241.1</ele>
    <time>2025-11-26T10:32:48Z</time>
   </trkpt>
   <trkpt lat="31.1147860" lon="75.7765120">
    <ele>241.2</ele>
    <time>2025-11-26T10:32:49Z</time>
   </trkpt>
   <trkpt lat="31.1148410" lon="75.7765060">
    <ele>241.3</ele>
    <time>2025-11-26T10:32:50Z</time>
   </trkpt>
   <trkpt lat="31.1148950" lon="75.7765010">
    <ele>241.4</ele>
    <time>2025-11-26T10:32:51Z</time>
   </trkpt>
   <trkpt lat="31.1149490" lon="75.7764960">
    <ele>241.5</ele>
    <time>2025-11-26T10:32:52Z</time>
   </trkpt>
   <trkpt lat="31.1150030" lon="75.7764910">
    <ele>241.5</ele>
    <time>2025-11-26T10:32:53Z</time>
   </trkpt>
   <trkpt lat="31.1150570" lon="75.7764870">
    <ele>241.6</ele>
    <time>2025-11-26T10:32:54Z</time>
   </trkpt>
   <trkpt lat="31.1151120" lon="75.7764810">
    <ele>241.7</ele>
    <time>2025-11-26T10:32:55Z</time>
   </trkpt>
   <trkpt lat="31.1151650" lon="75.7764730">
    <ele>241.8</ele>
    <time>2025-11-26T10:32:56Z</time>
   </trkpt>
   <trkpt lat="31.1152160" lon="75.7764660">
    <ele>241.8</ele>
    <time>2025-11-26T10:32:57Z</time>
   </trkpt>
   <trkpt lat="31.1152690" lon="75.7764600">
    <ele>241.9</ele>
    <time>2025-11-26T10:32:58Z</time>
   </trkpt>
   <trkpt lat="31.1153220" lon="75.7764540">
    <ele>242.0</ele>
    <time>2025-11-26T10:32:59Z</time>
   </trkpt>
   <trkpt lat="31.1153760" lon="75.7764500">
    <ele>242.0</ele>
    <time>2025-11-26T10:33:00Z</time>
   </trkpt>
   <trkpt lat="31.1154300" lon="75.7764460">
    <ele>242.1</ele>
    <time>2025-11-26T10:33:01Z</time>
   </trkpt>
   <trkpt lat="31.1154840" lon="75.7764380">
    <ele>242.1</ele>
    <time>2025-11-26T10:33:02Z</time>
   </trkpt>
   <trkpt lat="31.1155380" lon="75.7764320">
    <ele>242.2</ele>
    <time>2025-11-26T10:33:03Z</time>
   </trkpt>
   <trkpt lat="31.1155930" lon="75.7764260">
    <ele>242.2</ele>
    <time>2025-11-26T10:33:04Z</time>
   </trkpt>
   <trkpt lat="31.1156480" lon="75.7764210">
    <ele>242.3</ele>
    <time>2025-11-26T10:33:05Z</time>
   </trkpt>
   <trkpt lat="31.1157050" lon="75.7764190">
    <ele>242.3</ele>
    <time>2025-11-26T10:33:06Z</time>
   </trkpt>
   <trkpt lat="31.1157590" lon="75.7764110">
    <ele>242.3</ele>
    <time>2025-11-26T10:33:07Z</time>
   </trkpt>
   <trkpt lat="31.1158150" lon="75.7764050">
    <ele>242.4</ele>
    <time>2025-11-26T10:33:08Z</time>
   </trkpt>
   <trkpt lat="31.1158700" lon="75.7764000">
    <ele>242.4</ele>
    <time>2025-11-26T10:33:09Z</time>
   </trkpt>
   <trkpt lat="31.1159210" lon="75.7763950">
    <ele>242.5</ele>
    <time>2025-11-26T10:33:10Z</time>
   </trkpt>
   <trkpt lat="31.1159710" lon="75.7763890">
    <ele>242.6</ele>
    <time>2025-11-26T10:33:11Z</time>
   </trkpt>
   <trkpt lat="31.1160210" lon="75.7763830">
    <ele>242.6</ele>
    <time>2025-11-26T10:33:12Z</time>
   </trkpt>
   <trkpt lat="31.1160710" lon="75.7763770">
    <ele>242.7</ele>
    <time>2025-11-26T10:33:13Z</time>
   </trkpt>
   <trkpt lat="31.1161190" lon="75.7763740">
    <ele>242.8</ele>
    <time>2025-11-26T10:33:14Z</time>
   </trkpt>
   <trkpt lat="31.1161680" lon="75.7763700">
    <ele>242.9</ele>
    <time>2025-11-26T10:33:15Z</time>
   </trkpt>
   <trkpt lat="31.1162180" lon="75.7763670">
    <ele>243.0</ele>
    <time>2025-11-26T10:33:16Z</time>
   </trkpt>
   <trkpt lat="31.1162670" lon="75.7763630">
    <ele>243.1</ele>
    <time>2025-11-26T10:33:17Z</time>
   </trkpt>
   <trkpt lat="31.1163150" lon="75.7763610">
    <ele>243.2</ele>
    <time>2025-11-26T10:33:18Z</time>
   </trkpt>
   <trkpt lat="31.1163660" lon="75.7763580">
    <ele>243.3</ele>
    <time>2025-11-26T10:33:19Z</time>
   </trkpt>
   <trkpt lat="31.1164150" lon="75.7763540">
    <ele>243.4</ele>
    <time>2025-11-26T10:33:20Z</time>
   </trkpt>
   <trkpt lat="31.1164640" lon="75.7763500">
    <ele>243.5</ele>
    <time>2025-11-26T10:33:21Z</time>
   </trkpt>
   <trkpt lat="31.1165130" lon="75.7763420">
    <ele>243.6</ele>
    <time>2025-11-26T10:33:22Z</time>
   </trkpt>
   <trkpt lat="31.1165630" lon="75.7763350">
    <ele>243.7</ele>
    <time>2025-11-26T10:33:23Z</time>
   </trkpt>
   <trkpt lat="31.1166130" lon="75.7763280">
    <ele>243.8</ele>
    <time>2025-11-26T10:33:24Z</time>
   </trkpt>
   <trkpt lat="31.1166610" lon="75.7763260">
    <ele>243.8</ele>
    <time>2025-11-26T10:33:25Z</time>
   </trkpt>
   <trkpt lat="31.1167120" lon="75.7763250">
    <ele>243.9</ele>
    <time>2025-11-26T10:33:26Z</time>
   </trkpt>
   <trkpt lat="31.1167630" lon="75.7763210">
    <ele>244.0</ele>
    <time>2025-11-26T10:33:27Z</time>
   </trkpt>
   <trkpt lat="31.1168160" lon="75.7763150">
    <ele>244.1</ele>
    <time>2025-11-26T10:33:28Z</time>
   </trkpt>
   <trkpt lat="31.1168660" lon="75.7763110">
    <ele>244.2</ele>
    <time>2025-11-26T10:33:29Z</time>
   </trkpt>
   <trkpt lat="31.1169180" lon="75.7763070">
    <ele>244.2</ele>
    <time>2025-11-26T10:33:30Z</time>
   </trkpt>
   <trkpt lat="31.1169680" lon="75.7763010">
    <ele>244.3</ele>
    <time>2025-11-26T10:33:31Z</time>
   </trkpt>
   <trkpt lat="31.1170190" lon="75.7762920">
    <ele>244.4</ele>
    <time>2025-11-26T10:33:32Z</time>
   </trkpt>
   <trkpt lat="31.1170620" lon="75.7762900">
    <ele>244.4</ele>
    <time>2025-11-26T10:33:33Z</time>
   </trkpt>
   <trkpt lat="31.1171080" lon="75.7762840">
    <ele>244.4</ele>
    <time>2025-11-26T10:33:34Z</time>
   </trkpt>
   <trkpt lat="31.1171570" lon="75.7762800">
    <ele>244.5</ele>
    <time>2025-11-26T10:33:35Z</time>
   </trkpt>
   <trkpt lat="31.1172030" lon="75.7762760">
    <ele>244.5</ele>
    <time>2025-11-26T10:33:36Z</time>
   </trkpt>
   <trkpt lat="31.1172510" lon="75.7762730">
    <ele>244.6</ele>
    <time>2025-11-26T10:33:37Z</time>
   </trkpt>
   <trkpt lat="31.1172990" lon="75.7762680">
    <ele>244.6</ele>
    <time>2025-11-26T10:33:38Z</time>
   </trkpt>
   <trkpt lat="31.1173460" lon="75.7762610">
    <ele>244.6</ele>
    <time>2025-11-26T10:33:39Z</time>
   </trkpt>
   <trkpt lat="31.1173910" lon="75.7762570">
    <ele>244.7</ele>
    <time>2025-11-26T10:33:40Z</time>
   </trkpt>
   <trkpt lat="31.1174380" lon="75.7762540">
    <ele>244.7</ele>
    <time>2025-11-26T10:33:41Z</time>
   </trkpt>
   <trkpt lat="31.1174810" lon="75.7762490">
    <ele>244.7</ele>
    <time>2025-11-26T10:33:42Z</time>
   </trkpt>
   <trkpt lat="31.1175260" lon="75.7762450">
    <ele>244.7</ele>
    <time>2025-11-26T10:33:43Z</time>
   </trkpt>
   <trkpt lat="31.1175720" lon="75.7762420">
    <ele>244.7</ele>
    <time>2025-11-26T10:33:44Z</time>
   </trkpt>
   <trkpt lat="31.1176190" lon="75.7762410">
    <ele>244.7</ele>
    <time>2025-11-26T10:33:45Z</time>
   </trkpt>
   <trkpt lat="31.1176640" lon="75.7762350">
    <ele>244.7</ele>
    <time>2025-11-26T10:33:46Z</time>
   </trkpt>
   <trkpt lat="31.1177110" lon="75.7762290">
    <ele>244.7</ele>
    <time>2025-11-26T10:33:47Z</time>
   </trkpt>
   <trkpt lat="31.1177590" lon="75.7762210">
    <ele>244.7</ele>
    <time>2025-11-26T10:33:48Z</time>
   </trkpt>
   <trkpt lat="31.1178060" lon="75.7762130">
    <ele>244.7</ele>
    <time>2025-11-26T10:33:49Z</time>
   </trkpt>
   <trkpt lat="31.1178550" lon="75.7762100">
    <ele>244.7</ele>
    <time>2025-11-26T10:33:50Z</time>
   </trkpt>
   <trkpt lat="31.1179020" lon="75.7762060">
    <ele>244.6</ele>
    <time>2025-11-26T10:33:51Z</time>
   </trkpt>
   <trkpt lat="31.1179490" lon="75.7762020">
    <ele>244.6</ele>
    <time>2025-11-26T10:33:52Z</time>
   </trkpt>
   <trkpt lat="31.1180070" lon="75.7761870">
    <ele>244.6</ele>
    <time>2025-11-26T10:33:53Z</time>
   </trkpt>
   <trkpt lat="31.1180850" lon="75.7761920">
    <ele>244.5</ele>
    <time>2025-11-26T10:33:54Z</time>
   </trkpt>
   <trkpt lat="31.1181360" lon="75.7761920">
    <ele>244.5</ele>
    <time>2025-11-26T10:33:55Z</time>
   </trkpt>
   <trkpt lat="31.1181760" lon="75.7761870">
    <ele>244.5</ele>
    <time>2025-11-26T10:33:56Z</time>
   </trkpt>
   <trkpt lat="31.1182280" lon="75.7761840">
    <ele>244.4</ele>
    <time>2025-11-26T10:33:57Z</time>
   </trkpt>
   <trkpt lat="31.1182740" lon="75.7761750">
    <ele>244.3</ele>
    <time>2025-11-26T10:33:58Z</time>
   </trkpt>
   <trkpt lat="31.1183490" lon="75.7761780">
    <ele>244.2</ele>
    <time>2025-11-26T10:33:59Z</time>
   </trkpt>
   <trkpt lat="31.1183960" lon="75.7761710">
    <ele>244.2</ele>
    <time>2025-11-26T10:34:00Z</time>
   </trkpt>
   <trkpt lat="31.1184530" lon="75.7761680">
    <ele>244.1</ele>
    <time>2025-11-26T10:34:01Z</time>
   </trkpt>
   <trkpt lat="31.1185090" lon="75.7761630">
    <ele>244.0</ele>
    <time>2025-11-26T10:34:02Z</time>
   </trkpt>
   <trkpt lat="31.1185660" lon="75.7761590">
    <ele>243.9</ele>
    <time>2025-11-26T10:34:03Z</time>
   </trkpt>
   <trkpt lat="31.1186220" lon="75.7761550">
    <ele>243.8</ele>
    <time>2025-11-26T10:34:04Z</time>
   </trkpt>
   <trkpt lat="31.1186790" lon="75.7761530">
    <ele>243.7</ele>
    <time>2025-11-26T10:34:05Z</time>
   </trkpt>
   <trkpt lat="31.1187380" lon="75.7761490">
    <ele>243.6</ele>
    <time>2025-11-26T10:34:06Z</time>
   </trkpt>
   <trkpt lat="31.1187970" lon="75.7761420">
    <ele>243.4</ele>
    <time>2025-11-26T10:34:07Z</time>
   </trkpt>
   <trkpt lat="31.1188550" lon="75.7761330">
    <ele>243.3</ele>
    <time>2025-11-26T10:34:08Z</time>
   </trkpt>
   <trkpt lat="31.1189150" lon="75.7761320">
    <ele>243.3</ele>
    <time>2025-11-26T10:34:09Z</time>
   </trkpt>
   <trkpt lat="31.1189770" lon="75.7761310">
    <ele>243.2</ele>
    <time>2025-11-26T10:34:10Z</time>
   </trkpt>
   <trkpt lat="31.1190390" lon="75.7761270">
    <ele>243.1</ele>
    <time>2025-11-26T10:34:11Z</time>
   </trkpt>
   <trkpt lat="31.1191010" lon="75.7761210">
    <ele>243.0</ele>
    <time>2025-11-26T10:34:12Z</time>
   </trkpt>
   <trkpt lat="31.1191640" lon="75.7761170">
    <ele>242.9</ele>
    <time>2025-11-26T10:34:13Z</time>
   </trkpt>
   <trkpt lat="31.1192290" lon="75.7761120">
    <ele>242.9</ele>
    <time>2025-11-26T10:34:14Z</time>
   </trkpt>
   <trkpt lat="31.1192930" lon="75.7761060">
    <ele>242.8</ele>
    <time>2025-11-26T10:34:15Z</time>
   </trkpt>
   <trkpt lat="31.1193580" lon="75.7760990">
    <ele>242.8</ele>
    <time>2025-11-26T10:34:16Z</time>
   </trkpt>
   <trkpt lat="31.1194210" lon="75.7760960">
    <ele>242.8</ele>
    <time>2025-11-26T10:34:17Z</time>
   </trkpt>
   <trkpt lat="31.1194860" lon="75.7760930">
    <ele>242.8</ele>
    <time>2025-11-26T10:34:18Z</time>
   </trkpt>
   <trkpt lat="31.1195510" lon="75.7760900">
    <ele>242.8</ele>
    <time>2025-11-26T10:34:19Z</time>
   </trkpt>
   <trkpt lat="31.1196130" lon="75.7760850">
    <ele>242.8</ele>
    <time>2025-11-26T10:34:20Z</time>
   </trkpt>
   <trkpt lat="31.1196770" lon="75.7760800">
    <ele>242.8</ele>
    <time>2025-11-26T10:34:21Z</time>
   </trkpt>
   <trkpt lat="31.1197390" lon="75.7760770">
    <ele>242.9</ele>
    <time>2025-11-26T10:34:22Z</time>
   </trkpt>
   <trkpt lat="31.1197990" lon="75.7760740">
    <ele>242.9</ele>
    <time>2025-11-26T10:34:23Z</time>
   </trkpt>
   <trkpt lat="31.1198610" lon="75.7760710">
    <ele>243.0</ele>
    <time>2025-11-26T10:34:24Z</time>
   </trkpt>
   <trkpt lat="31.1199220" lon="75.7760670">
    <ele>243.1</ele>
    <time>2025-11-26T10:34:25Z</time>
   </trkpt>
   <trkpt lat="31.1199800" lon="75.7760620">
    <ele>243.2</ele>
    <time>2025-11-26T10:34:26Z</time>
   </trkpt>
   <trkpt lat="31.1200400" lon="75.7760570">
    <ele>243.3</ele>
    <time>2025-11-26T10:34:27Z</time>
   </trkpt>
   <trkpt lat="31.1200970" lon="75.7760530">
    <ele>243.4</ele>
    <time>2025-11-26T10:34:28Z</time>
   </trkpt>
   <trkpt lat="31.1201530" lon="75.7760500">
    <ele>243.5</ele>
    <time>2025-11-26T10:34:29Z</time>
   </trkpt>
   <trkpt lat="31.1202080" lon="75.7760480">
    <ele>243.6</ele>
    <time>2025-11-26T10:34:30Z</time>
   </trkpt>
   <trkpt lat="31.1202650" lon="75.7760460">
    <ele>243.8</ele>
    <time>2025-11-26T10:34:31Z</time>
   </trkpt>
   <trkpt lat="31.1203200" lon="75.7760390">
    <ele>244.0</ele>
    <time>2025-11-26T10:34:32Z</time>
   </trkpt>
   <trkpt lat="31.1203710" lon="75.7760380">
    <ele>244.1</ele>
    <time>2025-11-26T10:34:33Z</time>
   </trkpt>
   <trkpt lat="31.1204250" lon="75.7760340">
    <ele>244.3</ele>
    <time>2025-11-26T10:34:34Z</time>
   </trkpt>
   <trkpt lat="31.1204770" lon="75.7760310">
    <ele>244.4</ele>
    <time>2025-11-26T10:34:35Z</time>
   </trkpt>
   <trkpt lat="31.1205270" lon="75.7760300">
    <ele>244.6</ele>
    <time>2025-11-26T10:34:36Z</time>
   </trkpt>
   <trkpt lat="31.1205760" lon="75.7760290">
    <ele>244.7</ele>
    <time>2025-11-26T10:34:37Z</time>
   </trkpt>
   <trkpt lat="31.1206240" lon="75.7760260">
    <ele>244.9</ele>
    <time>2025-11-26T10:34:38Z</time>
   </trkpt>
   <trkpt lat="31.1206750" lon="75.7760220">
    <ele>245.0</ele>
    <time>2025-11-26T10:34:39Z</time>
   </trkpt>
   <trkpt lat="31.1207300" lon="75.7760170">
    <ele>245.2</ele>
    <time>2025-11-26T10:34:40Z</time>
   </trkpt>
   <trkpt lat="31.1207840" lon="75.7760170">
    <ele>245.4</ele>
    <time>2025-11-26T10:34:41Z</time>
   </trkpt>
   <trkpt lat="31.1208450" lon="75.7760160">
    <ele>245.5</ele>
    <time>2025-11-26T10:34:42Z</time>
   </trkpt>
   <trkpt lat="31.1209100" lon="75.7760080">
    <ele>245.7</ele>
    <time>2025-11-26T10:34:43Z</time>
   </trkpt>
   <trkpt lat="31.1209800" lon="75.7760050">
    <ele>245.9</ele>
    <time>2025-11-26T10:34:44Z</time>
   </trkpt>
   <trkpt lat="31.1210540" lon="75.7760040">
    <ele>246.2</ele>
    <time>2025-11-26T10:34:45Z</time>
   </trkpt>
   <trkpt lat="31.1211300" lon="75.7759980">
    <ele>246.4</ele>
    <time>2025-11-26T10:34:46Z</time>
   </trkpt>
   <trkpt lat="31.1212150" lon="75.7759960">
    <ele>246.6</ele>
    <time>2025-11-26T10:34:47Z</time>
   </trkpt>
   <trkpt lat="31.1213010" lon="75.7759910">
    <ele>246.8</ele>
    <time>2025-11-26T10:34:48Z</time>
   </trkpt>
   <trkpt lat="31.1213750" lon="75.7759900">
    <ele>247.0</ele>
    <time>2025-11-26T10:34:49Z</time>
   </trkpt>
   <trkpt lat="31.1214500" lon="75.7759820">
    <ele>247.1</ele>
    <time>2025-11-26T10:34:50Z</time>
   </trkpt>
   <trkpt lat="31.1215210" lon="75.7759810">
    <ele>247.3</ele>
    <time>2025-11-26T10:34:51Z</time>
   </trkpt>
   <trkpt lat="31.1215890" lon="75.7759780">
    <ele>247.4</ele>
    <time>2025-11-26T10:34:52Z</time>
   </trkpt>
   <trkpt lat="31.1216590" lon="75.7759730">
    <ele>247.5</ele>
    <time>2025-11-26T10:34:53Z</time>
   </trkpt>
   <trkpt lat="31.1217220" lon="75.7759710">
    <ele>247.6</ele>
    <time>2025-11-26T10:34:54Z</time>
   </trkpt>
   <trkpt lat="31.1217870" lon="75.7759700">
    <ele>247.7</ele>
    <time>2025-11-26T10:34:55Z</time>
   </trkpt>
   <trkpt lat="31.1218470" lon="75.7759650">
    <ele>247.7</ele>
    <time>2025-11-26T10:34:56Z</time>
   </trkpt>
   <trkpt lat="31.1219090" lon="75.7759630">
    <ele>247.8</ele>
    <time>2025-11-26T10:34:57Z</time>
   </trkpt>
   <trkpt lat="31.1219680" lon="75.7759590">
    <ele>247.9</ele>
    <time>2025-11-26T10:34:58Z</time>
   </trkpt>
   <trkpt lat="31.1220290" lon="75.7759550">
    <ele>248.0</ele>
    <time>2025-11-26T10:34:59Z</time>
   </trkpt>
   <trkpt lat="31.1220890" lon="75.7759530">
    <ele>248.0</ele>
    <time>2025-11-26T10:35:00Z</time>
   </trkpt>
   <trkpt lat="31.1221490" lon="75.7759510">
    <ele>248.1</ele>
    <time>2025-11-26T10:35:01Z</time>
   </trkpt>
   <trkpt lat="31.1222090" lon="75.7759480">
    <ele>248.1</ele>
    <time>2025-11-26T10:35:02Z</time>
   </trkpt>
   <trkpt lat="31.1222660" lon="75.7759470">
    <ele>248.2</ele>
    <time>2025-11-26T10:35:03Z</time>
   </trkpt>
   <trkpt lat="31.1223260" lon="75.7759440">
    <ele>248.2</ele>
    <time>2025-11-26T10:35:04Z</time>
   </trkpt>
   <trkpt lat="31.1223830" lon="75.7759410">
    <ele>248.2</ele>
    <time>2025-11-26T10:35:05Z</time>
   </trkpt>
   <trkpt lat="31.1224430" lon="75.7759380">
    <ele>248.2</ele>
    <time>2025-11-26T10:35:06Z</time>
   </trkpt>
   <trkpt lat="31.1225020" lon="75.7759370">
    <ele>248.2</ele>
    <time>2025-11-26T10:35:07Z</time>
   </trkpt>
   <trkpt lat="31.1225580" lon="75.7759340">
    <ele>248.2</ele>
    <time>2025-11-26T10:35:08Z</time>
   </trkpt>
   <trkpt lat="31.1226180" lon="75.7759310">
    <ele>248.2</ele>
    <time>2025-11-26T10:35:09Z</time>
   </trkpt>
   <trkpt lat="31.1226740" lon="75.7759280">
    <ele>248.3</ele>
    <time>2025-11-26T10:35:10Z</time>
   </trkpt>
   <trkpt lat="31.1227310" lon="75.7759260">
    <ele>248.3</ele>
    <time>2025-11-26T10:35:11Z</time>
   </trkpt>
   <trkpt lat="31.1227890" lon="75.7759230">
    <ele>248.3</ele>
    <time>2025-11-26T10:35:12Z</time>
   </trkpt>
   <trkpt lat="31.1228460" lon="75.7759220">
    <ele>248.3</ele>
    <time>2025-11-26T10:35:13Z</time>
   </trkpt>
   <trkpt lat="31.1229010" lon="75.7759190">
    <ele>248.3</ele>
    <time>2025-11-26T10:35:14Z</time>
   </trkpt>
   <trkpt lat="31.1229570" lon="75.7759180">
    <ele>248.3</ele>
    <time>2025-11-26T10:35:15Z</time>
   </trkpt>
   <trkpt lat="31.1230130" lon="75.7759140">
    <ele>248.4</ele>
    <time>2025-11-26T10:35:16Z</time>
   </trkpt>
   <trkpt lat="31.1230700" lon="75.7759120">
    <ele>248.4</ele>
    <time>2025-11-26T10:35:17Z</time>
   </trkpt>
   <trkpt lat="31.1231270" lon="75.7759090">
    <ele>248.4</ele>
    <time>2025-11-26T10:35:18Z</time>
   </trkpt>
   <trkpt lat="31.1231860" lon="75.7759060">
    <ele>248.4</ele>
    <time>2025-11-26T10:35:19Z</time>
   </trkpt>
   <trkpt lat="31.1232460" lon="75.7759040">
    <ele>248.4</ele>
    <time>2025-11-26T10:35:20Z</time>
   </trkpt>
   <trkpt lat="31.1233060" lon="75.7759030">
    <ele>248.5</ele>
    <time>2025-11-26T10:35:21Z</time>
   </trkpt>
   <trkpt lat="31.1233660" lon="75.7759000">
    <ele>248.5</ele>
    <time>2025-11-26T10:35:22Z</time>
   </trkpt>
   <trkpt lat="31.1234270" lon="75.7758960">
    <ele>248.5</ele>
    <time>2025-11-26T10:35:23Z</time>
   </trkpt>
   <trkpt lat="31.1234900" lon="75.7758950">
    <ele>248.5</ele>
    <time>2025-11-26T10:35:24Z</time>
   </trkpt>
   <trkpt lat="31.1235550" lon="75.7758920">
    <ele>248.5</ele>
    <time>2025-11-26T10:35:25Z</time>
   </trkpt>
   <trkpt lat="31.1236190" lon="75.7758880">
    <ele>248.4</ele>
    <time>2025-11-26T10:35:26Z</time>
   </trkpt>
   <trkpt lat="31.1236850" lon="75.7758840">
    <ele>248.4</ele>
    <time>2025-11-26T10:35:27Z</time>
   </trkpt>
   <trkpt lat="31.1237510" lon="75.7758810">
    <ele>248.3</ele>
    <time>2025-11-26T10:35:28Z</time>
   </trkpt>
   <trkpt lat="31.1238200" lon="75.7758780">
    <ele>248.3</ele>
    <time>2025-11-26T10:35:29Z</time>
   </trkpt>
   <trkpt lat="31.1238880" lon="75.7758750">
    <ele>248.2</ele>
    <time>2025-11-26T10:35:30Z</time>
   </trkpt>
   <trkpt lat="31.1239560" lon="75.7758700">
    <ele>248.1</ele>
    <time>2025-11-26T10:35:31Z</time>
   </trkpt>
   <trkpt lat="31.1240270" lon="75.7758680">
    <ele>248.0</ele>
    <time>2025-11-26T10:35:32Z</time>
   </trkpt>
   <trkpt lat="31.1240980" lon="75.7758650">
    <ele>247.9</ele>
    <time>2025-11-26T10:35:33Z</time>
   </trkpt>
   <trkpt lat="31.1241710" lon="75.7758600">
    <ele>247.8</ele>
    <time>2025-11-26T10:35:34Z</time>
   </trkpt>
   <trkpt lat="31.1242440" lon="75.7758580">
    <ele>247.6</ele>
    <time>2025-11-26T10:35:35Z</time>
   </trkpt>
   <trkpt lat="31.1243200" lon="75.7758550">
    <ele>247.5</ele>
    <time>2025-11-26T10:35:36Z</time>
   </trkpt>
   <trkpt lat="31.1243950" lon="75.7758520">
    <ele>247.3</ele>
    <time>2025-11-26T10:35:37Z</time>
   </trkpt>
   <trkpt lat="31.1244700" lon="75.7758480">
    <ele>247.1</ele>
    <time>2025-11-26T10:35:38Z</time>
   </trkpt>
   <trkpt lat="31.1245490" lon="75.7758440">
    <ele>246.9</ele>
    <time>2025-11-26T10:35:39Z</time>
   </trkpt>
   <trkpt lat="31.1246270" lon="75.7758420">
    <ele>246.7</ele>
    <time>2025-11-26T10:35:40Z</time>
   </trkpt>
   <trkpt lat="31.1247070" lon="75.7758380">
    <ele>246.5</ele>
    <time>2025-11-26T10:35:41Z</time>
   </trkpt>
   <trkpt lat="31.1247870" lon="75.7758340">
    <ele>246.3</ele>
    <time>2025-11-26T10:35:42Z</time>
   </trkpt>
   <trkpt lat="31.1248650" lon="75.7758310">
    <ele>246.1</ele>
    <time>2025-11-26T10:35:43Z</time>
   </trkpt>
   <trkpt lat="31.1249440" lon="75.7758240">
    <ele>245.9</ele>
    <time>2025-11-26T10:35:44Z</time>
   </trkpt>
   <trkpt lat="31.1250230" lon="75.7758210">
    <ele>245.6</ele>
    <time>2025-11-26T10:35:45Z</time>
   </trkpt>
   <trkpt lat="31.1251030" lon="75.7758230">
    <ele>245.4</ele>
    <time>2025-11-26T10:35:46Z</time>
   </trkpt>
   <trkpt lat="31.1251840" lon="75.7758200">
    <ele>245.0</ele>
    <time>2025-11-26T10:35:47Z</time>
   </trkpt>
   <trkpt lat="31.1252650" lon="75.7758170">
    <ele>244.7</ele>
    <time>2025-11-26T10:35:48Z</time>
   </trkpt>
   <trkpt lat="31.1253470" lon="75.7758140">
    <ele>244.4</ele>
    <time>2025-11-26T10:35:49Z</time>
   </trkpt>
   <trkpt lat="31.1254320" lon="75.7758090">
    <ele>244.1</ele>
    <time>2025-11-26T10:35:50Z</time>
   </trkpt>
   <trkpt lat="31.1255180" lon="75.7758040">
    <ele>243.8</ele>
    <time>2025-11-26T10:35:51Z</time>
   </trkpt>
   <trkpt lat="31.1256030" lon="75.7757980">
    <ele>243.4</ele>
    <time>2025-11-26T10:35:52Z</time>
   </trkpt>
   <trkpt lat="31.1256920" lon="75.7757940">
    <ele>243.1</ele>
    <time>2025-11-26T10:35:53Z</time>
   </trkpt>
   <trkpt lat="31.1257820" lon="75.7757900">
    <ele>242.7</ele>
    <time>2025-11-26T10:35:54Z</time>
   </trkpt>
   <trkpt lat="31.1258720" lon="75.7757860">
    <ele>242.3</ele>
    <time>2025-11-26T10:35:55Z</time>
   </trkpt>
   <trkpt lat="31.1259650" lon="75.7757830">
    <ele>241.9</ele>
    <time>2025-11-26T10:35:56Z</time>
   </trkpt>
   <trkpt lat="31.1260620" lon="75.7757810">
    <ele>241.5</ele>
    <time>2025-11-26T10:35:57Z</time>
   </trkpt>
   <trkpt lat="31.1261620" lon="75.7757800">
    <ele>241.0</ele>
    <time>2025-11-26T10:35:58Z</time>
   </trkpt>
   <trkpt lat="31.1262670" lon="75.7757790">
    <ele>240.6</ele>
    <time>2025-11-26T10:35:59Z</time>
   </trkpt>
   <trkpt lat="31.1263790" lon="75.7757780">
    <ele>240.2</ele>
    <time>2025-11-26T10:36:00Z</time>
   </trkpt>
   <trkpt lat="31.1264920" lon="75.7757710">
    <ele>239.8</ele>
    <time>2025-11-26T10:36:01Z</time>
   </trkpt>
   <trkpt lat="31.1266100" lon="75.7757660">
    <ele>239.4</ele>
    <time>2025-11-26T10:36:02Z</time>
   </trkpt>
   <trkpt lat="31.1267310" lon="75.7757630">
    <ele>239.1</ele>
    <time>2025-11-26T10:36:03Z</time>
   </trkpt>
   <trkpt lat="31.1268580" lon="75.7757550">
    <ele>238.8</ele>
    <time>2025-11-26T10:36:04Z</time>
   </trkpt>
   <trkpt lat="31.1269860" lon="75.7757520">
    <ele>238.6</ele>
    <time>2025-11-26T10:36:05Z</time>
   </trkpt>
   <trkpt lat="31.1271180" lon="75.7757460">
    <ele>238.5</ele>
    <time>2025-11-26T10:36:06Z</time>
   </trkpt>
   <trkpt lat="31.1272500" lon="75.7757410">
    <ele>238.4</ele>
    <time>2025-11-26T10:36:07Z</time>
   </trkpt>
   <trkpt lat="31.1273840" lon="75.7757410">
    <ele>238.3</ele>
    <time>2025-11-26T10:36:08Z</time>
   </trkpt>
   <trkpt lat="31.1275190" lon="75.7757370">
    <ele>238.4</ele>
    <time>2025-11-26T10:36:09Z</time>
   </trkpt>
   <trkpt lat="31.1276550" lon="75.7757290">
    <ele>238.4</ele>
    <time>2025-11-26T10:36:10Z</time>
   </trkpt>
   <trkpt lat="31.1277920" lon="75.7757250">
    <ele>238.5</ele>
    <time>2025-11-26T10:36:11Z</time>
   </trkpt>
   <trkpt lat="31.1279310" lon="75.7757170">
    <ele>238.5</ele>
    <time>2025-11-26T10:36:12Z</time>
   </trkpt>
   <trkpt lat="31.1280680" lon="75.7757040">
    <ele>238.6</ele>
    <time>2025-11-26T10:36:13Z</time>
   </trkpt>
   <trkpt lat="31.1282100" lon="75.7756950">
    <ele>238.7</ele>
    <time>2025-11-26T10:36:14Z</time>
   </trkpt>
   <trkpt lat="31.1283520" lon="75.7756890">
    <ele>238.8</ele>
    <time>2025-11-26T10:36:15Z</time>
   </trkpt>
   <trkpt lat="31.1284930" lon="75.7756820">
    <ele>238.8</ele>
    <time>2025-11-26T10:36:16Z</time>
   </trkpt>
   <trkpt lat="31.1286320" lon="75.7756730">
    <ele>238.9</ele>
    <time>2025-11-26T10:36:17Z</time>
   </trkpt>
   <trkpt lat="31.1287720" lon="75.7756630">
    <ele>238.9</ele>
    <time>2025-11-26T10:36:18Z</time>
   </trkpt>
   <trkpt lat="31.1289120" lon="75.7756550">
    <ele>239.0</ele>
    <time>2025-11-26T10:36:19Z</time>
   </trkpt>
   <trkpt lat="31.1290520" lon="75.7756480">
    <ele>239.0</ele>
    <time>2025-11-26T10:36:20Z</time>
   </trkpt>
   <trkpt lat="31.1291920" lon="75.7756390">
    <ele>239.0</ele>
    <time>2025-11-26T10:36:21Z</time>
   </trkpt>
   <trkpt lat="31.1293320" lon="75.7756320">
    <ele>239.0</ele>
    <time>2025-11-26T10:36:22Z</time>
   </trkpt>
   <trkpt lat="31.1294670" lon="75.7756260">
    <ele>239.1</ele>
    <time>2025-11-26T10:36:23Z</time>
   </trkpt>
   <trkpt lat="31.1295970" lon="75.7756200">
    <ele>239.1</ele>
    <time>2025-11-26T10:36:24Z</time>
   </trkpt>
   <trkpt lat="31.1297250" lon="75.7756170">
    <ele>239.2</ele>
    <time>2025-11-26T10:36:25Z</time>
   </trkpt>
   <trkpt lat="31.1298490" lon="75.7756140">
    <ele>239.3</ele>
    <time>2025-11-26T10:36:26Z</time>
   </trkpt>
   <trkpt lat="31.1299700" lon="75.7756110">
    <ele>239.3</ele>
    <time>2025-11-26T10:36:27Z</time>
   </trkpt>
   <trkpt lat="31.1300900" lon="75.7756100">
    <ele>239.3</ele>
    <time>2025-11-26T10:36:28Z</time>
   </trkpt>
   <trkpt lat="31.1302070" lon="75.7756100">
    <ele>239.3</ele>
    <time>2025-11-26T10:36:29Z</time>
   </trkpt>
   <trkpt lat="31.1303210" lon="75.7756030">
    <ele>239.4</ele>
    <time>2025-11-26T10:36:30Z</time>
   </trkpt>
   <trkpt lat="31.1304330" lon="75.7755950">
    <ele>239.4</ele>
    <time>2025-11-26T10:36:31Z</time>
   </trkpt>
   <trkpt lat="31.1305430" lon="75.7755880">
    <ele>239.4</ele>
    <time>2025-11-26T10:36:32Z</time>
   </trkpt>
   <trkpt lat="31.1306500" lon="75.7755830">
    <ele>239.3</ele>
    <time>2025-11-26T10:36:33Z</time>
   </trkpt>
   <trkpt lat="31.1307560" lon="75.7755780">
    <ele>239.3</ele>
    <time>2025-11-26T10:36:34Z</time>
   </trkpt>
   <trkpt lat="31.1308590" lon="75.7755750">
    <ele>239.3</ele>
    <time>2025-11-26T10:36:35Z</time>
   </trkpt>
   <trkpt lat="31.1309600" lon="75.7755710">
    <ele>239.3</ele>
    <time>2025-11-26T10:36:36Z</time>
   </trkpt>
   <trkpt lat="31.1310590" lon="75.7755640">
    <ele>239.2</ele>
    <time>2025-11-26T10:36:37Z</time>
   </trkpt>
   <trkpt lat="31.1311550" lon="75.7755610">
    <ele>239.2</ele>
    <time>2025-11-26T10:36:38Z</time>
   </trkpt>
   <trkpt lat="31.1312520" lon="75.7755620">
    <ele>239.3</ele>
    <time>2025-11-26T10:36:39Z</time>
   </trkpt>
   <trkpt lat="31.1313450" lon="75.7755600">
    <ele>239.4</ele>
    <time>2025-11-26T10:36:40Z</time>
   </trkpt>
   <trkpt lat="31.1314350" lon="75.7755550">
    <ele>239.4</ele>
    <time>2025-11-26T10:36:41Z</time>
   </trkpt>
   <trkpt lat="31.1315230" lon="75.7755520">
    <ele>239.5</ele>
    <time>2025-11-26T10:36:42Z</time>
   </trkpt>
   <trkpt lat="31.1316090" lon="75.7755530">
    <ele>239.6</ele>
    <time>2025-11-26T10:36:43Z</time>
   </trkpt>
   <trkpt lat="31.1316940" lon="75.7755520">
    <ele>239.7</ele>
    <time>2025-11-26T10:36:44Z</time>
   </trkpt>
   <trkpt lat="31.1317770" lon="75.7755460">
    <ele>239.9</ele>
    <time>2025-11-26T10:36:45Z</time>
   </trkpt>
   <trkpt lat="31.1318600" lon="75.7755390">
    <ele>240.0</ele>
    <time>2025-11-26T10:36:46Z</time>
   </trkpt>
   <trkpt lat="31.1319390" lon="75.7755340">
    <ele>240.2</ele>
    <time>2025-11-26T10:36:47Z</time>
   </trkpt>
   <trkpt lat="31.1320160" lon="75.7755310">
    <ele>240.4</ele>
    <time>2025-11-26T10:36:48Z</time>
   </trkpt>
   <trkpt lat="31.1320900" lon="75.7755250">
    <ele>240.6</ele>
    <time>2025-11-26T10:36:49Z</time>
   </trkpt>
   <trkpt lat="31.1321620" lon="75.7755230">
    <ele>240.8</ele>
    <time>2025-11-26T10:36:50Z</time>
   </trkpt>
   <trkpt lat="31.1322310" lon="75.7755190">
    <ele>241.0</ele>
    <time>2025-11-26T10:36:51Z</time>
   </trkpt>
   <trkpt lat="31.1322950" lon="75.7755180">
    <ele>241.3</ele>
    <time>2025-11-26T10:36:52Z</time>
   </trkpt>
   <trkpt lat="31.1323590" lon="75.7755150">
    <ele>241.5</ele>
    <time>2025-11-26T10:36:53Z</time>
   </trkpt>
   <trkpt lat="31.1324200" lon="75.7755150">
    <ele>241.8</ele>
    <time>2025-11-26T10:36:54Z</time>
   </trkpt>
   <trkpt lat="31.1324800" lon="75.7755130">
    <ele>242.0</ele>
    <time>2025-11-26T10:36:55Z</time>
   </trkpt>
   <trkpt lat="31.1325360" lon="75.7755120">
    <ele>242.3</ele>
    <time>2025-11-26T10:36:56Z</time>
   </trkpt>
   <trkpt lat="31.1325920" lon="75.7755100">
    <ele>242.5</ele>
    <time>2025-11-26T10:36:57Z</time>
   </trkpt>
   <trkpt lat="31.1326450" lon="75.7755070">
    <ele>242.7</ele>
    <time>2025-11-26T10:36:58Z</time>
   </trkpt>
   <trkpt lat="31.1326970" lon="75.7755060">
    <ele>242.9</ele>
    <time>2025-11-26T10:36:59Z</time>
   </trkpt>
   <trkpt lat="31.1327470" lon="75.7755080">
    <ele>243.1</ele>
    <time>2025-11-26T10:37:00Z</time>
   </trkpt>
   <trkpt lat="31.1327900" lon="75.7755080">
    <ele>243.2</ele>
    <time>2025-11-26T10:37:01Z</time>
   </trkpt>
   <trkpt lat="31.1328530" lon="75.7755120">
    <ele>243.4</ele>
    <time>2025-11-26T10:37:02Z</time>
   </trkpt>
   <trkpt lat="31.1329060" lon="75.7755040">
    <ele>243.5</ele>
    <time>2025-11-26T10:37:03Z</time>
   </trkpt>
   <trkpt lat="31.1329530" lon="75.7755040">
    <ele>243.7</ele>
    <time>2025-11-26T10:37:04Z</time>
   </trkpt>
   <trkpt lat="31.1330020" lon="75.7755020">
    <ele>243.8</ele>
    <time>2025-11-26T10:37:05Z</time>
   </trkpt>
   <trkpt lat="31.1330540" lon="75.7755010">
    <ele>243.9</ele>
    <time>2025-11-26T10:37:06Z</time>
   </trkpt>
   <trkpt lat="31.1331050" lon="75.7754970">
    <ele>244.1</ele>
    <time>2025-11-26T10:37:07Z</time>
   </trkpt>
   <trkpt lat="31.1331540" lon="75.7754940">
    <ele>244.2</ele>
    <time>2025-11-26T10:37:08Z</time>
   </trkpt>
   <trkpt lat="31.1332040" lon="75.7754920">
    <ele>244.3</ele>
    <time>2025-11-26T10:37:09Z</time>
   </trkpt>
   <trkpt lat="31.1332530" lon="75.7754880">
    <ele>244.5</ele>
    <time>2025-11-26T10:37:10Z</time>
   </trkpt>
   <trkpt lat="31.1333050" lon="75.7754830">
    <ele>244.6</ele>
    <time>2025-11-26T10:37:11Z</time>
   </trkpt>
   <trkpt lat="31.1333560" lon="75.7754810">
    <ele>244.7</ele>
    <time>2025-11-26T10:37:12Z</time>
   </trkpt>
   <trkpt lat="31.1334070" lon="75.7754790">
    <ele>244.8</ele>
    <time>2025-11-26T10:37:13Z</time>
   </trkpt>
   <trkpt lat="31.1334610" lon="75.7754760">
    <ele>244.9</ele>
    <time>2025-11-26T10:37:14Z</time>
   </trkpt>
   <trkpt lat="31.1335150" lon="75.7754750">
    <ele>245.0</ele>
    <time>2025-11-26T10:37:15Z</time>
   </trkpt>
   <trkpt lat="31.1335650" lon="75.7754740">
    <ele>245.1</ele>
    <time>2025-11-26T10:37:16Z</time>
   </trkpt>
   <trkpt lat="31.1336230" lon="75.7754740">
    <ele>245.1</ele>
    <time>2025-11-26T10:37:17Z</time>
   </trkpt>
   <trkpt lat="31.1336760" lon="75.7754700">
    <ele>245.2</ele>
    <time>2025-11-26T10:37:18Z</time>
   </trkpt>
   <trkpt lat="31.1337280" lon="75.7754660">
    <ele>245.3</ele>
    <time>2025-11-26T10:37:19Z</time>
   </trkpt>
   <trkpt lat="31.1337800" lon="75.7754630">
    <ele>245.4</ele>
    <time>2025-11-26T10:37:20Z</time>
   </trkpt>
   <trkpt lat="31.1338290" lon="75.7754570">
    <ele>245.4</ele>
    <time>2025-11-26T10:37:21Z</time>
   </trkpt>
   <trkpt lat="31.1338770" lon="75.7754570">
    <ele>245.5</ele>
    <time>2025-11-26T10:37:22Z</time>
   </trkpt>
   <trkpt lat="31.1339240" lon="75.7754600">
    <ele>245.6</ele>
    <time>2025-11-26T10:37:23Z</time>
   </trkpt>
   <trkpt lat="31.1339730" lon="75.7754550">
    <ele>245.6</ele>
    <time>2025-11-26T10:37:24Z</time>
   </trkpt>
   <trkpt lat="31.1340220" lon="75.7754490">
    <ele>245.6</ele>
    <time>2025-11-26T10:37:25Z</time>
   </trkpt>
   <trkpt lat="31.1340680" lon="75.7754510">
    <ele>245.7</ele>
    <time>2025-11-26T10:37:26Z</time>
   </trkpt>
   <trkpt lat="31.1341150" lon="75.7754570">
    <ele>245.7</ele>
    <time>2025-11-26T10:37:27Z</time>
   </trkpt>
   <trkpt lat="31.1341540" lon="75.7754510">
    <ele>245.7</ele>
    <time>2025-11-26T10:37:28Z</time>
   </trkpt>
   <trkpt lat="31.1341980" lon="75.7754430">
    <ele>245.8</ele>
    <time>2025-11-26T10:37:29Z</time>
   </trkpt>
   <trkpt lat="31.1342550" lon="75.7754450">
    <ele>245.8</ele>
    <time>2025-11-26T10:37:30Z</time>
   </trkpt>
   <trkpt lat="31.1343040" lon="75.7754460">
    <ele>245.8</ele>
    <time>2025-11-26T10:37:31Z</time>
   </trkpt>
   <trkpt lat="31.1343520" lon="75.7754470">
    <ele>245.8</ele>
    <time>2025-11-26T10:37:32Z</time>
   </trkpt>
   <trkpt lat="31.1343950" lon="75.7754440">
    <ele>245.8</ele>
    <time>2025-11-26T10:37:33Z</time>
   </trkpt>
   <trkpt lat="31.1344390" lon="75.7754400">
    <ele>245.8</ele>
    <time>2025-11-26T10:37:34Z</time>
   </trkpt>
   <trkpt lat="31.1344850" lon="75.7754400">
    <ele>245.8</ele>
    <time>2025-11-26T10:37:35Z</time>
   </trkpt>
   <trkpt lat="31.1345330" lon="75.7754410">
    <ele>245.8</ele>
    <time>2025-11-26T10:37:36Z</time>
   </trkpt>
   <trkpt lat="31.1345790" lon="75.7754390">
    <ele>245.8</ele>
    <time>2025-11-26T10:37:37Z</time>
   </trkpt>
   <trkpt lat="31.1346260" lon="75.7754360">
    <ele>245.8</ele>
    <time>2025-11-26T10:37:38Z</time>
   </trkpt>
   <trkpt lat="31.1346720" lon="75.7754300">
    <ele>245.7</ele>
    <time>2025-11-26T10:37:39Z</time>
   </trkpt>
   <trkpt lat="31.1347200" lon="75.7754330">
    <ele>245.7</ele>
    <time>2025-11-26T10:37:40Z</time>
   </trkpt>
   <trkpt lat="31.1347690" lon="75.7754320">
    <ele>245.6</ele>
    <time>2025-11-26T10:37:41Z</time>
   </trkpt>
   <trkpt lat="31.1348160" lon="75.7754340">
    <ele>245.6</ele>
    <time>2025-11-26T10:37:42Z</time>
   </trkpt>
   <trkpt lat="31.1348640" lon="75.7754300">
    <ele>245.5</ele>
    <time>2025-11-26T10:37:43Z</time>
   </trkpt>
   <trkpt lat="31.1349120" lon="75.7754260">
    <ele>245.5</ele>
    <time>2025-11-26T10:37:44Z</time>
   </trkpt>
   <trkpt lat="31.1349610" lon="75.7754250">
    <ele>245.4</ele>
    <time>2025-11-26T10:37:45Z</time>
   </trkpt>
   <trkpt lat="31.1350130" lon="75.7754240">
    <ele>245.4</ele>
    <time>2025-11-26T10:37:46Z</time>
   </trkpt>
   <trkpt lat="31.1350650" lon="75.7754240">
    <ele>245.3</ele>
    <time>2025-11-26T10:37:47Z</time>
   </trkpt>
   <trkpt lat="31.1351200" lon="75.7754210">
    <ele>245.2</ele>
    <time>2025-11-26T10:37:48Z</time>
   </trkpt>
   <trkpt lat="31.1351740" lon="75.7754170">
    <ele>245.1</ele>
    <time>2025-11-26T10:37:49Z</time>
   </trkpt>
   <trkpt lat="31.1352310" lon="75.7754140">
    <ele>245.0</ele>
    <time>2025-11-26T10:37:50Z</time>
   </trkpt>
   <trkpt lat="31.1352890" lon="75.7754130">
    <ele>244.9</ele>
    <time>2025-11-26T10:37:51Z</time>
   </trkpt>
   <trkpt lat="31.1353490" lon="75.7754150">
    <ele>244.8</ele>
    <time>2025-11-26T10:37:52Z</time>
   </trkpt>
   <trkpt lat="31.1354100" lon="75.7754140">
    <ele>244.7</ele>
    <time>2025-11-26T10:37:53Z</time>
   </trkpt>
   <trkpt lat="31.1354720" lon="75.7754120">
    <ele>244.5</ele>
    <time>2025-11-26T10:37:54Z</time>
   </trkpt>
   <trkpt lat="31.1355340" lon="75.7754090">
    <ele>244.4</ele>
    <time>2025-11-26T10:37:55Z</time>
   </trkpt>
   <trkpt lat="31.1356000" lon="75.7754010">
    <ele>244.3</ele>
    <time>2025-11-26T10:37:56Z</time>
   </trkpt>
   <trkpt lat="31.1356670" lon="75.7754000">
    <ele>244.1</ele>
    <time>2025-11-26T10:37:57Z</time>
   </trkpt>
   <trkpt lat="31.1357320" lon="75.7754010">
    <ele>244.0</ele>
    <time>2025-11-26T10:37:58Z</time>
   </trkpt>
   <trkpt lat="31.1357990" lon="75.7753990">
    <ele>243.8</ele>
    <time>2025-11-26T10:37:59Z</time>
   </trkpt>
   <trkpt lat="31.1358670" lon="75.7753950">
    <ele>243.6</ele>
    <time>2025-11-26T10:38:00Z</time>
   </trkpt>
   <trkpt lat="31.1359340" lon="75.7753930">
    <ele>243.4</ele>
    <time>2025-11-26T10:38:01Z</time>
   </trkpt>
   <trkpt lat="31.1360030" lon="75.7753920">
    <ele>243.2</ele>
    <time>2025-11-26T10:38:02Z</time>
   </trkpt>
   <trkpt lat="31.1360710" lon="75.7753930">
    <ele>242.9</ele>
    <time>2025-11-26T10:38:03Z</time>
   </trkpt>
   <trkpt lat="31.1361390" lon="75.7753900">
    <ele>242.7</ele>
    <time>2025-11-26T10:38:04Z</time>
   </trkpt>
   <trkpt lat="31.1362090" lon="75.7753850">
    <ele>242.5</ele>
    <time>2025-11-26T10:38:05Z</time>
   </trkpt>
   <trkpt lat="31.1362810" lon="75.7753850">
    <ele>242.2</ele>
    <time>2025-11-26T10:38:06Z</time>
   </trkpt>
   <trkpt lat="31.1363510" lon="75.7753860">
    <ele>242.0</ele>
    <time>2025-11-26T10:38:07Z</time>
   </trkpt>
   <trkpt lat="31.1364230" lon="75.7753850">
    <ele>241.7</ele>
    <time>2025-11-26T10:38:08Z</time>
   </trkpt>
   <trkpt lat="31.1364950" lon="75.7753810">
    <ele>241.4</ele>
    <time>2025-11-26T10:38:09Z</time>
   </trkpt>
   <trkpt lat="31.1365690" lon="75.7753750">
    <ele>241.0</ele>
    <time>2025-11-26T10:38:10Z</time>
   </trkpt>
   <trkpt lat="31.1366430" lon="75.7753730">
    <ele>240.7</ele>
    <time>2025-11-26T10:38:11Z</time>
   </trkpt>
   <trkpt lat="31.1367180" lon="75.7753700">
    <ele>240.4</ele>
    <time>2025-11-26T10:38:12Z</time>
   </trkpt>
   <trkpt lat="31.1367950" lon="75.7753670">
    <ele>240.2</ele>
    <time>2025-11-26T10:38:13Z</time>
   </trkpt>
   <trkpt lat="31.1368690" lon="75.7753650">
    <ele>239.9</ele>
    <time>2025-11-26T10:38:14Z</time>
   </trkpt>
   <trkpt lat="31.1369450" lon="75.7753610">
    <ele>239.7</ele>
    <time>2025-11-26T10:38:15Z</time>
   </trkpt>
   <trkpt lat="31.1370210" lon="75.7753560">
    <ele>239.4</ele>
    <time>2025-11-26T10:38:16Z</time>
   </trkpt>
   <trkpt lat="31.1370970" lon="75.7753510">
    <ele>239.1</ele>
    <time>2025-11-26T10:38:17Z</time>
   </trkpt>
   <trkpt lat="31.1371720" lon="75.7753470">
    <ele>238.9</ele>
    <time>2025-11-26T10:38:18Z</time>
   </trkpt>
   <trkpt lat="31.1372450" lon="75.7753460">
    <ele>238.6</ele>
    <time>2025-11-26T10:38:19Z</time>
   </trkpt>
   <trkpt lat="31.1373190" lon="75.7753460">
    <ele>238.5</ele>
    <time>2025-11-26T10:38:20Z</time>
   </trkpt>
   <trkpt lat="31.1373920" lon="75.7753430">
    <ele>238.3</ele>
    <time>2025-11-26T10:38:21Z</time>
   </trkpt>
   <trkpt lat="31.1374670" lon="75.7753330">
    <ele>238.2</ele>
    <time>2025-11-26T10:38:22Z</time>
   </trkpt>
   <trkpt lat="31.1375400" lon="75.7753320">
    <ele>238.0</ele>
    <time>2025-11-26T10:38:23Z</time>
   </trkpt>
   <trkpt lat="31.1376110" lon="75.7753300">
    <ele>237.9</ele>
    <time>2025-11-26T10:38:24Z</time>
   </trkpt>
   <trkpt lat="31.1376840" lon="75.7753300">
    <ele>237.8</ele>
    <time>2025-11-26T10:38:25Z</time>
   </trkpt>
   <trkpt lat="31.1377560" lon="75.7753260">
    <ele>237.8</ele>
    <time>2025-11-26T10:38:26Z</time>
   </trkpt>
   <trkpt lat="31.1378250" lon="75.7753240">
    <ele>237.7</ele>
    <time>2025-11-26T10:38:27Z</time>
   </trkpt>
   <trkpt lat="31.1378930" lon="75.7753220">
    <ele>237.7</ele>
    <time>2025-11-26T10:38:28Z</time>
   </trkpt>
   <trkpt lat="31.1379580" lon="75.7753180">
    <ele>237.7</ele>
    <time>2025-11-26T10:38:29Z</time>
   </trkpt>
   <trkpt lat="31.1380260" lon="75.7753170">
    <ele>237.7</ele>
    <time>2025-11-26T10:38:30Z</time>
   </trkpt>
   <trkpt lat="31.1380950" lon="75.7753140">
    <ele>237.8</ele>
    <time>2025-11-26T10:38:31Z</time>
   </trkpt>
   <trkpt lat="31.1381630" lon="75.7753080">
    <ele>237.8</ele>
    <time>2025-11-26T10:38:32Z</time>
   </trkpt>
   <trkpt lat="31.1382310" lon="75.7753060">
    <ele>237.9</ele>
    <time>2025-11-26T10:38:33Z</time>
   </trkpt>
   <trkpt lat="31.1382980" lon="75.7753040">
    <ele>237.9</ele>
    <time>2025-11-26T10:38:34Z</time>
   </trkpt>
   <trkpt lat="31.1383660" lon="75.7753010">
    <ele>237.9</ele>
    <time>2025-11-26T10:38:35Z</time>
   </trkpt>
   <trkpt lat="31.1384320" lon="75.7752980">
    <ele>238.0</ele>
    <time>2025-11-26T10:38:36Z</time>
   </trkpt>
   <trkpt lat="31.1384980" lon="75.7752980">
    <ele>238.0</ele>
    <time>2025-11-26T10:38:37Z</time>
   </trkpt>
   <trkpt lat="31.1385650" lon="75.7752970">
    <ele>238.1</ele>
    <time>2025-11-26T10:38:38Z</time>
   </trkpt>
   <trkpt lat="31.1386300" lon="75.7752920">
    <ele>238.1</ele>
    <time>2025-11-26T10:38:39Z</time>
   </trkpt>
   <trkpt lat="31.1386920" lon="75.7752860">
    <ele>238.2</ele>
    <time>2025-11-26T10:38:40Z</time>
   </trkpt>
   <trkpt lat="31.1387540" lon="75.7752830">
    <ele>238.3</ele>
    <time>2025-11-26T10:38:41Z</time>
   </trkpt>
   <trkpt lat="31.1388160" lon="75.7752810">
    <ele>238.3</ele>
    <time>2025-11-26T10:38:42Z</time>
   </trkpt>
   <trkpt lat="31.1388790" lon="75.7752800">
    <ele>238.4</ele>
    <time>2025-11-26T10:38:43Z</time>
   </trkpt>
   <trkpt lat="31.1389410" lon="75.7752810">
    <ele>238.4</ele>
    <time>2025-11-26T10:38:44Z</time>
   </trkpt>
   <trkpt lat="31.1390030" lon="75.7752780">
    <ele>238.5</ele>
    <time>2025-11-26T10:38:45Z</time>
   </trkpt>
   <trkpt lat="31.1390650" lon="75.7752740">
    <ele>238.5</ele>
    <time>2025-11-26T10:38:46Z</time>
   </trkpt>
   <trkpt lat="31.1391260" lon="75.7752710">
    <ele>238.6</ele>
    <time>2025-11-26T10:38:47Z</time>
   </trkpt>
   <trkpt lat="31.1391880" lon="75.7752680">
    <ele>238.6</ele>
    <time>2025-11-26T10:38:48Z</time>
   </trkpt>
   <trkpt lat="31.1392500" lon="75.7752660">
    <ele>238.7</ele>
    <time>2025-11-26T10:38:49Z</time>
   </trkpt>
   <trkpt lat="31.1393140" lon="75.7752640">
    <ele>238.7</ele>
    <time>2025-11-26T10:38:50Z</time>
   </trkpt>
   <trkpt lat="31.1393750" lon="75.7752620">
    <ele>238.7</ele>
    <time>2025-11-26T10:38:51Z</time>
   </trkpt>
   <trkpt lat="31.1394380" lon="75.7752580">
    <ele>238.7</ele>
    <time>2025-11-26T10:38:52Z</time>
   </trkpt>
   <trkpt lat="31.1394980" lon="75.7752520">
    <ele>238.7</ele>
    <time>2025-11-26T10:38:53Z</time>
   </trkpt>
   <trkpt lat="31.1395570" lon="75.7752500">
    <ele>238.7</ele>
    <time>2025-11-26T10:38:54Z</time>
   </trkpt>
   <trkpt lat="31.1396190" lon="75.7752480">
    <ele>238.8</ele>
    <time>2025-11-26T10:38:55Z</time>
   </trkpt>
   <trkpt lat="31.1396810" lon="75.7752430">
    <ele>238.8</ele>
    <time>2025-11-26T10:38:56Z</time>
   </trkpt>
   <trkpt lat="31.1397430" lon="75.7752400">
    <ele>238.8</ele>
    <time>2025-11-26T10:38:57Z</time>
   </trkpt>
   <trkpt lat="31.1398050" lon="75.7752380">
    <ele>238.8</ele>
    <time>2025-11-26T10:38:58Z</time>
   </trkpt>
   <trkpt lat="31.1398660" lon="75.7752360">
    <ele>238.8</ele>
    <time>2025-11-26T10:38:59Z</time>
   </trkpt>
   <trkpt lat="31.1399270" lon="75.7752330">
    <ele>238.8</ele>
    <time>2025-11-26T10:39:00Z</time>
   </trkpt>
   <trkpt lat="31.1399890" lon="75.7752290">
    <ele>238.8</ele>
    <time>2025-11-26T10:39:01Z</time>
   </trkpt>
   <trkpt lat="31.1400510" lon="75.7752270">
    <ele>238.8</ele>
    <time>2025-11-26T10:39:02Z</time>
   </trkpt>
   <trkpt lat="31.1401120" lon="75.7752240">
    <ele>238.9</ele>
    <time>2025-11-26T10:39:03Z</time>
   </trkpt>
   <trkpt lat="31.1401730" lon="75.7752220">
    <ele>238.9</ele>
    <time>2025-11-26T10:39:04Z</time>
   </trkpt>
   <trkpt lat="31.1402350" lon="75.7752180">
    <ele>238.9</ele>
    <time>2025-11-26T10:39:05Z</time>
   </trkpt>
   <trkpt lat="31.1402960" lon="75.7752160">
    <ele>239.0</ele>
    <time>2025-11-26T10:39:06Z</time>
   </trkpt>
   <trkpt lat="31.1403560" lon="75.7752130">
    <ele>239.0</ele>
    <time>2025-11-26T10:39:07Z</time>
   </trkpt>
   <trkpt lat="31.1404170" lon="75.7752100">
    <ele>239.0</ele>
    <time>2025-11-26T10:39:08Z</time>
   </trkpt>
   <trkpt lat="31.1404780" lon="75.7752070">
    <ele>239.0</ele>
    <time>2025-11-26T10:39:09Z</time>
   </trkpt>
   <trkpt lat="31.1405390" lon="75.7752040">
    <ele>239.0</ele>
    <time>2025-11-26T10:39:10Z</time>
   </trkpt>
   <trkpt lat="31.1406010" lon="75.7752030">
    <ele>239.0</ele>
    <time>2025-11-26T10:39:11Z</time>
   </trkpt>
   <trkpt lat="31.1406630" lon="75.7752010">
    <ele>238.9</ele>
    <time>2025-11-26T10:39:12Z</time>
   </trkpt>
   <trkpt lat="31.1407250" lon="75.7751970">
    <ele>238.9</ele>
    <time>2025-11-26T10:39:13Z</time>
   </trkpt>
   <trkpt lat="31.1407870" lon="75.7751930">
    <ele>238.9</ele>
    <time>2025-11-26T10:39:14Z</time>
   </trkpt>
   <trkpt lat="31.1408490" lon="75.7751900">
    <ele>238.9</ele>
    <time>2025-11-26T10:39:15Z</time>
   </trkpt>
   <trkpt lat="31.1409100" lon="75.7751860">
    <ele>238.9</ele>
    <time>2025-11-26T10:39:16Z</time>
   </trkpt>
   <trkpt lat="31.1409720" lon="75.7751810">
    <ele>238.9</ele>
    <time>2025-11-26T10:39:17Z</time>
   </trkpt>
   <trkpt lat="31.1410330" lon="75.7751790">
    <ele>238.9</ele>
    <time>2025-11-26T10:39:18Z</time>
   </trkpt>
   <trkpt lat="31.1410930" lon="75.7751770">
    <ele>238.9</ele>
    <time>2025-11-26T10:39:19Z</time>
   </trkpt>
   <trkpt lat="31.1411500" lon="75.7751730">
    <ele>238.9</ele>
    <time>2025-11-26T10:39:20Z</time>
   </trkpt>
   <trkpt lat="31.1412080" lon="75.7751680">
    <ele>238.9</ele>
    <time>2025-11-26T10:39:21Z</time>
   </trkpt>
   <trkpt lat="31.1412650" lon="75.7751660">
    <ele>238.9</ele>
    <time>2025-11-26T10:39:22Z</time>
   </trkpt>
   <trkpt lat="31.1413240" lon="75.7751650">
    <ele>238.9</ele>
    <time>2025-11-26T10:39:23Z</time>
   </trkpt>
   <trkpt lat="31.1413820" lon="75.7751610">
    <ele>239.0</ele>
    <time>2025-11-26T10:39:24Z</time>
   </trkpt>
   <trkpt lat="31.1414390" lon="75.7751610">
    <ele>239.0</ele>
    <time>2025-11-26T10:39:25Z</time>
   </trkpt>
   <trkpt lat="31.1414970" lon="75.7751600">
    <ele>239.0</ele>
    <time>2025-11-26T10:39:26Z</time>
   </trkpt>
   <trkpt lat="31.1415590" lon="75.7751540">
    <ele>239.0</ele>
    <time>2025-11-26T10:39:27Z</time>
   </trkpt>
   <trkpt lat="31.1416250" lon="75.7751530">
    <ele>239.0</ele>
    <time>2025-11-26T10:39:28Z</time>
   </trkpt>
   <trkpt lat="31.1416840" lon="75.7751520">
    <ele>239.0</ele>
    <time>2025-11-26T10:39:29Z</time>
   </trkpt>
   <trkpt lat="31.1417280" lon="75.7751510">
    <ele>239.0</ele>
    <time>2025-11-26T10:39:30Z</time>
   </trkpt>
   <trkpt lat="31.1417800" lon="75.7751470">
    <ele>239.1</ele>
    <time>2025-11-26T10:39:31Z</time>
   </trkpt>
   <trkpt lat="31.1418230" lon="75.7751470">
    <ele>239.1</ele>
    <time>2025-11-26T10:39:32Z</time>
   </trkpt>
   <trkpt lat="31.1418810" lon="75.7751410">
    <ele>239.1</ele>
    <time>2025-11-26T10:39:33Z</time>
   </trkpt>
   <trkpt lat="31.1419320" lon="75.7751380">
    <ele>239.1</ele>
    <time>2025-11-26T10:39:34Z</time>
   </trkpt>
   <trkpt lat="31.1419800" lon="75.7751410">
    <ele>239.1</ele>
    <time>2025-11-26T10:39:35Z</time>
   </trkpt>
   <trkpt lat="31.1420290" lon="75.7751350">
    <ele>239.1</ele>
    <time>2025-11-26T10:39:36Z</time>
   </trkpt>
   <trkpt lat="31.1420760" lon="75.7751300">
    <ele>239.1</ele>
    <time>2025-11-26T10:39:37Z</time>
   </trkpt>
   <trkpt lat="31.1421370" lon="75.7751240">
    <ele>239.1</ele>
    <time>2025-11-26T10:39:38Z</time>
   </trkpt>
   <trkpt lat="31.1421870" lon="75.7751230">
    <ele>239.2</ele>
    <time>2025-11-26T10:39:39Z</time>
   </trkpt>
   <trkpt lat="31.1422070" lon="75.7751280">
    <ele>239.2</ele>
    <time>2025-11-26T10:39:40Z</time>
   </trkpt>
   <trkpt lat="31.1422090" lon="75.7751280">
    <ele>239.2</ele>
    <time>2025-11-26T10:39:41Z</time>
   </trkpt>
   <trkpt lat="31.1422100" lon="75.7751270">
    <ele>239.2</ele>
    <time>2025-11-26T10:39:42Z</time>
   </trkpt>
   <trkpt lat="31.1422110" lon="75.7751260">
    <ele>239.2</ele>
    <time>2025-11-26T10:39:43Z</time>
   </trkpt>
   <trkpt lat="31.1422130" lon="75.7751250">
    <ele>239.2</ele>
    <time>2025-11-26T10:39:44Z</time>
   </trkpt>
   <trkpt lat="31.1422140" lon="75.7751250">
    <ele>239.2</ele>
    <time>2025-11-26T10:39:45Z</time>
   </trkpt>
   <trkpt lat="31.1422150" lon="75.7751240">
    <ele>239.2</ele>
    <time>2025-11-26T10:39:46Z</time>
   </trkpt>
   <trkpt lat="31.1422170" lon="75.7751230">
    <ele>239.2</ele>
    <time>2025-11-26T10:39:47Z</time>
   </trkpt>
   <trkpt lat="31.1422180" lon="75.7751220">
    <ele>239.2</ele>
    <time>2025-11-26T10:39:48Z</time>
   </trkpt>
   <trkpt lat="31.1422190" lon="75.7751220">
    <ele>239.2</ele>
    <time>2025-11-26T10:39:49Z</time>
   </trkpt>
   <trkpt lat="31.1422200" lon="75.7751210">
    <ele>239.2</ele>
    <time>2025-11-26T10:39:50Z</time>
   </trkpt>
   <trkpt lat="31.1422220" lon="75.7751200">
    <ele>239.2</ele>
    <time>2025-11-26T10:39:51Z</time>
   </trkpt>
   <trkpt lat="31.1422230" lon="75.7751190">
    <ele>239.2</ele>
    <time>2025-11-26T10:39:52Z</time>
   </trkpt>
   <trkpt lat="31.1422240" lon="75.7751190">
    <ele>239.2</ele>
    <time>2025-11-26T10:39:53Z</time>
   </trkpt>
   <trkpt lat="31.1422260" lon="75.7751180">
    <ele>239.2</ele>
    <time>2025-11-26T10:39:54Z</time>
   </trkpt>
   <trkpt lat="31.1422270" lon="75.7751170">
    <ele>239.2</ele>
    <time>2025-11-26T10:39:55Z</time>
   </trkpt>
   <trkpt lat="31.1422600" lon="75.7751190">
    <ele>239.2</ele>
    <time>2025-11-26T10:39:56Z</time>
   </trkpt>
   <trkpt lat="31.1422720" lon="75.7751180">
    <ele>239.2</ele>
    <time>2025-11-26T10:39:57Z</time>
   </trkpt>
   <trkpt lat="31.1423000" lon="75.7751160">
    <ele>239.2</ele>
    <time>2025-11-26T10:39:58Z</time>
   </trkpt>
   <trkpt lat="31.1423310" lon="75.7751130">
    <ele>239.2</ele>
    <time>2025-11-26T10:39:59Z</time>
   </trkpt>
   <trkpt lat="31.1423650" lon="75.7751100">
    <ele>239.3</ele>
    <time>2025-11-26T10:40:00Z</time>
   </trkpt>
   <trkpt lat="31.1424030" lon="75.7751080">
    <ele>239.3</ele>
    <time>2025-11-26T10:40:01Z</time>
   </trkpt>
   <trkpt lat="31.1424470" lon="75.7751090">
    <ele>239.3</ele>
    <time>2025-11-26T10:40:02Z</time>
   </trkpt>
   <trkpt lat="31.1424900" lon="75.7751070">
    <ele>239.4</ele>
    <time>2025-11-26T10:40:03Z</time>
   </trkpt>
   <trkpt lat="31.1425330" lon="75.7751020">
    <ele>239.4</ele>
    <time>2025-11-26T10:40:04Z</time>
   </trkpt>
   <trkpt lat="31.1425840" lon="75.7751000">
    <ele>239.5</ele>
    <time>2025-11-26T10:40:05Z</time>
   </trkpt>
   <trkpt lat="31.1426370" lon="75.7750980">
    <ele>239.6</ele>
    <time>2025-11-26T10:40:06Z</time>
   </trkpt>
   <trkpt lat="31.1426890" lon="75.7750970">
    <ele>239.6</ele>
    <time>2025-11-26T10:40:07Z</time>
   </trkpt>
   <trkpt lat="31.1427470" lon="75.7750930">
    <ele>239.7</ele>
    <time>2025-11-26T10:40:08Z</time>
   </trkpt>
   <trkpt lat="31.1428080" lon="75.7750910">
    <ele>239.8</ele>
    <time>2025-11-26T10:40:09Z</time>
   </trkpt>
   <trkpt lat="31.1428700" lon="75.7750870">
    <ele>239.9</ele>
    <time>2025-11-26T10:40:10Z</time>
   </trkpt>
   <trkpt lat="31.1429350" lon="75.7750840">
    <ele>240.0</ele>
    <time>2025-11-26T10:40:11Z</time>
   </trkpt>
   <trkpt lat="31.1430010" lon="75.7750830">
    <ele>240.2</ele>
    <time>2025-11-26T10:40:12Z</time>
   </trkpt>
   <trkpt lat="31.1430670" lon="75.7750800">
    <ele>240.3</ele>
    <time>2025-11-26T10:40:13Z</time>
   </trkpt>
   <trkpt lat="31.1431350" lon="75.7750780">
    <ele>240.5</ele>
    <time>2025-11-26T10:40:14Z</time>
   </trkpt>
   <trkpt lat="31.1432060" lon="75.7750720">
    <ele>240.7</ele>
    <time>2025-11-26T10:40:15Z</time>
   </trkpt>
   <trkpt lat="31.1432770" lon="75.7750690">
    <ele>240.9</ele>
    <time>2025-11-26T10:40:16Z</time>
   </trkpt>
   <trkpt lat="31.1433490" lon="75.7750640">
    <ele>241.1</ele>
    <time>2025-11-26T10:40:17Z</time>
   </trkpt>
   <trkpt lat="31.1434260" lon="75.7750570">
    <ele>241.3</ele>
    <time>2025-11-26T10:40:18Z</time>
   </trkpt>
   <trkpt lat="31.1434990" lon="75.7750550">
    <ele>241.5</ele>
    <time>2025-11-26T10:40:19Z</time>
   </trkpt>
   <trkpt lat="31.1435640" lon="75.7750500">
    <ele>241.7</ele>
    <time>2025-11-26T10:40:20Z</time>
   </trkpt>
   <trkpt lat="31.1436280" lon="75.7750510">
    <ele>241.9</ele>
    <time>2025-11-26T10:40:21Z</time>
   </trkpt>
   <trkpt lat="31.1436890" lon="75.7750470">
    <ele>242.0</ele>
    <time>2025-11-26T10:40:22Z</time>
   </trkpt>
   <trkpt lat="31.1437470" lon="75.7750450">
    <ele>242.2</ele>
    <time>2025-11-26T10:40:23Z</time>
   </trkpt>
   <trkpt lat="31.1438030" lon="75.7750450">
    <ele>242.3</ele>
    <time>2025-11-26T10:40:24Z</time>
   </trkpt>
   <trkpt lat="31.1438540" lon="75.7750430">
    <ele>242.4</ele>
    <time>2025-11-26T10:40:25Z</time>
   </trkpt>
   <trkpt lat="31.1439020" lon="75.7750380">
    <ele>242.5</ele>
    <time>2025-11-26T10:40:26Z</time>
   </trkpt>
   <trkpt lat="31.1439500" lon="75.7750340">
    <ele>242.6</ele>
    <time>2025-11-26T10:40:27Z</time>
   </trkpt>
   <trkpt lat="31.1439970" lon="75.7750330">
    <ele>242.7</ele>
    <time>2025-11-26T10:40:28Z</time>
   </trkpt>
   <trkpt lat="31.1440430" lon="75.7750320">
    <ele>242.8</ele>
    <time>2025-11-26T10:40:29Z</time>
   </trkpt>
   <trkpt lat="31.1440900" lon="75.7750320">
    <ele>242.9</ele>
    <time>2025-11-26T10:40:30Z</time>
   </trkpt>
   <trkpt lat="31.1441370" lon="75.7750280">
    <ele>242.9</ele>
    <time>2025-11-26T10:40:31Z</time>
   </trkpt>
   <trkpt lat="31.1441840" lon="75.7750260">
    <ele>243.0</ele>
    <time>2025-11-26T10:40:32Z</time>
   </trkpt>
   <trkpt lat="31.1442320" lon="75.7750240">
    <ele>243.1</ele>
    <time>2025-11-26T10:40:33Z</time>
   </trkpt>
   <trkpt lat="31.1442770" lon="75.7750240">
    <ele>243.1</ele>
    <time>2025-11-26T10:40:34Z</time>
   </trkpt>
   <trkpt lat="31.1443270" lon="75.7750200">
    <ele>243.2</ele>
    <time>2025-11-26T10:40:35Z</time>
   </trkpt>
   <trkpt lat="31.1443740" lon="75.7750200">
    <ele>243.3</ele>
    <time>2025-11-26T10:40:36Z</time>
   </trkpt>
   <trkpt lat="31.1444210" lon="75.7750200">
    <ele>243.3</ele>
    <time>2025-11-26T10:40:37Z</time>
   </trkpt>
   <trkpt lat="31.1444690" lon="75.7750180">
    <ele>243.4</ele>
    <time>2025-11-26T10:40:38Z</time>
   </trkpt>
   <trkpt lat="31.1445160" lon="75.7750160">
    <ele>243.4</ele>
    <time>2025-11-26T10:40:39Z</time>
   </trkpt>
   <trkpt lat="31.1445620" lon="75.7750130">
    <ele>243.5</ele>
    <time>2025-11-26T10:40:40Z</time>
   </trkpt>
   <trkpt lat="31.1446070" lon="75.7750110">
    <ele>243.5</ele>
    <time>2025-11-26T10:40:41Z</time>
   </trkpt>
   <trkpt lat="31.1446510" lon="75.7750040">
    <ele>243.5</ele>
    <time>2025-11-26T10:40:42Z</time>
   </trkpt>
   <trkpt lat="31.1446930" lon="75.7750030">
    <ele>243.6</ele>
    <time>2025-11-26T10:40:43Z</time>
   </trkpt>
   <trkpt lat="31.1447360" lon="75.7750060">
    <ele>243.6</ele>
    <time>2025-11-26T10:40:44Z</time>
   </trkpt>
   <trkpt lat="31.1447790" lon="75.7750040">
    <ele>243.6</ele>
    <time>2025-11-26T10:40:45Z</time>
   </trkpt>
   <trkpt lat="31.1448220" lon="75.7750010">
    <ele>243.6</ele>
    <time>2025-11-26T10:40:46Z</time>
   </trkpt>
   <trkpt lat="31.1448680" lon="75.7749990">
    <ele>243.7</ele>
    <time>2025-11-26T10:40:47Z</time>
   </trkpt>
   <trkpt lat="31.1449130" lon="75.7749980">
    <ele>243.7</ele>
    <time>2025-11-26T10:40:48Z</time>
   </trkpt>
   <trkpt lat="31.1449580" lon="75.7749960">
    <ele>243.7</ele>
    <time>2025-11-26T10:40:49Z</time>
   </trkpt>
   <trkpt lat="31.1450040" lon="75.7749940">
    <ele>243.7</ele>
    <time>2025-11-26T10:40:50Z</time>
   </trkpt>
   <trkpt lat="31.1450500" lon="75.7749910">
    <ele>243.7</ele>
    <time>2025-11-26T10:40:51Z</time>
   </trkpt>
   <trkpt lat="31.1450980" lon="75.7749920">
    <ele>243.7</ele>
    <time>2025-11-26T10:40:52Z</time>
   </trkpt>
   <trkpt lat="31.1451450" lon="75.7749900">
    <ele>243.7</ele>
    <time>2025-11-26T10:40:53Z</time>
   </trkpt>
   <trkpt lat="31.1451940" lon="75.7749880">
    <ele>243.7</ele>
    <time>2025-11-26T10:40:54Z</time>
   </trkpt>
   <trkpt lat="31.1452440" lon="75.7749820">
    <ele>243.7</ele>
    <time>2025-11-26T10:40:55Z</time>
   </trkpt>
   <trkpt lat="31.1452930" lon="75.7749810">
    <ele>243.7</ele>
    <time>2025-11-26T10:40:56Z</time>
   </trkpt>
   <trkpt lat="31.1453460" lon="75.7749820">
    <ele>243.7</ele>
    <time>2025-11-26T10:40:57Z</time>
   </trkpt>
   <trkpt lat="31.1453990" lon="75.7749800">
    <ele>243.7</ele>
    <time>2025-11-26T10:40:58Z</time>
   </trkpt>
   <trkpt lat="31.1454520" lon="75.7749780">
    <ele>243.6</ele>
    <time>2025-11-26T10:40:59Z</time>
   </trkpt>
   <trkpt lat="31.1455070" lon="75.7749750">
    <ele>243.6</ele>
    <time>2025-11-26T10:41:00Z</time>
   </trkpt>
   <trkpt lat="31.1455630" lon="75.7749720">
    <ele>243.5</ele>
    <time>2025-11-26T10:41:01Z</time>
   </trkpt>
   <trkpt lat="31.1456220" lon="75.7749700">
    <ele>243.4</ele>
    <time>2025-11-26T10:41:02Z</time>
   </trkpt>
   <trkpt lat="31.1456800" lon="75.7749670">
    <ele>243.4</ele>
    <time>2025-11-26T10:41:03Z</time>
   </trkpt>
   <trkpt lat="31.1457400" lon="75.7749640">
    <ele>243.3</ele>
    <time>2025-11-26T10:41:04Z</time>
   </trkpt>
   <trkpt lat="31.1458020" lon="75.7749620">
    <ele>243.2</ele>
    <time>2025-11-26T10:41:05Z</time>
   </trkpt>
   <trkpt lat="31.1458640" lon="75.7749590">
    <ele>243.0</ele>
    <time>2025-11-26T10:41:06Z</time>
   </trkpt>
   <trkpt lat="31.1459260" lon="75.7749550">
    <ele>242.9</ele>
    <time>2025-11-26T10:41:07Z</time>
   </trkpt>
   <trkpt lat="31.1459890" lon="75.7749550">
    <ele>242.8</ele>
    <time>2025-11-26T10:41:08Z</time>
   </trkpt>
   <trkpt lat="31.1460490" lon="75.7749500">
    <ele>242.7</ele>
    <time>2025-11-26T10:41:09Z</time>
   </trkpt>
   <trkpt lat="31.1461110" lon="75.7749470">
    <ele>242.5</ele>
    <time>2025-11-26T10:41:10Z</time>
   </trkpt>
   <trkpt lat="31.1461730" lon="75.7749440">
    <ele>242.4</ele>
    <time>2025-11-26T10:41:11Z</time>
   </trkpt>
   <trkpt lat="31.1462370" lon="75.7749400">
    <ele>242.2</ele>
    <time>2025-11-26T10:41:12Z</time>
   </trkpt>
   <trkpt lat="31.1463020" lon="75.7749370">
    <ele>242.1</ele>
    <time>2025-11-26T10:41:13Z</time>
   </trkpt>
   <trkpt lat="31.1463690" lon="75.7749340">
    <ele>241.9</ele>
    <time>2025-11-26T10:41:14Z</time>
   </trkpt>
   <trkpt lat="31.1464390" lon="75.7749320">
    <ele>241.7</ele>
    <time>2025-11-26T10:41:15Z</time>
   </trkpt>
   <trkpt lat="31.1465080" lon="75.7749310">
    <ele>241.5</ele>
    <time>2025-11-26T10:41:16Z</time>
   </trkpt>
   <trkpt lat="31.1465780" lon="75.7749280">
    <ele>241.3</ele>
    <time>2025-11-26T10:41:17Z</time>
   </trkpt>
   <trkpt lat="31.1466490" lon="75.7749270">
    <ele>241.1</ele>
    <time>2025-11-26T10:41:18Z</time>
   </trkpt>
   <trkpt lat="31.1467190" lon="75.7749200">
    <ele>240.9</ele>
    <time>2025-11-26T10:41:19Z</time>
   </trkpt>
   <trkpt lat="31.1467890" lon="75.7749130">
    <ele>240.6</ele>
    <time>2025-11-26T10:41:20Z</time>
   </trkpt>
   <trkpt lat="31.1468610" lon="75.7749130">
    <ele>240.4</ele>
    <time>2025-11-26T10:41:21Z</time>
   </trkpt>
   <trkpt lat="31.1469310" lon="75.7749120">
    <ele>240.3</ele>
    <time>2025-11-26T10:41:22Z</time>
   </trkpt>
   <trkpt lat="31.1470030" lon="75.7749090">
    <ele>240.1</ele>
    <time>2025-11-26T10:41:23Z</time>
   </trkpt>
   <trkpt lat="31.1470750" lon="75.7749070">
    <ele>239.9</ele>
    <time>2025-11-26T10:41:24Z</time>
   </trkpt>
   <trkpt lat="31.1471490" lon="75.7749040">
    <ele>239.7</ele>
    <time>2025-11-26T10:41:25Z</time>
   </trkpt>
   <trkpt lat="31.1472240" lon="75.7749010">
    <ele>239.6</ele>
    <time>2025-11-26T10:41:26Z</time>
   </trkpt>
   <trkpt lat="31.1472970" lon="75.7748970">
    <ele>239.4</ele>
    <time>2025-11-26T10:41:27Z</time>
   </trkpt>
   <trkpt lat="31.1473720" lon="75.7748940">
    <ele>239.3</ele>
    <time>2025-11-26T10:41:28Z</time>
   </trkpt>
   <trkpt lat="31.1474480" lon="75.7748910">
    <ele>239.2</ele>
    <time>2025-11-26T10:41:29Z</time>
   </trkpt>
   <trkpt lat="31.1475220" lon="75.7748880">
    <ele>239.1</ele>
    <time>2025-11-26T10:41:30Z</time>
   </trkpt>
   <trkpt lat="31.1475960" lon="75.7748850">
    <ele>239.1</ele>
    <time>2025-11-26T10:41:31Z</time>
   </trkpt>
   <trkpt lat="31.1476700" lon="75.7748810">
    <ele>239.0</ele>
    <time>2025-11-26T10:41:32Z</time>
   </trkpt>
   <trkpt lat="31.1477440" lon="75.7748770">
    <ele>239.0</ele>
    <time>2025-11-26T10:41:33Z</time>
   </trkpt>
   <trkpt lat="31.1478170" lon="75.7748760">
    <ele>239.0</ele>
    <time>2025-11-26T10:41:34Z</time>
   </trkpt>
   <trkpt lat="31.1478880" lon="75.7748770">
    <ele>239.0</ele>
    <time>2025-11-26T10:41:35Z</time>
   </trkpt>
   <trkpt lat="31.1479600" lon="75.7748730">
    <ele>239.0</ele>
    <time>2025-11-26T10:41:36Z</time>
   </trkpt>
   <trkpt lat="31.1480290" lon="75.7748700">
    <ele>239.0</ele>
    <time>2025-11-26T10:41:37Z</time>
   </trkpt>
   <trkpt lat="31.1480970" lon="75.7748690">
    <ele>239.0</ele>
    <time>2025-11-26T10:41:38Z</time>
   </trkpt>
   <trkpt lat="31.1481660" lon="75.7748690">
    <ele>239.0</ele>
    <time>2025-11-26T10:41:39Z</time>
   </trkpt>
   <trkpt lat="31.1482340" lon="75.7748660">
    <ele>239.0</ele>
    <time>2025-11-26T10:41:40Z</time>
   </trkpt>
   <trkpt lat="31.1483020" lon="75.7748640">
    <ele>239.0</ele>
    <time>2025-11-26T10:41:41Z</time>
   </trkpt>
   <trkpt lat="31.1483690" lon="75.7748620">
    <ele>239.0</ele>
    <time>2025-11-26T10:41:42Z</time>
   </trkpt>
   <trkpt lat="31.1484350" lon="75.7748620">
    <ele>239.0</ele>
    <time>2025-11-26T10:41:43Z</time>
   </trkpt>
   <trkpt lat="31.1485030" lon="75.7748610">
    <ele>239.0</ele>
    <time>2025-11-26T10:41:44Z</time>
   </trkpt>
   <trkpt lat="31.1485680" lon="75.7748570">
    <ele>239.0</ele>
    <time>2025-11-26T10:41:45Z</time>
   </trkpt>
   <trkpt lat="31.1486340" lon="75.7748550">
    <ele>239.0</ele>
    <time>2025-11-26T10:41:46Z</time>
   </trkpt>
   <trkpt lat="31.1487000" lon="75.7748540">
    <ele>238.9</ele>
    <time>2025-11-26T10:41:47Z</time>
   </trkpt>
   <trkpt lat="31.1487670" lon="75.7748530">
    <ele>238.9</ele>
    <time>2025-11-26T10:41:48Z</time>
   </trkpt>
   <trkpt lat="31.1488330" lon="75.7748530">
    <ele>238.9</ele>
    <time>2025-11-26T10:41:49Z</time>
   </trkpt>
   <trkpt lat="31.1489000" lon="75.7748490">
    <ele>238.9</ele>
    <time>2025-11-26T10:41:50Z</time>
   </trkpt>
   <trkpt lat="31.1489650" lon="75.7748460">
    <ele>238.9</ele>
    <time>2025-11-26T10:41:51Z</time>
   </trkpt>
   <trkpt lat="31.1490310" lon="75.7748460">
    <ele>238.8</ele>
    <time>2025-11-26T10:41:52Z</time>
   </trkpt>
   <trkpt lat="31.1490970" lon="75.7748480">
    <ele>238.8</ele>
    <time>2025-11-26T10:41:53Z</time>
   </trkpt>
   <trkpt lat="31.1491640" lon="75.7748460">
    <ele>238.8</ele>
    <time>2025-11-26T10:41:54Z</time>
   </trkpt>
   <trkpt lat="31.1492310" lon="75.7748460">
    <ele>238.8</ele>
    <time>2025-11-26T10:41:55Z</time>
   </trkpt>
   <trkpt lat="31.1492980" lon="75.7748460">
    <ele>238.8</ele>
    <time>2025-11-26T10:41:56Z</time>
   </trkpt>
   <trkpt lat="31.1493660" lon="75.7748430">
    <ele>238.9</ele>
    <time>2025-11-26T10:41:57Z</time>
   </trkpt>
   <trkpt lat="31.1494350" lon="75.7748420">
    <ele>238.9</ele>
    <time>2025-11-26T10:41:58Z</time>
   </trkpt>
   <trkpt lat="31.1495050" lon="75.7748410">
    <ele>238.9</ele>
    <time>2025-11-26T10:41:59Z</time>
   </trkpt>
   <trkpt lat="31.1495750" lon="75.7748420">
    <ele>238.9</ele>
    <time>2025-11-26T10:42:00Z</time>
   </trkpt>
   <trkpt lat="31.1496450" lon="75.7748420">
    <ele>238.9</ele>
    <time>2025-11-26T10:42:01Z</time>
   </trkpt>
   <trkpt lat="31.1497150" lon="75.7748430">
    <ele>238.9</ele>
    <time>2025-11-26T10:42:02Z</time>
   </trkpt>
   <trkpt lat="31.1497860" lon="75.7748410">
    <ele>238.9</ele>
    <time>2025-11-26T10:42:03Z</time>
   </trkpt>
   <trkpt lat="31.1498560" lon="75.7748420">
    <ele>239.0</ele>
    <time>2025-11-26T10:42:04Z</time>
   </trkpt>
   <trkpt lat="31.1499250" lon="75.7748430">
    <ele>239.0</ele>
    <time>2025-11-26T10:42:05Z</time>
   </trkpt>
   <trkpt lat="31.1499940" lon="75.7748440">
    <ele>239.0</ele>
    <time>2025-11-26T10:42:06Z</time>
   </trkpt>
   <trkpt lat="31.1500620" lon="75.7748420">
    <ele>239.1</ele>
    <time>2025-11-26T10:42:07Z</time>
   </trkpt>
   <trkpt lat="31.1501310" lon="75.7748420">
    <ele>239.1</ele>
    <time>2025-11-26T10:42:08Z</time>
   </trkpt>
   <trkpt lat="31.1502000" lon="75.7748410">
    <ele>239.2</ele>
    <time>2025-11-26T10:42:09Z</time>
   </trkpt>
   <trkpt lat="31.1502690" lon="75.7748410">
    <ele>239.2</ele>
    <time>2025-11-26T10:42:10Z</time>
   </trkpt>
   <trkpt lat="31.1503360" lon="75.7748380">
    <ele>239.3</ele>
    <time>2025-11-26T10:42:11Z</time>
   </trkpt>
   <trkpt lat="31.1504050" lon="75.7748400">
    <ele>239.3</ele>
    <time>2025-11-26T10:42:12Z</time>
   </trkpt>
   <trkpt lat="31.1504730" lon="75.7748380">
    <ele>239.3</ele>
    <time>2025-11-26T10:42:13Z</time>
   </trkpt>
   <trkpt lat="31.1505390" lon="75.7748390">
    <ele>239.4</ele>
    <time>2025-11-26T10:42:14Z</time>
   </trkpt>
   <trkpt lat="31.1506070" lon="75.7748380">
    <ele>239.4</ele>
    <time>2025-11-26T10:42:15Z</time>
   </trkpt>
   <trkpt lat="31.1506730" lon="75.7748390">
    <ele>239.4</ele>
    <time>2025-11-26T10:42:16Z</time>
   </trkpt>
   <trkpt lat="31.1507390" lon="75.7748370">
    <ele>239.5</ele>
    <time>2025-11-26T10:42:17Z</time>
   </trkpt>
   <trkpt lat="31.1508040" lon="75.7748360">
    <ele>239.5</ele>
    <time>2025-11-26T10:42:18Z</time>
   </trkpt>
   <trkpt lat="31.1508690" lon="75.7748360">
    <ele>239.5</ele>
    <time>2025-11-26T10:42:19Z</time>
   </trkpt>
   <trkpt lat="31.1509360" lon="75.7748350">
    <ele>239.6</ele>
    <time>2025-11-26T10:42:20Z</time>
   </trkpt>
   <trkpt lat="31.1510020" lon="75.7748370">
    <ele>239.6</ele>
    <time>2025-11-26T10:42:21Z</time>
   </trkpt>
   <trkpt lat="31.1510680" lon="75.7748380">
    <ele>239.7</ele>
    <time>2025-11-26T10:42:22Z</time>
   </trkpt>
   <trkpt lat="31.1511330" lon="75.7748380">
    <ele>239.7</ele>
    <time>2025-11-26T10:42:23Z</time>
   </trkpt>
   <trkpt lat="31.1511980" lon="75.7748350">
    <ele>239.8</ele>
    <time>2025-11-26T10:42:24Z</time>
   </trkpt>
   <trkpt lat="31.1512620" lon="75.7748370">
    <ele>239.8</ele>
    <time>2025-11-26T10:42:25Z</time>
   </trkpt>
   <trkpt lat="31.1513250" lon="75.7748370">
    <ele>239.9</ele>
    <time>2025-11-26T10:42:26Z</time>
   </trkpt>
   <trkpt lat="31.1513880" lon="75.7748350">
    <ele>239.9</ele>
    <time>2025-11-26T10:42:27Z</time>
   </trkpt>
   <trkpt lat="31.1514500" lon="75.7748360">
    <ele>240.0</ele>
    <time>2025-11-26T10:42:28Z</time>
   </trkpt>
   <trkpt lat="31.1515110" lon="75.7748380">
    <ele>240.1</ele>
    <time>2025-11-26T10:42:29Z</time>
   </trkpt>
   <trkpt lat="31.1515700" lon="75.7748400">
    <ele>240.1</ele>
    <time>2025-11-26T10:42:30Z</time>
   </trkpt>
   <trkpt lat="31.1516260" lon="75.7748390">
    <ele>240.3</ele>
    <time>2025-11-26T10:42:31Z</time>
   </trkpt>
   <trkpt lat="31.1516840" lon="75.7748400">
    <ele>240.4</ele>
    <time>2025-11-26T10:42:32Z</time>
   </trkpt>
   <trkpt lat="31.1517370" lon="75.7748410">
    <ele>240.5</ele>
    <time>2025-11-26T10:42:33Z</time>
   </trkpt>
   <trkpt lat="31.1517910" lon="75.7748420">
    <ele>240.6</ele>
    <time>2025-11-26T10:42:34Z</time>
   </trkpt>
   <trkpt lat="31.1518450" lon="75.7748420">
    <ele>240.7</ele>
    <time>2025-11-26T10:42:35Z</time>
   </trkpt>
   <trkpt lat="31.1518950" lon="75.7748410">
    <ele>240.8</ele>
    <time>2025-11-26T10:42:36Z</time>
   </trkpt>
   <trkpt lat="31.1519450" lon="75.7748420">
    <ele>240.9</ele>
    <time>2025-11-26T10:42:37Z</time>
   </trkpt>
   <trkpt lat="31.1519940" lon="75.7748430">
    <ele>241.0</ele>
    <time>2025-11-26T10:42:38Z</time>
   </trkpt>
   <trkpt lat="31.1520430" lon="75.7748430">
    <ele>241.2</ele>
    <time>2025-11-26T10:42:39Z</time>
   </trkpt>
   <trkpt lat="31.1520890" lon="75.7748420">
    <ele>241.3</ele>
    <time>2025-11-26T10:42:40Z</time>
   </trkpt>
   <trkpt lat="31.1521370" lon="75.7748420">
    <ele>241.4</ele>
    <time>2025-11-26T10:42:42Z</time>
   </trkpt>
   <trkpt lat="31.1521840" lon="75.7748450">
    <ele>241.5</ele>
    <time>2025-11-26T10:42:43Z</time>
   </trkpt>
   <trkpt lat="31.1522320" lon="75.7748490">
    <ele>241.7</ele>
    <time>2025-11-26T10:42:44Z</time>
   </trkpt>
   <trkpt lat="31.1522800" lon="75.7748520">
    <ele>241.8</ele>
    <time>2025-11-26T10:42:45Z</time>
   </trkpt>
   <trkpt lat="31.1523290" lon="75.7748520">
    <ele>241.9</ele>
    <time>2025-11-26T10:42:46Z</time>
   </trkpt>
   <trkpt lat="31.1523800" lon="75.7748510">
    <ele>242.0</ele>
    <time>2025-11-26T10:42:47Z</time>
   </trkpt>
   <trkpt lat="31.1524300" lon="75.7748520">
    <ele>242.1</ele>
    <time>2025-11-26T10:42:48Z</time>
   </trkpt>
   <trkpt lat="31.1524800" lon="75.7748520">
    <ele>242.2</ele>
    <time>2025-11-26T10:42:49Z</time>
   </trkpt>
   <trkpt lat="31.1525300" lon="75.7748540">
    <ele>242.3</ele>
    <time>2025-11-26T10:42:50Z</time>
   </trkpt>
   <trkpt lat="31.1525800" lon="75.7748530">
    <ele>242.4</ele>
    <time>2025-11-26T10:42:51Z</time>
   </trkpt>
   <trkpt lat="31.1526300" lon="75.7748520">
    <ele>242.5</ele>
    <time>2025-11-26T10:42:52Z</time>
   </trkpt>
   <trkpt lat="31.1526800" lon="75.7748540">
    <ele>242.6</ele>
    <time>2025-11-26T10:42:53Z</time>
   </trkpt>
   <trkpt lat="31.1527300" lon="75.7748560">
    <ele>242.7</ele>
    <time>2025-11-26T10:42:54Z</time>
   </trkpt>
   <trkpt lat="31.1527790" lon="75.7748560">
    <ele>242.8</ele>
    <time>2025-11-26T10:42:55Z</time>
   </trkpt>
   <trkpt lat="31.1528300" lon="75.7748570">
    <ele>242.9</ele>
    <time>2025-11-26T10:42:56Z</time>
   </trkpt>
   <trkpt lat="31.1528810" lon="75.7748590">
    <ele>243.0</ele>
    <time>2025-11-26T10:42:57Z</time>
   </trkpt>
   <trkpt lat="31.1529320" lon="75.7748590">
    <ele>243.0</ele>
    <time>2025-11-26T10:42:58Z</time>
   </trkpt>
   <trkpt lat="31.1529850" lon="75.7748600">
    <ele>243.1</ele>
    <time>2025-11-26T10:42:59Z</time>
   </trkpt>
   <trkpt lat="31.1530360" lon="75.7748600">
    <ele>243.2</ele>
    <time>2025-11-26T10:43:00Z</time>
   </trkpt>
   <trkpt lat="31.1530890" lon="75.7748620">
    <ele>243.2</ele>
    <time>2025-11-26T10:43:01Z</time>
   </trkpt>
   <trkpt lat="31.1531400" lon="75.7748620">
    <ele>243.3</ele>
    <time>2025-11-26T10:43:02Z</time>
   </trkpt>
   <trkpt lat="31.1531920" lon="75.7748640">
    <ele>243.3</ele>
    <time>2025-11-26T10:43:03Z</time>
   </trkpt>
   <trkpt lat="31.1532440" lon="75.7748640">
    <ele>243.4</ele>
    <time>2025-11-26T10:43:04Z</time>
   </trkpt>
   <trkpt lat="31.1532950" lon="75.7748640">
    <ele>243.4</ele>
    <time>2025-11-26T10:43:05Z</time>
   </trkpt>
   <trkpt lat="31.1533470" lon="75.7748670">
    <ele>243.4</ele>
    <time>2025-11-26T10:43:06Z</time>
   </trkpt>
   <trkpt lat="31.1533990" lon="75.7748700">
    <ele>243.4</ele>
    <time>2025-11-26T10:43:07Z</time>
   </trkpt>
   <trkpt lat="31.1534510" lon="75.7748710">
    <ele>243.4</ele>
    <time>2025-11-26T10:43:08Z</time>
   </trkpt>
   <trkpt lat="31.1535020" lon="75.7748700">
    <ele>243.5</ele>
    <time>2025-11-26T10:43:09Z</time>
   </trkpt>
   <trkpt lat="31.1535580" lon="75.7748710">
    <ele>243.5</ele>
    <time>2025-11-26T10:43:10Z</time>
   </trkpt>
   <trkpt lat="31.1536110" lon="75.7748710">
    <ele>243.5</ele>
    <time>2025-11-26T10:43:11Z</time>
   </trkpt>
   <trkpt lat="31.1536650" lon="75.7748740">
    <ele>243.5</ele>
    <time>2025-11-26T10:43:12Z</time>
   </trkpt>
   <trkpt lat="31.1537190" lon="75.7748750">
    <ele>243.5</ele>
    <time>2025-11-26T10:43:13Z</time>
   </trkpt>
   <trkpt lat="31.1537740" lon="75.7748740">
    <ele>243.4</ele>
    <time>2025-11-26T10:43:14Z</time>
   </trkpt>
   <trkpt lat="31.1538300" lon="75.7748760">
    <ele>243.4</ele>
    <time>2025-11-26T10:43:15Z</time>
   </trkpt>
   <trkpt lat="31.1538850" lon="75.7748770">
    <ele>243.4</ele>
    <time>2025-11-26T10:43:16Z</time>
   </trkpt>
   <trkpt lat="31.1539420" lon="75.7748790">
    <ele>243.4</ele>
    <time>2025-11-26T10:43:17Z</time>
   </trkpt>
   <trkpt lat="31.1539970" lon="75.7748780">
    <ele>243.3</ele>
    <time>2025-11-26T10:43:18Z</time>
   </trkpt>
   <trkpt lat="31.1540530" lon="75.7748810">
    <ele>243.3</ele>
    <time>2025-11-26T10:43:19Z</time>
   </trkpt>
   <trkpt lat="31.1541100" lon="75.7748820">
    <ele>243.3</ele>
    <time>2025-11-26T10:43:20Z</time>
   </trkpt>
   <trkpt lat="31.1541670" lon="75.7748820">
    <ele>243.2</ele>
    <time>2025-11-26T10:43:21Z</time>
   </trkpt>
   <trkpt lat="31.1542280" lon="75.7748830">
    <ele>243.2</ele>
    <time>2025-11-26T10:43:22Z</time>
   </trkpt>
   <trkpt lat="31.1542870" lon="75.7748850">
    <ele>243.1</ele>
    <time>2025-11-26T10:43:23Z</time>
   </trkpt>
   <trkpt lat="31.1543480" lon="75.7748850">
    <ele>243.0</ele>
    <time>2025-11-26T10:43:24Z</time>
   </trkpt>
   <trkpt lat="31.1544080" lon="75.7748860">
    <ele>243.0</ele>
    <time>2025-11-26T10:43:25Z</time>
   </trkpt>
   <trkpt lat="31.1544700" lon="75.7748870">
    <ele>242.9</ele>
    <time>2025-11-26T10:43:26Z</time>
   </trkpt>
   <trkpt lat="31.1545330" lon="75.7748900">
    <ele>242.8</ele>
    <time>2025-11-26T10:43:27Z</time>
   </trkpt>
   <trkpt lat="31.1545960" lon="75.7748900">
    <ele>242.7</ele>
    <time>2025-11-26T10:43:28Z</time>
   </trkpt>
   <trkpt lat="31.1546600" lon="75.7748900">
    <ele>242.5</ele>
    <time>2025-11-26T10:43:29Z</time>
   </trkpt>
   <trkpt lat="31.1547240" lon="75.7748910">
    <ele>242.4</ele>
    <time>2025-11-26T10:43:30Z</time>
   </trkpt>
   <trkpt lat="31.1547880" lon="75.7748910">
    <ele>242.2</ele>
    <time>2025-11-26T10:43:31Z</time>
   </trkpt>
   <trkpt lat="31.1548520" lon="75.7748940">
    <ele>242.1</ele>
    <time>2025-11-26T10:43:32Z</time>
   </trkpt>
   <trkpt lat="31.1549170" lon="75.7748980">
    <ele>241.9</ele>
    <time>2025-11-26T10:43:33Z</time>
   </trkpt>
   <trkpt lat="31.1549800" lon="75.7749020">
    <ele>241.8</ele>
    <time>2025-11-26T10:43:34Z</time>
   </trkpt>
   <trkpt lat="31.1550480" lon="75.7749020">
    <ele>241.6</ele>
    <time>2025-11-26T10:43:35Z</time>
   </trkpt>
   <trkpt lat="31.1551120" lon="75.7748980">
    <ele>241.4</ele>
    <time>2025-11-26T10:43:36Z</time>
   </trkpt>
   <trkpt lat="31.1551700" lon="75.7749000">
    <ele>241.2</ele>
    <time>2025-11-26T10:43:37Z</time>
   </trkpt>
   <trkpt lat="31.1552350" lon="75.7748970">
    <ele>241.1</ele>
    <time>2025-11-26T10:43:38Z</time>
   </trkpt>
   <trkpt lat="31.1553000" lon="75.7748980">
    <ele>240.9</ele>
    <time>2025-11-26T10:43:39Z</time>
   </trkpt>
   <trkpt lat="31.1553620" lon="75.7749020">
    <ele>240.7</ele>
    <time>2025-11-26T10:43:40Z</time>
   </trkpt>
   <trkpt lat="31.1554270" lon="75.7749050">
    <ele>240.5</ele>
    <time>2025-11-26T10:43:41Z</time>
   </trkpt>
   <trkpt lat="31.1554910" lon="75.7749060">
    <ele>240.3</ele>
    <time>2025-11-26T10:43:42Z</time>
   </trkpt>
   <trkpt lat="31.1555540" lon="75.7749060">
    <ele>240.2</ele>
    <time>2025-11-26T10:43:43Z</time>
   </trkpt>
   <trkpt lat="31.1556170" lon="75.7749070">
    <ele>240.0</ele>
    <time>2025-11-26T10:43:44Z</time>
   </trkpt>
   <trkpt lat="31.1556800" lon="75.7749100">
    <ele>239.8</ele>
    <time>2025-11-26T10:43:45Z</time>
   </trkpt>
   <trkpt lat="31.1557420" lon="75.7749130">
    <ele>239.7</ele>
    <time>2025-11-26T10:43:46Z</time>
   </trkpt>
   <trkpt lat="31.1558020" lon="75.7749100">
    <ele>239.6</ele>
    <time>2025-11-26T10:43:47Z</time>
   </trkpt>
   <trkpt lat="31.1558630" lon="75.7749060">
    <ele>239.5</ele>
    <time>2025-11-26T10:43:48Z</time>
   </trkpt>
   <trkpt lat="31.1559240" lon="75.7749050">
    <ele>239.4</ele>
    <time>2025-11-26T10:43:49Z</time>
   </trkpt>
   <trkpt lat="31.1559850" lon="75.7749100">
    <ele>239.3</ele>
    <time>2025-11-26T10:43:50Z</time>
   </trkpt>
   <trkpt lat="31.1560470" lon="75.7749170">
    <ele>239.2</ele>
    <time>2025-11-26T10:43:51Z</time>
   </trkpt>
   <trkpt lat="31.1561730" lon="75.7749190">
    <ele>239.1</ele>
    <time>2025-11-26T10:43:52Z</time>
   </trkpt>
   <trkpt lat="31.1562360" lon="75.7749190">
    <ele>239.0</ele>
    <time>2025-11-26T10:43:53Z</time>
   </trkpt>
   <trkpt lat="31.1563000" lon="75.7749180">
    <ele>239.0</ele>
    <time>2025-11-26T10:43:54Z</time>
   </trkpt>
   <trkpt lat="31.1563630" lon="75.7749180">
    <ele>239.0</ele>
    <time>2025-11-26T10:43:55Z</time>
   </trkpt>
   <trkpt lat="31.1564270" lon="75.7749180">
    <ele>239.0</ele>
    <time>2025-11-26T10:43:56Z</time>
   </trkpt>
   <trkpt lat="31.1564890" lon="75.7749190">
    <ele>238.9</ele>
    <time>2025-11-26T10:43:57Z</time>
   </trkpt>
   <trkpt lat="31.1565500" lon="75.7749210">
    <ele>238.9</ele>
    <time>2025-11-26T10:43:58Z</time>
   </trkpt>
   <trkpt lat="31.1566100" lon="75.7749210">
    <ele>238.9</ele>
    <time>2025-11-26T10:43:59Z</time>
   </trkpt>
   <trkpt lat="31.1566710" lon="75.7749220">
    <ele>239.0</ele>
    <time>2025-11-26T10:44:00Z</time>
   </trkpt>
   <trkpt lat="31.1567320" lon="75.7749210">
    <ele>239.0</ele>
    <time>2025-11-26T10:44:01Z</time>
   </trkpt>
   <trkpt lat="31.1567930" lon="75.7749220">
    <ele>239.0</ele>
    <time>2025-11-26T10:44:02Z</time>
   </trkpt>
   <trkpt lat="31.1568530" lon="75.7749230">
    <ele>239.0</ele>
    <time>2025-11-26T10:44:03Z</time>
   </trkpt>
   <trkpt lat="31.1569140" lon="75.7749240">
    <ele>239.0</ele>
    <time>2025-11-26T10:44:04Z</time>
   </trkpt>
   <trkpt lat="31.1569740" lon="75.7749250">
    <ele>239.1</ele>
    <time>2025-11-26T10:44:05Z</time>
   </trkpt>
   <trkpt lat="31.1570350" lon="75.7749300">
    <ele>239.1</ele>
    <time>2025-11-26T10:44:06Z</time>
   </trkpt>
   <trkpt lat="31.1570970" lon="75.7749330">
    <ele>239.1</ele>
    <time>2025-11-26T10:44:07Z</time>
   </trkpt>
   <trkpt lat="31.1571550" lon="75.7749340">
    <ele>239.1</ele>
    <time>2025-11-26T10:44:08Z</time>
   </trkpt>
   <trkpt lat="31.1572150" lon="75.7749290">
    <ele>239.1</ele>
    <time>2025-11-26T10:44:09Z</time>
   </trkpt>
   <trkpt lat="31.1572750" lon="75.7749270">
    <ele>239.1</ele>
    <time>2025-11-26T10:44:10Z</time>
   </trkpt>
   <trkpt lat="31.1573350" lon="75.7749270">
    <ele>239.1</ele>
    <time>2025-11-26T10:44:11Z</time>
   </trkpt>
   <trkpt lat="31.1573950" lon="75.7749320">
    <ele>239.2</ele>
    <time>2025-11-26T10:44:12Z</time>
   </trkpt>
   <trkpt lat="31.1574540" lon="75.7749320">
    <ele>239.2</ele>
    <time>2025-11-26T10:44:13Z</time>
   </trkpt>
   <trkpt lat="31.1575130" lon="75.7749330">
    <ele>239.2</ele>
    <time>2025-11-26T10:44:14Z</time>
   </trkpt>
   <trkpt lat="31.1575720" lon="75.7749320">
    <ele>239.2</ele>
    <time>2025-11-26T10:44:15Z</time>
   </trkpt>
   <trkpt lat="31.1576300" lon="75.7749290">
    <ele>239.2</ele>
    <time>2025-11-26T10:44:16Z</time>
   </trkpt>
   <trkpt lat="31.1576890" lon="75.7749290">
    <ele>239.2</ele>
    <time>2025-11-26T10:44:17Z</time>
   </trkpt>
   <trkpt lat="31.1577480" lon="75.7749320">
    <ele>239.2</ele>
    <time>2025-11-26T10:44:18Z</time>
   </trkpt>
   <trkpt lat="31.1578060" lon="75.7749330">
    <ele>239.3</ele>
    <time>2025-11-26T10:44:19Z</time>
   </trkpt>
   <trkpt lat="31.1578660" lon="75.7749330">
    <ele>239.3</ele>
    <time>2025-11-26T10:44:20Z</time>
   </trkpt>
   <trkpt lat="31.1579240" lon="75.7749320">
    <ele>239.3</ele>
    <time>2025-11-26T10:44:21Z</time>
   </trkpt>
   <trkpt lat="31.1579830" lon="75.7749330">
    <ele>239.3</ele>
    <time>2025-11-26T10:44:22Z</time>
   </trkpt>
   <trkpt lat="31.1580410" lon="75.7749350">
    <ele>239.3</ele>
    <time>2025-11-26T10:44:23Z</time>
   </trkpt>
   <trkpt lat="31.1581010" lon="75.7749370">
    <ele>239.3</ele>
    <time>2025-11-26T10:44:24Z</time>
   </trkpt>
   <trkpt lat="31.1581610" lon="75.7749380">
    <ele>239.3</ele>
    <time>2025-11-26T10:44:25Z</time>
   </trkpt>
   <trkpt lat="31.1582200" lon="75.7749380">
    <ele>239.3</ele>
    <time>2025-11-26T10:44:26Z</time>
   </trkpt>
   <trkpt lat="31.1582790" lon="75.7749380">
    <ele>239.3</ele>
    <time>2025-11-26T10:44:27Z</time>
   </trkpt>
   <trkpt lat="31.1583390" lon="75.7749390">
    <ele>239.3</ele>
    <time>2025-11-26T10:44:28Z</time>
   </trkpt>
   <trkpt lat="31.1583980" lon="75.7749410">
    <ele>239.3</ele>
    <time>2025-11-26T10:44:29Z</time>
   </trkpt>
   <trkpt lat="31.1584570" lon="75.7749440">
    <ele>239.3</ele>
    <time>2025-11-26T10:44:30Z</time>
   </trkpt>
   <trkpt lat="31.1585150" lon="75.7749480">
    <ele>239.4</ele>
    <time>2025-11-26T10:44:31Z</time>
   </trkpt>
   <trkpt lat="31.1585730" lon="75.7749510">
    <ele>239.4</ele>
    <time>2025-11-26T10:44:32Z</time>
   </trkpt>
   <trkpt lat="31.1586300" lon="75.7749510">
    <ele>239.5</ele>
    <time>2025-11-26T10:44:33Z</time>
   </trkpt>
   <trkpt lat="31.1586890" lon="75.7749510">
    <ele>239.5</ele>
    <time>2025-11-26T10:44:34Z</time>
   </trkpt>
   <trkpt lat="31.1587470" lon="75.7749530">
    <ele>239.5</ele>
    <time>2025-11-26T10:44:35Z</time>
   </trkpt>
   <trkpt lat="31.1588040" lon="75.7749530">
    <ele>239.5</ele>
    <time>2025-11-26T10:44:36Z</time>
   </trkpt>
   <trkpt lat="31.1588630" lon="75.7749540">
    <ele>239.6</ele>
    <time>2025-11-26T10:44:37Z</time>
   </trkpt>
   <trkpt lat="31.1589210" lon="75.7749550">
    <ele>239.6</ele>
    <time>2025-11-26T10:44:38Z</time>
   </trkpt>
   <trkpt lat="31.1589790" lon="75.7749550">
    <ele>239.6</ele>
    <time>2025-11-26T10:44:39Z</time>
   </trkpt>
   <trkpt lat="31.1590370" lon="75.7749560">
    <ele>239.6</ele>
    <time>2025-11-26T10:44:40Z</time>
   </trkpt>
   <trkpt lat="31.1590960" lon="75.7749580">
    <ele>239.6</ele>
    <time>2025-11-26T10:44:41Z</time>
   </trkpt>
   <trkpt lat="31.1591550" lon="75.7749580">
    <ele>239.6</ele>
    <time>2025-11-26T10:44:42Z</time>
   </trkpt>
   <trkpt lat="31.1592130" lon="75.7749600">
    <ele>239.5</ele>
    <time>2025-11-26T10:44:43Z</time>
   </trkpt>
   <trkpt lat="31.1592720" lon="75.7749620">
    <ele>239.5</ele>
    <time>2025-11-26T10:44:44Z</time>
   </trkpt>
   <trkpt lat="31.1593310" lon="75.7749620">
    <ele>239.5</ele>
    <time>2025-11-26T10:44:45Z</time>
   </trkpt>
   <trkpt lat="31.1593880" lon="75.7749620">
    <ele>239.5</ele>
    <time>2025-11-26T10:44:46Z</time>
   </trkpt>
   <trkpt lat="31.1594470" lon="75.7749620">
    <ele>239.5</ele>
    <time>2025-11-26T10:44:48Z</time>
   </trkpt>
   <trkpt lat="31.1595060" lon="75.7749660">
    <ele>239.5</ele>
    <time>2025-11-26T10:44:49Z</time>
   </trkpt>
   <trkpt lat="31.1595640" lon="75.7749680">
    <ele>239.5</ele>
    <time>2025-11-26T10:44:50Z</time>
   </trkpt>
   <trkpt lat="31.1596240" lon="75.7749670">
    <ele>239.5</ele>
    <time>2025-11-26T10:44:51Z</time>
   </trkpt>
   <trkpt lat="31.1596810" lon="75.7749670">
    <ele>239.5</ele>
    <time>2025-11-26T10:44:52Z</time>
   </trkpt>
   <trkpt lat="31.1597410" lon="75.7749680">
    <ele>239.5</ele>
    <time>2025-11-26T10:44:53Z</time>
   </trkpt>
   <trkpt lat="31.1597990" lon="75.7749720">
    <ele>239.5</ele>
    <time>2025-11-26T10:44:54Z</time>
   </trkpt>
   <trkpt lat="31.1598580" lon="75.7749740">
    <ele>239.5</ele>
    <time>2025-11-26T10:44:55Z</time>
   </trkpt>
   <trkpt lat="31.1599180" lon="75.7749740">
    <ele>239.5</ele>
    <time>2025-11-26T10:44:56Z</time>
   </trkpt>
   <trkpt lat="31.1599760" lon="75.7749740">
    <ele>239.5</ele>
    <time>2025-11-26T10:44:57Z</time>
   </trkpt>
   <trkpt lat="31.1600360" lon="75.7749740">
    <ele>239.5</ele>
    <time>2025-11-26T10:44:58Z</time>
   </trkpt>
   <trkpt lat="31.1600930" lon="75.7749750">
    <ele>239.6</ele>
    <time>2025-11-26T10:44:59Z</time>
   </trkpt>
   <trkpt lat="31.1601500" lon="75.7749770">
    <ele>239.6</ele>
    <time>2025-11-26T10:45:00Z</time>
   </trkpt>
   <trkpt lat="31.1602090" lon="75.7749790">
    <ele>239.6</ele>
    <time>2025-11-26T10:45:01Z</time>
   </trkpt>
   <trkpt lat="31.1602680" lon="75.7749770">
    <ele>239.6</ele>
    <time>2025-11-26T10:45:02Z</time>
   </trkpt>
   <trkpt lat="31.1603260" lon="75.7749750">
    <ele>239.6</ele>
    <time>2025-11-26T10:45:03Z</time>
   </trkpt>
   <trkpt lat="31.1603840" lon="75.7749720">
    <ele>239.6</ele>
    <time>2025-11-26T10:45:04Z</time>
   </trkpt>
   <trkpt lat="31.1604410" lon="75.7749720">
    <ele>239.7</ele>
    <time>2025-11-26T10:45:05Z</time>
   </trkpt>
   <trkpt lat="31.1604990" lon="75.7749740">
    <ele>239.7</ele>
    <time>2025-11-26T10:45:06Z</time>
   </trkpt>
   <trkpt lat="31.1605560" lon="75.7749740">
    <ele>239.7</ele>
    <time>2025-11-26T10:45:07Z</time>
   </trkpt>
   <trkpt lat="31.1606130" lon="75.7749730">
    <ele>239.8</ele>
    <time>2025-11-26T10:45:08Z</time>
   </trkpt>
   <trkpt lat="31.1606700" lon="75.7749690">
    <ele>239.8</ele>
    <time>2025-11-26T10:45:09Z</time>
   </trkpt>
   <trkpt lat="31.1607280" lon="75.7749640">
    <ele>239.8</ele>
    <time>2025-11-26T10:45:10Z</time>
   </trkpt>
   <trkpt lat="31.1607850" lon="75.7749590">
    <ele>239.9</ele>
    <time>2025-11-26T10:45:11Z</time>
   </trkpt>
   <trkpt lat="31.1608430" lon="75.7749570">
    <ele>239.9</ele>
    <time>2025-11-26T10:45:12Z</time>
   </trkpt>
   <trkpt lat="31.1609020" lon="75.7749540">
    <ele>240.0</ele>
    <time>2025-11-26T10:45:13Z</time>
   </trkpt>
   <trkpt lat="31.1609620" lon="75.7749510">
    <ele>240.1</ele>
    <time>2025-11-26T10:45:14Z</time>
   </trkpt>
   <trkpt lat="31.1610200" lon="75.7749510">
    <ele>240.1</ele>
    <time>2025-11-26T10:45:15Z</time>
   </trkpt>
   <trkpt lat="31.1610790" lon="75.7749490">
    <ele>240.2</ele>
    <time>2025-11-26T10:45:16Z</time>
   </trkpt>
   <trkpt lat="31.1611340" lon="75.7749430">
    <ele>240.3</ele>
    <time>2025-11-26T10:45:17Z</time>
   </trkpt>
   <trkpt lat="31.1611890" lon="75.7749380">
    <ele>240.4</ele>
    <time>2025-11-26T10:45:18Z</time>
   </trkpt>
   <trkpt lat="31.1612430" lon="75.7749320">
    <ele>240.6</ele>
    <time>2025-11-26T10:45:19Z</time>
   </trkpt>
   <trkpt lat="31.1612970" lon="75.7749280">
    <ele>240.7</ele>
    <time>2025-11-26T10:45:20Z</time>
   </trkpt>
   <trkpt lat="31.1613510" lon="75.7749240">
    <ele>240.8</ele>
    <time>2025-11-26T10:45:21Z</time>
   </trkpt>
   <trkpt lat="31.1614040" lon="75.7749190">
    <ele>240.9</ele>
    <time>2025-11-26T10:45:22Z</time>
   </trkpt>
   <trkpt lat="31.1614550" lon="75.7749150">
    <ele>241.1</ele>
    <time>2025-11-26T10:45:23Z</time>
   </trkpt>
   <trkpt lat="31.1615110" lon="75.7749080">
    <ele>241.2</ele>
    <time>2025-11-26T10:45:24Z</time>
   </trkpt>
   <trkpt lat="31.1615650" lon="75.7749040">
    <ele>241.4</ele>
    <time>2025-11-26T10:45:25Z</time>
   </trkpt>
   <trkpt lat="31.1616210" lon="75.7749010">
    <ele>241.5</ele>
    <time>2025-11-26T10:45:26Z</time>
   </trkpt>
   <trkpt lat="31.1616790" lon="75.7748970">
    <ele>241.7</ele>
    <time>2025-11-26T10:45:27Z</time>
   </trkpt>
   <trkpt lat="31.1617370" lon="75.7748890">
    <ele>241.9</ele>
    <time>2025-11-26T10:45:28Z</time>
   </trkpt>
   <trkpt lat="31.1617970" lon="75.7748840">
    <ele>242.1</ele>
    <time>2025-11-26T10:45:29Z</time>
   </trkpt>
   <trkpt lat="31.1618570" lon="75.7748760">
    <ele>242.3</ele>
    <time>2025-11-26T10:45:30Z</time>
   </trkpt>
   <trkpt lat="31.1619160" lon="75.7748710">
    <ele>242.5</ele>
    <time>2025-11-26T10:45:31Z</time>
   </trkpt>
   <trkpt lat="31.1619790" lon="75.7748650">
    <ele>242.7</ele>
    <time>2025-11-26T10:45:32Z</time>
   </trkpt>
   <trkpt lat="31.1620400" lon="75.7748600">
    <ele>242.9</ele>
    <time>2025-11-26T10:45:33Z</time>
   </trkpt>
   <trkpt lat="31.1621050" lon="75.7748540">
    <ele>243.1</ele>
    <time>2025-11-26T10:45:34Z</time>
   </trkpt>
   <trkpt lat="31.1621720" lon="75.7748490">
    <ele>243.3</ele>
    <time>2025-11-26T10:45:35Z</time>
   </trkpt>
   <trkpt lat="31.1622400" lon="75.7748410">
    <ele>243.5</ele>
    <time>2025-11-26T10:45:36Z</time>
   </trkpt>
   <trkpt lat="31.1623030" lon="75.7748320">
    <ele>243.6</ele>
    <time>2025-11-26T10:45:37Z</time>
   </trkpt>
   <trkpt lat="31.1623610" lon="75.7748210">
    <ele>243.8</ele>
    <time>2025-11-26T10:45:38Z</time>
   </trkpt>
   <trkpt lat="31.1624170" lon="75.7748140">
    <ele>243.9</ele>
    <time>2025-11-26T10:45:39Z</time>
   </trkpt>
   <trkpt lat="31.1624700" lon="75.7748090">
    <ele>244.0</ele>
    <time>2025-11-26T10:45:40Z</time>
   </trkpt>
   <trkpt lat="31.1625210" lon="75.7748030">
    <ele>244.2</ele>
    <time>2025-11-26T10:45:41Z</time>
   </trkpt>
   <trkpt lat="31.1625740" lon="75.7747980">
    <ele>244.2</ele>
    <time>2025-11-26T10:45:42Z</time>
   </trkpt>
   <trkpt lat="31.1626970" lon="75.7747880">
    <ele>244.4</ele>
    <time>2025-11-26T10:45:43Z</time>
   </trkpt>
   <trkpt lat="31.1627640" lon="75.7747810">
    <ele>244.5</ele>
    <time>2025-11-26T10:45:44Z</time>
   </trkpt>
   <trkpt lat="31.1628340" lon="75.7747710">
    <ele>244.6</ele>
    <time>2025-11-26T10:45:45Z</time>
   </trkpt>
   <trkpt lat="31.1629080" lon="75.7747650">
    <ele>244.7</ele>
    <time>2025-11-26T10:45:46Z</time>
   </trkpt>
   <trkpt lat="31.1629860" lon="75.7747590">
    <ele>244.8</ele>
    <time>2025-11-26T10:45:47Z</time>
   </trkpt>
   <trkpt lat="31.1630610" lon="75.7747560">
    <ele>244.9</ele>
    <time>2025-11-26T10:45:48Z</time>
   </trkpt>
   <trkpt lat="31.1631340" lon="75.7747460">
    <ele>245.0</ele>
    <time>2025-11-26T10:45:49Z</time>
   </trkpt>
   <trkpt lat="31.1632050" lon="75.7747380">
    <ele>245.0</ele>
    <time>2025-11-26T10:45:50Z</time>
   </trkpt>
   <trkpt lat="31.1632750" lon="75.7747280">
    <ele>245.0</ele>
    <time>2025-11-26T10:45:51Z</time>
   </trkpt>
   <trkpt lat="31.1633430" lon="75.7747200">
    <ele>245.1</ele>
    <time>2025-11-26T10:45:52Z</time>
   </trkpt>
   <trkpt lat="31.1634100" lon="75.7747120">
    <ele>245.1</ele>
    <time>2025-11-26T10:45:53Z</time>
   </trkpt>
   <trkpt lat="31.1634730" lon="75.7747070">
    <ele>245.1</ele>
    <time>2025-11-26T10:45:54Z</time>
   </trkpt>
   <trkpt lat="31.1635380" lon="75.7747000">
    <ele>245.1</ele>
    <time>2025-11-26T10:45:55Z</time>
   </trkpt>
   <trkpt lat="31.1636000" lon="75.7746950">
    <ele>245.1</ele>
    <time>2025-11-26T10:45:56Z</time>
   </trkpt>
   <trkpt lat="31.1636610" lon="75.7746890">
    <ele>245.1</ele>
    <time>2025-11-26T10:45:57Z</time>
   </trkpt>
   <trkpt lat="31.1637230" lon="75.7746810">
    <ele>245.0</ele>
    <time>2025-11-26T10:45:58Z</time>
   </trkpt>
   <trkpt lat="31.1637830" lon="75.7746740">
    <ele>245.0</ele>
    <time>2025-11-26T10:45:59Z</time>
   </trkpt>
   <trkpt lat="31.1638450" lon="75.7746690">
    <ele>245.0</ele>
    <time>2025-11-26T10:46:00Z</time>
   </trkpt>
   <trkpt lat="31.1639070" lon="75.7746630">
    <ele>244.9</ele>
    <time>2025-11-26T10:46:01Z</time>
   </trkpt>
   <trkpt lat="31.1639710" lon="75.7746550">
    <ele>244.8</ele>
    <time>2025-11-26T10:46:02Z</time>
   </trkpt>
   <trkpt lat="31.1640370" lon="75.7746480">
    <ele>244.8</ele>
    <time>2025-11-26T10:46:03Z</time>
   </trkpt>
   <trkpt lat="31.1641020" lon="75.7746410">
    <ele>244.7</ele>
    <time>2025-11-26T10:46:04Z</time>
   </trkpt>
   <trkpt lat="31.1641690" lon="75.7746360">
    <ele>244.6</ele>
    <time>2025-11-26T10:46:05Z</time>
   </trkpt>
   <trkpt lat="31.1642360" lon="75.7746290">
    <ele>244.5</ele>
    <time>2025-11-26T10:46:06Z</time>
   </trkpt>
   <trkpt lat="31.1643050" lon="75.7746240">
    <ele>244.4</ele>
    <time>2025-11-26T10:46:07Z</time>
   </trkpt>
   <trkpt lat="31.1643760" lon="75.7746180">
    <ele>244.3</ele>
    <time>2025-11-26T10:46:08Z</time>
   </trkpt>
   <trkpt lat="31.1644450" lon="75.7746120">
    <ele>244.2</ele>
    <time>2025-11-26T10:46:09Z</time>
   </trkpt>
   <trkpt lat="31.1645170" lon="75.7746120">
    <ele>244.1</ele>
    <time>2025-11-26T10:46:10Z</time>
   </trkpt>
   <trkpt lat="31.1645790" lon="75.7745990">
    <ele>244.0</ele>
    <time>2025-11-26T10:46:11Z</time>
   </trkpt>
   <trkpt lat="31.1646520" lon="75.7745930">
    <ele>243.8</ele>
    <time>2025-11-26T10:46:12Z</time>
   </trkpt>
   <trkpt lat="31.1647330" lon="75.7746050">
    <ele>243.6</ele>
    <time>2025-11-26T10:46:13Z</time>
   </trkpt>
   <trkpt lat="31.1648070" lon="75.7745830">
    <ele>243.4</ele>
    <time>2025-11-26T10:46:14Z</time>
   </trkpt>
   <trkpt lat="31.1648510" lon="75.7745640">
    <ele>243.3</ele>
    <time>2025-11-26T10:46:15Z</time>
   </trkpt>
   <trkpt lat="31.1649340" lon="75.7745530">
    <ele>243.0</ele>
    <time>2025-11-26T10:46:16Z</time>
   </trkpt>
   <trkpt lat="31.1650040" lon="75.7745470">
    <ele>242.8</ele>
    <time>2025-11-26T10:46:17Z</time>
   </trkpt>
   <trkpt lat="31.1650770" lon="75.7745410">
    <ele>242.6</ele>
    <time>2025-11-26T10:46:18Z</time>
   </trkpt>
   <trkpt lat="31.1651490" lon="75.7745300">
    <ele>242.4</ele>
    <time>2025-11-26T10:46:19Z</time>
   </trkpt>
   <trkpt lat="31.1652220" lon="75.7745220">
    <ele>242.2</ele>
    <time>2025-11-26T10:46:20Z</time>
   </trkpt>
   <trkpt lat="31.1652970" lon="75.7745130">
    <ele>241.9</ele>
    <time>2025-11-26T10:46:21Z</time>
   </trkpt>
   <trkpt lat="31.1653700" lon="75.7745030">
    <ele>241.7</ele>
    <time>2025-11-26T10:46:22Z</time>
   </trkpt>
   <trkpt lat="31.1654450" lon="75.7744940">
    <ele>241.4</ele>
    <time>2025-11-26T10:46:23Z</time>
   </trkpt>
   <trkpt lat="31.1655220" lon="75.7744840">
    <ele>241.1</ele>
    <time>2025-11-26T10:46:24Z</time>
   </trkpt>
   <trkpt lat="31.1656000" lon="75.7744740">
    <ele>240.8</ele>
    <time>2025-11-26T10:46:25Z</time>
   </trkpt>
   <trkpt lat="31.1656780" lon="75.7744670">
    <ele>240.5</ele>
    <time>2025-11-26T10:46:26Z</time>
   </trkpt>
   <trkpt lat="31.1657560" lon="75.7744550">
    <ele>240.2</ele>
    <time>2025-11-26T10:46:27Z</time>
   </trkpt>
   <trkpt lat="31.1658350" lon="75.7744480">
    <ele>239.8</ele>
    <time>2025-11-26T10:46:28Z</time>
   </trkpt>
   <trkpt lat="31.1659140" lon="75.7744390">
    <ele>239.5</ele>
    <time>2025-11-26T10:46:29Z</time>
   </trkpt>
   <trkpt lat="31.1659920" lon="75.7744280">
    <ele>239.2</ele>
    <time>2025-11-26T10:46:30Z</time>
   </trkpt>
   <trkpt lat="31.1660680" lon="75.7744200">
    <ele>238.9</ele>
    <time>2025-11-26T10:46:31Z</time>
   </trkpt>
   <trkpt lat="31.1661440" lon="75.7744090">
    <ele>238.6</ele>
    <time>2025-11-26T10:46:32Z</time>
   </trkpt>
   <trkpt lat="31.1662220" lon="75.7744010">
    <ele>238.4</ele>
    <time>2025-11-26T10:46:33Z</time>
   </trkpt>
   <trkpt lat="31.1663030" lon="75.7743950">
    <ele>238.2</ele>
    <time>2025-11-26T10:46:34Z</time>
   </trkpt>
   <trkpt lat="31.1663770" lon="75.7743890">
    <ele>238.0</ele>
    <time>2025-11-26T10:46:35Z</time>
   </trkpt>
   <trkpt lat="31.1664520" lon="75.7743800">
    <ele>237.8</ele>
    <time>2025-11-26T10:46:36Z</time>
   </trkpt>
   <trkpt lat="31.1665220" lon="75.7743710">
    <ele>237.7</ele>
    <time>2025-11-26T10:46:37Z</time>
   </trkpt>
   <trkpt lat="31.1665950" lon="75.7743610">
    <ele>237.5</ele>
    <time>2025-11-26T10:46:38Z</time>
   </trkpt>
   <trkpt lat="31.1666660" lon="75.7743510">
    <ele>237.4</ele>
    <time>2025-11-26T10:46:39Z</time>
   </trkpt>
   <trkpt lat="31.1667380" lon="75.7743400">
    <ele>237.2</ele>
    <time>2025-11-26T10:46:40Z</time>
   </trkpt>
   <trkpt lat="31.1668050" lon="75.7743260">
    <ele>237.1</ele>
    <time>2025-11-26T10:46:41Z</time>
   </trkpt>
   <trkpt lat="31.1668740" lon="75.7743140">
    <ele>237.0</ele>
    <time>2025-11-26T10:46:42Z</time>
   </trkpt>
   <trkpt lat="31.1669410" lon="75.7743060">
    <ele>236.9</ele>
    <time>2025-11-26T10:46:43Z</time>
   </trkpt>
   <trkpt lat="31.1670060" lon="75.7742980">
    <ele>236.9</ele>
    <time>2025-11-26T10:46:44Z</time>
   </trkpt>
   <trkpt lat="31.1670710" lon="75.7742880">
    <ele>236.8</ele>
    <time>2025-11-26T10:46:45Z</time>
   </trkpt>
   <trkpt lat="31.1671430" lon="75.7742910">
    <ele>236.8</ele>
    <time>2025-11-26T10:46:46Z</time>
   </trkpt>
   <trkpt lat="31.1672120" lon="75.7742880">
    <ele>236.7</ele>
    <time>2025-11-26T10:46:47Z</time>
   </trkpt>
   <trkpt lat="31.1672840" lon="75.7742780">
    <ele>236.7</ele>
    <time>2025-11-26T10:46:48Z</time>
   </trkpt>
   <trkpt lat="31.1673560" lon="75.7742660">
    <ele>236.7</ele>
    <time>2025-11-26T10:46:49Z</time>
   </trkpt>
   <trkpt lat="31.1674270" lon="75.7742550">
    <ele>236.7</ele>
    <time>2025-11-26T10:46:50Z</time>
   </trkpt>
   <trkpt lat="31.1674980" lon="75.7742480">
    <ele>236.7</ele>
    <time>2025-11-26T10:46:51Z</time>
   </trkpt>
   <trkpt lat="31.1675690" lon="75.7742430">
    <ele>236.7</ele>
    <time>2025-11-26T10:46:52Z</time>
   </trkpt>
   <trkpt lat="31.1676400" lon="75.7742340">
    <ele>236.7</ele>
    <time>2025-11-26T10:46:54Z</time>
   </trkpt>
   <trkpt lat="31.1677110" lon="75.7742270">
    <ele>236.7</ele>
    <time>2025-11-26T10:46:55Z</time>
   </trkpt>
   <trkpt lat="31.1677830" lon="75.7742200">
    <ele>236.7</ele>
    <time>2025-11-26T10:46:56Z</time>
   </trkpt>
   <trkpt lat="31.1678550" lon="75.7742130">
    <ele>236.7</ele>
    <time>2025-11-26T10:46:57Z</time>
   </trkpt>
   <trkpt lat="31.1679270" lon="75.7742070">
    <ele>236.7</ele>
    <time>2025-11-26T10:46:58Z</time>
   </trkpt>
   <trkpt lat="31.1680020" lon="75.7742000">
    <ele>236.7</ele>
    <time>2025-11-26T10:46:59Z</time>
   </trkpt>
   <trkpt lat="31.1680710" lon="75.7741900">
    <ele>236.7</ele>
    <time>2025-11-26T10:47:00Z</time>
   </trkpt>
   <trkpt lat="31.1681440" lon="75.7741840">
    <ele>236.7</ele>
    <time>2025-11-26T10:47:01Z</time>
   </trkpt>
   <trkpt lat="31.1682160" lon="75.7741750">
    <ele>236.7</ele>
    <time>2025-11-26T10:47:02Z</time>
   </trkpt>
   <trkpt lat="31.1682870" lon="75.7741670">
    <ele>236.7</ele>
    <time>2025-11-26T10:47:03Z</time>
   </trkpt>
   <trkpt lat="31.1683580" lon="75.7741590">
    <ele>236.7</ele>
    <time>2025-11-26T10:47:04Z</time>
   </trkpt>
   <trkpt lat="31.1684290" lon="75.7741500">
    <ele>236.7</ele>
    <time>2025-11-26T10:47:05Z</time>
   </trkpt>
   <trkpt lat="31.1684980" lon="75.7741440">
    <ele>236.7</ele>
    <time>2025-11-26T10:47:06Z</time>
   </trkpt>
   <trkpt lat="31.1685660" lon="75.7741360">
    <ele>236.7</ele>
    <time>2025-11-26T10:47:07Z</time>
   </trkpt>
   <trkpt lat="31.1686330" lon="75.7741280">
    <ele>236.7</ele>
    <time>2025-11-26T10:47:08Z</time>
   </trkpt>
   <trkpt lat="31.1687010" lon="75.7741220">
    <ele>236.6</ele>
    <time>2025-11-26T10:47:09Z</time>
   </trkpt>
   <trkpt lat="31.1687690" lon="75.7741160">
    <ele>236.6</ele>
    <time>2025-11-26T10:47:10Z</time>
   </trkpt>
   <trkpt lat="31.1688370" lon="75.7741090">
    <ele>236.6</ele>
    <time>2025-11-26T10:47:11Z</time>
   </trkpt>
   <trkpt lat="31.1689030" lon="75.7741050">
    <ele>236.6</ele>
    <time>2025-11-26T10:47:12Z</time>
   </trkpt>
   <trkpt lat="31.1689730" lon="75.7740930">
    <ele>236.6</ele>
    <time>2025-11-26T10:47:13Z</time>
   </trkpt>
   <trkpt lat="31.1690420" lon="75.7740860">
    <ele>236.6</ele>
    <time>2025-11-26T10:47:14Z</time>
   </trkpt>
   <trkpt lat="31.1691110" lon="75.7740780">
    <ele>236.5</ele>
    <time>2025-11-26T10:47:15Z</time>
   </trkpt>
   <trkpt lat="31.1691810" lon="75.7740710">
    <ele>236.5</ele>
    <time>2025-11-26T10:47:16Z</time>
   </trkpt>
   <trkpt lat="31.1692500" lon="75.7740630">
    <ele>236.5</ele>
    <time>2025-11-26T10:47:17Z</time>
   </trkpt>
   <trkpt lat="31.1693190" lon="75.7740530">
    <ele>236.5</ele>
    <time>2025-11-26T10:47:18Z</time>
   </trkpt>
   <trkpt lat="31.1693890" lon="75.7740440">
    <ele>236.6</ele>
    <time>2025-11-26T10:47:19Z</time>
   </trkpt>
   <trkpt lat="31.1694580" lon="75.7740330">
    <ele>236.6</ele>
    <time>2025-11-26T10:47:20Z</time>
   </trkpt>
   <trkpt lat="31.1695260" lon="75.7740240">
    <ele>236.6</ele>
    <time>2025-11-26T10:47:21Z</time>
   </trkpt>
   <trkpt lat="31.1695950" lon="75.7740180">
    <ele>236.6</ele>
    <time>2025-11-26T10:47:22Z</time>
   </trkpt>
   <trkpt lat="31.1696650" lon="75.7740090">
    <ele>236.6</ele>
    <time>2025-11-26T10:47:23Z</time>
   </trkpt>
   <trkpt lat="31.1697320" lon="75.7740000">
    <ele>236.6</ele>
    <time>2025-11-26T10:47:24Z</time>
   </trkpt>
   <trkpt lat="31.1698010" lon="75.7739910">
    <ele>236.7</ele>
    <time>2025-11-26T10:47:25Z</time>
   </trkpt>
   <trkpt lat="31.1698680" lon="75.7739830">
    <ele>236.7</ele>
    <time>2025-11-26T10:47:26Z</time>
   </trkpt>
   <trkpt lat="31.1699360" lon="75.7739760">
    <ele>236.7</ele>
    <time>2025-11-26T10:47:27Z</time>
   </trkpt>
   <trkpt lat="31.1700030" lon="75.7739690">
    <ele>236.7</ele>
    <time>2025-11-26T10:47:28Z</time>
   </trkpt>
   <trkpt lat="31.1701380" lon="75.7739530">
    <ele>236.6</ele>
    <time>2025-11-26T10:47:29Z</time>
   </trkpt>
   <trkpt lat="31.1702050" lon="75.7739450">
    <ele>236.6</ele>
    <time>2025-11-26T10:47:30Z</time>
   </trkpt>
   <trkpt lat="31.1702720" lon="75.7739380">
    <ele>236.7</ele>
    <time>2025-11-26T10:47:31Z</time>
   </trkpt>
   <trkpt lat="31.1703390" lon="75.7739310">
    <ele>236.7</ele>
    <time>2025-11-26T10:47:32Z</time>
   </trkpt>
   <trkpt lat="31.1704070" lon="75.7739240">
    <ele>236.6</ele>
    <time>2025-11-26T10:47:33Z</time>
   </trkpt>
   <trkpt lat="31.1704750" lon="75.7739190">
    <ele>236.6</ele>
    <time>2025-11-26T10:47:34Z</time>
   </trkpt>
   <trkpt lat="31.1705420" lon="75.7739100">
    <ele>236.6</ele>
    <time>2025-11-26T10:47:35Z</time>
   </trkpt>
   <trkpt lat="31.1706080" lon="75.7739020">
    <ele>236.6</ele>
    <time>2025-11-26T10:47:36Z</time>
   </trkpt>
   <trkpt lat="31.1706740" lon="75.7738920">
    <ele>236.5</ele>
    <time>2025-11-26T10:47:37Z</time>
   </trkpt>
   <trkpt lat="31.1707390" lon="75.7738840">
    <ele>236.5</ele>
    <time>2025-11-26T10:47:38Z</time>
   </trkpt>
   <trkpt lat="31.1708030" lon="75.7738760">
    <ele>236.5</ele>
    <time>2025-11-26T10:47:39Z</time>
   </trkpt>
   <trkpt lat="31.1708660" lon="75.7738680">
    <ele>236.5</ele>
    <time>2025-11-26T10:47:40Z</time>
   </trkpt>
   <trkpt lat="31.1709310" lon="75.7738620">
    <ele>236.5</ele>
    <time>2025-11-26T10:47:41Z</time>
   </trkpt>
   <trkpt lat="31.1709940" lon="75.7738570">
    <ele>236.5</ele>
    <time>2025-11-26T10:47:42Z</time>
   </trkpt>
   <trkpt lat="31.1710580" lon="75.7738500">
    <ele>236.5</ele>
    <time>2025-11-26T10:47:43Z</time>
   </trkpt>
   <trkpt lat="31.1711210" lon="75.7738440">
    <ele>236.5</ele>
    <time>2025-11-26T10:47:44Z</time>
   </trkpt>
   <trkpt lat="31.1711840" lon="75.7738380">
    <ele>236.5</ele>
    <time>2025-11-26T10:47:45Z</time>
   </trkpt>
   <trkpt lat="31.1712480" lon="75.7738330">
    <ele>236.5</ele>
    <time>2025-11-26T10:47:46Z</time>
   </trkpt>
   <trkpt lat="31.1713100" lon="75.7738280">
    <ele>236.5</ele>
    <time>2025-11-26T10:47:47Z</time>
   </trkpt>
   <trkpt lat="31.1713720" lon="75.7738220">
    <ele>236.5</ele>
    <time>2025-11-26T10:47:48Z</time>
   </trkpt>
   <trkpt lat="31.1714330" lon="75.7738150">
    <ele>236.5</ele>
    <time>2025-11-26T10:47:49Z</time>
   </trkpt>
   <trkpt lat="31.1714930" lon="75.7738050">
    <ele>236.4</ele>
    <time>2025-11-26T10:47:50Z</time>
   </trkpt>
   <trkpt lat="31.1715530" lon="75.7737880">
    <ele>236.4</ele>
    <time>2025-11-26T10:47:51Z</time>
   </trkpt>
   <trkpt lat="31.1716150" lon="75.7737740">
    <ele>236.4</ele>
    <time>2025-11-26T10:47:52Z</time>
   </trkpt>
   <trkpt lat="31.1716760" lon="75.7737670">
    <ele>236.4</ele>
    <time>2025-11-26T10:47:53Z</time>
   </trkpt>
   <trkpt lat="31.1717400" lon="75.7737610">
    <ele>236.4</ele>
    <time>2025-11-26T10:47:54Z</time>
   </trkpt>
   <trkpt lat="31.1718010" lon="75.7737540">
    <ele>236.3</ele>
    <time>2025-11-26T10:47:55Z</time>
   </trkpt>
   <trkpt lat="31.1718640" lon="75.7737460">
    <ele>236.3</ele>
    <time>2025-11-26T10:47:56Z</time>
   </trkpt>
   <trkpt lat="31.1719250" lon="75.7737360">
    <ele>236.3</ele>
    <time>2025-11-26T10:47:57Z</time>
   </trkpt>
   <trkpt lat="31.1719880" lon="75.7737280">
    <ele>236.3</ele>
    <time>2025-11-26T10:47:58Z</time>
   </trkpt>
   <trkpt lat="31.1720510" lon="75.7737200">
    <ele>236.3</ele>
    <time>2025-11-26T10:47:59Z</time>
   </trkpt>
   <trkpt lat="31.1721120" lon="75.7737110">
    <ele>236.3</ele>
    <time>2025-11-26T10:48:00Z</time>
   </trkpt>
   <trkpt lat="31.1721740" lon="75.7737010">
    <ele>236.3</ele>
    <time>2025-11-26T10:48:01Z</time>
   </trkpt>
   <trkpt lat="31.1722360" lon="75.7736940">
    <ele>236.2</ele>
    <time>2025-11-26T10:48:02Z</time>
   </trkpt>
   <trkpt lat="31.1722980" lon="75.7736840">
    <ele>236.2</ele>
    <time>2025-11-26T10:48:03Z</time>
   </trkpt>
   <trkpt lat="31.1723600" lon="75.7736770">
    <ele>236.2</ele>
    <time>2025-11-26T10:48:04Z</time>
   </trkpt>
   <trkpt lat="31.1724210" lon="75.7736700">
    <ele>236.2</ele>
    <time>2025-11-26T10:48:05Z</time>
   </trkpt>
   <trkpt lat="31.1724830" lon="75.7736650">
    <ele>236.2</ele>
    <time>2025-11-26T10:48:06Z</time>
   </trkpt>
   <trkpt lat="31.1725440" lon="75.7736570">
    <ele>236.2</ele>
    <time>2025-11-26T10:48:07Z</time>
   </trkpt>
   <trkpt lat="31.1726060" lon="75.7736490">
    <ele>236.1</ele>
    <time>2025-11-26T10:48:08Z</time>
   </trkpt>
   <trkpt lat="31.1726670" lon="75.7736430">
    <ele>236.1</ele>
    <time>2025-11-26T10:48:09Z</time>
   </trkpt>
   <trkpt lat="31.1727280" lon="75.7736380">
    <ele>236.1</ele>
    <time>2025-11-26T10:48:10Z</time>
   </trkpt>
   <trkpt lat="31.1727880" lon="75.7736290">
    <ele>236.1</ele>
    <time>2025-11-26T10:48:11Z</time>
   </trkpt>
   <trkpt lat="31.1728480" lon="75.7736200">
    <ele>236.1</ele>
    <time>2025-11-26T10:48:12Z</time>
   </trkpt>
   <trkpt lat="31.1729070" lon="75.7736110">
    <ele>236.1</ele>
    <time>2025-11-26T10:48:13Z</time>
   </trkpt>
   <trkpt lat="31.1729690" lon="75.7736020">
    <ele>236.1</ele>
    <time>2025-11-26T10:48:14Z</time>
   </trkpt>
   <trkpt lat="31.1730300" lon="75.7735930">
    <ele>236.0</ele>
    <time>2025-11-26T10:48:15Z</time>
   </trkpt>
   <trkpt lat="31.1730920" lon="75.7735830">
    <ele>236.0</ele>
    <time>2025-11-26T10:48:16Z</time>
   </trkpt>
   <trkpt lat="31.1731540" lon="75.7735760">
    <ele>236.0</ele>
    <time>2025-11-26T10:48:17Z</time>
   </trkpt>
   <trkpt lat="31.1732140" lon="75.7735680">
    <ele>236.0</ele>
    <time>2025-11-26T10:48:18Z</time>
   </trkpt>
   <trkpt lat="31.1732750" lon="75.7735610">
    <ele>236.0</ele>
    <time>2025-11-26T10:48:19Z</time>
   </trkpt>
   <trkpt lat="31.1733360" lon="75.7735540">
    <ele>236.0</ele>
    <time>2025-11-26T10:48:20Z</time>
   </trkpt>
   <trkpt lat="31.1733970" lon="75.7735470">
    <ele>235.9</ele>
    <time>2025-11-26T10:48:21Z</time>
   </trkpt>
   <trkpt lat="31.1734570" lon="75.7735390">
    <ele>235.9</ele>
    <time>2025-11-26T10:48:22Z</time>
   </trkpt>
   <trkpt lat="31.1735180" lon="75.7735300">
    <ele>235.9</ele>
    <time>2025-11-26T10:48:23Z</time>
   </trkpt>
   <trkpt lat="31.1735790" lon="75.7735210">
    <ele>235.9</ele>
    <time>2025-11-26T10:48:24Z</time>
   </trkpt>
   <trkpt lat="31.1736410" lon="75.7735120">
    <ele>235.8</ele>
    <time>2025-11-26T10:48:25Z</time>
   </trkpt>
   <trkpt lat="31.1737020" lon="75.7735060">
    <ele>235.8</ele>
    <time>2025-11-26T10:48:26Z</time>
   </trkpt>
   <trkpt lat="31.1737630" lon="75.7734970">
    <ele>235.8</ele>
    <time>2025-11-26T10:48:27Z</time>
   </trkpt>
   <trkpt lat="31.1738230" lon="75.7734860">
    <ele>235.8</ele>
    <time>2025-11-26T10:48:28Z</time>
   </trkpt>
   <trkpt lat="31.1738870" lon="75.7734780">
    <ele>235.8</ele>
    <time>2025-11-26T10:48:29Z</time>
   </trkpt>
   <trkpt lat="31.1739480" lon="75.7734710">
    <ele>235.7</ele>
    <time>2025-11-26T10:48:30Z</time>
   </trkpt>
   <trkpt lat="31.1740100" lon="75.7734650">
    <ele>235.7</ele>
    <time>2025-11-26T10:48:31Z</time>
   </trkpt>
   <trkpt lat="31.1740720" lon="75.7734590">
    <ele>235.7</ele>
    <time>2025-11-26T10:48:32Z</time>
   </trkpt>
   <trkpt lat="31.1741340" lon="75.7734510">
    <ele>235.8</ele>
    <time>2025-11-26T10:48:33Z</time>
   </trkpt>
   <trkpt lat="31.1741950" lon="75.7734440">
    <ele>235.9</ele>
    <time>2025-11-26T10:48:34Z</time>
   </trkpt>
   <trkpt lat="31.1742580" lon="75.7734360">
    <ele>236.0</ele>
    <time>2025-11-26T10:48:35Z</time>
   </trkpt>
   <trkpt lat="31.1743210" lon="75.7734280">
    <ele>236.0</ele>
    <time>2025-11-26T10:48:36Z</time>
   </trkpt>
   <trkpt lat="31.1743820" lon="75.7734200">
    <ele>236.0</ele>
    <time>2025-11-26T10:48:37Z</time>
   </trkpt>
   <trkpt lat="31.1744450" lon="75.7734120">
    <ele>236.0</ele>
    <time>2025-11-26T10:48:38Z</time>
   </trkpt>
   <trkpt lat="31.1745060" lon="75.7734040">
    <ele>236.0</ele>
    <time>2025-11-26T10:48:39Z</time>
   </trkpt>
   <trkpt lat="31.1745690" lon="75.7733990">
    <ele>236.0</ele>
    <time>2025-11-26T10:48:40Z</time>
   </trkpt>
   <trkpt lat="31.1746320" lon="75.7733940">
    <ele>236.0</ele>
    <time>2025-11-26T10:48:41Z</time>
   </trkpt>
   <trkpt lat="31.1746950" lon="75.7733860">
    <ele>236.0</ele>
    <time>2025-11-26T10:48:42Z</time>
   </trkpt>
   <trkpt lat="31.1747570" lon="75.7733770">
    <ele>236.0</ele>
    <time>2025-11-26T10:48:43Z</time>
   </trkpt>
   <trkpt lat="31.1748180" lon="75.7733670">
    <ele>236.0</ele>
    <time>2025-11-26T10:48:44Z</time>
   </trkpt>
   <trkpt lat="31.1748800" lon="75.7733610">
    <ele>235.9</ele>
    <time>2025-11-26T10:48:45Z</time>
   </trkpt>
   <trkpt lat="31.1749420" lon="75.7733540">
    <ele>235.9</ele>
    <time>2025-11-26T10:48:46Z</time>
   </trkpt>
   <trkpt lat="31.1750040" lon="75.7733460">
    <ele>235.9</ele>
    <time>2025-11-26T10:48:47Z</time>
   </trkpt>
   <trkpt lat="31.1750670" lon="75.7733370">
    <ele>235.8</ele>
    <time>2025-11-26T10:48:48Z</time>
   </trkpt>
   <trkpt lat="31.1751310" lon="75.7733290">
    <ele>235.8</ele>
    <time>2025-11-26T10:48:49Z</time>
   </trkpt>
   <trkpt lat="31.1751950" lon="75.7733220">
    <ele>235.8</ele>
    <time>2025-11-26T10:48:50Z</time>
   </trkpt>
   <trkpt lat="31.1752610" lon="75.7733140">
    <ele>235.7</ele>
    <time>2025-11-26T10:48:51Z</time>
   </trkpt>
   <trkpt lat="31.1753240" lon="75.7733060">
    <ele>235.7</ele>
    <time>2025-11-26T10:48:52Z</time>
   </trkpt>
   <trkpt lat="31.1753900" lon="75.7732980">
    <ele>235.6</ele>
    <time>2025-11-26T10:48:53Z</time>
   </trkpt>
   <trkpt lat="31.1754550" lon="75.7732890">
    <ele>235.6</ele>
    <time>2025-11-26T10:48:54Z</time>
   </trkpt>
   <trkpt lat="31.1755230" lon="75.7732800">
    <ele>235.6</ele>
    <time>2025-11-26T10:48:55Z</time>
   </trkpt>
   <trkpt lat="31.1755860" lon="75.7732730">
    <ele>235.6</ele>
    <time>2025-11-26T10:48:56Z</time>
   </trkpt>
   <trkpt lat="31.1756530" lon="75.7732640">
    <ele>235.5</ele>
    <time>2025-11-26T10:48:57Z</time>
   </trkpt>
   <trkpt lat="31.1757180" lon="75.7732560">
    <ele>235.5</ele>
    <time>2025-11-26T10:48:58Z</time>
   </trkpt>
   <trkpt lat="31.1757860" lon="75.7732490">
    <ele>235.5</ele>
    <time>2025-11-26T10:49:00Z</time>
   </trkpt>
   <trkpt lat="31.1758540" lon="75.7732420">
    <ele>235.4</ele>
    <time>2025-11-26T10:49:01Z</time>
   </trkpt>
   <trkpt lat="31.1759220" lon="75.7732340">
    <ele>235.4</ele>
    <time>2025-11-26T10:49:02Z</time>
   </trkpt>
   <trkpt lat="31.1759900" lon="75.7732250">
    <ele>235.3</ele>
    <time>2025-11-26T10:49:03Z</time>
   </trkpt>
   <trkpt lat="31.1760580" lon="75.7732150">
    <ele>235.3</ele>
    <time>2025-11-26T10:49:04Z</time>
   </trkpt>
   <trkpt lat="31.1761270" lon="75.7732060">
    <ele>235.2</ele>
    <time>2025-11-26T10:49:05Z</time>
   </trkpt>
   <trkpt lat="31.1761970" lon="75.7732000">
    <ele>235.2</ele>
    <time>2025-11-26T10:49:06Z</time>
   </trkpt>
   <trkpt lat="31.1762670" lon="75.7731920">
    <ele>235.1</ele>
    <time>2025-11-26T10:49:07Z</time>
   </trkpt>
   <trkpt lat="31.1763380" lon="75.7731830">
    <ele>235.1</ele>
    <time>2025-11-26T10:49:08Z</time>
   </trkpt>
   <trkpt lat="31.1764090" lon="75.7731750">
    <ele>235.1</ele>
    <time>2025-11-26T10:49:09Z</time>
   </trkpt>
   <trkpt lat="31.1764780" lon="75.7731670">
    <ele>235.1</ele>
    <time>2025-11-26T10:49:10Z</time>
   </trkpt>
   <trkpt lat="31.1765460" lon="75.7731580">
    <ele>235.1</ele>
    <time>2025-11-26T10:49:11Z</time>
   </trkpt>
   <trkpt lat="31.1766130" lon="75.7731470">
    <ele>235.2</ele>
    <time>2025-11-26T10:49:12Z</time>
   </trkpt>
   <trkpt lat="31.1766790" lon="75.7731380">
    <ele>235.2</ele>
    <time>2025-11-26T10:49:13Z</time>
   </trkpt>
   <trkpt lat="31.1767410" lon="75.7731290">
    <ele>235.3</ele>
    <time>2025-11-26T10:49:14Z</time>
   </trkpt>
   <trkpt lat="31.1768030" lon="75.7731180">
    <ele>235.3</ele>
    <time>2025-11-26T10:49:15Z</time>
   </trkpt>
   <trkpt lat="31.1768600" lon="75.7731080">
    <ele>235.3</ele>
    <time>2025-11-26T10:49:16Z</time>
   </trkpt>
   <trkpt lat="31.1769190" lon="75.7731020">
    <ele>235.3</ele>
    <time>2025-11-26T10:49:17Z</time>
   </trkpt>
   <trkpt lat="31.1769810" lon="75.7730990">
    <ele>235.4</ele>
    <time>2025-11-26T10:49:18Z</time>
   </trkpt>
   <trkpt lat="31.1770350" lon="75.7730920">
    <ele>235.4</ele>
    <time>2025-11-26T10:49:19Z</time>
   </trkpt>
   <trkpt lat="31.1770870" lon="75.7730840">
    <ele>235.4</ele>
    <time>2025-11-26T10:49:20Z</time>
   </trkpt>
   <trkpt lat="31.1771370" lon="75.7730740">
    <ele>235.5</ele>
    <time>2025-11-26T10:49:21Z</time>
   </trkpt>
   <trkpt lat="31.1771880" lon="75.7730680">
    <ele>235.5</ele>
    <time>2025-11-26T10:49:22Z</time>
   </trkpt>
   <trkpt lat="31.1772410" lon="75.7730650">
    <ele>235.5</ele>
    <time>2025-11-26T10:49:23Z</time>
   </trkpt>
   <trkpt lat="31.1772970" lon="75.7730620">
    <ele>235.5</ele>
    <time>2025-11-26T10:49:24Z</time>
   </trkpt>
   <trkpt lat="31.1773520" lon="75.7730590">
    <ele>235.6</ele>
    <time>2025-11-26T10:49:25Z</time>
   </trkpt>
   <trkpt lat="31.1774080" lon="75.7730530">
    <ele>235.6</ele>
    <time>2025-11-26T10:49:26Z</time>
   </trkpt>
   <trkpt lat="31.1774660" lon="75.7730450">
    <ele>235.6</ele>
    <time>2025-11-26T10:49:27Z</time>
   </trkpt>
   <trkpt lat="31.1775250" lon="75.7730370">
    <ele>235.6</ele>
    <time>2025-11-26T10:49:28Z</time>
   </trkpt>
   <trkpt lat="31.1776430" lon="75.7730220">
    <ele>235.7</ele>
    <time>2025-11-26T10:49:29Z</time>
   </trkpt>
   <trkpt lat="31.1777000" lon="75.7730170">
    <ele>235.7</ele>
    <time>2025-11-26T10:49:30Z</time>
   </trkpt>
   <trkpt lat="31.1777570" lon="75.7730110">
    <ele>235.8</ele>
    <time>2025-11-26T10:49:31Z</time>
   </trkpt>
   <trkpt lat="31.1778140" lon="75.7730040">
    <ele>235.9</ele>
    <time>2025-11-26T10:49:32Z</time>
   </trkpt>
   <trkpt lat="31.1778700" lon="75.7729970">
    <ele>236.0</ele>
    <time>2025-11-26T10:49:33Z</time>
   </trkpt>
   <trkpt lat="31.1779260" lon="75.7729910">
    <ele>236.1</ele>
    <time>2025-11-26T10:49:34Z</time>
   </trkpt>
   <trkpt lat="31.1779800" lon="75.7729850">
    <ele>236.2</ele>
    <time>2025-11-26T10:49:35Z</time>
   </trkpt>
   <trkpt lat="31.1780340" lon="75.7729770">
    <ele>236.3</ele>
    <time>2025-11-26T10:49:36Z</time>
   </trkpt>
   <trkpt lat="31.1780870" lon="75.7729720">
    <ele>236.5</ele>
    <time>2025-11-26T10:49:37Z</time>
   </trkpt>
   <trkpt lat="31.1781400" lon="75.7729670">
    <ele>236.6</ele>
    <time>2025-11-26T10:49:38Z</time>
   </trkpt>
   <trkpt lat="31.1781920" lon="75.7729610">
    <ele>236.8</ele>
    <time>2025-11-26T10:49:39Z</time>
   </trkpt>
   <trkpt lat="31.1782420" lon="75.7729560">
    <ele>236.9</ele>
    <time>2025-11-26T10:49:40Z</time>
   </trkpt>
   <trkpt lat="31.1782900" lon="75.7729510">
    <ele>237.0</ele>
    <time>2025-11-26T10:49:41Z</time>
   </trkpt>
   <trkpt lat="31.1783370" lon="75.7729450">
    <ele>237.2</ele>
    <time>2025-11-26T10:49:42Z</time>
   </trkpt>
   <trkpt lat="31.1783830" lon="75.7729420">
    <ele>237.3</ele>
    <time>2025-11-26T10:49:43Z</time>
   </trkpt>
   <trkpt lat="31.1784290" lon="75.7729390">
    <ele>237.5</ele>
    <time>2025-11-26T10:49:44Z</time>
   </trkpt>
   <trkpt lat="31.1784730" lon="75.7729330">
    <ele>237.6</ele>
    <time>2025-11-26T10:49:45Z</time>
   </trkpt>
   <trkpt lat="31.1785170" lon="75.7729290">
    <ele>237.8</ele>
    <time>2025-11-26T10:49:46Z</time>
   </trkpt>
   <trkpt lat="31.1785610" lon="75.7729250">
    <ele>237.9</ele>
    <time>2025-11-26T10:49:47Z</time>
   </trkpt>
   <trkpt lat="31.1786050" lon="75.7729180">
    <ele>238.1</ele>
    <time>2025-11-26T10:49:48Z</time>
   </trkpt>
   <trkpt lat="31.1786500" lon="75.7729130">
    <ele>238.2</ele>
    <time>2025-11-26T10:49:49Z</time>
   </trkpt>
   <trkpt lat="31.1786900" lon="75.7729100">
    <ele>238.4</ele>
    <time>2025-11-26T10:49:50Z</time>
   </trkpt>
   <trkpt lat="31.1787310" lon="75.7729030">
    <ele>238.5</ele>
    <time>2025-11-26T10:49:51Z</time>
   </trkpt>
   <trkpt lat="31.1787700" lon="75.7729000">
    <ele>238.7</ele>
    <time>2025-11-26T10:49:52Z</time>
   </trkpt>
   <trkpt lat="31.1788090" lon="75.7728970">
    <ele>238.9</ele>
    <time>2025-11-26T10:49:53Z</time>
   </trkpt>
   <trkpt lat="31.1788460" lon="75.7728920">
    <ele>239.0</ele>
    <time>2025-11-26T10:49:54Z</time>
   </trkpt>
   <trkpt lat="31.1788830" lon="75.7728860">
    <ele>239.1</ele>
    <time>2025-11-26T10:49:55Z</time>
   </trkpt>
   <trkpt lat="31.1789210" lon="75.7728840">
    <ele>239.3</ele>
    <time>2025-11-26T10:49:56Z</time>
   </trkpt>
   <trkpt lat="31.1789560" lon="75.7728780">
    <ele>239.4</ele>
    <time>2025-11-26T10:49:57Z</time>
   </trkpt>
   <trkpt lat="31.1789890" lon="75.7728740">
    <ele>239.6</ele>
    <time>2025-11-26T10:49:58Z</time>
   </trkpt>
   <trkpt lat="31.1790230" lon="75.7728710">
    <ele>239.7</ele>
    <time>2025-11-26T10:49:59Z</time>
   </trkpt>
   <trkpt lat="31.1790570" lon="75.7728680">
    <ele>239.8</ele>
    <time>2025-11-26T10:50:00Z</time>
   </trkpt>
   <trkpt lat="31.1790890" lon="75.7728630">
    <ele>239.9</ele>
    <time>2025-11-26T10:50:01Z</time>
   </trkpt>
   <trkpt lat="31.1791230" lon="75.7728550">
    <ele>240.0</ele>
    <time>2025-11-26T10:50:02Z</time>
   </trkpt>
   <trkpt lat="31.1791570" lon="75.7728520">
    <ele>240.1</ele>
    <time>2025-11-26T10:50:03Z</time>
   </trkpt>
   <trkpt lat="31.1791900" lon="75.7728480">
    <ele>240.2</ele>
    <time>2025-11-26T10:50:04Z</time>
   </trkpt>
   <trkpt lat="31.1792250" lon="75.7728430">
    <ele>240.3</ele>
    <time>2025-11-26T10:50:05Z</time>
   </trkpt>
   <trkpt lat="31.1792600" lon="75.7728390">
    <ele>240.4</ele>
    <time>2025-11-26T10:50:06Z</time>
   </trkpt>
   <trkpt lat="31.1792950" lon="75.7728360">
    <ele>240.5</ele>
    <time>2025-11-26T10:50:07Z</time>
   </trkpt>
   <trkpt lat="31.1793310" lon="75.7728270">
    <ele>240.6</ele>
    <time>2025-11-26T10:50:08Z</time>
   </trkpt>
   <trkpt lat="31.1793670" lon="75.7728220">
    <ele>240.7</ele>
    <time>2025-11-26T10:50:09Z</time>
   </trkpt>
   <trkpt lat="31.1794040" lon="75.7728200">
    <ele>240.8</ele>
    <time>2025-11-26T10:50:10Z</time>
   </trkpt>
   <trkpt lat="31.1794410" lon="75.7728150">
    <ele>240.9</ele>
    <time>2025-11-26T10:50:11Z</time>
   </trkpt>
   <trkpt lat="31.1794850" lon="75.7728090">
    <ele>241.0</ele>
    <time>2025-11-26T10:50:12Z</time>
   </trkpt>
   <trkpt lat="31.1795310" lon="75.7728110">
    <ele>241.1</ele>
    <time>2025-11-26T10:50:13Z</time>
   </trkpt>
   <trkpt lat="31.1795620" lon="75.7728200">
    <ele>241.2</ele>
    <time>2025-11-26T10:50:14Z</time>
   </trkpt>
   <trkpt lat="31.1796050" lon="75.7728060">
    <ele>241.3</ele>
    <time>2025-11-26T10:50:15Z</time>
   </trkpt>
   <trkpt lat="31.1796370" lon="75.7727930">
    <ele>241.4</ele>
    <time>2025-11-26T10:50:16Z</time>
   </trkpt>
   <trkpt lat="31.1796730" lon="75.7727880">
    <ele>241.4</ele>
    <time>2025-11-26T10:50:17Z</time>
   </trkpt>
   <trkpt lat="31.1797080" lon="75.7727820">
    <ele>241.5</ele>
    <time>2025-11-26T10:50:18Z</time>
   </trkpt>
   <trkpt lat="31.1797460" lon="75.7727750">
    <ele>241.6</ele>
    <time>2025-11-26T10:50:19Z</time>
   </trkpt>
   <trkpt lat="31.1797840" lon="75.7727700">
    <ele>241.6</ele>
    <time>2025-11-26T10:50:20Z</time>
   </trkpt>
   <trkpt lat="31.1798220" lon="75.7727640">
    <ele>241.7</ele>
    <time>2025-11-26T10:50:21Z</time>
   </trkpt>
   <trkpt lat="31.1798580" lon="75.7727570">
    <ele>241.8</ele>
    <time>2025-11-26T10:50:22Z</time>
   </trkpt>
   <trkpt lat="31.1798960" lon="75.7727520">
    <ele>241.8</ele>
    <time>2025-11-26T10:50:23Z</time>
   </trkpt>
   <trkpt lat="31.1799310" lon="75.7727450">
    <ele>241.9</ele>
    <time>2025-11-26T10:50:24Z</time>
   </trkpt>
   <trkpt lat="31.1799690" lon="75.7727400">
    <ele>241.9</ele>
    <time>2025-11-26T10:50:25Z</time>
   </trkpt>
   <trkpt lat="31.1800070" lon="75.7727330">
    <ele>242.0</ele>
    <time>2025-11-26T10:50:26Z</time>
   </trkpt>
   <trkpt lat="31.1800440" lon="75.7727290">
    <ele>242.0</ele>
    <time>2025-11-26T10:50:27Z</time>
   </trkpt>
   <trkpt lat="31.1800820" lon="75.7727250">
    <ele>242.1</ele>
    <time>2025-11-26T10:50:28Z</time>
   </trkpt>
   <trkpt lat="31.1801180" lon="75.7727220">
    <ele>242.1</ele>
    <time>2025-11-26T10:50:29Z</time>
   </trkpt>
   <trkpt lat="31.1801530" lon="75.7727150">
    <ele>242.1</ele>
    <time>2025-11-26T10:50:30Z</time>
   </trkpt>
   <trkpt lat="31.1801960" lon="75.7727110">
    <ele>242.2</ele>
    <time>2025-11-26T10:50:31Z</time>
   </trkpt>
   <trkpt lat="31.1802350" lon="75.7727070">
    <ele>242.2</ele>
    <time>2025-11-26T10:50:32Z</time>
   </trkpt>
   <trkpt lat="31.1802760" lon="75.7727020">
    <ele>242.2</ele>
    <time>2025-11-26T10:50:33Z</time>
   </trkpt>
   <trkpt lat="31.1803150" lon="75.7726970">
    <ele>242.3</ele>
    <time>2025-11-26T10:50:34Z</time>
   </trkpt>
   <trkpt lat="31.1803550" lon="75.7726930">
    <ele>242.3</ele>
    <time>2025-11-26T10:50:35Z</time>
   </trkpt>
   <trkpt lat="31.1803930" lon="75.7726880">
    <ele>242.3</ele>
    <time>2025-11-26T10:50:36Z</time>
   </trkpt>
   <trkpt lat="31.1804380" lon="75.7726870">
    <ele>242.3</ele>
    <time>2025-11-26T10:50:37Z</time>
   </trkpt>
   <trkpt lat="31.1804820" lon="75.7726820">
    <ele>242.3</ele>
    <time>2025-11-26T10:50:38Z</time>
   </trkpt>
   <trkpt lat="31.1805190" lon="75.7726750">
    <ele>242.3</ele>
    <time>2025-11-26T10:50:39Z</time>
   </trkpt>
   <trkpt lat="31.1805590" lon="75.7726750">
    <ele>242.3</ele>
    <time>2025-11-26T10:50:40Z</time>
   </trkpt>
   <trkpt lat="31.1806050" lon="75.7726720">
    <ele>242.3</ele>
    <time>2025-11-26T10:50:41Z</time>
   </trkpt>
   <trkpt lat="31.1806700" lon="75.7726790">
    <ele>242.3</ele>
    <time>2025-11-26T10:50:42Z</time>
   </trkpt>
   <trkpt lat="31.1807230" lon="75.7726820">
    <ele>242.4</ele>
    <time>2025-11-26T10:50:43Z</time>
   </trkpt>
   <trkpt lat="31.1807710" lon="75.7726810">
    <ele>242.4</ele>
    <time>2025-11-26T10:50:44Z</time>
   </trkpt>
   <trkpt lat="31.1808210" lon="75.7726830">
    <ele>242.5</ele>
    <time>2025-11-26T10:50:45Z</time>
   </trkpt>
   <trkpt lat="31.1808680" lon="75.7726790">
    <ele>242.5</ele>
    <time>2025-11-26T10:50:46Z</time>
   </trkpt>
   <trkpt lat="31.1809100" lon="75.7726750">
    <ele>242.5</ele>
    <time>2025-11-26T10:50:47Z</time>
   </trkpt>
   <trkpt lat="31.1809540" lon="75.7726740">
    <ele>242.5</ele>
    <time>2025-11-26T10:50:48Z</time>
   </trkpt>
   <trkpt lat="31.1810050" lon="75.7726740">
    <ele>242.6</ele>
    <time>2025-11-26T10:50:49Z</time>
   </trkpt>
   <trkpt lat="31.1810530" lon="75.7726690">
    <ele>242.6</ele>
    <time>2025-11-26T10:50:50Z</time>
   </trkpt>
   <trkpt lat="31.1811020" lon="75.7726640">
    <ele>242.6</ele>
    <time>2025-11-26T10:50:51Z</time>
   </trkpt>
   <trkpt lat="31.1811500" lon="75.7726620">
    <ele>242.6</ele>
    <time>2025-11-26T10:50:52Z</time>
   </trkpt>
   <trkpt lat="31.1811970" lon="75.7726610">
    <ele>242.5</ele>
    <time>2025-11-26T10:50:53Z</time>
   </trkpt>
   <trkpt lat="31.1812440" lon="75.7726560">
    <ele>242.4</ele>
    <time>2025-11-26T10:50:54Z</time>
   </trkpt>
   <trkpt lat="31.1812900" lon="75.7726500">
    <ele>242.4</ele>
    <time>2025-11-26T10:50:55Z</time>
   </trkpt>
   <trkpt lat="31.1813380" lon="75.7726530">
    <ele>242.3</ele>
    <time>2025-11-26T10:50:56Z</time>
   </trkpt>
   <trkpt lat="31.1813880" lon="75.7726530">
    <ele>242.2</ele>
    <time>2025-11-26T10:50:57Z</time>
   </trkpt>
   <trkpt lat="31.1814340" lon="75.7726500">
    <ele>242.1</ele>
    <time>2025-11-26T10:50:58Z</time>
   </trkpt>
   <trkpt lat="31.1814870" lon="75.7726490">
    <ele>242.0</ele>
    <time>2025-11-26T10:50:59Z</time>
   </trkpt>
   <trkpt lat="31.1815380" lon="75.7726480">
    <ele>242.0</ele>
    <time>2025-11-26T10:51:00Z</time>
   </trkpt>
   <trkpt lat="31.1815690" lon="75.7726220">
    <ele>241.9</ele>
    <time>2025-11-26T10:51:01Z</time>
   </trkpt>
   <trkpt lat="31.1816230" lon="75.7726230">
    <ele>241.8</ele>
    <time>2025-11-26T10:51:02Z</time>
   </trkpt>
   <trkpt lat="31.1816770" lon="75.7726170">
    <ele>241.7</ele>
    <time>2025-11-26T10:51:03Z</time>
   </trkpt>
   <trkpt lat="31.1817250" lon="75.7726160">
    <ele>241.6</ele>
    <time>2025-11-26T10:51:04Z</time>
   </trkpt>
   <trkpt lat="31.1817790" lon="75.7726160">
    <ele>241.5</ele>
    <time>2025-11-26T10:51:05Z</time>
   </trkpt>
   <trkpt lat="31.1818330" lon="75.7726210">
    <ele>241.4</ele>
    <time>2025-11-26T10:51:06Z</time>
   </trkpt>
   <trkpt lat="31.1818910" lon="75.7726170">
    <ele>241.3</ele>
    <time>2025-11-26T10:51:07Z</time>
   </trkpt>
   <trkpt lat="31.1819480" lon="75.7726170">
    <ele>241.1</ele>
    <time>2025-11-26T10:51:08Z</time>
   </trkpt>
   <trkpt lat="31.1820040" lon="75.7726170">
    <ele>241.0</ele>
    <time>2025-11-26T10:51:09Z</time>
   </trkpt>
   <trkpt lat="31.1820610" lon="75.7726180">
    <ele>240.9</ele>
    <time>2025-11-26T10:51:10Z</time>
   </trkpt>
   <trkpt lat="31.1821180" lon="75.7726210">
    <ele>240.7</ele>
    <time>2025-11-26T10:51:11Z</time>
   </trkpt>
   <trkpt lat="31.1821760" lon="75.7726210">
    <ele>240.6</ele>
    <time>2025-11-26T10:51:12Z</time>
   </trkpt>
   <trkpt lat="31.1822330" lon="75.7726180">
    <ele>240.4</ele>
    <time>2025-11-26T10:51:13Z</time>
   </trkpt>
   <trkpt lat="31.1822890" lon="75.7726230">
    <ele>240.3</ele>
    <time>2025-11-26T10:51:14Z</time>
   </trkpt>
   <trkpt lat="31.1823460" lon="75.7726230">
    <ele>240.1</ele>
    <time>2025-11-26T10:51:15Z</time>
   </trkpt>
   <trkpt lat="31.1824040" lon="75.7726270">
    <ele>240.0</ele>
    <time>2025-11-26T10:51:16Z</time>
   </trkpt>
   <trkpt lat="31.1824630" lon="75.7726310">
    <ele>239.8</ele>
    <time>2025-11-26T10:51:17Z</time>
   </trkpt>
   <trkpt lat="31.1825250" lon="75.7726300">
    <ele>239.6</ele>
    <time>2025-11-26T10:51:18Z</time>
   </trkpt>
   <trkpt lat="31.1825830" lon="75.7726330">
    <ele>239.5</ele>
    <time>2025-11-26T10:51:19Z</time>
   </trkpt>
   <trkpt lat="31.1826420" lon="75.7726370">
    <ele>239.3</ele>
    <time>2025-11-26T10:51:20Z</time>
   </trkpt>
   <trkpt lat="31.1827040" lon="75.7726390">
    <ele>239.1</ele>
    <time>2025-11-26T10:51:21Z</time>
   </trkpt>
   <trkpt lat="31.1827670" lon="75.7726390">
    <ele>238.9</ele>
    <time>2025-11-26T10:51:22Z</time>
   </trkpt>
   <trkpt lat="31.1828320" lon="75.7726440">
    <ele>238.7</ele>
    <time>2025-11-26T10:51:23Z</time>
   </trkpt>
   <trkpt lat="31.1828960" lon="75.7726470">
    <ele>238.5</ele>
    <time>2025-11-26T10:51:24Z</time>
   </trkpt>
   <trkpt lat="31.1829560" lon="75.7726500">
    <ele>238.2</ele>
    <time>2025-11-26T10:51:25Z</time>
   </trkpt>
   <trkpt lat="31.1830250" lon="75.7726530">
    <ele>237.9</ele>
    <time>2025-11-26T10:51:26Z</time>
   </trkpt>
   <trkpt lat="31.1830900" lon="75.7726580">
    <ele>237.6</ele>
    <time>2025-11-26T10:51:27Z</time>
   </trkpt>
   <trkpt lat="31.1831560" lon="75.7726660">
    <ele>237.4</ele>
    <time>2025-11-26T10:51:28Z</time>
   </trkpt>
   <trkpt lat="31.1832230" lon="75.7726700">
    <ele>237.1</ele>
    <time>2025-11-26T10:51:29Z</time>
   </trkpt>
   <trkpt lat="31.1832930" lon="75.7726740">
    <ele>236.7</ele>
    <time>2025-11-26T10:51:30Z</time>
   </trkpt>
   <trkpt lat="31.1833630" lon="75.7726840">
    <ele>236.4</ele>
    <time>2025-11-26T10:51:31Z</time>
   </trkpt>
   <trkpt lat="31.1834330" lon="75.7726930">
    <ele>236.1</ele>
    <time>2025-11-26T10:51:32Z</time>
   </trkpt>
   <trkpt lat="31.1835030" lon="75.7726980">
    <ele>235.8</ele>
    <time>2025-11-26T10:51:33Z</time>
   </trkpt>
   <trkpt lat="31.1835790" lon="75.7726980">
    <ele>235.5</ele>
    <time>2025-11-26T10:51:34Z</time>
   </trkpt>
   <trkpt lat="31.1836500" lon="75.7727040">
    <ele>235.1</ele>
    <time>2025-11-26T10:51:35Z</time>
   </trkpt>
   <trkpt lat="31.1837220" lon="75.7727110">
    <ele>234.8</ele>
    <time>2025-11-26T10:51:36Z</time>
   </trkpt>
   <trkpt lat="31.1837970" lon="75.7727130">
    <ele>234.5</ele>
    <time>2025-11-26T10:51:37Z</time>
   </trkpt>
   <trkpt lat="31.1838750" lon="75.7727160">
    <ele>234.2</ele>
    <time>2025-11-26T10:51:38Z</time>
   </trkpt>
   <trkpt lat="31.1839520" lon="75.7727210">
    <ele>233.9</ele>
    <time>2025-11-26T10:51:39Z</time>
   </trkpt>
   <trkpt lat="31.1840300" lon="75.7727350">
    <ele>233.6</ele>
    <time>2025-11-26T10:51:40Z</time>
   </trkpt>
   <trkpt lat="31.1841130" lon="75.7727420">
    <ele>233.4</ele>
    <time>2025-11-26T10:51:41Z</time>
   </trkpt>
   <trkpt lat="31.1841820" lon="75.7727410">
    <ele>233.2</ele>
    <time>2025-11-26T10:51:42Z</time>
   </trkpt>
   <trkpt lat="31.1842740" lon="75.7727420">
    <ele>233.0</ele>
    <time>2025-11-26T10:51:43Z</time>
   </trkpt>
   <trkpt lat="31.1843640" lon="75.7727480">
    <ele>232.9</ele>
    <time>2025-11-26T10:51:44Z</time>
   </trkpt>
   <trkpt lat="31.1844100" lon="75.7727530">
    <ele>232.8</ele>
    <time>2025-11-26T10:51:45Z</time>
   </trkpt>
   <trkpt lat="31.1844780" lon="75.7727600">
    <ele>232.9</ele>
    <time>2025-11-26T10:51:46Z</time>
   </trkpt>
   <trkpt lat="31.1845390" lon="75.7727650">
    <ele>232.9</ele>
    <time>2025-11-26T10:51:47Z</time>
   </trkpt>
   <trkpt lat="31.1846020" lon="75.7727640">
    <ele>232.9</ele>
    <time>2025-11-26T10:51:48Z</time>
   </trkpt>
   <trkpt lat="31.1846730" lon="75.7727730">
    <ele>233.0</ele>
    <time>2025-11-26T10:51:49Z</time>
   </trkpt>
   <trkpt lat="31.1847310" lon="75.7727800">
    <ele>233.0</ele>
    <time>2025-11-26T10:51:50Z</time>
   </trkpt>
   <trkpt lat="31.1847940" lon="75.7727860">
    <ele>233.0</ele>
    <time>2025-11-26T10:51:51Z</time>
   </trkpt>
   <trkpt lat="31.1848550" lon="75.7727900">
    <ele>233.0</ele>
    <time>2025-11-26T10:51:52Z</time>
   </trkpt>
   <trkpt lat="31.1849180" lon="75.7727990">
    <ele>233.1</ele>
    <time>2025-11-26T10:51:53Z</time>
   </trkpt>
   <trkpt lat="31.1849660" lon="75.7727960">
    <ele>233.1</ele>
    <time>2025-11-26T10:51:54Z</time>
   </trkpt>
   <trkpt lat="31.1850300" lon="75.7728080">
    <ele>233.1</ele>
    <time>2025-11-26T10:51:55Z</time>
   </trkpt>
   <trkpt lat="31.1850910" lon="75.7728140">
    <ele>233.2</ele>
    <time>2025-11-26T10:51:56Z</time>
   </trkpt>
   <trkpt lat="31.1851510" lon="75.7728180">
    <ele>233.2</ele>
    <time>2025-11-26T10:51:57Z</time>
   </trkpt>
   <trkpt lat="31.1852090" lon="75.7728200">
    <ele>233.3</ele>
    <time>2025-11-26T10:51:58Z</time>
   </trkpt>
   <trkpt lat="31.1852680" lon="75.7728220">
    <ele>233.3</ele>
    <time>2025-11-26T10:51:59Z</time>
   </trkpt>
   <trkpt lat="31.1853260" lon="75.7728270">
    <ele>233.3</ele>
    <time>2025-11-26T10:52:00Z</time>
   </trkpt>
   <trkpt lat="31.1853880" lon="75.7728310">
    <ele>233.4</ele>
    <time>2025-11-26T10:52:01Z</time>
   </trkpt>
   <trkpt lat="31.1854440" lon="75.7728350">
    <ele>233.4</ele>
    <time>2025-11-26T10:52:02Z</time>
   </trkpt>
   <trkpt lat="31.1855030" lon="75.7728390">
    <ele>233.4</ele>
    <time>2025-11-26T10:52:03Z</time>
   </trkpt>
   <trkpt lat="31.1855620" lon="75.7728430">
    <ele>233.4</ele>
    <time>2025-11-26T10:52:04Z</time>
   </trkpt>
   <trkpt lat="31.1856210" lon="75.7728490">
    <ele>233.5</ele>
    <time>2025-11-26T10:52:05Z</time>
   </trkpt>
   <trkpt lat="31.1856800" lon="75.7728530">
    <ele>233.5</ele>
    <time>2025-11-26T10:52:06Z</time>
   </trkpt>
   <trkpt lat="31.1857390" lon="75.7728580">
    <ele>233.6</ele>
    <time>2025-11-26T10:52:07Z</time>
   </trkpt>
   <trkpt lat="31.1857980" lon="75.7728610">
    <ele>233.6</ele>
    <time>2025-11-26T10:52:08Z</time>
   </trkpt>
   <trkpt lat="31.1858580" lon="75.7728640">
    <ele>233.7</ele>
    <time>2025-11-26T10:52:09Z</time>
   </trkpt>
   <trkpt lat="31.1859160" lon="75.7728680">
    <ele>233.7</ele>
    <time>2025-11-26T10:52:10Z</time>
   </trkpt>
   <trkpt lat="31.1859760" lon="75.7728740">
    <ele>233.8</ele>
    <time>2025-11-26T10:52:11Z</time>
   </trkpt>
   <trkpt lat="31.1860360" lon="75.7728780">
    <ele>233.8</ele>
    <time>2025-11-26T10:52:12Z</time>
   </trkpt>
   <trkpt lat="31.1860950" lon="75.7728820">
    <ele>233.9</ele>
    <time>2025-11-26T10:52:13Z</time>
   </trkpt>
   <trkpt lat="31.1861520" lon="75.7728850">
    <ele>233.9</ele>
    <time>2025-11-26T10:52:14Z</time>
   </trkpt>
   <trkpt lat="31.1862070" lon="75.7728880">
    <ele>234.0</ele>
    <time>2025-11-26T10:52:15Z</time>
   </trkpt>
   <trkpt lat="31.1862640" lon="75.7728900">
    <ele>234.1</ele>
    <time>2025-11-26T10:52:16Z</time>
   </trkpt>
   <trkpt lat="31.1863210" lon="75.7728940">
    <ele>234.1</ele>
    <time>2025-11-26T10:52:17Z</time>
   </trkpt>
   <trkpt lat="31.1863770" lon="75.7729010">
    <ele>234.2</ele>
    <time>2025-11-26T10:52:18Z</time>
   </trkpt>
   <trkpt lat="31.1864320" lon="75.7729070">
    <ele>234.3</ele>
    <time>2025-11-26T10:52:19Z</time>
   </trkpt>
   <trkpt lat="31.1864870" lon="75.7729100">
    <ele>234.3</ele>
    <time>2025-11-26T10:52:20Z</time>
   </trkpt>
   <trkpt lat="31.1865420" lon="75.7729140">
    <ele>234.4</ele>
    <time>2025-11-26T10:52:21Z</time>
   </trkpt>
   <trkpt lat="31.1866000" lon="75.7729190">
    <ele>234.5</ele>
    <time>2025-11-26T10:52:22Z</time>
   </trkpt>
   <trkpt lat="31.1866560" lon="75.7729240">
    <ele>234.6</ele>
    <time>2025-11-26T10:52:23Z</time>
   </trkpt>
   <trkpt lat="31.1867110" lon="75.7729320">
    <ele>234.7</ele>
    <time>2025-11-26T10:52:24Z</time>
   </trkpt>
   <trkpt lat="31.1867670" lon="75.7729370">
    <ele>234.7</ele>
    <time>2025-11-26T10:52:25Z</time>
   </trkpt>
   <trkpt lat="31.1868210" lon="75.7729430">
    <ele>234.8</ele>
    <time>2025-11-26T10:52:26Z</time>
   </trkpt>
   <trkpt lat="31.1868750" lon="75.7729470">
    <ele>234.9</ele>
    <time>2025-11-26T10:52:27Z</time>
   </trkpt>
   <trkpt lat="31.1869290" lon="75.7729510">
    <ele>235.0</ele>
    <time>2025-11-26T10:52:28Z</time>
   </trkpt>
   <trkpt lat="31.1869840" lon="75.7729540">
    <ele>235.0</ele>
    <time>2025-11-26T10:52:29Z</time>
   </trkpt>
   <trkpt lat="31.1870390" lon="75.7729560">
    <ele>235.1</ele>
    <time>2025-11-26T10:52:30Z</time>
   </trkpt>
   <trkpt lat="31.1870940" lon="75.7729610">
    <ele>235.2</ele>
    <time>2025-11-26T10:52:31Z</time>
   </trkpt>
   <trkpt lat="31.1871490" lon="75.7729670">
    <ele>235.2</ele>
    <time>2025-11-26T10:52:32Z</time>
   </trkpt>
   <trkpt lat="31.1872060" lon="75.7729750">
    <ele>235.3</ele>
    <time>2025-11-26T10:52:33Z</time>
   </trkpt>
   <trkpt lat="31.1872640" lon="75.7729800">
    <ele>235.3</ele>
    <time>2025-11-26T10:52:34Z</time>
   </trkpt>
   <trkpt lat="31.1873240" lon="75.7729860">
    <ele>235.3</ele>
    <time>2025-11-26T10:52:35Z</time>
   </trkpt>
   <trkpt lat="31.1873850" lon="75.7729870">
    <ele>235.2</ele>
    <time>2025-11-26T10:52:36Z</time>
   </trkpt>
   <trkpt lat="31.1874460" lon="75.7729910">
    <ele>235.2</ele>
    <time>2025-11-26T10:52:37Z</time>
   </trkpt>
   <trkpt lat="31.1875080" lon="75.7729960">
    <ele>235.2</ele>
    <time>2025-11-26T10:52:38Z</time>
   </trkpt>
   <trkpt lat="31.1875700" lon="75.7730000">
    <ele>235.2</ele>
    <time>2025-11-26T10:52:39Z</time>
   </trkpt>
   <trkpt lat="31.1876350" lon="75.7730020">
    <ele>235.1</ele>
    <time>2025-11-26T10:52:40Z</time>
   </trkpt>
   <trkpt lat="31.1876990" lon="75.7730050">
    <ele>235.1</ele>
    <time>2025-11-26T10:52:41Z</time>
   </trkpt>
   <trkpt lat="31.1877640" lon="75.7730080">
    <ele>235.0</ele>
    <time>2025-11-26T10:52:42Z</time>
   </trkpt>
   <trkpt lat="31.1878270" lon="75.7730120">
    <ele>235.0</ele>
    <time>2025-11-26T10:52:43Z</time>
   </trkpt>
   <trkpt lat="31.1878920" lon="75.7730150">
    <ele>234.9</ele>
    <time>2025-11-26T10:52:44Z</time>
   </trkpt>
   <trkpt lat="31.1879590" lon="75.7730170">
    <ele>234.9</ele>
    <time>2025-11-26T10:52:45Z</time>
   </trkpt>
   <trkpt lat="31.1880250" lon="75.7730190">
    <ele>234.9</ele>
    <time>2025-11-26T10:52:46Z</time>
   </trkpt>
   <trkpt lat="31.1880910" lon="75.7730190">
    <ele>234.8</ele>
    <time>2025-11-26T10:52:47Z</time>
   </trkpt>
   <trkpt lat="31.1881580" lon="75.7730200">
    <ele>234.8</ele>
    <time>2025-11-26T10:52:48Z</time>
   </trkpt>
   <trkpt lat="31.1882240" lon="75.7730220">
    <ele>234.8</ele>
    <time>2025-11-26T10:52:49Z</time>
   </trkpt>
   <trkpt lat="31.1882910" lon="75.7730200">
    <ele>234.7</ele>
    <time>2025-11-26T10:52:50Z</time>
   </trkpt>
   <trkpt lat="31.1883590" lon="75.7730260">
    <ele>234.7</ele>
    <time>2025-11-26T10:52:51Z</time>
   </trkpt>
   <trkpt lat="31.1884240" lon="75.7730180">
    <ele>234.7</ele>
    <time>2025-11-26T10:52:52Z</time>
   </trkpt>
   <trkpt lat="31.1884890" lon="75.7730190">
    <ele>234.7</ele>
    <time>2025-11-26T10:52:53Z</time>
   </trkpt>
   <trkpt lat="31.1885530" lon="75.7730220">
    <ele>234.7</ele>
    <time>2025-11-26T10:52:54Z</time>
   </trkpt>
   <trkpt lat="31.1886170" lon="75.7730260">
    <ele>234.7</ele>
    <time>2025-11-26T10:52:55Z</time>
   </trkpt>
   <trkpt lat="31.1886780" lon="75.7730250">
    <ele>234.7</ele>
    <time>2025-11-26T10:52:56Z</time>
   </trkpt>
   <trkpt lat="31.1887380" lon="75.7730190">
    <ele>234.7</ele>
    <time>2025-11-26T10:52:57Z</time>
   </trkpt>
   <trkpt lat="31.1887990" lon="75.7730170">
    <ele>234.7</ele>
    <time>2025-11-26T10:52:58Z</time>
   </trkpt>
   <trkpt lat="31.1888600" lon="75.7730160">
    <ele>234.8</ele>
    <time>2025-11-26T10:52:59Z</time>
   </trkpt>
   <trkpt lat="31.1889200" lon="75.7730130">
    <ele>234.8</ele>
    <time>2025-11-26T10:53:00Z</time>
   </trkpt>
   <trkpt lat="31.1889810" lon="75.7730100">
    <ele>234.9</ele>
    <time>2025-11-26T10:53:01Z</time>
   </trkpt>
   <trkpt lat="31.1890420" lon="75.7730100">
    <ele>234.9</ele>
    <time>2025-11-26T10:53:02Z</time>
   </trkpt>
   <trkpt lat="31.1891020" lon="75.7730120">
    <ele>235.0</ele>
    <time>2025-11-26T10:53:03Z</time>
   </trkpt>
   <trkpt lat="31.1891630" lon="75.7730080">
    <ele>235.1</ele>
    <time>2025-11-26T10:53:04Z</time>
   </trkpt>
   <trkpt lat="31.1892220" lon="75.7730060">
    <ele>235.2</ele>
    <time>2025-11-26T10:53:05Z</time>
   </trkpt>
   <trkpt lat="31.1892850" lon="75.7730050">
    <ele>235.3</ele>
    <time>2025-11-26T10:53:06Z</time>
   </trkpt>
   <trkpt lat="31.1893430" lon="75.7730020">
    <ele>235.4</ele>
    <time>2025-11-26T10:53:07Z</time>
   </trkpt>
   <trkpt lat="31.1894040" lon="75.7730020">
    <ele>235.6</ele>
    <time>2025-11-26T10:53:08Z</time>
   </trkpt>
   <trkpt lat="31.1894630" lon="75.7730050">
    <ele>235.7</ele>
    <time>2025-11-26T10:53:09Z</time>
   </trkpt>
   <trkpt lat="31.1895190" lon="75.7730060">
    <ele>235.8</ele>
    <time>2025-11-26T10:53:10Z</time>
   </trkpt>
   <trkpt lat="31.1895780" lon="75.7730030">
    <ele>236.0</ele>
    <time>2025-11-26T10:53:11Z</time>
   </trkpt>
   <trkpt lat="31.1896300" lon="75.7730030">
    <ele>236.1</ele>
    <time>2025-11-26T10:53:12Z</time>
   </trkpt>
   <trkpt lat="31.1896790" lon="75.7730060">
    <ele>236.2</ele>
    <time>2025-11-26T10:53:13Z</time>
   </trkpt>
   <trkpt lat="31.1897280" lon="75.7730060">
    <ele>236.4</ele>
    <time>2025-11-26T10:53:14Z</time>
   </trkpt>
   <trkpt lat="31.1897720" lon="75.7730050">
    <ele>236.5</ele>
    <time>2025-11-26T10:53:15Z</time>
   </trkpt>
   <trkpt lat="31.1898190" lon="75.7730050">
    <ele>236.7</ele>
    <time>2025-11-26T10:53:16Z</time>
   </trkpt>
   <trkpt lat="31.1898620" lon="75.7730030">
    <ele>236.8</ele>
    <time>2025-11-26T10:53:17Z</time>
   </trkpt>
   <trkpt lat="31.1899040" lon="75.7730020">
    <ele>237.0</ele>
    <time>2025-11-26T10:53:18Z</time>
   </trkpt>
   <trkpt lat="31.1899460" lon="75.7730010">
    <ele>237.1</ele>
    <time>2025-11-26T10:53:19Z</time>
   </trkpt>
   <trkpt lat="31.1899880" lon="75.7730000">
    <ele>237.2</ele>
    <time>2025-11-26T10:53:20Z</time>
   </trkpt>
   <trkpt lat="31.1900280" lon="75.7730000">
    <ele>237.3</ele>
    <time>2025-11-26T10:53:21Z</time>
   </trkpt>
   <trkpt lat="31.1900680" lon="75.7729980">
    <ele>237.4</ele>
    <time>2025-11-26T10:53:22Z</time>
   </trkpt>
   <trkpt lat="31.1901070" lon="75.7729970">
    <ele>237.5</ele>
    <time>2025-11-26T10:53:23Z</time>
   </trkpt>
   <trkpt lat="31.1901450" lon="75.7729970">
    <ele>237.6</ele>
    <time>2025-11-26T10:53:24Z</time>
   </trkpt>
   <trkpt lat="31.1901820" lon="75.7729960">
    <ele>237.7</ele>
    <time>2025-11-26T10:53:25Z</time>
   </trkpt>
   <trkpt lat="31.1902220" lon="75.7729960">
    <ele>237.8</ele>
    <time>2025-11-26T10:53:26Z</time>
   </trkpt>
   <trkpt lat="31.1902620" lon="75.7729960">
    <ele>237.9</ele>
    <time>2025-11-26T10:53:27Z</time>
   </trkpt>
   <trkpt lat="31.1903060" lon="75.7729940">
    <ele>238.0</ele>
    <time>2025-11-26T10:53:28Z</time>
   </trkpt>
   <trkpt lat="31.1903480" lon="75.7729910">
    <ele>238.1</ele>
    <time>2025-11-26T10:53:29Z</time>
   </trkpt>
   <trkpt lat="31.1903890" lon="75.7729920">
    <ele>238.2</ele>
    <time>2025-11-26T10:53:30Z</time>
   </trkpt>
   <trkpt lat="31.1904270" lon="75.7729920">
    <ele>238.3</ele>
    <time>2025-11-26T10:53:31Z</time>
   </trkpt>
   <trkpt lat="31.1904630" lon="75.7729920">
    <ele>238.4</ele>
    <time>2025-11-26T10:53:32Z</time>
   </trkpt>
   <trkpt lat="31.1904970" lon="75.7729920">
    <ele>238.4</ele>
    <time>2025-11-26T10:53:33Z</time>
   </trkpt>
   <trkpt lat="31.1905300" lon="75.7729920">
    <ele>238.5</ele>
    <time>2025-11-26T10:53:34Z</time>
   </trkpt>
   <trkpt lat="31.1905660" lon="75.7729910">
    <ele>238.6</ele>
    <time>2025-11-26T10:53:35Z</time>
   </trkpt>
   <trkpt lat="31.1906060" lon="75.7729920">
    <ele>238.6</ele>
    <time>2025-11-26T10:53:36Z</time>
   </trkpt>
   <trkpt lat="31.1906510" lon="75.7729930">
    <ele>238.7</ele>
    <time>2025-11-26T10:53:37Z</time>
   </trkpt>
   <trkpt lat="31.1906980" lon="75.7729910">
    <ele>238.8</ele>
    <time>2025-11-26T10:53:38Z</time>
   </trkpt>
   <trkpt lat="31.1907480" lon="75.7729890">
    <ele>238.9</ele>
    <time>2025-11-26T10:53:39Z</time>
   </trkpt>
   <trkpt lat="31.1908010" lon="75.7729890">
    <ele>238.9</ele>
    <time>2025-11-26T10:53:40Z</time>
   </trkpt>
   <trkpt lat="31.1908510" lon="75.7729900">
    <ele>239.0</ele>
    <time>2025-11-26T10:53:41Z</time>
   </trkpt>
   <trkpt lat="31.1909000" lon="75.7729900">
    <ele>239.1</ele>
    <time>2025-11-26T10:53:42Z</time>
   </trkpt>
   <trkpt lat="31.1909470" lon="75.7729900">
    <ele>239.1</ele>
    <time>2025-11-26T10:53:43Z</time>
   </trkpt>
   <trkpt lat="31.1909920" lon="75.7729870">
    <ele>239.2</ele>
    <time>2025-11-26T10:53:44Z</time>
   </trkpt>
   <trkpt lat="31.1910350" lon="75.7729850">
    <ele>239.2</ele>
    <time>2025-11-26T10:53:45Z</time>
   </trkpt>
   <trkpt lat="31.1910770" lon="75.7729840">
    <ele>239.3</ele>
    <time>2025-11-26T10:53:46Z</time>
   </trkpt>
   <trkpt lat="31.1911180" lon="75.7729840">
    <ele>239.3</ele>
    <time>2025-11-26T10:53:47Z</time>
   </trkpt>
   <trkpt lat="31.1911560" lon="75.7729840">
    <ele>239.4</ele>
    <time>2025-11-26T10:53:48Z</time>
   </trkpt>
   <trkpt lat="31.1911940" lon="75.7729830">
    <ele>239.4</ele>
    <time>2025-11-26T10:53:49Z</time>
   </trkpt>
   <trkpt lat="31.1912320" lon="75.7729810">
    <ele>239.4</ele>
    <time>2025-11-26T10:53:50Z</time>
   </trkpt>
   <trkpt lat="31.1912740" lon="75.7729840">
    <ele>239.5</ele>
    <time>2025-11-26T10:53:51Z</time>
   </trkpt>
   <trkpt lat="31.1913230" lon="75.7729850">
    <ele>239.5</ele>
    <time>2025-11-26T10:53:52Z</time>
   </trkpt>
   <trkpt lat="31.1913740" lon="75.7729820">
    <ele>239.6</ele>
    <time>2025-11-26T10:53:53Z</time>
   </trkpt>
   <trkpt lat="31.1914240" lon="75.7729780">
    <ele>239.7</ele>
    <time>2025-11-26T10:53:54Z</time>
   </trkpt>
   <trkpt lat="31.1914700" lon="75.7729750">
    <ele>239.7</ele>
    <time>2025-11-26T10:53:55Z</time>
   </trkpt>
   <trkpt lat="31.1915170" lon="75.7729760">
    <ele>239.7</ele>
    <time>2025-11-26T10:53:56Z</time>
   </trkpt>
   <trkpt lat="31.1915640" lon="75.7729740">
    <ele>239.7</ele>
    <time>2025-11-26T10:53:57Z</time>
   </trkpt>
   <trkpt lat="31.1916090" lon="75.7729740">
    <ele>239.8</ele>
    <time>2025-11-26T10:53:58Z</time>
   </trkpt>
   <trkpt lat="31.1916550" lon="75.7729760">
    <ele>239.8</ele>
    <time>2025-11-26T10:53:59Z</time>
   </trkpt>
   <trkpt lat="31.1916990" lon="75.7729770">
    <ele>239.7</ele>
    <time>2025-11-26T10:54:00Z</time>
   </trkpt>
   <trkpt lat="31.1917430" lon="75.7729760">
    <ele>239.7</ele>
    <time>2025-11-26T10:54:01Z</time>
   </trkpt>
   <trkpt lat="31.1917890" lon="75.7729750">
    <ele>239.7</ele>
    <time>2025-11-26T10:54:02Z</time>
   </trkpt>
   <trkpt lat="31.1918360" lon="75.7729710">
    <ele>239.7</ele>
    <time>2025-11-26T10:54:03Z</time>
   </trkpt>
   <trkpt lat="31.1918860" lon="75.7729690">
    <ele>239.7</ele>
    <time>2025-11-26T10:54:04Z</time>
   </trkpt>
   <trkpt lat="31.1919360" lon="75.7729690">
    <ele>239.7</ele>
    <time>2025-11-26T10:54:05Z</time>
   </trkpt>
   <trkpt lat="31.1919880" lon="75.7729690">
    <ele>239.6</ele>
    <time>2025-11-26T10:54:06Z</time>
   </trkpt>
   <trkpt lat="31.1920400" lon="75.7729690">
    <ele>239.6</ele>
    <time>2025-11-26T10:54:07Z</time>
   </trkpt>
   <trkpt lat="31.1920920" lon="75.7729690">
    <ele>239.5</ele>
    <time>2025-11-26T10:54:08Z</time>
   </trkpt>
   <trkpt lat="31.1921450" lon="75.7729670">
    <ele>239.5</ele>
    <time>2025-11-26T10:54:09Z</time>
   </trkpt>
   <trkpt lat="31.1921980" lon="75.7729670">
    <ele>239.4</ele>
    <time>2025-11-26T10:54:10Z</time>
   </trkpt>
   <trkpt lat="31.1922560" lon="75.7729670">
    <ele>239.3</ele>
    <time>2025-11-26T10:54:11Z</time>
   </trkpt>
   <trkpt lat="31.1923240" lon="75.7729870">
    <ele>239.2</ele>
    <time>2025-11-26T10:54:12Z</time>
   </trkpt>
   <trkpt lat="31.1923890" lon="75.7729750">
    <ele>239.1</ele>
    <time>2025-11-26T10:54:13Z</time>
   </trkpt>
   <trkpt lat="31.1924410" lon="75.7729730">
    <ele>239.1</ele>
    <time>2025-11-26T10:54:14Z</time>
   </trkpt>
   <trkpt lat="31.1924950" lon="75.7729680">
    <ele>239.0</ele>
    <time>2025-11-26T10:54:15Z</time>
   </trkpt>
   <trkpt lat="31.1925630" lon="75.7729660">
    <ele>238.9</ele>
    <time>2025-11-26T10:54:16Z</time>
   </trkpt>
   <trkpt lat="31.1926190" lon="75.7729730">
    <ele>238.8</ele>
    <time>2025-11-26T10:54:17Z</time>
   </trkpt>
   <trkpt lat="31.1926720" lon="75.7729670">
    <ele>238.7</ele>
    <time>2025-11-26T10:54:18Z</time>
   </trkpt>
   <trkpt lat="31.1927360" lon="75.7729630">
    <ele>238.5</ele>
    <time>2025-11-26T10:54:19Z</time>
   </trkpt>
   <trkpt lat="31.1927960" lon="75.7729630">
    <ele>238.3</ele>
    <time>2025-11-26T10:54:20Z</time>
   </trkpt>
   <trkpt lat="31.1928560" lon="75.7729610">
    <ele>238.2</ele>
    <time>2025-11-26T10:54:21Z</time>
   </trkpt>
   <trkpt lat="31.1929140" lon="75.7729620">
    <ele>238.0</ele>
    <time>2025-11-26T10:54:22Z</time>
   </trkpt>
   <trkpt lat="31.1929760" lon="75.7729640">
    <ele>237.8</ele>
    <time>2025-11-26T10:54:23Z</time>
   </trkpt>
   <trkpt lat="31.1930360" lon="75.7729620">
    <ele>237.6</ele>
    <time>2025-11-26T10:54:24Z</time>
   </trkpt>
   <trkpt lat="31.1930980" lon="75.7729600">
    <ele>237.5</ele>
    <time>2025-11-26T10:54:25Z</time>
   </trkpt>
   <trkpt lat="31.1931610" lon="75.7729590">
    <ele>237.3</ele>
    <time>2025-11-26T10:54:26Z</time>
   </trkpt>
   <trkpt lat="31.1932250" lon="75.7729570">
    <ele>237.1</ele>
    <time>2025-11-26T10:54:27Z</time>
   </trkpt>
   <trkpt lat="31.1932880" lon="75.7729580">
    <ele>237.0</ele>
    <time>2025-11-26T10:54:28Z</time>
   </trkpt>
   <trkpt lat="31.1933550" lon="75.7729590">
    <ele>236.8</ele>
    <time>2025-11-26T10:54:29Z</time>
   </trkpt>
   <trkpt lat="31.1934190" lon="75.7729580">
    <ele>236.6</ele>
    <time>2025-11-26T10:54:30Z</time>
   </trkpt>
   <trkpt lat="31.1934840" lon="75.7729540">
    <ele>236.4</ele>
    <time>2025-11-26T10:54:31Z</time>
   </trkpt>
   <trkpt lat="31.1935500" lon="75.7729520">
    <ele>236.2</ele>
    <time>2025-11-26T10:54:32Z</time>
   </trkpt>
   <trkpt lat="31.1936160" lon="75.7729520">
    <ele>236.0</ele>
    <time>2025-11-26T10:54:33Z</time>
   </trkpt>
   <trkpt lat="31.1936830" lon="75.7729490">
    <ele>235.8</ele>
    <time>2025-11-26T10:54:34Z</time>
   </trkpt>
   <trkpt lat="31.1937520" lon="75.7729450">
    <ele>235.6</ele>
    <time>2025-11-26T10:54:35Z</time>
   </trkpt>
   <trkpt lat="31.1938220" lon="75.7729430">
    <ele>235.4</ele>
    <time>2025-11-26T10:54:36Z</time>
   </trkpt>
   <trkpt lat="31.1938880" lon="75.7729430">
    <ele>235.4</ele>
    <time>2025-11-26T10:54:37Z</time>
   </trkpt>
   <trkpt lat="31.1939530" lon="75.7729410">
    <ele>235.3</ele>
    <time>2025-11-26T10:54:38Z</time>
   </trkpt>
   <trkpt lat="31.1940160" lon="75.7729370">
    <ele>235.3</ele>
    <time>2025-11-26T10:54:39Z</time>
   </trkpt>
   <trkpt lat="31.1940800" lon="75.7729350">
    <ele>235.3</ele>
    <time>2025-11-26T10:54:40Z</time>
   </trkpt>
   <trkpt lat="31.1941450" lon="75.7729320">
    <ele>235.2</ele>
    <time>2025-11-26T10:54:41Z</time>
   </trkpt>
   <trkpt lat="31.1942090" lon="75.7729310">
    <ele>235.2</ele>
    <time>2025-11-26T10:54:42Z</time>
   </trkpt>
   <trkpt lat="31.1942740" lon="75.7729270">
    <ele>235.2</ele>
    <time>2025-11-26T10:54:43Z</time>
   </trkpt>
   <trkpt lat="31.1943390" lon="75.7729250">
    <ele>235.2</ele>
    <time>2025-11-26T10:54:44Z</time>
   </trkpt>
   <trkpt lat="31.1944030" lon="75.7729230">
    <ele>235.2</ele>
    <time>2025-11-26T10:54:45Z</time>
   </trkpt>
   <trkpt lat="31.1944680" lon="75.7729180">
    <ele>235.2</ele>
    <time>2025-11-26T10:54:46Z</time>
   </trkpt>
   <trkpt lat="31.1945310" lon="75.7729150">
    <ele>235.2</ele>
    <time>2025-11-26T10:54:47Z</time>
   </trkpt>
   <trkpt lat="31.1945960" lon="75.7729110">
    <ele>235.3</ele>
    <time>2025-11-26T10:54:48Z</time>
   </trkpt>
   <trkpt lat="31.1946600" lon="75.7729080">
    <ele>235.3</ele>
    <time>2025-11-26T10:54:49Z</time>
   </trkpt>
   <trkpt lat="31.1947230" lon="75.7729020">
    <ele>235.3</ele>
    <time>2025-11-26T10:54:50Z</time>
   </trkpt>
   <trkpt lat="31.1947870" lon="75.7728960">
    <ele>235.4</ele>
    <time>2025-11-26T10:54:51Z</time>
   </trkpt>
   <trkpt lat="31.1948490" lon="75.7728890">
    <ele>235.4</ele>
    <time>2025-11-26T10:54:52Z</time>
   </trkpt>
   <trkpt lat="31.1949120" lon="75.7728830">
    <ele>235.4</ele>
    <time>2025-11-26T10:54:53Z</time>
   </trkpt>
   <trkpt lat="31.1949740" lon="75.7728800">
    <ele>235.5</ele>
    <time>2025-11-26T10:54:54Z</time>
   </trkpt>
   <trkpt lat="31.1950360" lon="75.7728730">
    <ele>235.5</ele>
    <time>2025-11-26T10:54:55Z</time>
   </trkpt>
   <trkpt lat="31.1950990" lon="75.7728670">
    <ele>235.6</ele>
    <time>2025-11-26T10:54:56Z</time>
   </trkpt>
   <trkpt lat="31.1951590" lon="75.7728610">
    <ele>235.6</ele>
    <time>2025-11-26T10:54:57Z</time>
   </trkpt>
   <trkpt lat="31.1952220" lon="75.7728560">
    <ele>235.7</ele>
    <time>2025-11-26T10:54:58Z</time>
   </trkpt>
   <trkpt lat="31.1952840" lon="75.7728520">
    <ele>235.7</ele>
    <time>2025-11-26T10:54:59Z</time>
   </trkpt>
   <trkpt lat="31.1953450" lon="75.7728450">
    <ele>235.8</ele>
    <time>2025-11-26T10:55:00Z</time>
   </trkpt>
   <trkpt lat="31.1954060" lon="75.7728380">
    <ele>235.8</ele>
    <time>2025-11-26T10:55:01Z</time>
   </trkpt>
   <trkpt lat="31.1954660" lon="75.7728320">
    <ele>235.9</ele>
    <time>2025-11-26T10:55:02Z</time>
   </trkpt>
   <trkpt lat="31.1955250" lon="75.7728250">
    <ele>236.0</ele>
    <time>2025-11-26T10:55:03Z</time>
   </trkpt>
   <trkpt lat="31.1955870" lon="75.7728180">
    <ele>236.1</ele>
    <time>2025-11-26T10:55:04Z</time>
   </trkpt>
   <trkpt lat="31.1956550" lon="75.7728180">
    <ele>236.2</ele>
    <time>2025-11-26T10:55:05Z</time>
   </trkpt>
   <trkpt lat="31.1957140" lon="75.7728110">
    <ele>236.3</ele>
    <time>2025-11-26T10:55:06Z</time>
   </trkpt>
   <trkpt lat="31.1957750" lon="75.7727880">
    <ele>236.4</ele>
    <time>2025-11-26T10:55:07Z</time>
   </trkpt>
   <trkpt lat="31.1958220" lon="75.7728030">
    <ele>236.5</ele>
    <time>2025-11-26T10:55:08Z</time>
   </trkpt>
   <trkpt lat="31.1958730" lon="75.7727960">
    <ele>236.5</ele>
    <time>2025-11-26T10:55:09Z</time>
   </trkpt>
   <trkpt lat="31.1959310" lon="75.7727970">
    <ele>236.7</ele>
    <time>2025-11-26T10:55:10Z</time>
   </trkpt>
   <trkpt lat="31.1959750" lon="75.7727960">
    <ele>236.8</ele>
    <time>2025-11-26T10:55:11Z</time>
   </trkpt>
   <trkpt lat="31.1960200" lon="75.7727930">
    <ele>236.9</ele>
    <time>2025-11-26T10:55:12Z</time>
   </trkpt>
   <trkpt lat="31.1960650" lon="75.7727880">
    <ele>237.0</ele>
    <time>2025-11-26T10:55:13Z</time>
   </trkpt>
   <trkpt lat="31.1961030" lon="75.7727780">
    <ele>237.1</ele>
    <time>2025-11-26T10:55:14Z</time>
   </trkpt>
   <trkpt lat="31.1961370" lon="75.7727730">
    <ele>237.2</ele>
    <time>2025-11-26T10:55:15Z</time>
   </trkpt>
   <trkpt lat="31.1961690" lon="75.7727660">
    <ele>237.3</ele>
    <time>2025-11-26T10:55:16Z</time>
   </trkpt>
   <trkpt lat="31.1961750" lon="75.7727620">
    <ele>238.0</ele>
    <time>2025-11-26T10:55:17Z</time>
   </trkpt>
   <trkpt lat="31.1961870" lon="75.7727420">
    <ele>239.0</ele>
    <time>2025-11-26T10:55:18Z</time>
   </trkpt>
   <trkpt lat="31.1961920" lon="75.7727340">
    <ele>239.7</ele>
    <time>2025-11-26T10:55:19Z</time>
   </trkpt>
   <trkpt lat="31.1961960" lon="75.7727260">
    <ele>240.4</ele>
    <time>2025-11-26T10:55:20Z</time>
   </trkpt>
   <trkpt lat="31.1962300" lon="75.7726980">
    <ele>241.6</ele>
    <time>2025-11-26T10:55:21Z</time>
   </trkpt>
   <trkpt lat="31.1962450" lon="75.7726870">
    <ele>242.3</ele>
    <time>2025-11-26T10:55:22Z</time>
   </trkpt>
   <trkpt lat="31.1962860" lon="75.7726810">
    <ele>242.4</ele>
    <time>2025-11-26T10:55:23Z</time>
   </trkpt>
   <trkpt lat="31.1963280" lon="75.7726870">
    <ele>242.4</ele>
    <time>2025-11-26T10:55:24Z</time>
   </trkpt>
   <trkpt lat="31.1963640" lon="75.7726910">
    <ele>242.5</ele>
    <time>2025-11-26T10:55:25Z</time>
   </trkpt>
   <trkpt lat="31.1963990" lon="75.7726920">
    <ele>242.5</ele>
    <time>2025-11-26T10:55:26Z</time>
   </trkpt>
   <trkpt lat="31.1964350" lon="75.7726900">
    <ele>242.6</ele>
    <time>2025-11-26T10:55:27Z</time>
   </trkpt>
   <trkpt lat="31.1964690" lon="75.7726870">
    <ele>242.6</ele>
    <time>2025-11-26T10:55:28Z</time>
   </trkpt>
   <trkpt lat="31.1964990" lon="75.7726790">
    <ele>242.7</ele>
    <time>2025-11-26T10:55:29Z</time>
   </trkpt>
   <trkpt lat="31.1965330" lon="75.7726480">
    <ele>242.7</ele>
    <time>2025-11-26T10:55:30Z</time>
   </trkpt>
   <trkpt lat="31.1965440" lon="75.7726310">
    <ele>242.8</ele>
    <time>2025-11-26T10:55:31Z</time>
   </trkpt>
   <trkpt lat="31.1965570" lon="75.7725930">
    <ele>242.8</ele>
    <time>2025-11-26T10:55:32Z</time>
   </trkpt>
   <trkpt lat="31.1965700" lon="75.7725610">
    <ele>242.8</ele>
    <time>2025-11-26T10:55:33Z</time>
   </trkpt>
   <trkpt lat="31.1965820" lon="75.7725330">
    <ele>242.9</ele>
    <time>2025-11-26T10:55:34Z</time>
   </trkpt>
   <trkpt lat="31.1965910" lon="75.7725110">
    <ele>242.9</ele>
    <time>2025-11-26T10:55:35Z</time>
   </trkpt>
   <trkpt lat="31.1965970" lon="75.7724950">
    <ele>242.9</ele>
    <time>2025-11-26T10:55:36Z</time>
   </trkpt>
   <trkpt lat="31.1966010" lon="75.7724790">
    <ele>242.9</ele>
    <time>2025-11-26T10:55:37Z</time>
   </trkpt>
   <trkpt lat="31.1966020" lon="75.7724630">
    <ele>243.0</ele>
    <time>2025-11-26T10:55:38Z</time>
   </trkpt>
   <trkpt lat="31.1965940" lon="75.7724600">
    <ele>243.0</ele>
    <time>2025-11-26T10:55:39Z</time>
   </trkpt>
   <trkpt lat="31.1965880" lon="75.7724660">
    <ele>243.0</ele>
    <time>2025-11-26T10:55:40Z</time>
   </trkpt>
   <trkpt lat="31.1965940" lon="75.7724630">
    <ele>243.0</ele>
    <time>2025-11-26T10:55:41Z</time>
   </trkpt>
   <trkpt lat="31.1965930" lon="75.7724620">
    <ele>243.0</ele>
    <time>2025-11-26T10:55:42Z</time>
   </trkpt>
   <trkpt lat="31.1965900" lon="75.7724640">
    <ele>243.0</ele>
    <time>2025-11-26T10:55:43Z</time>
   </trkpt>
   <trkpt lat="31.1965890" lon="75.7724630">
    <ele>243.0</ele>
    <time>2025-11-26T10:55:44Z</time>
   </trkpt>
   <trkpt lat="31.1965870" lon="75.7724620">
    <ele>243.0</ele>
    <time>2025-11-26T10:55:45Z</time>
   </trkpt>
   <trkpt lat="31.1965840" lon="75.7724650">
    <ele>243.0</ele>
    <time>2025-11-26T10:55:46Z</time>
   </trkpt>
   <trkpt lat="31.1965850" lon="75.7724680">
    <ele>243.0</ele>
    <time>2025-11-26T10:55:47Z</time>
   </trkpt>
   <trkpt lat="31.1965840" lon="75.7724730">
    <ele>243.0</ele>
    <time>2025-11-26T10:55:48Z</time>
   </trkpt>
   <trkpt lat="31.1965830" lon="75.7724720">
    <ele>243.0</ele>
    <time>2025-11-26T10:55:49Z</time>
   </trkpt>
   <trkpt lat="31.1965790" lon="75.7724740">
    <ele>243.0</ele>
    <time>2025-11-26T10:55:50Z</time>
   </trkpt>
   <trkpt lat="31.1965760" lon="75.7724740">
    <ele>243.0</ele>
    <time>2025-11-26T10:55:51Z</time>
   </trkpt>
   <trkpt lat="31.1965760" lon="75.7724750">
    <ele>243.0</ele>
    <time>2025-11-26T10:55:52Z</time>
   </trkpt>
   <trkpt lat="31.1965760" lon="75.7724740">
    <ele>243.0</ele>
    <time>2025-11-26T10:55:53Z</time>
   </trkpt>
   <trkpt lat="31.1965760" lon="75.7724740">
    <ele>243.0</ele>
    <time>2025-11-26T10:55:54Z</time>
   </trkpt>
   <trkpt lat="31.1965800" lon="75.7724710">
    <ele>243.0</ele>
    <time>2025-11-26T10:55:55Z</time>
   </trkpt>
   <trkpt lat="31.1965800" lon="75.7724690">
    <ele>243.0</ele>
    <time>2025-11-26T10:55:56Z</time>
   </trkpt>
   <trkpt lat="31.1965800" lon="75.7724720">
    <ele>243.0</ele>
    <time>2025-11-26T10:55:57Z</time>
   </trkpt>
   <trkpt lat="31.1965830" lon="75.7724770">
    <ele>243.0</ele>
    <time>2025-11-26T10:55:58Z</time>
   </trkpt>
   <trkpt lat="31.1965820" lon="75.7724760">
    <ele>243.0</ele>
    <time>2025-11-26T10:55:59Z</time>
   </trkpt>
   <trkpt lat="31.1965850" lon="75.7724720">
    <ele>243.0</ele>
    <time>2025-11-26T10:56:00Z</time>
   </trkpt>
   <trkpt lat="31.1965850" lon="75.7724730">
    <ele>243.0</ele>
    <time>2025-11-26T10:56:01Z</time>
   </trkpt>
   <trkpt lat="31.1965850" lon="75.7724710">
    <ele>243.0</ele>
    <time>2025-11-26T10:56:02Z</time>
   </trkpt>
   <trkpt lat="31.1965860" lon="75.7724680">
    <ele>243.0</ele>
    <time>2025-11-26T10:56:03Z</time>
   </trkpt>
   <trkpt lat="31.1965850" lon="75.7724680">
    <ele>243.0</ele>
    <time>2025-11-26T10:56:04Z</time>
   </trkpt>
   <trkpt lat="31.1965850" lon="75.7724680">
    <ele>243.0</ele>
    <time>2025-11-26T10:56:05Z</time>
   </trkpt>
   <trkpt lat="31.1965850" lon="75.7724680">
    <ele>243.0</ele>
    <time>2025-11-26T10:56:06Z</time>
   </trkpt>
   <trkpt lat="31.1965850" lon="75.7724680">
    <ele>243.0</ele>
    <time>2025-11-26T10:56:07Z</time>
   </trkpt>
   <trkpt lat="31.1965850" lon="75.7724680">
    <ele>243.0</ele>
    <time>2025-11-26T10:56:08Z</time>
   </trkpt>
   <trkpt lat="31.1965830" lon="75.7724630">
    <ele>243.0</ele>
    <time>2025-11-26T10:56:09Z</time>
   </trkpt>
   <trkpt lat="31.1965830" lon="75.7724640">
    <ele>243.0</ele>
    <time>2025-11-26T10:56:10Z</time>
   </trkpt>
   <trkpt lat="31.1965830" lon="75.7724640">
    <ele>243.0</ele>
    <time>2025-11-26T10:56:11Z</time>
   </trkpt>
   <trkpt lat="31.1965830" lon="75.7724640">
    <ele>243.0</ele>
    <time>2025-11-26T10:56:12Z</time>
   </trkpt>
   <trkpt lat="31.1965830" lon="75.7724640">
    <ele>243.0</ele>
    <time>2025-11-26T10:56:13Z</time>
   </trkpt>
   <trkpt lat="31.1965830" lon="75.7724640">
    <ele>243.0</ele>
    <time>2025-11-26T10:56:14Z</time>
   </trkpt>
   <trkpt lat="31.1965830" lon="75.7724640">
    <ele>243.0</ele>
    <time>2025-11-26T10:56:15Z</time>
   </trkpt>
   <trkpt lat="31.1965830" lon="75.7724640">
    <ele>243.0</ele>
    <time>2025-11-26T10:56:16Z</time>
   </trkpt>
   <trkpt lat="31.1965830" lon="75.7724640">
    <ele>243.0</ele>
    <time>2025-11-26T10:56:17Z</time>
   </trkpt>
   <trkpt lat="31.1965830" lon="75.7724640">
    <ele>243.0</ele>
    <time>2025-11-26T10:56:18Z</time>
   </trkpt>
   <trkpt lat="31.1965830" lon="75.7724640">
    <ele>243.0</ele>
    <time>2025-11-26T10:56:19Z</time>
   </trkpt>
   <trkpt lat="31.1965830" lon="75.7724640">
    <ele>243.0</ele>
    <time>2025-11-26T10:56:20Z</time>
   </trkpt>
   <trkpt lat="31.1965830" lon="75.7724640">
    <ele>243.0</ele>
    <time>2025-11-26T10:56:21Z</time>
   </trkpt>
   <trkpt lat="31.1965830" lon="75.7724640">
    <ele>243.0</ele>
    <time>2025-11-26T10:56:22Z</time>
   </trkpt>
   <trkpt lat="31.1965870" lon="75.7724690">
    <ele>243.1</ele>
    <time>2025-11-26T10:56:23Z</time>
   </trkpt>
   <trkpt lat="31.1965870" lon="75.7724680">
    <ele>243.1</ele>
    <time>2025-11-26T10:56:24Z</time>
   </trkpt>
   <trkpt lat="31.1965880" lon="75.7724670">
    <ele>243.1</ele>
    <time>2025-11-26T10:56:25Z</time>
   </trkpt>
   <trkpt lat="31.1965900" lon="75.7724660">
    <ele>243.1</ele>
    <time>2025-11-26T10:56:26Z</time>
   </trkpt>
   <trkpt lat="31.1965890" lon="75.7724640">
    <ele>243.1</ele>
    <time>2025-11-26T10:56:27Z</time>
   </trkpt>
   <trkpt lat="31.1965880" lon="75.7724650">
    <ele>243.1</ele>
    <time>2025-11-26T10:56:28Z</time>
   </trkpt>
   <trkpt lat="31.1965900" lon="75.7724620">
    <ele>243.1</ele>
    <time>2025-11-26T10:56:29Z</time>
   </trkpt>
   <trkpt lat="31.1965900" lon="75.7724620">
    <ele>243.1</ele>
    <time>2025-11-26T10:56:30Z</time>
   </trkpt>
   <trkpt lat="31.1965890" lon="75.7724580">
    <ele>243.1</ele>
    <time>2025-11-26T10:56:31Z</time>
   </trkpt>
   <trkpt lat="31.1965890" lon="75.7724580">
    <ele>243.1</ele>
    <time>2025-11-26T10:56:32Z</time>
   </trkpt>
   <trkpt lat="31.1965890" lon="75.7724570">
    <ele>243.1</ele>
    <time>2025-11-26T10:56:33Z</time>
   </trkpt>
   <trkpt lat="31.1965890" lon="75.7724570">
    <ele>243.1</ele>
    <time>2025-11-26T10:56:34Z</time>
   </trkpt>
   <trkpt lat="31.1965890" lon="75.7724570">
    <ele>243.1</ele>
    <time>2025-11-26T10:56:35Z</time>
   </trkpt>
   <trkpt lat="31.1965960" lon="75.7724550">
    <ele>243.1</ele>
    <time>2025-11-26T10:56:36Z</time>
   </trkpt>
   <trkpt lat="31.1965940" lon="75.7724560">
    <ele>243.1</ele>
    <time>2025-11-26T10:56:37Z</time>
   </trkpt>
   <trkpt lat="31.1965940" lon="75.7724560">
    <ele>243.1</ele>
    <time>2025-11-26T10:56:38Z</time>
   </trkpt>
   <trkpt lat="31.1965880" lon="75.7724530">
    <ele>243.1</ele>
    <time>2025-11-26T10:56:39Z</time>
   </trkpt>
   <trkpt lat="31.1965890" lon="75.7724530">
    <ele>243.1</ele>
    <time>2025-11-26T10:56:40Z</time>
   </trkpt>
   <trkpt lat="31.1965900" lon="75.7724580">
    <ele>243.1</ele>
    <time>2025-11-26T10:56:41Z</time>
   </trkpt>
   <trkpt lat="31.1965930" lon="75.7724580">
    <ele>243.1</ele>
    <time>2025-11-26T10:56:42Z</time>
   </trkpt>
   <trkpt lat="31.1965990" lon="75.7724580">
    <ele>243.1</ele>
    <time>2025-11-26T10:56:43Z</time>
   </trkpt>
   <trkpt lat="31.1965980" lon="75.7724610">
    <ele>243.1</ele>
    <time>2025-11-26T10:56:44Z</time>
   </trkpt>
   <trkpt lat="31.1965970" lon="75.7724610">
    <ele>243.1</ele>
    <time>2025-11-26T10:56:45Z</time>
   </trkpt>
   <trkpt lat="31.1965970" lon="75.7724610">
    <ele>243.1</ele>
    <time>2025-11-26T10:56:46Z</time>
   </trkpt>
   <trkpt lat="31.1965970" lon="75.7724610">
    <ele>243.1</ele>
    <time>2025-11-26T10:56:47Z</time>
   </trkpt>
   <trkpt lat="31.1965960" lon="75.7724620">
    <ele>243.1</ele>
    <time>2025-11-26T10:56:48Z</time>
   </trkpt>
   <trkpt lat="31.1965950" lon="75.7724620">
    <ele>243.1</ele>
    <time>2025-11-26T10:56:49Z</time>
   </trkpt>
   <trkpt lat="31.1965950" lon="75.7724620">
    <ele>243.1</ele>
    <time>2025-11-26T10:56:50Z</time>
   </trkpt>
   <trkpt lat="31.1965950" lon="75.7724620">
    <ele>243.1</ele>
    <time>2025-11-26T10:56:51Z</time>
   </trkpt>
   <trkpt lat="31.1965950" lon="75.7724620">
    <ele>243.1</ele>
    <time>2025-11-26T10:56:52Z</time>
   </trkpt>
   <trkpt lat="31.1965950" lon="75.7724620">
    <ele>243.1</ele>
    <time>2025-11-26T10:56:53Z</time>
   </trkpt>
   <trkpt lat="31.1965940" lon="75.7724620">
    <ele>243.1</ele>
    <time>2025-11-26T10:56:54Z</time>
   </trkpt>
   <trkpt lat="31.1965950" lon="75.7724640">
    <ele>243.1</ele>
    <time>2025-11-26T10:56:55Z</time>
   </trkpt>
   <trkpt lat="31.1965960" lon="75.7724640">
    <ele>243.1</ele>
    <time>2025-11-26T10:56:56Z</time>
   </trkpt>
   <trkpt lat="31.1965970" lon="75.7724640">
    <ele>243.1</ele>
    <time>2025-11-26T10:56:57Z</time>
   </trkpt>
   <trkpt lat="31.1965970" lon="75.7724640">
    <ele>243.1</ele>
    <time>2025-11-26T10:56:58Z</time>
   </trkpt>
   <trkpt lat="31.1965970" lon="75.7724640">
    <ele>243.1</ele>
    <time>2025-11-26T10:56:59Z</time>
   </trkpt>
   <trkpt lat="31.1965970" lon="75.7724640">
    <ele>243.1</ele>
    <time>2025-11-26T10:57:00Z</time>
   </trkpt>
   <trkpt lat="31.1965990" lon="75.7724670">
    <ele>243.1</ele>
    <time>2025-11-26T10:57:01Z</time>
   </trkpt>
   <trkpt lat="31.1965920" lon="75.7724660">
    <ele>243.1</ele>
    <time>2025-11-26T10:57:02Z</time>
   </trkpt>
   <trkpt lat="31.1965900" lon="75.7724660">
    <ele>243.1</ele>
    <time>2025-11-26T10:57:03Z</time>
   </trkpt>
   <trkpt lat="31.1965880" lon="75.7724670">
    <ele>243.1</ele>
    <time>2025-11-26T10:57:04Z</time>
   </trkpt>
   <trkpt lat="31.1965850" lon="75.7724690">
    <ele>243.1</ele>
    <time>2025-11-26T10:57:05Z</time>
   </trkpt>
   <trkpt lat="31.1965880" lon="75.7724690">
    <ele>243.1</ele>
    <time>2025-11-26T10:57:06Z</time>
   </trkpt>
   <trkpt lat="31.1965880" lon="75.7724700">
    <ele>243.1</ele>
    <time>2025-11-26T10:57:07Z</time>
   </trkpt>
   <trkpt lat="31.1965860" lon="75.7724700">
    <ele>243.1</ele>
    <time>2025-11-26T10:57:08Z</time>
   </trkpt>
   <trkpt lat="31.1965860" lon="75.7724700">
    <ele>243.1</ele>
    <time>2025-11-26T10:57:09Z</time>
   </trkpt>
   <trkpt lat="31.1965890" lon="75.7724740">
    <ele>243.2</ele>
    <time>2025-11-26T10:57:10Z</time>
   </trkpt>
   <trkpt lat="31.1965890" lon="75.7724700">
    <ele>243.2</ele>
    <time>2025-11-26T10:57:11Z</time>
   </trkpt>
   <trkpt lat="31.1965890" lon="75.7724720">
    <ele>243.2</ele>
    <time>2025-11-26T10:57:12Z</time>
   </trkpt>
   <trkpt lat="31.1965820" lon="75.7724620">
    <ele>243.2</ele>
    <time>2025-11-26T10:57:13Z</time>
   </trkpt>
   <trkpt lat="31.1965820" lon="75.7724670">
    <ele>243.2</ele>
    <time>2025-11-26T10:57:14Z</time>
   </trkpt>
   <trkpt lat="31.1965850" lon="75.7724660">
    <ele>243.2</ele>
    <time>2025-11-26T10:57:15Z</time>
   </trkpt>
   <trkpt lat="31.1965870" lon="75.7724690">
    <ele>243.2</ele>
    <time>2025-11-26T10:57:16Z</time>
   </trkpt>
   <trkpt lat="31.1965880" lon="75.7724730">
    <ele>243.2</ele>
    <time>2025-11-26T10:57:17Z</time>
   </trkpt>
   <trkpt lat="31.1965840" lon="75.7724650">
    <ele>243.2</ele>
    <time>2025-11-26T10:57:18Z</time>
   </trkpt>
   <trkpt lat="31.1965800" lon="75.7724670">
    <ele>243.2</ele>
    <time>2025-11-26T10:57:19Z</time>
   </trkpt>
   <trkpt lat="31.1965810" lon="75.7724590">
    <ele>243.2</ele>
    <time>2025-11-26T10:57:20Z</time>
   </trkpt>
   <trkpt lat="31.1965820" lon="75.7724450">
    <ele>243.2</ele>
    <time>2025-11-26T10:57:21Z</time>
   </trkpt>
   <trkpt lat="31.1965790" lon="75.7724490">
    <ele>243.2</ele>
    <time>2025-11-26T10:57:22Z</time>
   </trkpt>
   <trkpt lat="31.1965850" lon="75.7724620">
    <ele>243.2</ele>
    <time>2025-11-26T10:57:23Z</time>
   </trkpt>
   <trkpt lat="31.1965710" lon="75.7724620">
    <ele>243.3</ele>
    <time>2025-11-26T10:57:24Z</time>
   </trkpt>
   <trkpt lat="31.1965750" lon="75.7724620">
    <ele>243.3</ele>
    <time>2025-11-26T10:57:25Z</time>
   </trkpt>
   <trkpt lat="31.1965650" lon="75.7724720">
    <ele>243.3</ele>
    <time>2025-11-26T10:57:26Z</time>
   </trkpt>
   <trkpt lat="31.1965630" lon="75.7724780">
    <ele>243.3</ele>
    <time>2025-11-26T10:57:27Z</time>
   </trkpt>
   <trkpt lat="31.1965580" lon="75.7724880">
    <ele>243.3</ele>
    <time>2025-11-26T10:57:28Z</time>
   </trkpt>
   <trkpt lat="31.1965560" lon="75.7725000">
    <ele>243.3</ele>
    <time>2025-11-26T10:57:29Z</time>
   </trkpt>
   <trkpt lat="31.1965620" lon="75.7725350">
    <ele>243.3</ele>
    <time>2025-11-26T10:57:30Z</time>
   </trkpt>
   <trkpt lat="31.1965640" lon="75.7725460">
    <ele>243.4</ele>
    <time>2025-11-26T10:57:31Z</time>
   </trkpt>
   <trkpt lat="31.1965760" lon="75.7725830">
    <ele>243.4</ele>
    <time>2025-11-26T10:57:32Z</time>
   </trkpt>
   <trkpt lat="31.1965810" lon="75.7725960">
    <ele>243.4</ele>
    <time>2025-11-26T10:57:33Z</time>
   </trkpt>
   <trkpt lat="31.1966110" lon="75.7726270">
    <ele>243.5</ele>
    <time>2025-11-26T10:57:34Z</time>
   </trkpt>
   <trkpt lat="31.1966220" lon="75.7726420">
    <ele>243.5</ele>
    <time>2025-11-26T10:57:35Z</time>
   </trkpt>
   <trkpt lat="31.1966470" lon="75.7726560">
    <ele>243.5</ele>
    <time>2025-11-26T10:57:36Z</time>
   </trkpt>
   <trkpt lat="31.1966820" lon="75.7726700">
    <ele>243.6</ele>
    <time>2025-11-26T10:57:37Z</time>
   </trkpt>
   <trkpt lat="31.1966920" lon="75.7726730">
    <ele>243.6</ele>
    <time>2025-11-26T10:57:38Z</time>
   </trkpt>
   <trkpt lat="31.1967330" lon="75.7726860">
    <ele>243.7</ele>
    <time>2025-11-26T10:57:39Z</time>
   </trkpt>
   <trkpt lat="31.1967480" lon="75.7726940">
    <ele>243.7</ele>
    <time>2025-11-26T10:57:40Z</time>
   </trkpt>
   <trkpt lat="31.1967890" lon="75.7726960">
    <ele>243.7</ele>
    <time>2025-11-26T10:57:41Z</time>
   </trkpt>
   <trkpt lat="31.1968210" lon="75.7727030">
    <ele>243.8</ele>
    <time>2025-11-26T10:57:42Z</time>
   </trkpt>
   <trkpt lat="31.1968560" lon="75.7727100">
    <ele>243.8</ele>
    <time>2025-11-26T10:57:43Z</time>
   </trkpt>
   <trkpt lat="31.1968970" lon="75.7727140">
    <ele>243.8</ele>
    <time>2025-11-26T10:57:44Z</time>
   </trkpt>
   <trkpt lat="31.1969380" lon="75.7727160">
    <ele>243.8</ele>
    <time>2025-11-26T10:57:45Z</time>
   </trkpt>
   <trkpt lat="31.1969810" lon="75.7727200">
    <ele>243.8</ele>
    <time>2025-11-26T10:57:46Z</time>
   </trkpt>
   <trkpt lat="31.1970260" lon="75.7727250">
    <ele>243.8</ele>
    <time>2025-11-26T10:57:47Z</time>
   </trkpt>
   <trkpt lat="31.1970700" lon="75.7727290">
    <ele>243.8</ele>
    <time>2025-11-26T10:57:48Z</time>
   </trkpt>
   <trkpt lat="31.1971150" lon="75.7727360">
    <ele>243.8</ele>
    <time>2025-11-26T10:57:49Z</time>
   </trkpt>
   <trkpt lat="31.1971620" lon="75.7727410">
    <ele>243.8</ele>
    <time>2025-11-26T10:57:50Z</time>
   </trkpt>
   <trkpt lat="31.1972100" lon="75.7727470">
    <ele>243.8</ele>
    <time>2025-11-26T10:57:51Z</time>
   </trkpt>
   <trkpt lat="31.1972570" lon="75.7727510">
    <ele>243.7</ele>
    <time>2025-11-26T10:57:52Z</time>
   </trkpt>
   <trkpt lat="31.1973050" lon="75.7727550">
    <ele>243.7</ele>
    <time>2025-11-26T10:57:53Z</time>
   </trkpt>
   <trkpt lat="31.1973500" lon="75.7727590">
    <ele>243.7</ele>
    <time>2025-11-26T10:57:54Z</time>
   </trkpt>
   <trkpt lat="31.1973950" lon="75.7727640">
    <ele>243.7</ele>
    <time>2025-11-26T10:57:55Z</time>
   </trkpt>
   <trkpt lat="31.1974400" lon="75.7727700">
    <ele>243.6</ele>
    <time>2025-11-26T10:57:56Z</time>
   </trkpt>
   <trkpt lat="31.1974850" lon="75.7727760">
    <ele>243.6</ele>
    <time>2025-11-26T10:57:57Z</time>
   </trkpt>
   <trkpt lat="31.1975310" lon="75.7727770">
    <ele>243.6</ele>
    <time>2025-11-26T10:57:58Z</time>
   </trkpt>
   <trkpt lat="31.1975750" lon="75.7727800">
    <ele>243.5</ele>
    <time>2025-11-26T10:57:59Z</time>
   </trkpt>
   <trkpt lat="31.1976180" lon="75.7727860">
    <ele>243.5</ele>
    <time>2025-11-26T10:58:00Z</time>
   </trkpt>
   <trkpt lat="31.1976580" lon="75.7727910">
    <ele>243.5</ele>
    <time>2025-11-26T10:58:01Z</time>
   </trkpt>
   <trkpt lat="31.1976990" lon="75.7727950">
    <ele>243.5</ele>
    <time>2025-11-26T10:58:02Z</time>
   </trkpt>
   <trkpt lat="31.1977390" lon="75.7727980">
    <ele>243.5</ele>
    <time>2025-11-26T10:58:03Z</time>
   </trkpt>
   <trkpt lat="31.1977810" lon="75.7728030">
    <ele>243.5</ele>
    <time>2025-11-26T10:58:04Z</time>
   </trkpt>
   <trkpt lat="31.1978240" lon="75.7728080">
    <ele>243.4</ele>
    <time>2025-11-26T10:58:05Z</time>
   </trkpt>
   <trkpt lat="31.1978690" lon="75.7728120">
    <ele>243.4</ele>
    <time>2025-11-26T10:58:06Z</time>
   </trkpt>
   <trkpt lat="31.1979150" lon="75.7728150">
    <ele>243.4</ele>
    <time>2025-11-26T10:58:07Z</time>
   </trkpt>
   <trkpt lat="31.1979640" lon="75.7728170">
    <ele>243.4</ele>
    <time>2025-11-26T10:58:08Z</time>
   </trkpt>
   <trkpt lat="31.1980120" lon="75.7728250">
    <ele>243.4</ele>
    <time>2025-11-26T10:58:09Z</time>
   </trkpt>
   <trkpt lat="31.1980610" lon="75.7728320">
    <ele>243.4</ele>
    <time>2025-11-26T10:58:10Z</time>
   </trkpt>
   <trkpt lat="31.1981080" lon="75.7728360">
    <ele>243.3</ele>
    <time>2025-11-26T10:58:11Z</time>
   </trkpt>
   <trkpt lat="31.1981550" lon="75.7728360">
    <ele>243.3</ele>
    <time>2025-11-26T10:58:12Z</time>
   </trkpt>
   <trkpt lat="31.1982020" lon="75.7728360">
    <ele>243.3</ele>
    <time>2025-11-26T10:58:13Z</time>
   </trkpt>
   <trkpt lat="31.1982480" lon="75.7728410">
    <ele>243.3</ele>
    <time>2025-11-26T10:58:14Z</time>
   </trkpt>
   <trkpt lat="31.1982950" lon="75.7728500">
    <ele>243.3</ele>
    <time>2025-11-26T10:58:15Z</time>
   </trkpt>
   <trkpt lat="31.1983390" lon="75.7728600">
    <ele>243.3</ele>
    <time>2025-11-26T10:58:16Z</time>
   </trkpt>
   <trkpt lat="31.1983790" lon="75.7728660">
    <ele>243.3</ele>
    <time>2025-11-26T10:58:17Z</time>
   </trkpt>
   <trkpt lat="31.1984190" lon="75.7728680">
    <ele>243.2</ele>
    <time>2025-11-26T10:58:18Z</time>
   </trkpt>
   <trkpt lat="31.1984630" lon="75.7728720">
    <ele>243.2</ele>
    <time>2025-11-26T10:58:19Z</time>
   </trkpt>
   <trkpt lat="31.1985020" lon="75.7728820">
    <ele>243.2</ele>
    <time>2025-11-26T10:58:20Z</time>
   </trkpt>
   <trkpt lat="31.1985410" lon="75.7728920">
    <ele>243.2</ele>
    <time>2025-11-26T10:58:21Z</time>
   </trkpt>
   <trkpt lat="31.1985800" lon="75.7729020">
    <ele>243.1</ele>
    <time>2025-11-26T10:58:22Z</time>
   </trkpt>
   <trkpt lat="31.1986180" lon="75.7729150">
    <ele>243.1</ele>
    <time>2025-11-26T10:58:23Z</time>
   </trkpt>
   <trkpt lat="31.1986500" lon="75.7729290">
    <ele>243.0</ele>
    <time>2025-11-26T10:58:24Z</time>
   </trkpt>
   <trkpt lat="31.1986580" lon="75.7729500">
    <ele>243.0</ele>
    <time>2025-11-26T10:58:25Z</time>
   </trkpt>
   <trkpt lat="31.1986560" lon="75.7729610">
    <ele>243.0</ele>
    <time>2025-11-26T10:58:26Z</time>
   </trkpt>
   <trkpt lat="31.1986550" lon="75.7729710">
    <ele>243.0</ele>
    <time>2025-11-26T10:58:27Z</time>
   </trkpt>
   <trkpt lat="31.1986490" lon="75.7729910">
    <ele>243.1</ele>
    <time>2025-11-26T10:58:28Z</time>
   </trkpt>
   <trkpt lat="31.1986490" lon="75.7730030">
    <ele>243.1</ele>
    <time>2025-11-26T10:58:29Z</time>
   </trkpt>
   <trkpt lat="31.1986570" lon="75.7730170">
    <ele>243.1</ele>
    <time>2025-11-26T10:58:30Z</time>
   </trkpt>
   <trkpt lat="31.1986570" lon="75.7730360">
    <ele>243.1</ele>
    <time>2025-11-26T10:58:31Z</time>
   </trkpt>
   <trkpt lat="31.1986500" lon="75.7730530">
    <ele>243.1</ele>
    <time>2025-11-26T10:58:32Z</time>
   </trkpt>
   <trkpt lat="31.1986480" lon="75.7730580">
    <ele>243.1</ele>
    <time>2025-11-26T10:58:33Z</time>
   </trkpt>
   <trkpt lat="31.1986470" lon="75.7730660">
    <ele>243.1</ele>
    <time>2025-11-26T10:58:34Z</time>
   </trkpt>
   <trkpt lat="31.1986310" lon="75.7731210">
    <ele>243.1</ele>
    <time>2025-11-26T10:58:35Z</time>
   </trkpt>
   <trkpt lat="31.1986200" lon="75.7731460">
    <ele>243.1</ele>
    <time>2025-11-26T10:58:36Z</time>
   </trkpt>
   <trkpt lat="31.1985970" lon="75.7731890">
    <ele>243.1</ele>
    <time>2025-11-26T10:58:37Z</time>
   </trkpt>
   <trkpt lat="31.1985500" lon="75.7732200">
    <ele>243.1</ele>
    <time>2025-11-26T10:58:38Z</time>
   </trkpt>
   <trkpt lat="31.1985030" lon="75.7732340">
    <ele>243.2</ele>
    <time>2025-11-26T10:58:39Z</time>
   </trkpt>
   <trkpt lat="31.1984500" lon="75.7732410">
    <ele>243.3</ele>
    <time>2025-11-26T10:58:40Z</time>
   </trkpt>
   <trkpt lat="31.1983930" lon="75.7732440">
    <ele>243.4</ele>
    <time>2025-11-26T10:58:41Z</time>
   </trkpt>
   <trkpt lat="31.1983330" lon="75.7732490">
    <ele>243.5</ele>
    <time>2025-11-26T10:58:42Z</time>
   </trkpt>
   <trkpt lat="31.1982750" lon="75.7732500">
    <ele>243.6</ele>
    <time>2025-11-26T10:58:43Z</time>
   </trkpt>
   <trkpt lat="31.1982200" lon="75.7732530">
    <ele>243.6</ele>
    <time>2025-11-26T10:58:44Z</time>
   </trkpt>
   <trkpt lat="31.1981630" lon="75.7732610">
    <ele>243.7</ele>
    <time>2025-11-26T10:58:45Z</time>
   </trkpt>
   <trkpt lat="31.1981070" lon="75.7732760">
    <ele>243.7</ele>
    <time>2025-11-26T10:58:46Z</time>
   </trkpt>
   <trkpt lat="31.1980530" lon="75.7732730">
    <ele>243.7</ele>
    <time>2025-11-26T10:58:47Z</time>
   </trkpt>
   <trkpt lat="31.1979980" lon="75.7732630">
    <ele>243.7</ele>
    <time>2025-11-26T10:58:48Z</time>
   </trkpt>
   <trkpt lat="31.1979400" lon="75.7732610">
    <ele>243.7</ele>
    <time>2025-11-26T10:58:49Z</time>
   </trkpt>
   <trkpt lat="31.1978850" lon="75.7732590">
    <ele>243.6</ele>
    <time>2025-11-26T10:58:50Z</time>
   </trkpt>
   <trkpt lat="31.1978340" lon="75.7732540">
    <ele>243.6</ele>
    <time>2025-11-26T10:58:51Z</time>
   </trkpt>
   <trkpt lat="31.1977860" lon="75.7732520">
    <ele>243.6</ele>
    <time>2025-11-26T10:58:52Z</time>
   </trkpt>
   <trkpt lat="31.1977370" lon="75.7732510">
    <ele>243.6</ele>
    <time>2025-11-26T10:58:53Z</time>
   </trkpt>
   <trkpt lat="31.1976870" lon="75.7732450">
    <ele>243.5</ele>
    <time>2025-11-26T10:58:54Z</time>
   </trkpt>
   <trkpt lat="31.1976370" lon="75.7732350">
    <ele>243.4</ele>
    <time>2025-11-26T10:58:55Z</time>
   </trkpt>
   <trkpt lat="31.1975850" lon="75.7732260">
    <ele>243.4</ele>
    <time>2025-11-26T10:58:56Z</time>
   </trkpt>
   <trkpt lat="31.1975320" lon="75.7732190">
    <ele>243.3</ele>
    <time>2025-11-26T10:58:57Z</time>
   </trkpt>
   <trkpt lat="31.1974780" lon="75.7732080">
    <ele>243.2</ele>
    <time>2025-11-26T10:58:58Z</time>
   </trkpt>
   <trkpt lat="31.1974240" lon="75.7732000">
    <ele>243.0</ele>
    <time>2025-11-26T10:58:59Z</time>
   </trkpt>
   <trkpt lat="31.1973720" lon="75.7731930">
    <ele>242.9</ele>
    <time>2025-11-26T10:59:00Z</time>
   </trkpt>
   <trkpt lat="31.1973170" lon="75.7731850">
    <ele>242.7</ele>
    <time>2025-11-26T10:59:01Z</time>
   </trkpt>
   <trkpt lat="31.1972630" lon="75.7731750">
    <ele>242.6</ele>
    <time>2025-11-26T10:59:02Z</time>
   </trkpt>
   <trkpt lat="31.1972070" lon="75.7731640">
    <ele>242.4</ele>
    <time>2025-11-26T10:59:03Z</time>
   </trkpt>
   <trkpt lat="31.1971510" lon="75.7731510">
    <ele>242.2</ele>
    <time>2025-11-26T10:59:04Z</time>
   </trkpt>
   <trkpt lat="31.1970940" lon="75.7731430">
    <ele>242.0</ele>
    <time>2025-11-26T10:59:05Z</time>
   </trkpt>
   <trkpt lat="31.1970350" lon="75.7731390">
    <ele>241.9</ele>
    <time>2025-11-26T10:59:06Z</time>
   </trkpt>
   <trkpt lat="31.1969760" lon="75.7731360">
    <ele>241.7</ele>
    <time>2025-11-26T10:59:07Z</time>
   </trkpt>
   <trkpt lat="31.1969170" lon="75.7731300">
    <ele>241.5</ele>
    <time>2025-11-26T10:59:08Z</time>
   </trkpt>
   <trkpt lat="31.1968580" lon="75.7731230">
    <ele>241.3</ele>
    <time>2025-11-26T10:59:09Z</time>
   </trkpt>
   <trkpt lat="31.1967980" lon="75.7731210">
    <ele>241.1</ele>
    <time>2025-11-26T10:59:10Z</time>
   </trkpt>
   <trkpt lat="31.1967370" lon="75.7731210">
    <ele>240.8</ele>
    <time>2025-11-26T10:59:11Z</time>
   </trkpt>
   <trkpt lat="31.1966750" lon="75.7731220">
    <ele>240.6</ele>
    <time>2025-11-26T10:59:12Z</time>
   </trkpt>
   <trkpt lat="31.1966160" lon="75.7731200">
    <ele>240.4</ele>
    <time>2025-11-26T10:59:13Z</time>
   </trkpt>
   <trkpt lat="31.1965540" lon="75.7731210">
    <ele>240.2</ele>
    <time>2025-11-26T10:59:14Z</time>
   </trkpt>
   <trkpt lat="31.1964930" lon="75.7731230">
    <ele>240.0</ele>
    <time>2025-11-26T10:59:15Z</time>
   </trkpt>
   <trkpt lat="31.1964330" lon="75.7731260">
    <ele>239.9</ele>
    <time>2025-11-26T10:59:16Z</time>
   </trkpt>
   <trkpt lat="31.1963730" lon="75.7731250">
    <ele>239.7</ele>
    <time>2025-11-26T10:59:17Z</time>
   </trkpt>
   <trkpt lat="31.1963130" lon="75.7731240">
    <ele>239.6</ele>
    <time>2025-11-26T10:59:18Z</time>
   </trkpt>
   <trkpt lat="31.1962530" lon="75.7731290">
    <ele>239.5</ele>
    <time>2025-11-26T10:59:19Z</time>
   </trkpt>
   <trkpt lat="31.1961920" lon="75.7731320">
    <ele>239.4</ele>
    <time>2025-11-26T10:59:20Z</time>
   </trkpt>
   <trkpt lat="31.1961310" lon="75.7731360">
    <ele>239.3</ele>
    <time>2025-11-26T10:59:21Z</time>
   </trkpt>
   <trkpt lat="31.1960690" lon="75.7731410">
    <ele>239.2</ele>
    <time>2025-11-26T10:59:22Z</time>
   </trkpt>
   <trkpt lat="31.1960090" lon="75.7731440">
    <ele>239.2</ele>
    <time>2025-11-26T10:59:23Z</time>
   </trkpt>
   <trkpt lat="31.1959370" lon="75.7731470">
    <ele>239.2</ele>
    <time>2025-11-26T10:59:24Z</time>
   </trkpt>
   <trkpt lat="31.1958740" lon="75.7731490">
    <ele>239.1</ele>
    <time>2025-11-26T10:59:25Z</time>
   </trkpt>
   <trkpt lat="31.1958100" lon="75.7731550">
    <ele>239.1</ele>
    <time>2025-11-26T10:59:26Z</time>
   </trkpt>
   <trkpt lat="31.1957460" lon="75.7731550">
    <ele>239.1</ele>
    <time>2025-11-26T10:59:27Z</time>
   </trkpt>
   <trkpt lat="31.1956840" lon="75.7731650">
    <ele>239.2</ele>
    <time>2025-11-26T10:59:28Z</time>
   </trkpt>
   <trkpt lat="31.1956310" lon="75.7731680">
    <ele>239.2</ele>
    <time>2025-11-26T10:59:29Z</time>
   </trkpt>
   <trkpt lat="31.1955720" lon="75.7731760">
    <ele>239.1</ele>
    <time>2025-11-26T10:59:30Z</time>
   </trkpt>
   <trkpt lat="31.1955110" lon="75.7731830">
    <ele>239.1</ele>
    <time>2025-11-26T10:59:31Z</time>
   </trkpt>
   <trkpt lat="31.1954570" lon="75.7731870">
    <ele>239.1</ele>
    <time>2025-11-26T10:59:32Z</time>
   </trkpt>
   <trkpt lat="31.1954080" lon="75.7731960">
    <ele>239.1</ele>
    <time>2025-11-26T10:59:33Z</time>
   </trkpt>
   <trkpt lat="31.1953550" lon="75.7731950">
    <ele>239.1</ele>
    <time>2025-11-26T10:59:34Z</time>
   </trkpt>
   <trkpt lat="31.1952990" lon="75.7731990">
    <ele>239.1</ele>
    <time>2025-11-26T10:59:35Z</time>
   </trkpt>
   <trkpt lat="31.1952370" lon="75.7732080">
    <ele>239.1</ele>
    <time>2025-11-26T10:59:36Z</time>
   </trkpt>
   <trkpt lat="31.1951780" lon="75.7732150">
    <ele>239.1</ele>
    <time>2025-11-26T10:59:37Z</time>
   </trkpt>
   <trkpt lat="31.1951110" lon="75.7732050">
    <ele>239.1</ele>
    <time>2025-11-26T10:59:38Z</time>
   </trkpt>
   <trkpt lat="31.1950540" lon="75.7732130">
    <ele>239.1</ele>
    <time>2025-11-26T10:59:39Z</time>
   </trkpt>
   <trkpt lat="31.1950020" lon="75.7732100">
    <ele>239.1</ele>
    <time>2025-11-26T10:59:40Z</time>
   </trkpt>
   <trkpt lat="31.1949460" lon="75.7732270">
    <ele>239.1</ele>
    <time>2025-11-26T10:59:41Z</time>
   </trkpt>
   <trkpt lat="31.1948920" lon="75.7732370">
    <ele>239.1</ele>
    <time>2025-11-26T10:59:42Z</time>
   </trkpt>
   <trkpt lat="31.1948330" lon="75.7732390">
    <ele>239.1</ele>
    <time>2025-11-26T10:59:43Z</time>
   </trkpt>
   <trkpt lat="31.1947730" lon="75.7732450">
    <ele>239.1</ele>
    <time>2025-11-26T10:59:44Z</time>
   </trkpt>
   <trkpt lat="31.1947100" lon="75.7732520">
    <ele>239.1</ele>
    <time>2025-11-26T10:59:45Z</time>
   </trkpt>
   <trkpt lat="31.1946450" lon="75.7732520">
    <ele>239.1</ele>
    <time>2025-11-26T10:59:46Z</time>
   </trkpt>
   <trkpt lat="31.1945780" lon="75.7732530">
    <ele>239.1</ele>
    <time>2025-11-26T10:59:47Z</time>
   </trkpt>
   <trkpt lat="31.1945140" lon="75.7732540">
    <ele>239.1</ele>
    <time>2025-11-26T10:59:48Z</time>
   </trkpt>
   <trkpt lat="31.1944480" lon="75.7732560">
    <ele>239.1</ele>
    <time>2025-11-26T10:59:49Z</time>
   </trkpt>
   <trkpt lat="31.1943800" lon="75.7732590">
    <ele>239.1</ele>
    <time>2025-11-26T10:59:50Z</time>
   </trkpt>
   <trkpt lat="31.1943140" lon="75.7732630">
    <ele>239.1</ele>
    <time>2025-11-26T10:59:51Z</time>
   </trkpt>
   <trkpt lat="31.1942450" lon="75.7732690">
    <ele>239.1</ele>
    <time>2025-11-26T10:59:52Z</time>
   </trkpt>
   <trkpt lat="31.1941760" lon="75.7732760">
    <ele>239.1</ele>
    <time>2025-11-26T10:59:53Z</time>
   </trkpt>
   <trkpt lat="31.1941050" lon="75.7732820">
    <ele>239.0</ele>
    <time>2025-11-26T10:59:54Z</time>
   </trkpt>
   <trkpt lat="31.1940340" lon="75.7732820">
    <ele>239.0</ele>
    <time>2025-11-26T10:59:55Z</time>
   </trkpt>
   <trkpt lat="31.1939610" lon="75.7732820">
    <ele>238.9</ele>
    <time>2025-11-26T10:59:56Z</time>
   </trkpt>
   <trkpt lat="31.1938950" lon="75.7732820">
    <ele>238.9</ele>
    <time>2025-11-26T10:59:57Z</time>
   </trkpt>
   <trkpt lat="31.1938230" lon="75.7732810">
    <ele>239.1</ele>
    <time>2025-11-26T10:59:58Z</time>
   </trkpt>
   <trkpt lat="31.1937550" lon="75.7732840">
    <ele>239.4</ele>
    <time>2025-11-26T10:59:59Z</time>
   </trkpt>
   <trkpt lat="31.1936890" lon="75.7732880">
    <ele>239.6</ele>
    <time>2025-11-26T11:00:00Z</time>
   </trkpt>
   <trkpt lat="31.1936190" lon="75.7732890">
    <ele>239.9</ele>
    <time>2025-11-26T11:00:01Z</time>
   </trkpt>
   <trkpt lat="31.1935480" lon="75.7732900">
    <ele>240.1</ele>
    <time>2025-11-26T11:00:02Z</time>
   </trkpt>
   <trkpt lat="31.1934780" lon="75.7732900">
    <ele>240.3</ele>
    <time>2025-11-26T11:00:03Z</time>
   </trkpt>
   <trkpt lat="31.1934050" lon="75.7732950">
    <ele>240.5</ele>
    <time>2025-11-26T11:00:04Z</time>
   </trkpt>
   <trkpt lat="31.1933380" lon="75.7732990">
    <ele>240.8</ele>
    <time>2025-11-26T11:00:05Z</time>
   </trkpt>
   <trkpt lat="31.1932650" lon="75.7732980">
    <ele>241.0</ele>
    <time>2025-11-26T11:00:06Z</time>
   </trkpt>
   <trkpt lat="31.1931950" lon="75.7732980">
    <ele>241.3</ele>
    <time>2025-11-26T11:00:07Z</time>
   </trkpt>
   <trkpt lat="31.1931240" lon="75.7732970">
    <ele>241.6</ele>
    <time>2025-11-26T11:00:08Z</time>
   </trkpt>
   <trkpt lat="31.1930550" lon="75.7732990">
    <ele>241.8</ele>
    <time>2025-11-26T11:00:09Z</time>
   </trkpt>
   <trkpt lat="31.1929850" lon="75.7733020">
    <ele>242.0</ele>
    <time>2025-11-26T11:00:10Z</time>
   </trkpt>
   <trkpt lat="31.1929130" lon="75.7732970">
    <ele>242.2</ele>
    <time>2025-11-26T11:00:11Z</time>
   </trkpt>
   <trkpt lat="31.1928440" lon="75.7732980">
    <ele>242.4</ele>
    <time>2025-11-26T11:00:12Z</time>
   </trkpt>
   <trkpt lat="31.1927750" lon="75.7732960">
    <ele>242.6</ele>
    <time>2025-11-26T11:00:13Z</time>
   </trkpt>
   <trkpt lat="31.1927050" lon="75.7732950">
    <ele>242.9</ele>
    <time>2025-11-26T11:00:14Z</time>
   </trkpt>
   <trkpt lat="31.1926340" lon="75.7732940">
    <ele>243.1</ele>
    <time>2025-11-26T11:00:15Z</time>
   </trkpt>
   <trkpt lat="31.1925640" lon="75.7732930">
    <ele>243.3</ele>
    <time>2025-11-26T11:00:16Z</time>
   </trkpt>
   <trkpt lat="31.1924940" lon="75.7732990">
    <ele>243.5</ele>
    <time>2025-11-26T11:00:17Z</time>
   </trkpt>
   <trkpt lat="31.1924250" lon="75.7733060">
    <ele>243.7</ele>
    <time>2025-11-26T11:00:18Z</time>
   </trkpt>
   <trkpt lat="31.1923560" lon="75.7733090">
    <ele>243.9</ele>
    <time>2025-11-26T11:00:19Z</time>
   </trkpt>
   <trkpt lat="31.1922880" lon="75.7733120">
    <ele>244.0</ele>
    <time>2025-11-26T11:00:20Z</time>
   </trkpt>
   <trkpt lat="31.1922230" lon="75.7733130">
    <ele>243.9</ele>
    <time>2025-11-26T11:00:21Z</time>
   </trkpt>
   <trkpt lat="31.1921580" lon="75.7733140">
    <ele>243.9</ele>
    <time>2025-11-26T11:00:22Z</time>
   </trkpt>
   <trkpt lat="31.1920930" lon="75.7733150">
    <ele>244.0</ele>
    <time>2025-11-26T11:00:23Z</time>
   </trkpt>
   <trkpt lat="31.1920260" lon="75.7733170">
    <ele>244.0</ele>
    <time>2025-11-26T11:00:24Z</time>
   </trkpt>
   <trkpt lat="31.1919610" lon="75.7733160">
    <ele>244.0</ele>
    <time>2025-11-26T11:00:25Z</time>
   </trkpt>
   <trkpt lat="31.1918940" lon="75.7733150">
    <ele>244.1</ele>
    <time>2025-11-26T11:00:26Z</time>
   </trkpt>
   <trkpt lat="31.1918250" lon="75.7733130">
    <ele>244.1</ele>
    <time>2025-11-26T11:00:27Z</time>
   </trkpt>
   <trkpt lat="31.1917560" lon="75.7733130">
    <ele>244.0</ele>
    <time>2025-11-26T11:00:28Z</time>
   </trkpt>
   <trkpt lat="31.1916840" lon="75.7733200">
    <ele>244.0</ele>
    <time>2025-11-26T11:00:29Z</time>
   </trkpt>
   <trkpt lat="31.1916130" lon="75.7733270">
    <ele>244.0</ele>
    <time>2025-11-26T11:00:30Z</time>
   </trkpt>
   <trkpt lat="31.1915420" lon="75.7733310">
    <ele>244.0</ele>
    <time>2025-11-26T11:00:31Z</time>
   </trkpt>
   <trkpt lat="31.1914690" lon="75.7733300">
    <ele>244.0</ele>
    <time>2025-11-26T11:00:32Z</time>
   </trkpt>
   <trkpt lat="31.1913950" lon="75.7733310">
    <ele>244.0</ele>
    <time>2025-11-26T11:00:33Z</time>
   </trkpt>
   <trkpt lat="31.1913220" lon="75.7733320">
    <ele>244.0</ele>
    <time>2025-11-26T11:00:34Z</time>
   </trkpt>
   <trkpt lat="31.1912500" lon="75.7733330">
    <ele>244.0</ele>
    <time>2025-11-26T11:00:35Z</time>
   </trkpt>
   <trkpt lat="31.1911770" lon="75.7733350">
    <ele>244.0</ele>
    <time>2025-11-26T11:00:36Z</time>
   </trkpt>
   <trkpt lat="31.1911080" lon="75.7733360">
    <ele>244.0</ele>
    <time>2025-11-26T11:00:37Z</time>
   </trkpt>
   <trkpt lat="31.1910370" lon="75.7733340">
    <ele>244.0</ele>
    <time>2025-11-26T11:00:38Z</time>
   </trkpt>
   <trkpt lat="31.1909670" lon="75.7733360">
    <ele>244.0</ele>
    <time>2025-11-26T11:00:39Z</time>
   </trkpt>
   <trkpt lat="31.1909000" lon="75.7733380">
    <ele>244.0</ele>
    <time>2025-11-26T11:00:40Z</time>
   </trkpt>
   <trkpt lat="31.1908300" lon="75.7733410">
    <ele>243.9</ele>
    <time>2025-11-26T11:00:41Z</time>
   </trkpt>
   <trkpt lat="31.1907630" lon="75.7733420">
    <ele>243.8</ele>
    <time>2025-11-26T11:00:42Z</time>
   </trkpt>
   <trkpt lat="31.1906970" lon="75.7733440">
    <ele>243.7</ele>
    <time>2025-11-26T11:00:43Z</time>
   </trkpt>
   <trkpt lat="31.1906340" lon="75.7733420">
    <ele>243.6</ele>
    <time>2025-11-26T11:00:44Z</time>
   </trkpt>
   <trkpt lat="31.1905710" lon="75.7733380">
    <ele>243.4</ele>
    <time>2025-11-26T11:00:45Z</time>
   </trkpt>
   <trkpt lat="31.1905080" lon="75.7733390">
    <ele>243.3</ele>
    <time>2025-11-26T11:00:46Z</time>
   </trkpt>
   <trkpt lat="31.1904440" lon="75.7733480">
    <ele>243.1</ele>
    <time>2025-11-26T11:00:47Z</time>
   </trkpt>
   <trkpt lat="31.1903860" lon="75.7733550">
    <ele>243.0</ele>
    <time>2025-11-26T11:00:48Z</time>
   </trkpt>
   <trkpt lat="31.1903280" lon="75.7733490">
    <ele>242.8</ele>
    <time>2025-11-26T11:00:49Z</time>
   </trkpt>
   <trkpt lat="31.1902660" lon="75.7733490">
    <ele>242.7</ele>
    <time>2025-11-26T11:00:50Z</time>
   </trkpt>
   <trkpt lat="31.1902050" lon="75.7733460">
    <ele>242.6</ele>
    <time>2025-11-26T11:00:51Z</time>
   </trkpt>
   <trkpt lat="31.1901420" lon="75.7733460">
    <ele>242.4</ele>
    <time>2025-11-26T11:00:52Z</time>
   </trkpt>
   <trkpt lat="31.1900790" lon="75.7733490">
    <ele>242.3</ele>
    <time>2025-11-26T11:00:53Z</time>
   </trkpt>
   <trkpt lat="31.1900140" lon="75.7733520">
    <ele>242.1</ele>
    <time>2025-11-26T11:00:54Z</time>
   </trkpt>
   <trkpt lat="31.1899470" lon="75.7733540">
    <ele>242.0</ele>
    <time>2025-11-26T11:00:55Z</time>
   </trkpt>
   <trkpt lat="31.1898790" lon="75.7733520">
    <ele>241.8</ele>
    <time>2025-11-26T11:00:56Z</time>
   </trkpt>
   <trkpt lat="31.1898100" lon="75.7733520">
    <ele>241.6</ele>
    <time>2025-11-26T11:00:57Z</time>
   </trkpt>
   <trkpt lat="31.1897400" lon="75.7733540">
    <ele>241.4</ele>
    <time>2025-11-26T11:00:58Z</time>
   </trkpt>
   <trkpt lat="31.1896710" lon="75.7733560">
    <ele>241.2</ele>
    <time>2025-11-26T11:00:59Z</time>
   </trkpt>
   <trkpt lat="31.1896020" lon="75.7733580">
    <ele>241.1</ele>
    <time>2025-11-26T11:01:00Z</time>
   </trkpt>
   <trkpt lat="31.1895310" lon="75.7733600">
    <ele>241.3</ele>
    <time>2025-11-26T11:01:01Z</time>
   </trkpt>
   <trkpt lat="31.1894590" lon="75.7733610">
    <ele>241.5</ele>
    <time>2025-11-26T11:01:02Z</time>
   </trkpt>
   <trkpt lat="31.1893880" lon="75.7733580">
    <ele>241.6</ele>
    <time>2025-11-26T11:01:03Z</time>
   </trkpt>
   <trkpt lat="31.1893170" lon="75.7733580">
    <ele>241.7</ele>
    <time>2025-11-26T11:01:04Z</time>
   </trkpt>
   <trkpt lat="31.1892450" lon="75.7733600">
    <ele>241.8</ele>
    <time>2025-11-26T11:01:05Z</time>
   </trkpt>
   <trkpt lat="31.1891740" lon="75.7733630">
    <ele>241.9</ele>
    <time>2025-11-26T11:01:06Z</time>
   </trkpt>
   <trkpt lat="31.1891010" lon="75.7733660">
    <ele>242.0</ele>
    <time>2025-11-26T11:01:07Z</time>
   </trkpt>
   <trkpt lat="31.1890290" lon="75.7733660">
    <ele>242.2</ele>
    <time>2025-11-26T11:01:08Z</time>
   </trkpt>
   <trkpt lat="31.1889560" lon="75.7733660">
    <ele>242.3</ele>
    <time>2025-11-26T11:01:09Z</time>
   </trkpt>
   <trkpt lat="31.1888840" lon="75.7733680">
    <ele>242.5</ele>
    <time>2025-11-26T11:01:10Z</time>
   </trkpt>
   <trkpt lat="31.1888120" lon="75.7733700">
    <ele>242.6</ele>
    <time>2025-11-26T11:01:11Z</time>
   </trkpt>
   <trkpt lat="31.1887390" lon="75.7733690">
    <ele>242.8</ele>
    <time>2025-11-26T11:01:12Z</time>
   </trkpt>
   <trkpt lat="31.1886680" lon="75.7733710">
    <ele>242.9</ele>
    <time>2025-11-26T11:01:13Z</time>
   </trkpt>
   <trkpt lat="31.1885990" lon="75.7733740">
    <ele>243.1</ele>
    <time>2025-11-26T11:01:14Z</time>
   </trkpt>
   <trkpt lat="31.1885310" lon="75.7733780">
    <ele>243.2</ele>
    <time>2025-11-26T11:01:15Z</time>
   </trkpt>
   <trkpt lat="31.1884650" lon="75.7733810">
    <ele>243.4</ele>
    <time>2025-11-26T11:01:16Z</time>
   </trkpt>
   <trkpt lat="31.1884000" lon="75.7733810">
    <ele>243.6</ele>
    <time>2025-11-26T11:01:17Z</time>
   </trkpt>
   <trkpt lat="31.1883360" lon="75.7733810">
    <ele>243.8</ele>
    <time>2025-11-26T11:01:18Z</time>
   </trkpt>
   <trkpt lat="31.1882750" lon="75.7733780">
    <ele>243.9</ele>
    <time>2025-11-26T11:01:19Z</time>
   </trkpt>
   <trkpt lat="31.1882150" lon="75.7733750">
    <ele>243.3</ele>
    <time>2025-11-26T11:01:20Z</time>
   </trkpt>
   <trkpt lat="31.1881550" lon="75.7733750">
    <ele>242.7</ele>
    <time>2025-11-26T11:01:21Z</time>
   </trkpt>
   <trkpt lat="31.1880980" lon="75.7733750">
    <ele>242.1</ele>
    <time>2025-11-26T11:01:22Z</time>
   </trkpt>
   <trkpt lat="31.1880420" lon="75.7733720">
    <ele>241.6</ele>
    <time>2025-11-26T11:01:23Z</time>
   </trkpt>
   <trkpt lat="31.1879880" lon="75.7733730">
    <ele>241.1</ele>
    <time>2025-11-26T11:01:24Z</time>
   </trkpt>
   <trkpt lat="31.1879320" lon="75.7733730">
    <ele>240.6</ele>
    <time>2025-11-26T11:01:25Z</time>
   </trkpt>
   <trkpt lat="31.1878800" lon="75.7733690">
    <ele>240.2</ele>
    <time>2025-11-26T11:01:26Z</time>
   </trkpt>
   <trkpt lat="31.1878240" lon="75.7733630">
    <ele>239.7</ele>
    <time>2025-11-26T11:01:27Z</time>
   </trkpt>
   <trkpt lat="31.1877650" lon="75.7733600">
    <ele>239.2</ele>
    <time>2025-11-26T11:01:28Z</time>
   </trkpt>
   <trkpt lat="31.1877060" lon="75.7733560">
    <ele>238.7</ele>
    <time>2025-11-26T11:01:29Z</time>
   </trkpt>
   <trkpt lat="31.1876440" lon="75.7733500">
    <ele>238.5</ele>
    <time>2025-11-26T11:01:30Z</time>
   </trkpt>
   <trkpt lat="31.1875850" lon="75.7733470">
    <ele>238.5</ele>
    <time>2025-11-26T11:01:31Z</time>
   </trkpt>
   <trkpt lat="31.1875240" lon="75.7733450">
    <ele>238.4</ele>
    <time>2025-11-26T11:01:32Z</time>
   </trkpt>
   <trkpt lat="31.1874630" lon="75.7733430">
    <ele>238.4</ele>
    <time>2025-11-26T11:01:33Z</time>
   </trkpt>
   <trkpt lat="31.1874020" lon="75.7733420">
    <ele>238.4</ele>
    <time>2025-11-26T11:01:34Z</time>
   </trkpt>
   <trkpt lat="31.1873410" lon="75.7733350">
    <ele>238.4</ele>
    <time>2025-11-26T11:01:35Z</time>
   </trkpt>
   <trkpt lat="31.1872800" lon="75.7733280">
    <ele>238.4</ele>
    <time>2025-11-26T11:01:36Z</time>
   </trkpt>
   <trkpt lat="31.1872160" lon="75.7733220">
    <ele>238.4</ele>
    <time>2025-11-26T11:01:37Z</time>
   </trkpt>
   <trkpt lat="31.1871540" lon="75.7733170">
    <ele>238.4</ele>
    <time>2025-11-26T11:01:38Z</time>
   </trkpt>
   <trkpt lat="31.1870920" lon="75.7733120">
    <ele>238.5</ele>
    <time>2025-11-26T11:01:39Z</time>
   </trkpt>
   <trkpt lat="31.1870280" lon="75.7733060">
    <ele>238.5</ele>
    <time>2025-11-26T11:01:40Z</time>
   </trkpt>
   <trkpt lat="31.1869650" lon="75.7733010">
    <ele>238.5</ele>
    <time>2025-11-26T11:01:41Z</time>
   </trkpt>
   <trkpt lat="31.1869010" lon="75.7732950">
    <ele>238.6</ele>
    <time>2025-11-26T11:01:42Z</time>
   </trkpt>
   <trkpt lat="31.1868370" lon="75.7732900">
    <ele>238.6</ele>
    <time>2025-11-26T11:01:43Z</time>
   </trkpt>
   <trkpt lat="31.1867720" lon="75.7732820">
    <ele>238.7</ele>
    <time>2025-11-26T11:01:44Z</time>
   </trkpt>
   <trkpt lat="31.1867080" lon="75.7732740">
    <ele>238.7</ele>
    <time>2025-11-26T11:01:45Z</time>
   </trkpt>
   <trkpt lat="31.1866450" lon="75.7732720">
    <ele>238.8</ele>
    <time>2025-11-26T11:01:46Z</time>
   </trkpt>
   <trkpt lat="31.1865830" lon="75.7732710">
    <ele>238.8</ele>
    <time>2025-11-26T11:01:47Z</time>
   </trkpt>
   <trkpt lat="31.1865210" lon="75.7732670">
    <ele>238.8</ele>
    <time>2025-11-26T11:01:48Z</time>
   </trkpt>
   <trkpt lat="31.1864580" lon="75.7732640">
    <ele>238.8</ele>
    <time>2025-11-26T11:01:49Z</time>
   </trkpt>
   <trkpt lat="31.1863940" lon="75.7732610">
    <ele>238.8</ele>
    <time>2025-11-26T11:01:50Z</time>
   </trkpt>
   <trkpt lat="31.1863300" lon="75.7732570">
    <ele>238.8</ele>
    <time>2025-11-26T11:01:51Z</time>
   </trkpt>
   <trkpt lat="31.1862640" lon="75.7732490">
    <ele>238.7</ele>
    <time>2025-11-26T11:01:52Z</time>
   </trkpt>
   <trkpt lat="31.1861990" lon="75.7732420">
    <ele>238.8</ele>
    <time>2025-11-26T11:01:53Z</time>
   </trkpt>
   <trkpt lat="31.1861320" lon="75.7732330">
    <ele>238.8</ele>
    <time>2025-11-26T11:01:54Z</time>
   </trkpt>
   <trkpt lat="31.1860640" lon="75.7732260">
    <ele>238.9</ele>
    <time>2025-11-26T11:01:55Z</time>
   </trkpt>
   <trkpt lat="31.1859960" lon="75.7732200">
    <ele>238.9</ele>
    <time>2025-11-26T11:01:56Z</time>
   </trkpt>
   <trkpt lat="31.1859270" lon="75.7732100">
    <ele>238.9</ele>
    <time>2025-11-26T11:01:57Z</time>
   </trkpt>
   <trkpt lat="31.1858580" lon="75.7732030">
    <ele>238.9</ele>
    <time>2025-11-26T11:01:58Z</time>
   </trkpt>
   <trkpt lat="31.1857910" lon="75.7731990">
    <ele>238.9</ele>
    <time>2025-11-26T11:01:59Z</time>
   </trkpt>
   <trkpt lat="31.1857230" lon="75.7732040">
    <ele>238.9</ele>
    <time>2025-11-26T11:02:00Z</time>
   </trkpt>
   <trkpt lat="31.1856570" lon="75.7732020">
    <ele>238.9</ele>
    <time>2025-11-26T11:02:01Z</time>
   </trkpt>
   <trkpt lat="31.1855960" lon="75.7731940">
    <ele>238.8</ele>
    <time>2025-11-26T11:02:02Z</time>
   </trkpt>
   <trkpt lat="31.1855330" lon="75.7731900">
    <ele>238.8</ele>
    <time>2025-11-26T11:02:03Z</time>
   </trkpt>
   <trkpt lat="31.1854680" lon="75.7731860">
    <ele>238.8</ele>
    <time>2025-11-26T11:02:04Z</time>
   </trkpt>
   <trkpt lat="31.1854050" lon="75.7731820">
    <ele>238.7</ele>
    <time>2025-11-26T11:02:05Z</time>
   </trkpt>
   <trkpt lat="31.1853400" lon="75.7731770">
    <ele>238.7</ele>
    <time>2025-11-26T11:02:06Z</time>
   </trkpt>
   <trkpt lat="31.1852740" lon="75.7731740">
    <ele>238.7</ele>
    <time>2025-11-26T11:02:07Z</time>
   </trkpt>
   <trkpt lat="31.1852070" lon="75.7731690">
    <ele>238.7</ele>
    <time>2025-11-26T11:02:08Z</time>
   </trkpt>
   <trkpt lat="31.1851400" lon="75.7731660">
    <ele>238.7</ele>
    <time>2025-11-26T11:02:09Z</time>
   </trkpt>
   <trkpt lat="31.1850730" lon="75.7731610">
    <ele>238.6</ele>
    <time>2025-11-26T11:02:10Z</time>
   </trkpt>
   <trkpt lat="31.1850050" lon="75.7731570">
    <ele>238.6</ele>
    <time>2025-11-26T11:02:12Z</time>
   </trkpt>
   <trkpt lat="31.1849380" lon="75.7731530">
    <ele>238.5</ele>
    <time>2025-11-26T11:02:13Z</time>
   </trkpt>
   <trkpt lat="31.1848710" lon="75.7731430">
    <ele>238.5</ele>
    <time>2025-11-26T11:02:14Z</time>
   </trkpt>
   <trkpt lat="31.1848040" lon="75.7731350">
    <ele>238.5</ele>
    <time>2025-11-26T11:02:15Z</time>
   </trkpt>
   <trkpt lat="31.1847350" lon="75.7731270">
    <ele>238.5</ele>
    <time>2025-11-26T11:02:16Z</time>
   </trkpt>
   <trkpt lat="31.1846660" lon="75.7731170">
    <ele>238.5</ele>
    <time>2025-11-26T11:02:17Z</time>
   </trkpt>
   <trkpt lat="31.1845950" lon="75.7731110">
    <ele>238.5</ele>
    <time>2025-11-26T11:02:18Z</time>
   </trkpt>
   <trkpt lat="31.1845250" lon="75.7731070">
    <ele>238.5</ele>
    <time>2025-11-26T11:02:19Z</time>
   </trkpt>
   <trkpt lat="31.1844550" lon="75.7730980">
    <ele>238.5</ele>
    <time>2025-11-26T11:02:20Z</time>
   </trkpt>
   <trkpt lat="31.1843860" lon="75.7730880">
    <ele>238.5</ele>
    <time>2025-11-26T11:02:21Z</time>
   </trkpt>
   <trkpt lat="31.1843170" lon="75.7730810">
    <ele>238.5</ele>
    <time>2025-11-26T11:02:22Z</time>
   </trkpt>
   <trkpt lat="31.1842480" lon="75.7730730">
    <ele>238.5</ele>
    <time>2025-11-26T11:02:23Z</time>
   </trkpt>
   <trkpt lat="31.1841810" lon="75.7730670">
    <ele>238.5</ele>
    <time>2025-11-26T11:02:24Z</time>
   </trkpt>
   <trkpt lat="31.1841140" lon="75.7730610">
    <ele>238.5</ele>
    <time>2025-11-26T11:02:25Z</time>
   </trkpt>
   <trkpt lat="31.1840480" lon="75.7730490">
    <ele>238.4</ele>
    <time>2025-11-26T11:02:26Z</time>
   </trkpt>
   <trkpt lat="31.1839830" lon="75.7730460">
    <ele>238.4</ele>
    <time>2025-11-26T11:02:27Z</time>
   </trkpt>
   <trkpt lat="31.1839200" lon="75.7730480">
    <ele>238.5</ele>
    <time>2025-11-26T11:02:28Z</time>
   </trkpt>
   <trkpt lat="31.1838600" lon="75.7730470">
    <ele>238.5</ele>
    <time>2025-11-26T11:02:29Z</time>
   </trkpt>
   <trkpt lat="31.1838040" lon="75.7730400">
    <ele>238.6</ele>
    <time>2025-11-26T11:02:30Z</time>
   </trkpt>
   <trkpt lat="31.1837490" lon="75.7730330">
    <ele>238.7</ele>
    <time>2025-11-26T11:02:31Z</time>
   </trkpt>
   <trkpt lat="31.1836940" lon="75.7730300">
    <ele>238.7</ele>
    <time>2025-11-26T11:02:32Z</time>
   </trkpt>
   <trkpt lat="31.1836410" lon="75.7730300">
    <ele>238.8</ele>
    <time>2025-11-26T11:02:33Z</time>
   </trkpt>
   <trkpt lat="31.1835850" lon="75.7730270">
    <ele>238.8</ele>
    <time>2025-11-26T11:02:34Z</time>
   </trkpt>
   <trkpt lat="31.1835290" lon="75.7730240">
    <ele>238.9</ele>
    <time>2025-11-26T11:02:35Z</time>
   </trkpt>
   <trkpt lat="31.1834720" lon="75.7730220">
    <ele>239.0</ele>
    <time>2025-11-26T11:02:36Z</time>
   </trkpt>
   <trkpt lat="31.1834150" lon="75.7730180">
    <ele>239.2</ele>
    <time>2025-11-26T11:02:37Z</time>
   </trkpt>
   <trkpt lat="31.1833550" lon="75.7730160">
    <ele>239.3</ele>
    <time>2025-11-26T11:02:38Z</time>
   </trkpt>
   <trkpt lat="31.1832960" lon="75.7730140">
    <ele>239.5</ele>
    <time>2025-11-26T11:02:39Z</time>
   </trkpt>
   <trkpt lat="31.1832360" lon="75.7730110">
    <ele>239.7</ele>
    <time>2025-11-26T11:02:40Z</time>
   </trkpt>
   <trkpt lat="31.1831760" lon="75.7730080">
    <ele>239.9</ele>
    <time>2025-11-26T11:02:41Z</time>
   </trkpt>
   <trkpt lat="31.1831150" lon="75.7730080">
    <ele>240.0</ele>
    <time>2025-11-26T11:02:42Z</time>
   </trkpt>
   <trkpt lat="31.1830540" lon="75.7730080">
    <ele>240.2</ele>
    <time>2025-11-26T11:02:43Z</time>
   </trkpt>
   <trkpt lat="31.1829920" lon="75.7730050">
    <ele>240.4</ele>
    <time>2025-11-26T11:02:44Z</time>
   </trkpt>
   <trkpt lat="31.1829290" lon="75.7730030">
    <ele>240.6</ele>
    <time>2025-11-26T11:02:45Z</time>
   </trkpt>
   <trkpt lat="31.1828660" lon="75.7730020">
    <ele>240.8</ele>
    <time>2025-11-26T11:02:46Z</time>
   </trkpt>
   <trkpt lat="31.1828020" lon="75.7730020">
    <ele>240.9</ele>
    <time>2025-11-26T11:02:47Z</time>
   </trkpt>
   <trkpt lat="31.1827390" lon="75.7730020">
    <ele>241.1</ele>
    <time>2025-11-26T11:02:48Z</time>
   </trkpt>
   <trkpt lat="31.1826760" lon="75.7730020">
    <ele>241.2</ele>
    <time>2025-11-26T11:02:49Z</time>
   </trkpt>
   <trkpt lat="31.1826130" lon="75.7730000">
    <ele>241.4</ele>
    <time>2025-11-26T11:02:50Z</time>
   </trkpt>
   <trkpt lat="31.1824860" lon="75.7729980">
    <ele>241.6</ele>
    <time>2025-11-26T11:02:51Z</time>
   </trkpt>
   <trkpt lat="31.1824230" lon="75.7729980">
    <ele>241.7</ele>
    <time>2025-11-26T11:02:52Z</time>
   </trkpt>
   <trkpt lat="31.1823590" lon="75.7729960">
    <ele>241.8</ele>
    <time>2025-11-26T11:02:53Z</time>
   </trkpt>
   <trkpt lat="31.1822950" lon="75.7729960">
    <ele>242.0</ele>
    <time>2025-11-26T11:02:54Z</time>
   </trkpt>
   <trkpt lat="31.1822310" lon="75.7729950">
    <ele>242.1</ele>
    <time>2025-11-26T11:02:55Z</time>
   </trkpt>
   <trkpt lat="31.1821680" lon="75.7729930">
    <ele>242.1</ele>
    <time>2025-11-26T11:02:56Z</time>
   </trkpt>
   <trkpt lat="31.1821030" lon="75.7729910">
    <ele>242.2</ele>
    <time>2025-11-26T11:02:57Z</time>
   </trkpt>
   <trkpt lat="31.1820390" lon="75.7729900">
    <ele>242.2</ele>
    <time>2025-11-26T11:02:58Z</time>
   </trkpt>
   <trkpt lat="31.1819740" lon="75.7729900">
    <ele>242.2</ele>
    <time>2025-11-26T11:02:59Z</time>
   </trkpt>
   <trkpt lat="31.1819080" lon="75.7729910">
    <ele>242.2</ele>
    <time>2025-11-26T11:03:00Z</time>
   </trkpt>
   <trkpt lat="31.1818430" lon="75.7729920">
    <ele>242.3</ele>
    <time>2025-11-26T11:03:01Z</time>
   </trkpt>
   <trkpt lat="31.1817760" lon="75.7729920">
    <ele>242.4</ele>
    <time>2025-11-26T11:03:02Z</time>
   </trkpt>
   <trkpt lat="31.1817120" lon="75.7729920">
    <ele>242.4</ele>
    <time>2025-11-26T11:03:03Z</time>
   </trkpt>
   <trkpt lat="31.1816460" lon="75.7729890">
    <ele>242.4</ele>
    <time>2025-11-26T11:03:04Z</time>
   </trkpt>
   <trkpt lat="31.1815800" lon="75.7729900">
    <ele>242.4</ele>
    <time>2025-11-26T11:03:05Z</time>
   </trkpt>
   <trkpt lat="31.1815140" lon="75.7729930">
    <ele>242.5</ele>
    <time>2025-11-26T11:03:06Z</time>
   </trkpt>
   <trkpt lat="31.1814500" lon="75.7729920">
    <ele>242.5</ele>
    <time>2025-11-26T11:03:07Z</time>
   </trkpt>
   <trkpt lat="31.1813840" lon="75.7729930">
    <ele>242.4</ele>
    <time>2025-11-26T11:03:08Z</time>
   </trkpt>
   <trkpt lat="31.1813200" lon="75.7729950">
    <ele>242.4</ele>
    <time>2025-11-26T11:03:09Z</time>
   </trkpt>
   <trkpt lat="31.1812580" lon="75.7729970">
    <ele>242.4</ele>
    <time>2025-11-26T11:03:10Z</time>
   </trkpt>
   <trkpt lat="31.1811970" lon="75.7729950">
    <ele>242.4</ele>
    <time>2025-11-26T11:03:11Z</time>
   </trkpt>
   <trkpt lat="31.1811430" lon="75.7729930">
    <ele>242.5</ele>
    <time>2025-11-26T11:03:12Z</time>
   </trkpt>
   <trkpt lat="31.1810990" lon="75.7729960">
    <ele>242.5</ele>
    <time>2025-11-26T11:03:13Z</time>
   </trkpt>
   <trkpt lat="31.1810590" lon="75.7729920">
    <ele>242.6</ele>
    <time>2025-11-26T11:03:14Z</time>
   </trkpt>
   <trkpt lat="31.1810180" lon="75.7729850">
    <ele>242.7</ele>
    <time>2025-11-26T11:03:15Z</time>
   </trkpt>
   <trkpt lat="31.1809790" lon="75.7729810">
    <ele>242.7</ele>
    <time>2025-11-26T11:03:16Z</time>
   </trkpt>
   <trkpt lat="31.1809370" lon="75.7729770">
    <ele>242.8</ele>
    <time>2025-11-26T11:03:17Z</time>
   </trkpt>
   <trkpt lat="31.1808930" lon="75.7729770">
    <ele>242.9</ele>
    <time>2025-11-26T11:03:18Z</time>
   </trkpt>
   <trkpt lat="31.1808480" lon="75.7729830">
    <ele>243.0</ele>
    <time>2025-11-26T11:03:19Z</time>
   </trkpt>
   <trkpt lat="31.1808030" lon="75.7729960">
    <ele>243.0</ele>
    <time>2025-11-26T11:03:20Z</time>
   </trkpt>
   <trkpt lat="31.1807570" lon="75.7730170">
    <ele>243.1</ele>
    <time>2025-11-26T11:03:21Z</time>
   </trkpt>
   <trkpt lat="31.1807090" lon="75.7730320">
    <ele>243.2</ele>
    <time>2025-11-26T11:03:22Z</time>
   </trkpt>
   <trkpt lat="31.1806570" lon="75.7730380">
    <ele>243.2</ele>
    <time>2025-11-26T11:03:23Z</time>
   </trkpt>
   <trkpt lat="31.1806000" lon="75.7730420">
    <ele>243.3</ele>
    <time>2025-11-26T11:03:24Z</time>
   </trkpt>
   <trkpt lat="31.1805460" lon="75.7730500">
    <ele>243.4</ele>
    <time>2025-11-26T11:03:25Z</time>
   </trkpt>
   <trkpt lat="31.1804890" lon="75.7730560">
    <ele>243.5</ele>
    <time>2025-11-26T11:03:26Z</time>
   </trkpt>
   <trkpt lat="31.1804300" lon="75.7730620">
    <ele>243.6</ele>
    <time>2025-11-26T11:03:27Z</time>
   </trkpt>
   <trkpt lat="31.1803750" lon="75.7730690">
    <ele>243.7</ele>
    <time>2025-11-26T11:03:28Z</time>
   </trkpt>
   <trkpt lat="31.1803150" lon="75.7730770">
    <ele>243.8</ele>
    <time>2025-11-26T11:03:29Z</time>
   </trkpt>
   <trkpt lat="31.1802560" lon="75.7730840">
    <ele>243.8</ele>
    <time>2025-11-26T11:03:30Z</time>
   </trkpt>
   <trkpt lat="31.1801970" lon="75.7730930">
    <ele>243.8</ele>
    <time>2025-11-26T11:03:31Z</time>
   </trkpt>
   <trkpt lat="31.1801400" lon="75.7730990">
    <ele>243.8</ele>
    <time>2025-11-26T11:03:32Z</time>
   </trkpt>
   <trkpt lat="31.1800800" lon="75.7731010">
    <ele>243.7</ele>
    <time>2025-11-26T11:03:33Z</time>
   </trkpt>
   <trkpt lat="31.1800210" lon="75.7731100">
    <ele>243.7</ele>
    <time>2025-11-26T11:03:34Z</time>
   </trkpt>
   <trkpt lat="31.1799610" lon="75.7731150">
    <ele>243.7</ele>
    <time>2025-11-26T11:03:35Z</time>
   </trkpt>
   <trkpt lat="31.1799010" lon="75.7731220">
    <ele>243.7</ele>
    <time>2025-11-26T11:03:36Z</time>
   </trkpt>
   <trkpt lat="31.1798420" lon="75.7731310">
    <ele>243.6</ele>
    <time>2025-11-26T11:03:37Z</time>
   </trkpt>
   <trkpt lat="31.1797840" lon="75.7731420">
    <ele>243.6</ele>
    <time>2025-11-26T11:03:38Z</time>
   </trkpt>
   <trkpt lat="31.1797270" lon="75.7731500">
    <ele>243.6</ele>
    <time>2025-11-26T11:03:39Z</time>
   </trkpt>
   <trkpt lat="31.1796680" lon="75.7731570">
    <ele>243.5</ele>
    <time>2025-11-26T11:03:41Z</time>
   </trkpt>
   <trkpt lat="31.1796080" lon="75.7731640">
    <ele>243.5</ele>
    <time>2025-11-26T11:03:42Z</time>
   </trkpt>
   <trkpt lat="31.1795500" lon="75.7731710">
    <ele>243.4</ele>
    <time>2025-11-26T11:03:43Z</time>
   </trkpt>
   <trkpt lat="31.1794910" lon="75.7731790">
    <ele>243.4</ele>
    <time>2025-11-26T11:03:44Z</time>
   </trkpt>
   <trkpt lat="31.1794320" lon="75.7731840">
    <ele>243.3</ele>
    <time>2025-11-26T11:03:45Z</time>
   </trkpt>
   <trkpt lat="31.1793740" lon="75.7731900">
    <ele>243.2</ele>
    <time>2025-11-26T11:03:46Z</time>
   </trkpt>
   <trkpt lat="31.1793170" lon="75.7731970">
    <ele>243.1</ele>
    <time>2025-11-26T11:03:47Z</time>
   </trkpt>
   <trkpt lat="31.1792580" lon="75.7732030">
    <ele>243.1</ele>
    <time>2025-11-26T11:03:48Z</time>
   </trkpt>
   <trkpt lat="31.1791990" lon="75.7732090">
    <ele>243.0</ele>
    <time>2025-11-26T11:03:49Z</time>
   </trkpt>
   <trkpt lat="31.1791410" lon="75.7732160">
    <ele>242.9</ele>
    <time>2025-11-26T11:03:50Z</time>
   </trkpt>
   <trkpt lat="31.1790810" lon="75.7732220">
    <ele>242.8</ele>
    <time>2025-11-26T11:03:51Z</time>
   </trkpt>
   <trkpt lat="31.1790200" lon="75.7732280">
    <ele>242.6</ele>
    <time>2025-11-26T11:03:52Z</time>
   </trkpt>
   <trkpt lat="31.1789570" lon="75.7732350">
    <ele>242.5</ele>
    <time>2025-11-26T11:03:53Z</time>
   </trkpt>
   <trkpt lat="31.1788940" lon="75.7732440">
    <ele>242.4</ele>
    <time>2025-11-26T11:03:54Z</time>
   </trkpt>
   <trkpt lat="31.1788300" lon="75.7732530">
    <ele>242.3</ele>
    <time>2025-11-26T11:03:55Z</time>
   </trkpt>
   <trkpt lat="31.1787670" lon="75.7732600">
    <ele>242.2</ele>
    <time>2025-11-26T11:03:56Z</time>
   </trkpt>
   <trkpt lat="31.1787030" lon="75.7732640">
    <ele>242.1</ele>
    <time>2025-11-26T11:03:57Z</time>
   </trkpt>
   <trkpt lat="31.1786360" lon="75.7732710">
    <ele>242.0</ele>
    <time>2025-11-26T11:03:58Z</time>
   </trkpt>
   <trkpt lat="31.1785710" lon="75.7732770">
    <ele>241.9</ele>
    <time>2025-11-26T11:03:59Z</time>
   </trkpt>
   <trkpt lat="31.1785060" lon="75.7732840">
    <ele>241.8</ele>
    <time>2025-11-26T11:04:00Z</time>
   </trkpt>
   <trkpt lat="31.1784410" lon="75.7732900">
    <ele>241.7</ele>
    <time>2025-11-26T11:04:01Z</time>
   </trkpt>
   <trkpt lat="31.1783790" lon="75.7732990">
    <ele>241.6</ele>
    <time>2025-11-26T11:04:02Z</time>
   </trkpt>
   <trkpt lat="31.1783180" lon="75.7733090">
    <ele>241.5</ele>
    <time>2025-11-26T11:04:03Z</time>
   </trkpt>
   <trkpt lat="31.1782580" lon="75.7733170">
    <ele>241.5</ele>
    <time>2025-11-26T11:04:04Z</time>
   </trkpt>
   <trkpt lat="31.1781990" lon="75.7733210">
    <ele>241.4</ele>
    <time>2025-11-26T11:04:05Z</time>
   </trkpt>
   <trkpt lat="31.1781410" lon="75.7733290">
    <ele>241.3</ele>
    <time>2025-11-26T11:04:06Z</time>
   </trkpt>
   <trkpt lat="31.1780870" lon="75.7733390">
    <ele>241.3</ele>
    <time>2025-11-26T11:04:07Z</time>
   </trkpt>
   <trkpt lat="31.1780320" lon="75.7733500">
    <ele>241.3</ele>
    <time>2025-11-26T11:04:08Z</time>
   </trkpt>
   <trkpt lat="31.1779750" lon="75.7733560">
    <ele>241.2</ele>
    <time>2025-11-26T11:04:09Z</time>
   </trkpt>
   <trkpt lat="31.1779190" lon="75.7733600">
    <ele>241.2</ele>
    <time>2025-11-26T11:04:10Z</time>
   </trkpt>
   <trkpt lat="31.1778620" lon="75.7733690">
    <ele>241.3</ele>
    <time>2025-11-26T11:04:11Z</time>
   </trkpt>
   <trkpt lat="31.1778090" lon="75.7733760">
    <ele>241.4</ele>
    <time>2025-11-26T11:04:12Z</time>
   </trkpt>
   <trkpt lat="31.1777540" lon="75.7733810">
    <ele>241.5</ele>
    <time>2025-11-26T11:04:13Z</time>
   </trkpt>
   <trkpt lat="31.1777020" lon="75.7733920">
    <ele>241.6</ele>
    <time>2025-11-26T11:04:14Z</time>
   </trkpt>
   <trkpt lat="31.1776490" lon="75.7734010">
    <ele>241.8</ele>
    <time>2025-11-26T11:04:15Z</time>
   </trkpt>
   <trkpt lat="31.1775950" lon="75.7734060">
    <ele>242.0</ele>
    <time>2025-11-26T11:04:16Z</time>
   </trkpt>
   <trkpt lat="31.1775430" lon="75.7734120">
    <ele>241.9</ele>
    <time>2025-11-26T11:04:17Z</time>
   </trkpt>
   <trkpt lat="31.1774900" lon="75.7734160">
    <ele>241.8</ele>
    <time>2025-11-26T11:04:18Z</time>
   </trkpt>
   <trkpt lat="31.1774370" lon="75.7734210">
    <ele>241.7</ele>
    <time>2025-11-26T11:04:19Z</time>
   </trkpt>
   <trkpt lat="31.1773830" lon="75.7734300">
    <ele>241.7</ele>
    <time>2025-11-26T11:04:20Z</time>
   </trkpt>
   <trkpt lat="31.1773310" lon="75.7734400">
    <ele>241.7</ele>
    <time>2025-11-26T11:04:21Z</time>
   </trkpt>
   <trkpt lat="31.1772740" lon="75.7734440">
    <ele>241.6</ele>
    <time>2025-11-26T11:04:22Z</time>
   </trkpt>
   <trkpt lat="31.1772150" lon="75.7734470">
    <ele>241.6</ele>
    <time>2025-11-26T11:04:23Z</time>
   </trkpt>
   <trkpt lat="31.1771580" lon="75.7734550">
    <ele>241.6</ele>
    <time>2025-11-26T11:04:24Z</time>
   </trkpt>
   <trkpt lat="31.1771010" lon="75.7734650">
    <ele>241.6</ele>
    <time>2025-11-26T11:04:25Z</time>
   </trkpt>
   <trkpt lat="31.1770440" lon="75.7734710">
    <ele>241.6</ele>
    <time>2025-11-26T11:04:26Z</time>
   </trkpt>
   <trkpt lat="31.1769850" lon="75.7734780">
    <ele>241.6</ele>
    <time>2025-11-26T11:04:27Z</time>
   </trkpt>
   <trkpt lat="31.1769290" lon="75.7734850">
    <ele>241.6</ele>
    <time>2025-11-26T11:04:28Z</time>
   </trkpt>
   <trkpt lat="31.1768700" lon="75.7734910">
    <ele>241.6</ele>
    <time>2025-11-26T11:04:29Z</time>
   </trkpt>
   <trkpt lat="31.1768120" lon="75.7734970">
    <ele>241.6</ele>
    <time>2025-11-26T11:04:30Z</time>
   </trkpt>
   <trkpt lat="31.1767530" lon="75.7735060">
    <ele>241.6</ele>
    <time>2025-11-26T11:04:31Z</time>
   </trkpt>
   <trkpt lat="31.1766930" lon="75.7735150">
    <ele>241.6</ele>
    <time>2025-11-26T11:04:32Z</time>
   </trkpt>
   <trkpt lat="31.1766330" lon="75.7735220">
    <ele>241.6</ele>
    <time>2025-11-26T11:04:33Z</time>
   </trkpt>
   <trkpt lat="31.1765730" lon="75.7735270">
    <ele>241.5</ele>
    <time>2025-11-26T11:04:34Z</time>
   </trkpt>
   <trkpt lat="31.1765120" lon="75.7735350">
    <ele>241.5</ele>
    <time>2025-11-26T11:04:35Z</time>
   </trkpt>
   <trkpt lat="31.1764530" lon="75.7735430">
    <ele>241.5</ele>
    <time>2025-11-26T11:04:36Z</time>
   </trkpt>
   <trkpt lat="31.1763920" lon="75.7735510">
    <ele>241.5</ele>
    <time>2025-11-26T11:04:37Z</time>
   </trkpt>
   <trkpt lat="31.1763310" lon="75.7735580">
    <ele>241.5</ele>
    <time>2025-11-26T11:04:38Z</time>
   </trkpt>
   <trkpt lat="31.1762700" lon="75.7735630">
    <ele>241.5</ele>
    <time>2025-11-26T11:04:39Z</time>
   </trkpt>
   <trkpt lat="31.1762080" lon="75.7735680">
    <ele>241.6</ele>
    <time>2025-11-26T11:04:40Z</time>
   </trkpt>
   <trkpt lat="31.1761450" lon="75.7735770">
    <ele>241.6</ele>
    <time>2025-11-26T11:04:41Z</time>
   </trkpt>
   <trkpt lat="31.1760820" lon="75.7735860">
    <ele>241.6</ele>
    <time>2025-11-26T11:04:42Z</time>
   </trkpt>
   <trkpt lat="31.1760200" lon="75.7735930">
    <ele>241.6</ele>
    <time>2025-11-26T11:04:43Z</time>
   </trkpt>
   <trkpt lat="31.1759550" lon="75.7736040">
    <ele>241.6</ele>
    <time>2025-11-26T11:04:44Z</time>
   </trkpt>
   <trkpt lat="31.1758290" lon="75.7736210">
    <ele>241.5</ele>
    <time>2025-11-26T11:04:45Z</time>
   </trkpt>
   <trkpt lat="31.1757640" lon="75.7736260">
    <ele>241.5</ele>
    <time>2025-11-26T11:04:46Z</time>
   </trkpt>
   <trkpt lat="31.1757000" lon="75.7736330">
    <ele>241.4</ele>
    <time>2025-11-26T11:04:47Z</time>
   </trkpt>
   <trkpt lat="31.1756370" lon="75.7736370">
    <ele>241.2</ele>
    <time>2025-11-26T11:04:48Z</time>
   </trkpt>
   <trkpt lat="31.1755760" lon="75.7736430">
    <ele>241.0</ele>
    <time>2025-11-26T11:04:49Z</time>
   </trkpt>
   <trkpt lat="31.1755140" lon="75.7736590">
    <ele>240.9</ele>
    <time>2025-11-26T11:04:50Z</time>
   </trkpt>
   <trkpt lat="31.1754540" lon="75.7736750">
    <ele>241.0</ele>
    <time>2025-11-26T11:04:51Z</time>
   </trkpt>
   <trkpt lat="31.1753930" lon="75.7736850">
    <ele>241.3</ele>
    <time>2025-11-26T11:04:52Z</time>
   </trkpt>
   <trkpt lat="31.1753290" lon="75.7736950">
    <ele>241.7</ele>
    <time>2025-11-26T11:04:53Z</time>
   </trkpt>
   <trkpt lat="31.1752670" lon="75.7737100">
    <ele>242.0</ele>
    <time>2025-11-26T11:04:54Z</time>
   </trkpt>
   <trkpt lat="31.1752040" lon="75.7737210">
    <ele>242.1</ele>
    <time>2025-11-26T11:04:55Z</time>
   </trkpt>
   <trkpt lat="31.1751400" lon="75.7737310">
    <ele>242.2</ele>
    <time>2025-11-26T11:04:56Z</time>
   </trkpt>
   <trkpt lat="31.1750760" lon="75.7737390">
    <ele>242.6</ele>
    <time>2025-11-26T11:04:57Z</time>
   </trkpt>
   <trkpt lat="31.1750130" lon="75.7737460">
    <ele>242.9</ele>
    <time>2025-11-26T11:04:58Z</time>
   </trkpt>
   <trkpt lat="31.1749490" lon="75.7737550">
    <ele>243.3</ele>
    <time>2025-11-26T11:04:59Z</time>
   </trkpt>
   <trkpt lat="31.1748850" lon="75.7737660">
    <ele>243.7</ele>
    <time>2025-11-26T11:05:00Z</time>
   </trkpt>
   <trkpt lat="31.1748210" lon="75.7737770">
    <ele>244.0</ele>
    <time>2025-11-26T11:05:01Z</time>
   </trkpt>
   <trkpt lat="31.1747560" lon="75.7737840">
    <ele>244.3</ele>
    <time>2025-11-26T11:05:02Z</time>
   </trkpt>
   <trkpt lat="31.1746900" lon="75.7737880">
    <ele>244.5</ele>
    <time>2025-11-26T11:05:03Z</time>
   </trkpt>
   <trkpt lat="31.1746260" lon="75.7737930">
    <ele>244.8</ele>
    <time>2025-11-26T11:05:04Z</time>
   </trkpt>
   <trkpt lat="31.1745620" lon="75.7737980">
    <ele>245.0</ele>
    <time>2025-11-26T11:05:05Z</time>
   </trkpt>
   <trkpt lat="31.1744980" lon="75.7738070">
    <ele>245.0</ele>
    <time>2025-11-26T11:05:06Z</time>
   </trkpt>
   <trkpt lat="31.1744350" lon="75.7738140">
    <ele>244.9</ele>
    <time>2025-11-26T11:05:07Z</time>
   </trkpt>
   <trkpt lat="31.1743720" lon="75.7738220">
    <ele>244.6</ele>
    <time>2025-11-26T11:05:08Z</time>
   </trkpt>
   <trkpt lat="31.1743100" lon="75.7738310">
    <ele>244.3</ele>
    <time>2025-11-26T11:05:09Z</time>
   </trkpt>
   <trkpt lat="31.1742490" lon="75.7738400">
    <ele>244.0</ele>
    <time>2025-11-26T11:05:10Z</time>
   </trkpt>
   <trkpt lat="31.1741880" lon="75.7738460">
    <ele>244.0</ele>
    <time>2025-11-26T11:05:11Z</time>
   </trkpt>
   <trkpt lat="31.1741260" lon="75.7738530">
    <ele>244.1</ele>
    <time>2025-11-26T11:05:12Z</time>
   </trkpt>
   <trkpt lat="31.1740670" lon="75.7738610">
    <ele>244.1</ele>
    <time>2025-11-26T11:05:13Z</time>
   </trkpt>
   <trkpt lat="31.1740080" lon="75.7738680">
    <ele>244.1</ele>
    <time>2025-11-26T11:05:14Z</time>
   </trkpt>
   <trkpt lat="31.1739490" lon="75.7738750">
    <ele>244.1</ele>
    <time>2025-11-26T11:05:15Z</time>
   </trkpt>
   <trkpt lat="31.1738890" lon="75.7738800">
    <ele>244.1</ele>
    <time>2025-11-26T11:05:16Z</time>
   </trkpt>
   <trkpt lat="31.1738300" lon="75.7738820">
    <ele>244.1</ele>
    <time>2025-11-26T11:05:17Z</time>
   </trkpt>
   <trkpt lat="31.1737710" lon="75.7738870">
    <ele>244.1</ele>
    <time>2025-11-26T11:05:18Z</time>
   </trkpt>
   <trkpt lat="31.1737130" lon="75.7738930">
    <ele>244.1</ele>
    <time>2025-11-26T11:05:19Z</time>
   </trkpt>
   <trkpt lat="31.1736550" lon="75.7739040">
    <ele>244.1</ele>
    <time>2025-11-26T11:05:20Z</time>
   </trkpt>
   <trkpt lat="31.1735990" lon="75.7739140">
    <ele>244.0</ele>
    <time>2025-11-26T11:05:21Z</time>
   </trkpt>
   <trkpt lat="31.1735430" lon="75.7739250">
    <ele>244.0</ele>
    <time>2025-11-26T11:05:22Z</time>
   </trkpt>
   <trkpt lat="31.1734900" lon="75.7739310">
    <ele>244.0</ele>
    <time>2025-11-26T11:05:23Z</time>
   </trkpt>
   <trkpt lat="31.1734380" lon="75.7739370">
    <ele>244.0</ele>
    <time>2025-11-26T11:05:24Z</time>
   </trkpt>
   <trkpt lat="31.1733880" lon="75.7739430">
    <ele>244.0</ele>
    <time>2025-11-26T11:05:25Z</time>
   </trkpt>
   <trkpt lat="31.1733370" lon="75.7739450">
    <ele>244.0</ele>
    <time>2025-11-26T11:05:26Z</time>
   </trkpt>
   <trkpt lat="31.1732850" lon="75.7739510">
    <ele>243.9</ele>
    <time>2025-11-26T11:05:27Z</time>
   </trkpt>
   <trkpt lat="31.1732340" lon="75.7739610">
    <ele>243.9</ele>
    <time>2025-11-26T11:05:28Z</time>
   </trkpt>
   <trkpt lat="31.1731830" lon="75.7739680">
    <ele>243.8</ele>
    <time>2025-11-26T11:05:29Z</time>
   </trkpt>
   <trkpt lat="31.1731320" lon="75.7739750">
    <ele>243.7</ele>
    <time>2025-11-26T11:05:30Z</time>
   </trkpt>
   <trkpt lat="31.1730840" lon="75.7739790">
    <ele>243.7</ele>
    <time>2025-11-26T11:05:31Z</time>
   </trkpt>
   <trkpt lat="31.1730350" lon="75.7739840">
    <ele>243.7</ele>
    <time>2025-11-26T11:05:32Z</time>
   </trkpt>
   <trkpt lat="31.1729870" lon="75.7739890">
    <ele>243.8</ele>
    <time>2025-11-26T11:05:33Z</time>
   </trkpt>
   <trkpt lat="31.1729380" lon="75.7739950">
    <ele>243.8</ele>
    <time>2025-11-26T11:05:34Z</time>
   </trkpt>
   <trkpt lat="31.1728890" lon="75.7739990">
    <ele>243.9</ele>
    <time>2025-11-26T11:05:35Z</time>
   </trkpt>
   <trkpt lat="31.1728410" lon="75.7740030">
    <ele>243.9</ele>
    <time>2025-11-26T11:05:36Z</time>
   </trkpt>
   <trkpt lat="31.1727920" lon="75.7740070">
    <ele>243.8</ele>
    <time>2025-11-26T11:05:37Z</time>
   </trkpt>
   <trkpt lat="31.1727460" lon="75.7740120">
    <ele>243.8</ele>
    <time>2025-11-26T11:05:38Z</time>
   </trkpt>
   <trkpt lat="31.1727010" lon="75.7740190">
    <ele>243.7</ele>
    <time>2025-11-26T11:05:39Z</time>
   </trkpt>
   <trkpt lat="31.1726640" lon="75.7740280">
    <ele>243.6</ele>
    <time>2025-11-26T11:05:40Z</time>
   </trkpt>
   <trkpt lat="31.1726340" lon="75.7740340">
    <ele>243.6</ele>
    <time>2025-11-26T11:05:41Z</time>
   </trkpt>
   <trkpt lat="31.1726270" lon="75.7740350">
    <ele>243.6</ele>
    <time>2025-11-26T11:05:42Z</time>
   </trkpt>
   <trkpt lat="31.1726310" lon="75.7740410">
    <ele>243.6</ele>
    <time>2025-11-26T11:05:43Z</time>
   </trkpt>
   <trkpt lat="31.1726320" lon="75.7740410">
    <ele>243.6</ele>
    <time>2025-11-26T11:05:44Z</time>
   </trkpt>
   <trkpt lat="31.1726330" lon="75.7740410">
    <ele>243.6</ele>
    <time>2025-11-26T11:05:45Z</time>
   </trkpt>
   <trkpt lat="31.1726340" lon="75.7740410">
    <ele>243.6</ele>
    <time>2025-11-26T11:05:47Z</time>
   </trkpt>
   <trkpt lat="31.1726350" lon="75.7740420">
    <ele>243.6</ele>
    <time>2025-11-26T11:05:48Z</time>
   </trkpt>
   <trkpt lat="31.1726360" lon="75.7740420">
    <ele>243.6</ele>
    <time>2025-11-26T11:05:49Z</time>
   </trkpt>
   <trkpt lat="31.1726370" lon="75.7740420">
    <ele>243.6</ele>
    <time>2025-11-26T11:05:50Z</time>
   </trkpt>
   <trkpt lat="31.1726380" lon="75.7740420">
    <ele>243.6</ele>
    <time>2025-11-26T11:05:51Z</time>
   </trkpt>
   <trkpt lat="31.1726380" lon="75.7740420">
    <ele>243.6</ele>
    <time>2025-11-26T11:05:52Z</time>
   </trkpt>
   <trkpt lat="31.1726390" lon="75.7740420">
    <ele>243.6</ele>
    <time>2025-11-26T11:05:53Z</time>
   </trkpt>
   <trkpt lat="31.1726400" lon="75.7740420">
    <ele>243.6</ele>
    <time>2025-11-26T11:05:54Z</time>
   </trkpt>
   <trkpt lat="31.1726410" lon="75.7740420">
    <ele>243.6</ele>
    <time>2025-11-26T11:05:55Z</time>
   </trkpt>
   <trkpt lat="31.1726420" lon="75.7740420">
    <ele>243.6</ele>
    <time>2025-11-26T11:05:56Z</time>
   </trkpt>
   <trkpt lat="31.1726430" lon="75.7740430">
    <ele>243.6</ele>
    <time>2025-11-26T11:05:57Z</time>
   </trkpt>
   <trkpt lat="31.1726440" lon="75.7740430">
    <ele>243.6</ele>
    <time>2025-11-26T11:05:58Z</time>
   </trkpt>
   <trkpt lat="31.1726450" lon="75.7740430">
    <ele>243.6</ele>
    <time>2025-11-26T11:05:59Z</time>
   </trkpt>
   <trkpt lat="31.1726460" lon="75.7740430">
    <ele>243.6</ele>
    <time>2025-11-26T11:08:08Z</time>
   </trkpt>
   <trkpt lat="31.1726470" lon="75.7740430">
    <ele>243.6</ele>
    <time>2025-11-26T11:08:09Z</time>
   </trkpt>
   <trkpt lat="31.1726480" lon="75.7740430">
    <ele>243.6</ele>
    <time>2025-11-26T11:08:10Z</time>
   </trkpt>
   <trkpt lat="31.1726490" lon="75.7740430">
    <ele>243.6</ele>
    <time>2025-11-26T11:08:11Z</time>
   </trkpt>
   <trkpt lat="31.1726500" lon="75.7740430">
    <ele>243.6</ele>
    <time>2025-11-26T11:08:12Z</time>
   </trkpt>
   <trkpt lat="31.1726510" lon="75.7740440">
    <ele>243.6</ele>
    <time>2025-11-26T11:08:13Z</time>
   </trkpt>
   <trkpt lat="31.1726520" lon="75.7740440">
    <ele>243.6</ele>
    <time>2025-11-26T11:08:14Z</time>
   </trkpt>
   <trkpt lat="31.1726530" lon="75.7740440">
    <ele>243.6</ele>
    <time>2025-11-26T11:08:15Z</time>
   </trkpt>
   <trkpt lat="31.1726540" lon="75.7740440">
    <ele>243.6</ele>
    <time>2025-11-26T11:08:16Z</time>
   </trkpt>
   <trkpt lat="31.1726550" lon="75.7740440">
    <ele>243.6</ele>
    <time>2025-11-26T11:08:17Z</time>
   </trkpt>
   <trkpt lat="31.1726550" lon="75.7740440">
    <ele>243.6</ele>
    <time>2025-11-26T11:08:18Z</time>
   </trkpt>
   <trkpt lat="31.1726560" lon="75.7740440">
    <ele>243.6</ele>
    <time>2025-11-26T11:08:19Z</time>
   </trkpt>
   <trkpt lat="31.1726570" lon="75.7740440">
    <ele>243.6</ele>
    <time>2025-11-26T11:08:20Z</time>
   </trkpt>
   <trkpt lat="31.1726580" lon="75.7740440">
    <ele>243.6</ele>
    <time>2025-11-26T11:08:21Z</time>
   </trkpt>
   <trkpt lat="31.1726590" lon="75.7740450">
    <ele>243.6</ele>
    <time>2025-11-26T11:08:22Z</time>
   </trkpt>
   <trkpt lat="31.1726600" lon="75.7740450">
    <ele>243.6</ele>
    <time>2025-11-26T11:08:23Z</time>
   </trkpt>
   <trkpt lat="31.1726610" lon="75.7740450">
    <ele>243.6</ele>
    <time>2025-11-26T11:08:24Z</time>
   </trkpt>
   <trkpt lat="31.1726620" lon="75.7740450">
    <ele>243.6</ele>
    <time>2025-11-26T11:08:25Z</time>
   </trkpt>
   <trkpt lat="31.1726630" lon="75.7740450">
    <ele>243.6</ele>
    <time>2025-11-26T11:08:26Z</time>
   </trkpt>
   <trkpt lat="31.1726290" lon="75.7740510">
    <ele>243.6</ele>
    <time>2025-11-26T11:08:27Z</time>
   </trkpt>
   <trkpt lat="31.1726170" lon="75.7740500">
    <ele>243.6</ele>
    <time>2025-11-26T11:08:28Z</time>
   </trkpt>
   <trkpt lat="31.1725830" lon="75.7740520">
    <ele>243.6</ele>
    <time>2025-11-26T11:08:29Z</time>
   </trkpt>
   <trkpt lat="31.1725420" lon="75.7740560">
    <ele>243.6</ele>
    <time>2025-11-26T11:08:30Z</time>
   </trkpt>
   <trkpt lat="31.1725050" lon="75.7740650">
    <ele>243.6</ele>
    <time>2025-11-26T11:08:31Z</time>
   </trkpt>
   <trkpt lat="31.1724700" lon="75.7740700">
    <ele>243.5</ele>
    <time>2025-11-26T11:08:32Z</time>
   </trkpt>
   <trkpt lat="31.1724260" lon="75.7740720">
    <ele>243.5</ele>
    <time>2025-11-26T11:08:33Z</time>
   </trkpt>
   <trkpt lat="31.1723690" lon="75.7740740">
    <ele>243.5</ele>
    <time>2025-11-26T11:08:34Z</time>
   </trkpt>
   <trkpt lat="31.1723140" lon="75.7740820">
    <ele>243.4</ele>
    <time>2025-11-26T11:08:35Z</time>
   </trkpt>
   <trkpt lat="31.1722590" lon="75.7740930">
    <ele>243.3</ele>
    <time>2025-11-26T11:08:36Z</time>
   </trkpt>
   <trkpt lat="31.1721950" lon="75.7741030">
    <ele>243.2</ele>
    <time>2025-11-26T11:08:37Z</time>
   </trkpt>
   <trkpt lat="31.1721210" lon="75.7741130">
    <ele>243.1</ele>
    <time>2025-11-26T11:08:38Z</time>
   </trkpt>
   <trkpt lat="31.1720490" lon="75.7741250">
    <ele>243.0</ele>
    <time>2025-11-26T11:08:39Z</time>
   </trkpt>
   <trkpt lat="31.1719570" lon="75.7741220">
    <ele>242.9</ele>
    <time>2025-11-26T11:08:40Z</time>
   </trkpt>
   <trkpt lat="31.1718860" lon="75.7741300">
    <ele>242.8</ele>
    <time>2025-11-26T11:08:41Z</time>
   </trkpt>
   <trkpt lat="31.1718150" lon="75.7741430">
    <ele>242.7</ele>
    <time>2025-11-26T11:08:42Z</time>
   </trkpt>
   <trkpt lat="31.1717450" lon="75.7741540">
    <ele>242.6</ele>
    <time>2025-11-26T11:08:43Z</time>
   </trkpt>
   <trkpt lat="31.1716790" lon="75.7741590">
    <ele>242.5</ele>
    <time>2025-11-26T11:08:44Z</time>
   </trkpt>
   <trkpt lat="31.1716090" lon="75.7741630">
    <ele>242.4</ele>
    <time>2025-11-26T11:08:45Z</time>
   </trkpt>
   <trkpt lat="31.1715490" lon="75.7741680">
    <ele>242.3</ele>
    <time>2025-11-26T11:08:46Z</time>
   </trkpt>
   <trkpt lat="31.1714930" lon="75.7741770">
    <ele>242.1</ele>
    <time>2025-11-26T11:08:47Z</time>
   </trkpt>
   <trkpt lat="31.1714320" lon="75.7741840">
    <ele>242.0</ele>
    <time>2025-11-26T11:08:48Z</time>
   </trkpt>
   <trkpt lat="31.1713720" lon="75.7741940">
    <ele>241.9</ele>
    <time>2025-11-26T11:08:49Z</time>
   </trkpt>
   <trkpt lat="31.1713110" lon="75.7742010">
    <ele>241.9</ele>
    <time>2025-11-26T11:08:50Z</time>
   </trkpt>
   <trkpt lat="31.1712500" lon="75.7742080">
    <ele>241.9</ele>
    <time>2025-11-26T11:08:51Z</time>
   </trkpt>
   <trkpt lat="31.1711900" lon="75.7742170">
    <ele>241.8</ele>
    <time>2025-11-26T11:08:52Z</time>
   </trkpt>
   <trkpt lat="31.1711280" lon="75.7742260">
    <ele>241.7</ele>
    <time>2025-11-26T11:08:53Z</time>
   </trkpt>
   <trkpt lat="31.1710630" lon="75.7742320">
    <ele>241.6</ele>
    <time>2025-11-26T11:08:54Z</time>
   </trkpt>
   <trkpt lat="31.1710030" lon="75.7742390">
    <ele>241.5</ele>
    <time>2025-11-26T11:08:55Z</time>
   </trkpt>
   <trkpt lat="31.1709440" lon="75.7742460">
    <ele>241.4</ele>
    <time>2025-11-26T11:08:56Z</time>
   </trkpt>
   <trkpt lat="31.1708820" lon="75.7742510">
    <ele>241.2</ele>
    <time>2025-11-26T11:08:57Z</time>
   </trkpt>
   <trkpt lat="31.1708210" lon="75.7742600">
    <ele>241.0</ele>
    <time>2025-11-26T11:08:58Z</time>
   </trkpt>
   <trkpt lat="31.1707620" lon="75.7742730">
    <ele>240.8</ele>
    <time>2025-11-26T11:08:59Z</time>
   </trkpt>
   <trkpt lat="31.1707040" lon="75.7742840">
    <ele>240.7</ele>
    <time>2025-11-26T11:09:00Z</time>
   </trkpt>
   <trkpt lat="31.1706440" lon="75.7742990">
    <ele>240.8</ele>
    <time>2025-11-26T11:09:01Z</time>
   </trkpt>
   <trkpt lat="31.1705830" lon="75.7743210">
    <ele>241.0</ele>
    <time>2025-11-26T11:09:02Z</time>
   </trkpt>
   <trkpt lat="31.1705260" lon="75.7743300">
    <ele>241.1</ele>
    <time>2025-11-26T11:09:03Z</time>
   </trkpt>
   <trkpt lat="31.1704680" lon="75.7743320">
    <ele>241.2</ele>
    <time>2025-11-26T11:09:04Z</time>
   </trkpt>
   <trkpt lat="31.1704080" lon="75.7743380">
    <ele>241.2</ele>
    <time>2025-11-26T11:09:05Z</time>
   </trkpt>
   <trkpt lat="31.1703460" lon="75.7743450">
    <ele>241.2</ele>
    <time>2025-11-26T11:09:06Z</time>
   </trkpt>
   <trkpt lat="31.1702840" lon="75.7743550">
    <ele>241.3</ele>
    <time>2025-11-26T11:09:07Z</time>
   </trkpt>
   <trkpt lat="31.1702190" lon="75.7743650">
    <ele>241.5</ele>
    <time>2025-11-26T11:09:08Z</time>
   </trkpt>
   <trkpt lat="31.1701540" lon="75.7743700">
    <ele>241.7</ele>
    <time>2025-11-26T11:09:09Z</time>
   </trkpt>
   <trkpt lat="31.1700920" lon="75.7743720">
    <ele>241.9</ele>
    <time>2025-11-26T11:09:10Z</time>
   </trkpt>
   <trkpt lat="31.1700320" lon="75.7743750">
    <ele>242.0</ele>
    <time>2025-11-26T11:09:11Z</time>
   </trkpt>
   <trkpt lat="31.1699740" lon="75.7743820">
    <ele>242.0</ele>
    <time>2025-11-26T11:09:12Z</time>
   </trkpt>
   <trkpt lat="31.1699160" lon="75.7743930">
    <ele>241.9</ele>
    <time>2025-11-26T11:09:13Z</time>
   </trkpt>
   <trkpt lat="31.1698530" lon="75.7743960">
    <ele>242.0</ele>
    <time>2025-11-26T11:09:14Z</time>
   </trkpt>
   <trkpt lat="31.1697940" lon="75.7743980">
    <ele>242.2</ele>
    <time>2025-11-26T11:09:15Z</time>
   </trkpt>
   <trkpt lat="31.1697370" lon="75.7743980">
    <ele>242.5</ele>
    <time>2025-11-26T11:09:16Z</time>
   </trkpt>
   <trkpt lat="31.1696760" lon="75.7743960">
    <ele>242.8</ele>
    <time>2025-11-26T11:09:17Z</time>
   </trkpt>
   <trkpt lat="31.1696130" lon="75.7744040">
    <ele>242.9</ele>
    <time>2025-11-26T11:09:18Z</time>
   </trkpt>
   <trkpt lat="31.1695520" lon="75.7744080">
    <ele>242.9</ele>
    <time>2025-11-26T11:09:19Z</time>
   </trkpt>
   <trkpt lat="31.1694860" lon="75.7744190">
    <ele>242.8</ele>
    <time>2025-11-26T11:09:20Z</time>
   </trkpt>
   <trkpt lat="31.1694220" lon="75.7744300">
    <ele>242.7</ele>
    <time>2025-11-26T11:09:21Z</time>
   </trkpt>
   <trkpt lat="31.1693610" lon="75.7744350">
    <ele>242.6</ele>
    <time>2025-11-26T11:09:22Z</time>
   </trkpt>
   <trkpt lat="31.1692980" lon="75.7744350">
    <ele>242.6</ele>
    <time>2025-11-26T11:09:23Z</time>
   </trkpt>
   <trkpt lat="31.1692240" lon="75.7744390">
    <ele>242.5</ele>
    <time>2025-11-26T11:09:24Z</time>
   </trkpt>
   <trkpt lat="31.1691590" lon="75.7744450">
    <ele>242.4</ele>
    <time>2025-11-26T11:09:25Z</time>
   </trkpt>
   <trkpt lat="31.1690940" lon="75.7744500">
    <ele>242.4</ele>
    <time>2025-11-26T11:09:26Z</time>
   </trkpt>
   <trkpt lat="31.1690290" lon="75.7744540">
    <ele>242.3</ele>
    <time>2025-11-26T11:09:27Z</time>
   </trkpt>
   <trkpt lat="31.1689620" lon="75.7744660">
    <ele>242.3</ele>
    <time>2025-11-26T11:09:28Z</time>
   </trkpt>
   <trkpt lat="31.1688960" lon="75.7744780">
    <ele>242.3</ele>
    <time>2025-11-26T11:09:29Z</time>
   </trkpt>
   <trkpt lat="31.1688290" lon="75.7744890">
    <ele>242.2</ele>
    <time>2025-11-26T11:09:30Z</time>
   </trkpt>
   <trkpt lat="31.1687630" lon="75.7744960">
    <ele>242.2</ele>
    <time>2025-11-26T11:09:31Z</time>
   </trkpt>
   <trkpt lat="31.1686950" lon="75.7745060">
    <ele>242.2</ele>
    <time>2025-11-26T11:09:32Z</time>
   </trkpt>
   <trkpt lat="31.1686260" lon="75.7745170">
    <ele>242.1</ele>
    <time>2025-11-26T11:09:33Z</time>
   </trkpt>
   <trkpt lat="31.1685570" lon="75.7745230">
    <ele>242.1</ele>
    <time>2025-11-26T11:09:34Z</time>
   </trkpt>
   <trkpt lat="31.1684880" lon="75.7745310">
    <ele>242.0</ele>
    <time>2025-11-26T11:09:35Z</time>
   </trkpt>
   <trkpt lat="31.1684180" lon="75.7745370">
    <ele>242.0</ele>
    <time>2025-11-26T11:09:36Z</time>
   </trkpt>
   <trkpt lat="31.1683490" lon="75.7745440">
    <ele>241.9</ele>
    <time>2025-11-26T11:09:37Z</time>
   </trkpt>
   <trkpt lat="31.1682790" lon="75.7745500">
    <ele>241.9</ele>
    <time>2025-11-26T11:09:38Z</time>
   </trkpt>
   <trkpt lat="31.1682130" lon="75.7745560">
    <ele>241.8</ele>
    <time>2025-11-26T11:09:39Z</time>
   </trkpt>
   <trkpt lat="31.1681440" lon="75.7745640">
    <ele>241.8</ele>
    <time>2025-11-26T11:09:40Z</time>
   </trkpt>
   <trkpt lat="31.1680760" lon="75.7745730">
    <ele>241.8</ele>
    <time>2025-11-26T11:09:41Z</time>
   </trkpt>
   <trkpt lat="31.1680080" lon="75.7745800">
    <ele>241.7</ele>
    <time>2025-11-26T11:09:42Z</time>
   </trkpt>
   <trkpt lat="31.1679400" lon="75.7745860">
    <ele>241.7</ele>
    <time>2025-11-26T11:09:43Z</time>
   </trkpt>
   <trkpt lat="31.1678720" lon="75.7745910">
    <ele>241.7</ele>
    <time>2025-11-26T11:09:44Z</time>
   </trkpt>
   <trkpt lat="31.1678050" lon="75.7746010">
    <ele>241.6</ele>
    <time>2025-11-26T11:09:45Z</time>
   </trkpt>
   <trkpt lat="31.1677390" lon="75.7746080">
    <ele>241.6</ele>
    <time>2025-11-26T11:09:46Z</time>
   </trkpt>
   <trkpt lat="31.1676700" lon="75.7746160">
    <ele>241.5</ele>
    <time>2025-11-26T11:09:47Z</time>
   </trkpt>
   <trkpt lat="31.1676030" lon="75.7746220">
    <ele>241.5</ele>
    <time>2025-11-26T11:09:48Z</time>
   </trkpt>
   <trkpt lat="31.1675370" lon="75.7746270">
    <ele>241.4</ele>
    <time>2025-11-26T11:09:49Z</time>
   </trkpt>
   <trkpt lat="31.1674700" lon="75.7746350">
    <ele>241.4</ele>
    <time>2025-11-26T11:09:50Z</time>
   </trkpt>
   <trkpt lat="31.1674030" lon="75.7746430">
    <ele>241.3</ele>
    <time>2025-11-26T11:09:51Z</time>
   </trkpt>
   <trkpt lat="31.1673380" lon="75.7746480">
    <ele>241.3</ele>
    <time>2025-11-26T11:09:52Z</time>
   </trkpt>
   <trkpt lat="31.1672710" lon="75.7746530">
    <ele>241.3</ele>
    <time>2025-11-26T11:09:53Z</time>
   </trkpt>
   <trkpt lat="31.1672040" lon="75.7746590">
    <ele>241.2</ele>
    <time>2025-11-26T11:09:54Z</time>
   </trkpt>
   <trkpt lat="31.1671380" lon="75.7746650">
    <ele>241.2</ele>
    <time>2025-11-26T11:09:55Z</time>
   </trkpt>
   <trkpt lat="31.1670710" lon="75.7746700">
    <ele>241.1</ele>
    <time>2025-11-26T11:09:56Z</time>
   </trkpt>
   <trkpt lat="31.1670060" lon="75.7746740">
    <ele>241.1</ele>
    <time>2025-11-26T11:09:57Z</time>
   </trkpt>
   <trkpt lat="31.1669410" lon="75.7746790">
    <ele>241.1</ele>
    <time>2025-11-26T11:09:58Z</time>
   </trkpt>
   <trkpt lat="31.1668760" lon="75.7746840">
    <ele>241.0</ele>
    <time>2025-11-26T11:09:59Z</time>
   </trkpt>
   <trkpt lat="31.1668120" lon="75.7746880">
    <ele>241.0</ele>
    <time>2025-11-26T11:10:00Z</time>
   </trkpt>
   <trkpt lat="31.1667500" lon="75.7746940">
    <ele>241.0</ele>
    <time>2025-11-26T11:10:01Z</time>
   </trkpt>
   <trkpt lat="31.1666890" lon="75.7747010">
    <ele>241.0</ele>
    <time>2025-11-26T11:10:02Z</time>
   </trkpt>
   <trkpt lat="31.1666280" lon="75.7747050">
    <ele>241.0</ele>
    <time>2025-11-26T11:10:03Z</time>
   </trkpt>
   <trkpt lat="31.1665670" lon="75.7747100">
    <ele>241.0</ele>
    <time>2025-11-26T11:10:04Z</time>
   </trkpt>
   <trkpt lat="31.1665050" lon="75.7747140">
    <ele>241.0</ele>
    <time>2025-11-26T11:10:05Z</time>
   </trkpt>
   <trkpt lat="31.1664430" lon="75.7747200">
    <ele>241.1</ele>
    <time>2025-11-26T11:10:06Z</time>
   </trkpt>
   <trkpt lat="31.1663800" lon="75.7747280">
    <ele>241.1</ele>
    <time>2025-11-26T11:10:07Z</time>
   </trkpt>
   <trkpt lat="31.1663170" lon="75.7747350">
    <ele>241.1</ele>
    <time>2025-11-26T11:10:08Z</time>
   </trkpt>
   <trkpt lat="31.1662530" lon="75.7747430">
    <ele>241.1</ele>
    <time>2025-11-26T11:10:09Z</time>
   </trkpt>
   <trkpt lat="31.1661890" lon="75.7747500">
    <ele>241.2</ele>
    <time>2025-11-26T11:10:10Z</time>
   </trkpt>
   <trkpt lat="31.1661250" lon="75.7747570">
    <ele>241.3</ele>
    <time>2025-11-26T11:10:11Z</time>
   </trkpt>
   <trkpt lat="31.1660600" lon="75.7747630">
    <ele>241.4</ele>
    <time>2025-11-26T11:10:12Z</time>
   </trkpt>
   <trkpt lat="31.1659970" lon="75.7747700">
    <ele>241.6</ele>
    <time>2025-11-26T11:10:13Z</time>
   </trkpt>
   <trkpt lat="31.1659320" lon="75.7747760">
    <ele>241.7</ele>
    <time>2025-11-26T11:10:14Z</time>
   </trkpt>
   <trkpt lat="31.1658660" lon="75.7747820">
    <ele>241.8</ele>
    <time>2025-11-26T11:10:15Z</time>
   </trkpt>
   <trkpt lat="31.1658020" lon="75.7747890">
    <ele>241.9</ele>
    <time>2025-11-26T11:10:16Z</time>
   </trkpt>
   <trkpt lat="31.1657350" lon="75.7747970">
    <ele>242.0</ele>
    <time>2025-11-26T11:10:17Z</time>
   </trkpt>
   <trkpt lat="31.1656680" lon="75.7748000">
    <ele>242.1</ele>
    <time>2025-11-26T11:10:18Z</time>
   </trkpt>
   <trkpt lat="31.1656040" lon="75.7748040">
    <ele>242.2</ele>
    <time>2025-11-26T11:10:19Z</time>
   </trkpt>
   <trkpt lat="31.1655350" lon="75.7748130">
    <ele>242.3</ele>
    <time>2025-11-26T11:10:20Z</time>
   </trkpt>
   <trkpt lat="31.1654680" lon="75.7748230">
    <ele>242.5</ele>
    <time>2025-11-26T11:10:21Z</time>
   </trkpt>
   <trkpt lat="31.1653990" lon="75.7748310">
    <ele>242.7</ele>
    <time>2025-11-26T11:10:22Z</time>
   </trkpt>
   <trkpt lat="31.1653290" lon="75.7748380">
    <ele>242.7</ele>
    <time>2025-11-26T11:10:23Z</time>
   </trkpt>
   <trkpt lat="31.1652610" lon="75.7748370">
    <ele>242.8</ele>
    <time>2025-11-26T11:10:24Z</time>
   </trkpt>
   <trkpt lat="31.1651940" lon="75.7748390">
    <ele>242.9</ele>
    <time>2025-11-26T11:10:25Z</time>
   </trkpt>
   <trkpt lat="31.1651280" lon="75.7748460">
    <ele>243.1</ele>
    <time>2025-11-26T11:10:26Z</time>
   </trkpt>
   <trkpt lat="31.1650620" lon="75.7748550">
    <ele>243.2</ele>
    <time>2025-11-26T11:10:27Z</time>
   </trkpt>
   <trkpt lat="31.1650000" lon="75.7748640">
    <ele>243.3</ele>
    <time>2025-11-26T11:10:29Z</time>
   </trkpt>
   <trkpt lat="31.1649350" lon="75.7748730">
    <ele>243.3</ele>
    <time>2025-11-26T11:10:30Z</time>
   </trkpt>
   <trkpt lat="31.1648710" lon="75.7748830">
    <ele>243.4</ele>
    <time>2025-11-26T11:10:31Z</time>
   </trkpt>
   <trkpt lat="31.1648070" lon="75.7748900">
    <ele>243.5</ele>
    <time>2025-11-26T11:10:32Z</time>
   </trkpt>
   <trkpt lat="31.1647430" lon="75.7748960">
    <ele>243.6</ele>
    <time>2025-11-26T11:10:33Z</time>
   </trkpt>
   <trkpt lat="31.1646770" lon="75.7749010">
    <ele>243.7</ele>
    <time>2025-11-26T11:10:34Z</time>
   </trkpt>
   <trkpt lat="31.1646140" lon="75.7749070">
    <ele>243.8</ele>
    <time>2025-11-26T11:10:35Z</time>
   </trkpt>
   <trkpt lat="31.1645500" lon="75.7749180">
    <ele>243.8</ele>
    <time>2025-11-26T11:10:36Z</time>
   </trkpt>
   <trkpt lat="31.1644860" lon="75.7749300">
    <ele>243.8</ele>
    <time>2025-11-26T11:10:37Z</time>
   </trkpt>
   <trkpt lat="31.1644240" lon="75.7749370">
    <ele>243.8</ele>
    <time>2025-11-26T11:10:38Z</time>
   </trkpt>
   <trkpt lat="31.1643600" lon="75.7749440">
    <ele>243.8</ele>
    <time>2025-11-26T11:10:39Z</time>
   </trkpt>
   <trkpt lat="31.1642950" lon="75.7749510">
    <ele>243.8</ele>
    <time>2025-11-26T11:10:40Z</time>
   </trkpt>
   <trkpt lat="31.1642300" lon="75.7749600">
    <ele>243.8</ele>
    <time>2025-11-26T11:10:41Z</time>
   </trkpt>
   <trkpt lat="31.1641650" lon="75.7749680">
    <ele>243.8</ele>
    <time>2025-11-26T11:10:42Z</time>
   </trkpt>
   <trkpt lat="31.1641010" lon="75.7749750">
    <ele>243.8</ele>
    <time>2025-11-26T11:10:43Z</time>
   </trkpt>
   <trkpt lat="31.1640360" lon="75.7749820">
    <ele>243.8</ele>
    <time>2025-11-26T11:10:44Z</time>
   </trkpt>
   <trkpt lat="31.1639710" lon="75.7749870">
    <ele>243.9</ele>
    <time>2025-11-26T11:10:45Z</time>
   </trkpt>
   <trkpt lat="31.1639100" lon="75.7749950">
    <ele>243.9</ele>
    <time>2025-11-26T11:10:46Z</time>
   </trkpt>
   <trkpt lat="31.1638470" lon="75.7750010">
    <ele>243.9</ele>
    <time>2025-11-26T11:10:47Z</time>
   </trkpt>
   <trkpt lat="31.1637830" lon="75.7750050">
    <ele>243.9</ele>
    <time>2025-11-26T11:10:48Z</time>
   </trkpt>
   <trkpt lat="31.1637200" lon="75.7750060">
    <ele>244.0</ele>
    <time>2025-11-26T11:10:49Z</time>
   </trkpt>
   <trkpt lat="31.1636560" lon="75.7750050">
    <ele>244.0</ele>
    <time>2025-11-26T11:10:50Z</time>
   </trkpt>
   <trkpt lat="31.1635920" lon="75.7750060">
    <ele>244.0</ele>
    <time>2025-11-26T11:10:51Z</time>
   </trkpt>
   <trkpt lat="31.1635280" lon="75.7750090">
    <ele>244.1</ele>
    <time>2025-11-26T11:10:52Z</time>
   </trkpt>
   <trkpt lat="31.1634630" lon="75.7750170">
    <ele>244.1</ele>
    <time>2025-11-26T11:10:53Z</time>
   </trkpt>
   <trkpt lat="31.1633980" lon="75.7750270">
    <ele>244.0</ele>
    <time>2025-11-26T11:10:54Z</time>
   </trkpt>
   <trkpt lat="31.1633320" lon="75.7750400">
    <ele>244.0</ele>
    <time>2025-11-26T11:10:55Z</time>
   </trkpt>
   <trkpt lat="31.1632620" lon="75.7750480">
    <ele>244.0</ele>
    <time>2025-11-26T11:10:56Z</time>
   </trkpt>
   <trkpt lat="31.1631920" lon="75.7750530">
    <ele>244.0</ele>
    <time>2025-11-26T11:10:57Z</time>
   </trkpt>
   <trkpt lat="31.1631220" lon="75.7750550">
    <ele>244.0</ele>
    <time>2025-11-26T11:10:58Z</time>
   </trkpt>
   <trkpt lat="31.1630500" lon="75.7750580">
    <ele>244.0</ele>
    <time>2025-11-26T11:10:59Z</time>
   </trkpt>
   <trkpt lat="31.1629790" lon="75.7750680">
    <ele>244.0</ele>
    <time>2025-11-26T11:11:00Z</time>
   </trkpt>
   <trkpt lat="31.1629070" lon="75.7750740">
    <ele>244.1</ele>
    <time>2025-11-26T11:11:01Z</time>
   </trkpt>
   <trkpt lat="31.1628380" lon="75.7750860">
    <ele>244.1</ele>
    <time>2025-11-26T11:11:02Z</time>
   </trkpt>
   <trkpt lat="31.1627660" lon="75.7751050">
    <ele>244.1</ele>
    <time>2025-11-26T11:11:03Z</time>
   </trkpt>
   <trkpt lat="31.1626950" lon="75.7751180">
    <ele>244.2</ele>
    <time>2025-11-26T11:11:04Z</time>
   </trkpt>
   <trkpt lat="31.1626230" lon="75.7751270">
    <ele>244.4</ele>
    <time>2025-11-26T11:11:05Z</time>
   </trkpt>
   <trkpt lat="31.1625500" lon="75.7751360">
    <ele>244.5</ele>
    <time>2025-11-26T11:11:06Z</time>
   </trkpt>
   <trkpt lat="31.1624770" lon="75.7751470">
    <ele>244.6</ele>
    <time>2025-11-26T11:11:07Z</time>
   </trkpt>
   <trkpt lat="31.1624050" lon="75.7751570">
    <ele>244.6</ele>
    <time>2025-11-26T11:11:08Z</time>
   </trkpt>
   <trkpt lat="31.1623320" lon="75.7751640">
    <ele>244.6</ele>
    <time>2025-11-26T11:11:09Z</time>
   </trkpt>
   <trkpt lat="31.1622590" lon="75.7751680">
    <ele>244.6</ele>
    <time>2025-11-26T11:11:10Z</time>
   </trkpt>
   <trkpt lat="31.1621870" lon="75.7751730">
    <ele>244.7</ele>
    <time>2025-11-26T11:11:11Z</time>
   </trkpt>
   <trkpt lat="31.1621130" lon="75.7751820">
    <ele>244.9</ele>
    <time>2025-11-26T11:11:12Z</time>
   </trkpt>
   <trkpt lat="31.1620420" lon="75.7751890">
    <ele>244.9</ele>
    <time>2025-11-26T11:11:13Z</time>
   </trkpt>
   <trkpt lat="31.1619710" lon="75.7751980">
    <ele>244.7</ele>
    <time>2025-11-26T11:11:14Z</time>
   </trkpt>
   <trkpt lat="31.1618990" lon="75.7752070">
    <ele>244.6</ele>
    <time>2025-11-26T11:11:15Z</time>
   </trkpt>
   <trkpt lat="31.1618290" lon="75.7752150">
    <ele>244.6</ele>
    <time>2025-11-26T11:11:16Z</time>
   </trkpt>
   <trkpt lat="31.1617580" lon="75.7752240">
    <ele>244.7</ele>
    <time>2025-11-26T11:11:17Z</time>
   </trkpt>
   <trkpt lat="31.1616890" lon="75.7752300">
    <ele>244.9</ele>
    <time>2025-11-26T11:11:18Z</time>
   </trkpt>
   <trkpt lat="31.1616170" lon="75.7752340">
    <ele>244.7</ele>
    <time>2025-11-26T11:11:19Z</time>
   </trkpt>
   <trkpt lat="31.1615460" lon="75.7752370">
    <ele>244.4</ele>
    <time>2025-11-26T11:11:20Z</time>
   </trkpt>
   <trkpt lat="31.1614730" lon="75.7752430">
    <ele>244.2</ele>
    <time>2025-11-26T11:11:21Z</time>
   </trkpt>
   <trkpt lat="31.1613990" lon="75.7752480">
    <ele>243.9</ele>
    <time>2025-11-26T11:11:22Z</time>
   </trkpt>
   <trkpt lat="31.1612490" lon="75.7752600">
    <ele>243.5</ele>
    <time>2025-11-26T11:11:23Z</time>
   </trkpt>
   <trkpt lat="31.1611730" lon="75.7752630">
    <ele>243.3</ele>
    <time>2025-11-26T11:11:24Z</time>
   </trkpt>
   <trkpt lat="31.1610940" lon="75.7752690">
    <ele>243.1</ele>
    <time>2025-11-26T11:11:25Z</time>
   </trkpt>
   <trkpt lat="31.1610170" lon="75.7752750">
    <ele>242.8</ele>
    <time>2025-11-26T11:11:26Z</time>
   </trkpt>
   <trkpt lat="31.1609390" lon="75.7752810">
    <ele>242.7</ele>
    <time>2025-11-26T11:11:27Z</time>
   </trkpt>
   <trkpt lat="31.1608630" lon="75.7752840">
    <ele>242.6</ele>
    <time>2025-11-26T11:11:28Z</time>
   </trkpt>
   <trkpt lat="31.1607850" lon="75.7752840">
    <ele>242.5</ele>
    <time>2025-11-26T11:11:29Z</time>
   </trkpt>
   <trkpt lat="31.1607080" lon="75.7752830">
    <ele>242.5</ele>
    <time>2025-11-26T11:11:30Z</time>
   </trkpt>
   <trkpt lat="31.1606330" lon="75.7752890">
    <ele>242.4</ele>
    <time>2025-11-26T11:11:31Z</time>
   </trkpt>
   <trkpt lat="31.1605580" lon="75.7752920">
    <ele>242.4</ele>
    <time>2025-11-26T11:11:32Z</time>
   </trkpt>
   <trkpt lat="31.1604850" lon="75.7752950">
    <ele>242.4</ele>
    <time>2025-11-26T11:11:33Z</time>
   </trkpt>
   <trkpt lat="31.1604110" lon="75.7752960">
    <ele>242.3</ele>
    <time>2025-11-26T11:11:34Z</time>
   </trkpt>
   <trkpt lat="31.1603350" lon="75.7752950">
    <ele>242.3</ele>
    <time>2025-11-26T11:11:35Z</time>
   </trkpt>
   <trkpt lat="31.1602650" lon="75.7752980">
    <ele>242.2</ele>
    <time>2025-11-26T11:11:36Z</time>
   </trkpt>
   <trkpt lat="31.1601920" lon="75.7753030">
    <ele>242.1</ele>
    <time>2025-11-26T11:11:37Z</time>
   </trkpt>
   <trkpt lat="31.1601240" lon="75.7753080">
    <ele>242.0</ele>
    <time>2025-11-26T11:11:38Z</time>
   </trkpt>
   <trkpt lat="31.1600560" lon="75.7753100">
    <ele>242.0</ele>
    <time>2025-11-26T11:11:39Z</time>
   </trkpt>
   <trkpt lat="31.1599900" lon="75.7753040">
    <ele>242.1</ele>
    <time>2025-11-26T11:11:40Z</time>
   </trkpt>
   <trkpt lat="31.1599230" lon="75.7752980">
    <ele>242.2</ele>
    <time>2025-11-26T11:11:41Z</time>
   </trkpt>
   <trkpt lat="31.1598600" lon="75.7752950">
    <ele>242.3</ele>
    <time>2025-11-26T11:11:42Z</time>
   </trkpt>
   <trkpt lat="31.1597990" lon="75.7752990">
    <ele>242.4</ele>
    <time>2025-11-26T11:11:43Z</time>
   </trkpt>
   <trkpt lat="31.1597340" lon="75.7752990">
    <ele>242.5</ele>
    <time>2025-11-26T11:11:44Z</time>
   </trkpt>
   <trkpt lat="31.1596690" lon="75.7752920">
    <ele>242.7</ele>
    <time>2025-11-26T11:11:45Z</time>
   </trkpt>
   <trkpt lat="31.1596050" lon="75.7752910">
    <ele>242.8</ele>
    <time>2025-11-26T11:11:46Z</time>
   </trkpt>
   <trkpt lat="31.1595400" lon="75.7752960">
    <ele>242.8</ele>
    <time>2025-11-26T11:11:47Z</time>
   </trkpt>
   <trkpt lat="31.1594790" lon="75.7753050">
    <ele>242.9</ele>
    <time>2025-11-26T11:11:48Z</time>
   </trkpt>
   <trkpt lat="31.1594160" lon="75.7753180">
    <ele>242.9</ele>
    <time>2025-11-26T11:11:49Z</time>
   </trkpt>
   <trkpt lat="31.1593520" lon="75.7753290">
    <ele>242.9</ele>
    <time>2025-11-26T11:11:50Z</time>
   </trkpt>
   <trkpt lat="31.1592870" lon="75.7753350">
    <ele>242.8</ele>
    <time>2025-11-26T11:11:51Z</time>
   </trkpt>
   <trkpt lat="31.1592230" lon="75.7753400">
    <ele>242.7</ele>
    <time>2025-11-26T11:11:52Z</time>
   </trkpt>
   <trkpt lat="31.1591580" lon="75.7753450">
    <ele>242.7</ele>
    <time>2025-11-26T11:11:53Z</time>
   </trkpt>
   <trkpt lat="31.1590950" lon="75.7753470">
    <ele>242.8</ele>
    <time>2025-11-26T11:11:54Z</time>
   </trkpt>
   <trkpt lat="31.1590310" lon="75.7753460">
    <ele>242.9</ele>
    <time>2025-11-26T11:11:55Z</time>
   </trkpt>
   <trkpt lat="31.1589680" lon="75.7753450">
    <ele>243.1</ele>
    <time>2025-11-26T11:11:56Z</time>
   </trkpt>
   <trkpt lat="31.1589060" lon="75.7753440">
    <ele>243.2</ele>
    <time>2025-11-26T11:11:57Z</time>
   </trkpt>
   <trkpt lat="31.1588450" lon="75.7753430">
    <ele>243.3</ele>
    <time>2025-11-26T11:11:58Z</time>
   </trkpt>
   <trkpt lat="31.1587830" lon="75.7753430">
    <ele>243.2</ele>
    <time>2025-11-26T11:11:59Z</time>
   </trkpt>
   <trkpt lat="31.1587220" lon="75.7753380">
    <ele>243.1</ele>
    <time>2025-11-26T11:12:00Z</time>
   </trkpt>
   <trkpt lat="31.1586620" lon="75.7753350">
    <ele>243.0</ele>
    <time>2025-11-26T11:12:01Z</time>
   </trkpt>
   <trkpt lat="31.1586050" lon="75.7753340">
    <ele>243.0</ele>
    <time>2025-11-26T11:12:02Z</time>
   </trkpt>
   <trkpt lat="31.1585490" lon="75.7753290">
    <ele>243.1</ele>
    <time>2025-11-26T11:12:03Z</time>
   </trkpt>
   <trkpt lat="31.1584930" lon="75.7753260">
    <ele>243.2</ele>
    <time>2025-11-26T11:12:04Z</time>
   </trkpt>
   <trkpt lat="31.1584400" lon="75.7753240">
    <ele>243.3</ele>
    <time>2025-11-26T11:12:05Z</time>
   </trkpt>
   <trkpt lat="31.1583870" lon="75.7753230">
    <ele>243.3</ele>
    <time>2025-11-26T11:12:06Z</time>
   </trkpt>
   <trkpt lat="31.1583350" lon="75.7753160">
    <ele>243.4</ele>
    <time>2025-11-26T11:12:07Z</time>
   </trkpt>
   <trkpt lat="31.1582860" lon="75.7753110">
    <ele>243.4</ele>
    <time>2025-11-26T11:12:08Z</time>
   </trkpt>
   <trkpt lat="31.1582350" lon="75.7753080">
    <ele>243.4</ele>
    <time>2025-11-26T11:12:09Z</time>
   </trkpt>
   <trkpt lat="31.1581860" lon="75.7753060">
    <ele>243.4</ele>
    <time>2025-11-26T11:12:10Z</time>
   </trkpt>
   <trkpt lat="31.1581370" lon="75.7753020">
    <ele>243.5</ele>
    <time>2025-11-26T11:12:11Z</time>
   </trkpt>
   <trkpt lat="31.1580870" lon="75.7752980">
    <ele>243.5</ele>
    <time>2025-11-26T11:12:12Z</time>
   </trkpt>
   <trkpt lat="31.1580350" lon="75.7752980">
    <ele>243.6</ele>
    <time>2025-11-26T11:12:13Z</time>
   </trkpt>
   <trkpt lat="31.1579810" lon="75.7753000">
    <ele>243.7</ele>
    <time>2025-11-26T11:12:14Z</time>
   </trkpt>
   <trkpt lat="31.1579280" lon="75.7752970">
    <ele>243.8</ele>
    <time>2025-11-26T11:12:15Z</time>
   </trkpt>
   <trkpt lat="31.1578720" lon="75.7752910">
    <ele>243.8</ele>
    <time>2025-11-26T11:12:16Z</time>
   </trkpt>
   <trkpt lat="31.1578160" lon="75.7752850">
    <ele>243.9</ele>
    <time>2025-11-26T11:12:17Z</time>
   </trkpt>
   <trkpt lat="31.1577570" lon="75.7752820">
    <ele>243.9</ele>
    <time>2025-11-26T11:12:18Z</time>
   </trkpt>
   <trkpt lat="31.1576990" lon="75.7752810">
    <ele>243.9</ele>
    <time>2025-11-26T11:12:19Z</time>
   </trkpt>
   <trkpt lat="31.1576380" lon="75.7752780">
    <ele>243.9</ele>
    <time>2025-11-26T11:12:20Z</time>
   </trkpt>
   <trkpt lat="31.1575780" lon="75.7752760">
    <ele>243.9</ele>
    <time>2025-11-26T11:12:21Z</time>
   </trkpt>
   <trkpt lat="31.1575180" lon="75.7752760">
    <ele>243.9</ele>
    <time>2025-11-26T11:12:22Z</time>
   </trkpt>
   <trkpt lat="31.1574560" lon="75.7752770">
    <ele>243.9</ele>
    <time>2025-11-26T11:12:23Z</time>
   </trkpt>
   <trkpt lat="31.1573960" lon="75.7752760">
    <ele>243.9</ele>
    <time>2025-11-26T11:12:24Z</time>
   </trkpt>
   <trkpt lat="31.1573330" lon="75.7752740">
    <ele>243.9</ele>
    <time>2025-11-26T11:12:26Z</time>
   </trkpt>
   <trkpt lat="31.1572730" lon="75.7752740">
    <ele>243.9</ele>
    <time>2025-11-26T11:12:27Z</time>
   </trkpt>
   <trkpt lat="31.1572110" lon="75.7752720">
    <ele>243.8</ele>
    <time>2025-11-26T11:12:28Z</time>
   </trkpt>
   <trkpt lat="31.1571510" lon="75.7752700">
    <ele>243.8</ele>
    <time>2025-11-26T11:12:29Z</time>
   </trkpt>
   <trkpt lat="31.1570890" lon="75.7752700">
    <ele>244.0</ele>
    <time>2025-11-26T11:12:30Z</time>
   </trkpt>
   <trkpt lat="31.1570280" lon="75.7752700">
    <ele>244.1</ele>
    <time>2025-11-26T11:12:31Z</time>
   </trkpt>
   <trkpt lat="31.1569660" lon="75.7752680">
    <ele>244.3</ele>
    <time>2025-11-26T11:12:32Z</time>
   </trkpt>
   <trkpt lat="31.1569060" lon="75.7752650">
    <ele>244.4</ele>
    <time>2025-11-26T11:12:33Z</time>
   </trkpt>
   <trkpt lat="31.1568440" lon="75.7752600">
    <ele>244.5</ele>
    <time>2025-11-26T11:12:34Z</time>
   </trkpt>
   <trkpt lat="31.1567830" lon="75.7752560">
    <ele>244.5</ele>
    <time>2025-11-26T11:12:35Z</time>
   </trkpt>
   <trkpt lat="31.1567220" lon="75.7752540">
    <ele>244.4</ele>
    <time>2025-11-26T11:12:36Z</time>
   </trkpt>
   <trkpt lat="31.1566620" lon="75.7752530">
    <ele>244.3</ele>
    <time>2025-11-26T11:12:37Z</time>
   </trkpt>
   <trkpt lat="31.1566040" lon="75.7752530">
    <ele>244.2</ele>
    <time>2025-11-26T11:12:38Z</time>
   </trkpt>
   <trkpt lat="31.1565490" lon="75.7752540">
    <ele>244.3</ele>
    <time>2025-11-26T11:12:39Z</time>
   </trkpt>
   <trkpt lat="31.1564930" lon="75.7752570">
    <ele>244.4</ele>
    <time>2025-11-26T11:12:40Z</time>
   </trkpt>
   <trkpt lat="31.1564380" lon="75.7752600">
    <ele>244.5</ele>
    <time>2025-11-26T11:12:41Z</time>
   </trkpt>
   <trkpt lat="31.1563810" lon="75.7752610">
    <ele>244.6</ele>
    <time>2025-11-26T11:12:42Z</time>
   </trkpt>
   <trkpt lat="31.1563220" lon="75.7752610">
    <ele>244.7</ele>
    <time>2025-11-26T11:12:43Z</time>
   </trkpt>
   <trkpt lat="31.1562620" lon="75.7752600">
    <ele>244.7</ele>
    <time>2025-11-26T11:12:44Z</time>
   </trkpt>
   <trkpt lat="31.1562010" lon="75.7752610">
    <ele>244.7</ele>
    <time>2025-11-26T11:12:45Z</time>
   </trkpt>
   <trkpt lat="31.1561390" lon="75.7752630">
    <ele>244.7</ele>
    <time>2025-11-26T11:12:46Z</time>
   </trkpt>
   <trkpt lat="31.1560780" lon="75.7752660">
    <ele>244.7</ele>
    <time>2025-11-26T11:12:47Z</time>
   </trkpt>
   <trkpt lat="31.1560190" lon="75.7752670">
    <ele>244.8</ele>
    <time>2025-11-26T11:12:48Z</time>
   </trkpt>
   <trkpt lat="31.1559640" lon="75.7752690">
    <ele>244.8</ele>
    <time>2025-11-26T11:12:49Z</time>
   </trkpt>
   <trkpt lat="31.1559010" lon="75.7752710">
    <ele>244.9</ele>
    <time>2025-11-26T11:12:50Z</time>
   </trkpt>
   <trkpt lat="31.1558440" lon="75.7752700">
    <ele>244.9</ele>
    <time>2025-11-26T11:12:51Z</time>
   </trkpt>
   <trkpt lat="31.1557930" lon="75.7752720">
    <ele>245.0</ele>
    <time>2025-11-26T11:12:52Z</time>
   </trkpt>
   <trkpt lat="31.1557400" lon="75.7752690">
    <ele>245.0</ele>
    <time>2025-11-26T11:12:53Z</time>
   </trkpt>
   <trkpt lat="31.1556890" lon="75.7752650">
    <ele>245.0</ele>
    <time>2025-11-26T11:12:54Z</time>
   </trkpt>
   <trkpt lat="31.1556390" lon="75.7752650">
    <ele>245.0</ele>
    <time>2025-11-26T11:12:55Z</time>
   </trkpt>
   <trkpt lat="31.1555820" lon="75.7752580">
    <ele>245.0</ele>
    <time>2025-11-26T11:12:56Z</time>
   </trkpt>
   <trkpt lat="31.1555310" lon="75.7752630">
    <ele>245.1</ele>
    <time>2025-11-26T11:12:57Z</time>
   </trkpt>
   <trkpt lat="31.1554820" lon="75.7752750">
    <ele>245.2</ele>
    <time>2025-11-26T11:12:58Z</time>
   </trkpt>
   <trkpt lat="31.1554280" lon="75.7752750">
    <ele>245.3</ele>
    <time>2025-11-26T11:12:59Z</time>
   </trkpt>
   <trkpt lat="31.1553740" lon="75.7752770">
    <ele>245.4</ele>
    <time>2025-11-26T11:13:00Z</time>
   </trkpt>
   <trkpt lat="31.1553210" lon="75.7752790">
    <ele>245.6</ele>
    <time>2025-11-26T11:13:01Z</time>
   </trkpt>
   <trkpt lat="31.1552660" lon="75.7752790">
    <ele>245.7</ele>
    <time>2025-11-26T11:13:02Z</time>
   </trkpt>
   <trkpt lat="31.1552110" lon="75.7752840">
    <ele>245.8</ele>
    <time>2025-11-26T11:13:03Z</time>
   </trkpt>
   <trkpt lat="31.1551580" lon="75.7752900">
    <ele>245.9</ele>
    <time>2025-11-26T11:13:04Z</time>
   </trkpt>
   <trkpt lat="31.1551070" lon="75.7752930">
    <ele>246.0</ele>
    <time>2025-11-26T11:13:05Z</time>
   </trkpt>
   <trkpt lat="31.1550540" lon="75.7752920">
    <ele>246.0</ele>
    <time>2025-11-26T11:13:06Z</time>
   </trkpt>
   <trkpt lat="31.1549990" lon="75.7752900">
    <ele>246.0</ele>
    <time>2025-11-26T11:13:07Z</time>
   </trkpt>
   <trkpt lat="31.1549500" lon="75.7752870">
    <ele>246.0</ele>
    <time>2025-11-26T11:13:08Z</time>
   </trkpt>
   <trkpt lat="31.1548980" lon="75.7752900">
    <ele>246.1</ele>
    <time>2025-11-26T11:13:09Z</time>
   </trkpt>
   <trkpt lat="31.1548460" lon="75.7752880">
    <ele>246.2</ele>
    <time>2025-11-26T11:13:10Z</time>
   </trkpt>
   <trkpt lat="31.1547920" lon="75.7752880">
    <ele>246.3</ele>
    <time>2025-11-26T11:13:11Z</time>
   </trkpt>
   <trkpt lat="31.1547390" lon="75.7752860">
    <ele>246.3</ele>
    <time>2025-11-26T11:13:12Z</time>
   </trkpt>
   <trkpt lat="31.1546920" lon="75.7752720">
    <ele>246.3</ele>
    <time>2025-11-26T11:13:13Z</time>
   </trkpt>
   <trkpt lat="31.1546400" lon="75.7752750">
    <ele>246.3</ele>
    <time>2025-11-26T11:13:14Z</time>
   </trkpt>
   <trkpt lat="31.1545870" lon="75.7752760">
    <ele>246.3</ele>
    <time>2025-11-26T11:13:15Z</time>
   </trkpt>
   <trkpt lat="31.1545350" lon="75.7752760">
    <ele>246.3</ele>
    <time>2025-11-26T11:13:16Z</time>
   </trkpt>
   <trkpt lat="31.1544850" lon="75.7752750">
    <ele>246.3</ele>
    <time>2025-11-26T11:13:17Z</time>
   </trkpt>
   <trkpt lat="31.1544330" lon="75.7752790">
    <ele>246.3</ele>
    <time>2025-11-26T11:13:18Z</time>
   </trkpt>
   <trkpt lat="31.1543800" lon="75.7752840">
    <ele>246.3</ele>
    <time>2025-11-26T11:13:19Z</time>
   </trkpt>
   <trkpt lat="31.1543300" lon="75.7752730">
    <ele>246.3</ele>
    <time>2025-11-26T11:13:20Z</time>
   </trkpt>
   <trkpt lat="31.1542770" lon="75.7752630">
    <ele>246.4</ele>
    <time>2025-11-26T11:13:21Z</time>
   </trkpt>
   <trkpt lat="31.1542210" lon="75.7752650">
    <ele>246.3</ele>
    <time>2025-11-26T11:13:22Z</time>
   </trkpt>
   <trkpt lat="31.1541670" lon="75.7752690">
    <ele>246.3</ele>
    <time>2025-11-26T11:13:23Z</time>
   </trkpt>
   <trkpt lat="31.1541100" lon="75.7752690">
    <ele>246.3</ele>
    <time>2025-11-26T11:13:24Z</time>
   </trkpt>
   <trkpt lat="31.1540530" lon="75.7752730">
    <ele>246.2</ele>
    <time>2025-11-26T11:13:25Z</time>
   </trkpt>
   <trkpt lat="31.1539960" lon="75.7752700">
    <ele>246.1</ele>
    <time>2025-11-26T11:13:26Z</time>
   </trkpt>
   <trkpt lat="31.1538800" lon="75.7752680">
    <ele>246.0</ele>
    <time>2025-11-26T11:13:27Z</time>
   </trkpt>
   <trkpt lat="31.1538170" lon="75.7752710">
    <ele>245.9</ele>
    <time>2025-11-26T11:13:28Z</time>
   </trkpt>
   <trkpt lat="31.1537570" lon="75.7752720">
    <ele>245.8</ele>
    <time>2025-11-26T11:13:29Z</time>
   </trkpt>
   <trkpt lat="31.1537030" lon="75.7752670">
    <ele>245.8</ele>
    <time>2025-11-26T11:13:30Z</time>
   </trkpt>
   <trkpt lat="31.1536460" lon="75.7752570">
    <ele>245.9</ele>
    <time>2025-11-26T11:13:31Z</time>
   </trkpt>
   <trkpt lat="31.1535870" lon="75.7752510">
    <ele>246.0</ele>
    <time>2025-11-26T11:13:32Z</time>
   </trkpt>
   <trkpt lat="31.1535260" lon="75.7752560">
    <ele>246.0</ele>
    <time>2025-11-26T11:13:33Z</time>
   </trkpt>
   <trkpt lat="31.1534640" lon="75.7752600">
    <ele>246.0</ele>
    <time>2025-11-26T11:13:34Z</time>
   </trkpt>
   <trkpt lat="31.1534040" lon="75.7752640">
    <ele>246.0</ele>
    <time>2025-11-26T11:13:35Z</time>
   </trkpt>
   <trkpt lat="31.1533470" lon="75.7752610">
    <ele>246.0</ele>
    <time>2025-11-26T11:13:36Z</time>
   </trkpt>
   <trkpt lat="31.1532910" lon="75.7752610">
    <ele>246.0</ele>
    <time>2025-11-26T11:13:37Z</time>
   </trkpt>
   <trkpt lat="31.1532360" lon="75.7752640">
    <ele>246.0</ele>
    <time>2025-11-26T11:13:38Z</time>
   </trkpt>
   <trkpt lat="31.1531810" lon="75.7752650">
    <ele>246.0</ele>
    <time>2025-11-26T11:13:39Z</time>
   </trkpt>
   <trkpt lat="31.1531280" lon="75.7752650">
    <ele>246.0</ele>
    <time>2025-11-26T11:13:40Z</time>
   </trkpt>
   <trkpt lat="31.1530740" lon="75.7752630">
    <ele>245.9</ele>
    <time>2025-11-26T11:13:41Z</time>
   </trkpt>
   <trkpt lat="31.1530120" lon="75.7752650">
    <ele>245.9</ele>
    <time>2025-11-26T11:13:42Z</time>
   </trkpt>
   <trkpt lat="31.1529600" lon="75.7752620">
    <ele>245.9</ele>
    <time>2025-11-26T11:13:43Z</time>
   </trkpt>
   <trkpt lat="31.1529110" lon="75.7752650">
    <ele>245.9</ele>
    <time>2025-11-26T11:13:44Z</time>
   </trkpt>
   <trkpt lat="31.1528460" lon="75.7752640">
    <ele>245.9</ele>
    <time>2025-11-26T11:13:45Z</time>
   </trkpt>
   <trkpt lat="31.1527740" lon="75.7752620">
    <ele>245.9</ele>
    <time>2025-11-26T11:13:46Z</time>
   </trkpt>
   <trkpt lat="31.1526980" lon="75.7752600">
    <ele>245.9</ele>
    <time>2025-11-26T11:13:47Z</time>
   </trkpt>
   <trkpt lat="31.1526170" lon="75.7752540">
    <ele>245.9</ele>
    <time>2025-11-26T11:13:48Z</time>
   </trkpt>
   <trkpt lat="31.1525340" lon="75.7752470">
    <ele>245.8</ele>
    <time>2025-11-26T11:13:49Z</time>
   </trkpt>
   <trkpt lat="31.1524470" lon="75.7752470">
    <ele>245.7</ele>
    <time>2025-11-26T11:13:50Z</time>
   </trkpt>
   <trkpt lat="31.1523670" lon="75.7752400">
    <ele>245.6</ele>
    <time>2025-11-26T11:13:51Z</time>
   </trkpt>
   <trkpt lat="31.1522870" lon="75.7752350">
    <ele>245.3</ele>
    <time>2025-11-26T11:13:52Z</time>
   </trkpt>
   <trkpt lat="31.1522090" lon="75.7752280">
    <ele>245.1</ele>
    <time>2025-11-26T11:13:53Z</time>
   </trkpt>
   <trkpt lat="31.1521320" lon="75.7752190">
    <ele>244.9</ele>
    <time>2025-11-26T11:13:54Z</time>
   </trkpt>
   <trkpt lat="31.1520570" lon="75.7752140">
    <ele>244.7</ele>
    <time>2025-11-26T11:13:55Z</time>
   </trkpt>
   <trkpt lat="31.1519830" lon="75.7752080">
    <ele>244.6</ele>
    <time>2025-11-26T11:13:56Z</time>
   </trkpt>
   <trkpt lat="31.1519110" lon="75.7752050">
    <ele>244.4</ele>
    <time>2025-11-26T11:13:57Z</time>
   </trkpt>
   <trkpt lat="31.1518390" lon="75.7751990">
    <ele>244.3</ele>
    <time>2025-11-26T11:13:58Z</time>
   </trkpt>
   <trkpt lat="31.1517660" lon="75.7751920">
    <ele>244.1</ele>
    <time>2025-11-26T11:13:59Z</time>
   </trkpt>
   <trkpt lat="31.1516930" lon="75.7751880">
    <ele>244.1</ele>
    <time>2025-11-26T11:14:00Z</time>
   </trkpt>
   <trkpt lat="31.1516200" lon="75.7751880">
    <ele>244.0</ele>
    <time>2025-11-26T11:14:01Z</time>
   </trkpt>
   <trkpt lat="31.1515480" lon="75.7751860">
    <ele>244.0</ele>
    <time>2025-11-26T11:14:02Z</time>
   </trkpt>
   <trkpt lat="31.1514770" lon="75.7751850">
    <ele>244.0</ele>
    <time>2025-11-26T11:14:03Z</time>
   </trkpt>
   <trkpt lat="31.1514070" lon="75.7751850">
    <ele>243.9</ele>
    <time>2025-11-26T11:14:04Z</time>
   </trkpt>
   <trkpt lat="31.1513360" lon="75.7751830">
    <ele>243.9</ele>
    <time>2025-11-26T11:14:05Z</time>
   </trkpt>
   <trkpt lat="31.1512650" lon="75.7751820">
    <ele>243.9</ele>
    <time>2025-11-26T11:14:06Z</time>
   </trkpt>
   <trkpt lat="31.1511950" lon="75.7751810">
    <ele>243.9</ele>
    <time>2025-11-26T11:14:07Z</time>
   </trkpt>
   <trkpt lat="31.1511260" lon="75.7751840">
    <ele>243.9</ele>
    <time>2025-11-26T11:14:08Z</time>
   </trkpt>
   <trkpt lat="31.1510570" lon="75.7751840">
    <ele>244.0</ele>
    <time>2025-11-26T11:14:09Z</time>
   </trkpt>
   <trkpt lat="31.1509900" lon="75.7751830">
    <ele>244.0</ele>
    <time>2025-11-26T11:14:10Z</time>
   </trkpt>
   <trkpt lat="31.1509220" lon="75.7751840">
    <ele>244.0</ele>
    <time>2025-11-26T11:14:11Z</time>
   </trkpt>
   <trkpt lat="31.1508540" lon="75.7751830">
    <ele>244.1</ele>
    <time>2025-11-26T11:14:12Z</time>
   </trkpt>
   <trkpt lat="31.1507870" lon="75.7751830">
    <ele>244.1</ele>
    <time>2025-11-26T11:14:13Z</time>
   </trkpt>
   <trkpt lat="31.1507180" lon="75.7751850">
    <ele>244.0</ele>
    <time>2025-11-26T11:14:14Z</time>
   </trkpt>
   <trkpt lat="31.1506520" lon="75.7751870">
    <ele>244.0</ele>
    <time>2025-11-26T11:14:15Z</time>
   </trkpt>
   <trkpt lat="31.1505860" lon="75.7751880">
    <ele>244.0</ele>
    <time>2025-11-26T11:14:16Z</time>
   </trkpt>
   <trkpt lat="31.1505230" lon="75.7751890">
    <ele>244.0</ele>
    <time>2025-11-26T11:14:17Z</time>
   </trkpt>
   <trkpt lat="31.1504610" lon="75.7751890">
    <ele>244.0</ele>
    <time>2025-11-26T11:14:18Z</time>
   </trkpt>
   <trkpt lat="31.1504000" lon="75.7751900">
    <ele>244.0</ele>
    <time>2025-11-26T11:14:19Z</time>
   </trkpt>
   <trkpt lat="31.1503420" lon="75.7751910">
    <ele>244.0</ele>
    <time>2025-11-26T11:14:20Z</time>
   </trkpt>
   <trkpt lat="31.1502760" lon="75.7751900">
    <ele>244.0</ele>
    <time>2025-11-26T11:14:21Z</time>
   </trkpt>
   <trkpt lat="31.1502170" lon="75.7751910">
    <ele>244.1</ele>
    <time>2025-11-26T11:14:22Z</time>
   </trkpt>
   <trkpt lat="31.1501580" lon="75.7751920">
    <ele>244.2</ele>
    <time>2025-11-26T11:14:23Z</time>
   </trkpt>
   <trkpt lat="31.1500960" lon="75.7751910">
    <ele>244.2</ele>
    <time>2025-11-26T11:14:24Z</time>
   </trkpt>
   <trkpt lat="31.1500350" lon="75.7751930">
    <ele>244.2</ele>
    <time>2025-11-26T11:14:25Z</time>
   </trkpt>
   <trkpt lat="31.1499710" lon="75.7751930">
    <ele>244.2</ele>
    <time>2025-11-26T11:14:26Z</time>
   </trkpt>
   <trkpt lat="31.1499090" lon="75.7751940">
    <ele>244.3</ele>
    <time>2025-11-26T11:14:27Z</time>
   </trkpt>
   <trkpt lat="31.1498460" lon="75.7751960">
    <ele>244.4</ele>
    <time>2025-11-26T11:14:28Z</time>
   </trkpt>
   <trkpt lat="31.1497810" lon="75.7751990">
    <ele>244.5</ele>
    <time>2025-11-26T11:14:29Z</time>
   </trkpt>
   <trkpt lat="31.1497190" lon="75.7751990">
    <ele>244.6</ele>
    <time>2025-11-26T11:14:31Z</time>
   </trkpt>
   <trkpt lat="31.1496540" lon="75.7752010">
    <ele>244.8</ele>
    <time>2025-11-26T11:14:32Z</time>
   </trkpt>
   <trkpt lat="31.1495910" lon="75.7752030">
    <ele>244.9</ele>
    <time>2025-11-26T11:14:33Z</time>
   </trkpt>
   <trkpt lat="31.1495260" lon="75.7752090">
    <ele>244.9</ele>
    <time>2025-11-26T11:14:34Z</time>
   </trkpt>
   <trkpt lat="31.1494620" lon="75.7752150">
    <ele>245.0</ele>
    <time>2025-11-26T11:14:35Z</time>
   </trkpt>
   <trkpt lat="31.1493980" lon="75.7752190">
    <ele>245.0</ele>
    <time>2025-11-26T11:14:36Z</time>
   </trkpt>
   <trkpt lat="31.1493330" lon="75.7752210">
    <ele>245.1</ele>
    <time>2025-11-26T11:14:37Z</time>
   </trkpt>
   <trkpt lat="31.1492700" lon="75.7752260">
    <ele>245.1</ele>
    <time>2025-11-26T11:14:38Z</time>
   </trkpt>
   <trkpt lat="31.1492010" lon="75.7752330">
    <ele>245.1</ele>
    <time>2025-11-26T11:14:39Z</time>
   </trkpt>
   <trkpt lat="31.1491360" lon="75.7752380">
    <ele>245.1</ele>
    <time>2025-11-26T11:14:40Z</time>
   </trkpt>
   <trkpt lat="31.1490700" lon="75.7752420">
    <ele>245.2</ele>
    <time>2025-11-26T11:14:41Z</time>
   </trkpt>
   <trkpt lat="31.1490060" lon="75.7752450">
    <ele>245.2</ele>
    <time>2025-11-26T11:14:42Z</time>
   </trkpt>
   <trkpt lat="31.1489400" lon="75.7752500">
    <ele>245.3</ele>
    <time>2025-11-26T11:14:43Z</time>
   </trkpt>
   <trkpt lat="31.1488750" lon="75.7752540">
    <ele>245.3</ele>
    <time>2025-11-26T11:14:44Z</time>
   </trkpt>
   <trkpt lat="31.1488110" lon="75.7752560">
    <ele>245.4</ele>
    <time>2025-11-26T11:14:45Z</time>
   </trkpt>
   <trkpt lat="31.1487470" lon="75.7752550">
    <ele>245.4</ele>
    <time>2025-11-26T11:14:46Z</time>
   </trkpt>
   <trkpt lat="31.1486810" lon="75.7752600">
    <ele>245.5</ele>
    <time>2025-11-26T11:14:47Z</time>
   </trkpt>
   <trkpt lat="31.1486180" lon="75.7752640">
    <ele>245.5</ele>
    <time>2025-11-26T11:14:48Z</time>
   </trkpt>
   <trkpt lat="31.1485530" lon="75.7752610">
    <ele>245.6</ele>
    <time>2025-11-26T11:14:49Z</time>
   </trkpt>
   <trkpt lat="31.1484890" lon="75.7752560">
    <ele>245.6</ele>
    <time>2025-11-26T11:14:50Z</time>
   </trkpt>
   <trkpt lat="31.1484230" lon="75.7752490">
    <ele>245.6</ele>
    <time>2025-11-26T11:14:51Z</time>
   </trkpt>
   <trkpt lat="31.1483590" lon="75.7752420">
    <ele>245.7</ele>
    <time>2025-11-26T11:14:52Z</time>
   </trkpt>
   <trkpt lat="31.1482920" lon="75.7752380">
    <ele>245.7</ele>
    <time>2025-11-26T11:14:53Z</time>
   </trkpt>
   <trkpt lat="31.1482250" lon="75.7752360">
    <ele>245.8</ele>
    <time>2025-11-26T11:14:54Z</time>
   </trkpt>
   <trkpt lat="31.1481620" lon="75.7752320">
    <ele>245.8</ele>
    <time>2025-11-26T11:14:55Z</time>
   </trkpt>
   <trkpt lat="31.1480960" lon="75.7752260">
    <ele>245.9</ele>
    <time>2025-11-26T11:14:56Z</time>
   </trkpt>
   <trkpt lat="31.1480300" lon="75.7752250">
    <ele>245.9</ele>
    <time>2025-11-26T11:14:57Z</time>
   </trkpt>
   <trkpt lat="31.1479630" lon="75.7752270">
    <ele>245.9</ele>
    <time>2025-11-26T11:14:58Z</time>
   </trkpt>
   <trkpt lat="31.1478980" lon="75.7752290">
    <ele>246.0</ele>
    <time>2025-11-26T11:14:59Z</time>
   </trkpt>
   <trkpt lat="31.1478270" lon="75.7752290">
    <ele>246.0</ele>
    <time>2025-11-26T11:15:00Z</time>
   </trkpt>
   <trkpt lat="31.1477570" lon="75.7752290">
    <ele>246.0</ele>
    <time>2025-11-26T11:15:01Z</time>
   </trkpt>
   <trkpt lat="31.1476880" lon="75.7752320">
    <ele>246.0</ele>
    <time>2025-11-26T11:15:02Z</time>
   </trkpt>
   <trkpt lat="31.1476180" lon="75.7752350">
    <ele>245.9</ele>
    <time>2025-11-26T11:15:03Z</time>
   </trkpt>
   <trkpt lat="31.1475480" lon="75.7752390">
    <ele>245.8</ele>
    <time>2025-11-26T11:15:04Z</time>
   </trkpt>
   <trkpt lat="31.1474790" lon="75.7752400">
    <ele>245.8</ele>
    <time>2025-11-26T11:15:05Z</time>
   </trkpt>
   <trkpt lat="31.1474110" lon="75.7752430">
    <ele>245.7</ele>
    <time>2025-11-26T11:15:06Z</time>
   </trkpt>
   <trkpt lat="31.1473410" lon="75.7752460">
    <ele>245.6</ele>
    <time>2025-11-26T11:15:07Z</time>
   </trkpt>
   <trkpt lat="31.1472720" lon="75.7752480">
    <ele>245.5</ele>
    <time>2025-11-26T11:15:08Z</time>
   </trkpt>
   <trkpt lat="31.1472030" lon="75.7752510">
    <ele>245.4</ele>
    <time>2025-11-26T11:15:09Z</time>
   </trkpt>
   <trkpt lat="31.1471350" lon="75.7752580">
    <ele>245.3</ele>
    <time>2025-11-26T11:15:10Z</time>
   </trkpt>
   <trkpt lat="31.1470650" lon="75.7752650">
    <ele>245.3</ele>
    <time>2025-11-26T11:15:11Z</time>
   </trkpt>
   <trkpt lat="31.1469960" lon="75.7752730">
    <ele>245.2</ele>
    <time>2025-11-26T11:15:12Z</time>
   </trkpt>
   <trkpt lat="31.1469270" lon="75.7752780">
    <ele>245.2</ele>
    <time>2025-11-26T11:15:13Z</time>
   </trkpt>
   <trkpt lat="31.1468580" lon="75.7752820">
    <ele>245.1</ele>
    <time>2025-11-26T11:15:14Z</time>
   </trkpt>
   <trkpt lat="31.1467880" lon="75.7752850">
    <ele>245.0</ele>
    <time>2025-11-26T11:15:15Z</time>
   </trkpt>
   <trkpt lat="31.1467180" lon="75.7752920">
    <ele>245.0</ele>
    <time>2025-11-26T11:15:16Z</time>
   </trkpt>
   <trkpt lat="31.1466470" lon="75.7752990">
    <ele>245.0</ele>
    <time>2025-11-26T11:15:17Z</time>
   </trkpt>
   <trkpt lat="31.1465030" lon="75.7753150">
    <ele>244.9</ele>
    <time>2025-11-26T11:15:18Z</time>
   </trkpt>
   <trkpt lat="31.1464310" lon="75.7753220">
    <ele>244.9</ele>
    <time>2025-11-26T11:15:19Z</time>
   </trkpt>
   <trkpt lat="31.1463580" lon="75.7753310">
    <ele>244.9</ele>
    <time>2025-11-26T11:15:20Z</time>
   </trkpt>
   <trkpt lat="31.1462860" lon="75.7753360">
    <ele>244.9</ele>
    <time>2025-11-26T11:15:21Z</time>
   </trkpt>
   <trkpt lat="31.1462170" lon="75.7753400">
    <ele>244.9</ele>
    <time>2025-11-26T11:15:22Z</time>
   </trkpt>
   <trkpt lat="31.1461490" lon="75.7753460">
    <ele>244.8</ele>
    <time>2025-11-26T11:15:23Z</time>
   </trkpt>
   <trkpt lat="31.1460890" lon="75.7753480">
    <ele>244.8</ele>
    <time>2025-11-26T11:15:24Z</time>
   </trkpt>
   <trkpt lat="31.1460280" lon="75.7753560">
    <ele>244.7</ele>
    <time>2025-11-26T11:15:25Z</time>
   </trkpt>
   <trkpt lat="31.1459620" lon="75.7753610">
    <ele>244.6</ele>
    <time>2025-11-26T11:15:26Z</time>
   </trkpt>
   <trkpt lat="31.1459000" lon="75.7753620">
    <ele>244.6</ele>
    <time>2025-11-26T11:15:27Z</time>
   </trkpt>
   <trkpt lat="31.1458470" lon="75.7753630">
    <ele>244.5</ele>
    <time>2025-11-26T11:15:28Z</time>
   </trkpt>
   <trkpt lat="31.1457870" lon="75.7753610">
    <ele>244.4</ele>
    <time>2025-11-26T11:15:29Z</time>
   </trkpt>
   <trkpt lat="31.1457310" lon="75.7753620">
    <ele>244.3</ele>
    <time>2025-11-26T11:15:30Z</time>
   </trkpt>
   <trkpt lat="31.1456670" lon="75.7753630">
    <ele>244.2</ele>
    <time>2025-11-26T11:15:31Z</time>
   </trkpt>
   <trkpt lat="31.1456020" lon="75.7753700">
    <ele>244.1</ele>
    <time>2025-11-26T11:15:32Z</time>
   </trkpt>
   <trkpt lat="31.1455390" lon="75.7753720">
    <ele>244.0</ele>
    <time>2025-11-26T11:15:33Z</time>
   </trkpt>
   <trkpt lat="31.1454750" lon="75.7753760">
    <ele>243.9</ele>
    <time>2025-11-26T11:15:34Z</time>
   </trkpt>
   <trkpt lat="31.1454110" lon="75.7753790">
    <ele>243.8</ele>
    <time>2025-11-26T11:15:35Z</time>
   </trkpt>
   <trkpt lat="31.1453500" lon="75.7753800">
    <ele>243.8</ele>
    <time>2025-11-26T11:15:36Z</time>
   </trkpt>
   <trkpt lat="31.1452820" lon="75.7753800">
    <ele>243.7</ele>
    <time>2025-11-26T11:15:37Z</time>
   </trkpt>
   <trkpt lat="31.1452180" lon="75.7753860">
    <ele>243.6</ele>
    <time>2025-11-26T11:15:38Z</time>
   </trkpt>
   <trkpt lat="31.1451530" lon="75.7753900">
    <ele>243.4</ele>
    <time>2025-11-26T11:15:39Z</time>
   </trkpt>
   <trkpt lat="31.1450860" lon="75.7753920">
    <ele>243.2</ele>
    <time>2025-11-26T11:15:40Z</time>
   </trkpt>
   <trkpt lat="31.1450180" lon="75.7753950">
    <ele>243.1</ele>
    <time>2025-11-26T11:15:41Z</time>
   </trkpt>
   <trkpt lat="31.1449500" lon="75.7754020">
    <ele>243.2</ele>
    <time>2025-11-26T11:15:42Z</time>
   </trkpt>
   <trkpt lat="31.1448830" lon="75.7754050">
    <ele>243.4</ele>
    <time>2025-11-26T11:15:43Z</time>
   </trkpt>
   <trkpt lat="31.1448150" lon="75.7754070">
    <ele>243.5</ele>
    <time>2025-11-26T11:15:44Z</time>
   </trkpt>
   <trkpt lat="31.1447480" lon="75.7754130">
    <ele>243.6</ele>
    <time>2025-11-26T11:15:45Z</time>
   </trkpt>
   <trkpt lat="31.1446810" lon="75.7754170">
    <ele>243.7</ele>
    <time>2025-11-26T11:15:46Z</time>
   </trkpt>
   <trkpt lat="31.1446130" lon="75.7754210">
    <ele>243.7</ele>
    <time>2025-11-26T11:15:47Z</time>
   </trkpt>
   <trkpt lat="31.1445480" lon="75.7754240">
    <ele>243.9</ele>
    <time>2025-11-26T11:15:48Z</time>
   </trkpt>
   <trkpt lat="31.1444810" lon="75.7754250">
    <ele>244.1</ele>
    <time>2025-11-26T11:15:49Z</time>
   </trkpt>
   <trkpt lat="31.1444150" lon="75.7754290">
    <ele>244.2</ele>
    <time>2025-11-26T11:15:50Z</time>
   </trkpt>
   <trkpt lat="31.1443500" lon="75.7754340">
    <ele>244.2</ele>
    <time>2025-11-26T11:15:51Z</time>
   </trkpt>
   <trkpt lat="31.1442850" lon="75.7754350">
    <ele>244.3</ele>
    <time>2025-11-26T11:15:52Z</time>
   </trkpt>
   <trkpt lat="31.1442210" lon="75.7754380">
    <ele>244.3</ele>
    <time>2025-11-26T11:15:53Z</time>
   </trkpt>
   <trkpt lat="31.1441560" lon="75.7754400">
    <ele>244.5</ele>
    <time>2025-11-26T11:15:54Z</time>
   </trkpt>
   <trkpt lat="31.1440910" lon="75.7754450">
    <ele>244.6</ele>
    <time>2025-11-26T11:15:55Z</time>
   </trkpt>
   <trkpt lat="31.1440280" lon="75.7754460">
    <ele>244.7</ele>
    <time>2025-11-26T11:15:56Z</time>
   </trkpt>
   <trkpt lat="31.1439650" lon="75.7754490">
    <ele>244.8</ele>
    <time>2025-11-26T11:15:57Z</time>
   </trkpt>
   <trkpt lat="31.1439020" lon="75.7754490">
    <ele>244.8</ele>
    <time>2025-11-26T11:15:58Z</time>
   </trkpt>
   <trkpt lat="31.1438400" lon="75.7754470">
    <ele>244.7</ele>
    <time>2025-11-26T11:15:59Z</time>
   </trkpt>
   <trkpt lat="31.1437770" lon="75.7754480">
    <ele>244.6</ele>
    <time>2025-11-26T11:16:00Z</time>
   </trkpt>
   <trkpt lat="31.1437150" lon="75.7754460">
    <ele>244.6</ele>
    <time>2025-11-26T11:16:01Z</time>
   </trkpt>
   <trkpt lat="31.1436520" lon="75.7754450">
    <ele>244.6</ele>
    <time>2025-11-26T11:16:02Z</time>
   </trkpt>
   <trkpt lat="31.1435880" lon="75.7754420">
    <ele>244.8</ele>
    <time>2025-11-26T11:16:03Z</time>
   </trkpt>
   <trkpt lat="31.1435260" lon="75.7754390">
    <ele>244.9</ele>
    <time>2025-11-26T11:16:04Z</time>
   </trkpt>
   <trkpt lat="31.1434630" lon="75.7754420">
    <ele>245.0</ele>
    <time>2025-11-26T11:16:05Z</time>
   </trkpt>
   <trkpt lat="31.1434000" lon="75.7754450">
    <ele>245.1</ele>
    <time>2025-11-26T11:16:06Z</time>
   </trkpt>
   <trkpt lat="31.1433370" lon="75.7754450">
    <ele>245.1</ele>
    <time>2025-11-26T11:16:07Z</time>
   </trkpt>
   <trkpt lat="31.1432710" lon="75.7754470">
    <ele>245.0</ele>
    <time>2025-11-26T11:16:08Z</time>
   </trkpt>
   <trkpt lat="31.1432050" lon="75.7754500">
    <ele>245.0</ele>
    <time>2025-11-26T11:16:09Z</time>
   </trkpt>
   <trkpt lat="31.1431390" lon="75.7754530">
    <ele>244.9</ele>
    <time>2025-11-26T11:16:10Z</time>
   </trkpt>
   <trkpt lat="31.1430730" lon="75.7754540">
    <ele>244.8</ele>
    <time>2025-11-26T11:16:11Z</time>
   </trkpt>
   <trkpt lat="31.1430060" lon="75.7754590">
    <ele>244.7</ele>
    <time>2025-11-26T11:16:12Z</time>
   </trkpt>
   <trkpt lat="31.1429390" lon="75.7754620">
    <ele>244.6</ele>
    <time>2025-11-26T11:16:13Z</time>
   </trkpt>
   <trkpt lat="31.1428710" lon="75.7754640">
    <ele>244.5</ele>
    <time>2025-11-26T11:16:14Z</time>
   </trkpt>
   <trkpt lat="31.1428030" lon="75.7754660">
    <ele>244.3</ele>
    <time>2025-11-26T11:16:15Z</time>
   </trkpt>
   <trkpt lat="31.1427360" lon="75.7754690">
    <ele>244.2</ele>
    <time>2025-11-26T11:16:16Z</time>
   </trkpt>
   <trkpt lat="31.1426680" lon="75.7754710">
    <ele>244.0</ele>
    <time>2025-11-26T11:16:17Z</time>
   </trkpt>
   <trkpt lat="31.1426000" lon="75.7754760">
    <ele>243.8</ele>
    <time>2025-11-26T11:16:18Z</time>
   </trkpt>
   <trkpt lat="31.1425320" lon="75.7754790">
    <ele>243.8</ele>
    <time>2025-11-26T11:16:19Z</time>
   </trkpt>
   <trkpt lat="31.1424630" lon="75.7754820">
    <ele>243.7</ele>
    <time>2025-11-26T11:16:20Z</time>
   </trkpt>
   <trkpt lat="31.1423950" lon="75.7754840">
    <ele>243.6</ele>
    <time>2025-11-26T11:16:21Z</time>
   </trkpt>
   <trkpt lat="31.1423260" lon="75.7754890">
    <ele>243.6</ele>
    <time>2025-11-26T11:16:22Z</time>
   </trkpt>
   <trkpt lat="31.1422580" lon="75.7754910">
    <ele>243.5</ele>
    <time>2025-11-26T11:16:23Z</time>
   </trkpt>
   <trkpt lat="31.1421880" lon="75.7754930">
    <ele>243.5</ele>
    <time>2025-11-26T11:16:24Z</time>
   </trkpt>
   <trkpt lat="31.1421180" lon="75.7754950">
    <ele>243.4</ele>
    <time>2025-11-26T11:16:25Z</time>
   </trkpt>
   <trkpt lat="31.1420500" lon="75.7754950">
    <ele>243.4</ele>
    <time>2025-11-26T11:16:26Z</time>
   </trkpt>
   <trkpt lat="31.1419800" lon="75.7754980">
    <ele>243.4</ele>
    <time>2025-11-26T11:16:27Z</time>
   </trkpt>
   <trkpt lat="31.1419120" lon="75.7755030">
    <ele>243.3</ele>
    <time>2025-11-26T11:16:28Z</time>
   </trkpt>
   <trkpt lat="31.1418440" lon="75.7755110">
    <ele>243.3</ele>
    <time>2025-11-26T11:16:29Z</time>
   </trkpt>
   <trkpt lat="31.1417770" lon="75.7755190">
    <ele>243.3</ele>
    <time>2025-11-26T11:16:30Z</time>
   </trkpt>
   <trkpt lat="31.1417100" lon="75.7755290">
    <ele>243.3</ele>
    <time>2025-11-26T11:16:31Z</time>
   </trkpt>
   <trkpt lat="31.1416430" lon="75.7755370">
    <ele>243.3</ele>
    <time>2025-11-26T11:16:32Z</time>
   </trkpt>
   <trkpt lat="31.1415770" lon="75.7755430">
    <ele>243.3</ele>
    <time>2025-11-26T11:16:33Z</time>
   </trkpt>
   <trkpt lat="31.1415100" lon="75.7755490">
    <ele>243.3</ele>
    <time>2025-11-26T11:16:34Z</time>
   </trkpt>
   <trkpt lat="31.1414430" lon="75.7755580">
    <ele>243.2</ele>
    <time>2025-11-26T11:16:35Z</time>
   </trkpt>
   <trkpt lat="31.1413750" lon="75.7755650">
    <ele>243.2</ele>
    <time>2025-11-26T11:16:37Z</time>
   </trkpt>
   <trkpt lat="31.1413070" lon="75.7755720">
    <ele>243.2</ele>
    <time>2025-11-26T11:16:38Z</time>
   </trkpt>
   <trkpt lat="31.1412390" lon="75.7755740">
    <ele>243.2</ele>
    <time>2025-11-26T11:16:39Z</time>
   </trkpt>
   <trkpt lat="31.1411690" lon="75.7755730">
    <ele>243.2</ele>
    <time>2025-11-26T11:16:40Z</time>
   </trkpt>
   <trkpt lat="31.1411000" lon="75.7755700">
    <ele>243.2</ele>
    <time>2025-11-26T11:16:41Z</time>
   </trkpt>
   <trkpt lat="31.1410310" lon="75.7755670">
    <ele>243.2</ele>
    <time>2025-11-26T11:16:42Z</time>
   </trkpt>
   <trkpt lat="31.1409650" lon="75.7755680">
    <ele>243.2</ele>
    <time>2025-11-26T11:16:43Z</time>
   </trkpt>
   <trkpt lat="31.1409010" lon="75.7755670">
    <ele>243.2</ele>
    <time>2025-11-26T11:16:44Z</time>
   </trkpt>
   <trkpt lat="31.1408370" lon="75.7755660">
    <ele>243.1</ele>
    <time>2025-11-26T11:16:45Z</time>
   </trkpt>
   <trkpt lat="31.1407750" lon="75.7755650">
    <ele>243.1</ele>
    <time>2025-11-26T11:16:46Z</time>
   </trkpt>
   <trkpt lat="31.1407150" lon="75.7755660">
    <ele>243.1</ele>
    <time>2025-11-26T11:16:47Z</time>
   </trkpt>
   <trkpt lat="31.1406570" lon="75.7755700">
    <ele>243.1</ele>
    <time>2025-11-26T11:16:48Z</time>
   </trkpt>
   <trkpt lat="31.1405990" lon="75.7755730">
    <ele>243.1</ele>
    <time>2025-11-26T11:16:49Z</time>
   </trkpt>
   <trkpt lat="31.1405440" lon="75.7755720">
    <ele>243.1</ele>
    <time>2025-11-26T11:16:50Z</time>
   </trkpt>
   <trkpt lat="31.1404910" lon="75.7755740">
    <ele>243.0</ele>
    <time>2025-11-26T11:16:51Z</time>
   </trkpt>
   <trkpt lat="31.1404390" lon="75.7755750">
    <ele>243.0</ele>
    <time>2025-11-26T11:16:52Z</time>
   </trkpt>
   <trkpt lat="31.1403850" lon="75.7755770">
    <ele>243.0</ele>
    <time>2025-11-26T11:16:53Z</time>
   </trkpt>
   <trkpt lat="31.1403290" lon="75.7755760">
    <ele>243.0</ele>
    <time>2025-11-26T11:16:54Z</time>
   </trkpt>
   <trkpt lat="31.1402720" lon="75.7755770">
    <ele>243.0</ele>
    <time>2025-11-26T11:16:55Z</time>
   </trkpt>
   <trkpt lat="31.1402160" lon="75.7755830">
    <ele>243.0</ele>
    <time>2025-11-26T11:16:56Z</time>
   </trkpt>
   <trkpt lat="31.1401570" lon="75.7755870">
    <ele>243.0</ele>
    <time>2025-11-26T11:16:57Z</time>
   </trkpt>
   <trkpt lat="31.1401000" lon="75.7755890">
    <ele>243.0</ele>
    <time>2025-11-26T11:16:58Z</time>
   </trkpt>
   <trkpt lat="31.1400440" lon="75.7755890">
    <ele>242.9</ele>
    <time>2025-11-26T11:16:59Z</time>
   </trkpt>
   <trkpt lat="31.1399890" lon="75.7755910">
    <ele>242.9</ele>
    <time>2025-11-26T11:17:00Z</time>
   </trkpt>
   <trkpt lat="31.1399370" lon="75.7755940">
    <ele>242.9</ele>
    <time>2025-11-26T11:17:01Z</time>
   </trkpt>
   <trkpt lat="31.1398850" lon="75.7755960">
    <ele>242.9</ele>
    <time>2025-11-26T11:17:02Z</time>
   </trkpt>
   <trkpt lat="31.1398340" lon="75.7755970">
    <ele>242.9</ele>
    <time>2025-11-26T11:17:03Z</time>
   </trkpt>
   <trkpt lat="31.1397840" lon="75.7755980">
    <ele>242.9</ele>
    <time>2025-11-26T11:17:04Z</time>
   </trkpt>
   <trkpt lat="31.1397360" lon="75.7755970">
    <ele>242.9</ele>
    <time>2025-11-26T11:17:05Z</time>
   </trkpt>
   <trkpt lat="31.1396860" lon="75.7755980">
    <ele>242.9</ele>
    <time>2025-11-26T11:17:06Z</time>
   </trkpt>
   <trkpt lat="31.1396310" lon="75.7755990">
    <ele>242.9</ele>
    <time>2025-11-26T11:17:07Z</time>
   </trkpt>
   <trkpt lat="31.1395750" lon="75.7756020">
    <ele>242.9</ele>
    <time>2025-11-26T11:17:08Z</time>
   </trkpt>
   <trkpt lat="31.1395170" lon="75.7756040">
    <ele>242.9</ele>
    <time>2025-11-26T11:17:09Z</time>
   </trkpt>
   <trkpt lat="31.1394580" lon="75.7756040">
    <ele>242.9</ele>
    <time>2025-11-26T11:17:10Z</time>
   </trkpt>
   <trkpt lat="31.1393990" lon="75.7756070">
    <ele>242.9</ele>
    <time>2025-11-26T11:17:11Z</time>
   </trkpt>
   <trkpt lat="31.1393360" lon="75.7756100">
    <ele>242.9</ele>
    <time>2025-11-26T11:17:12Z</time>
   </trkpt>
   <trkpt lat="31.1392750" lon="75.7756140">
    <ele>243.0</ele>
    <time>2025-11-26T11:17:13Z</time>
   </trkpt>
   <trkpt lat="31.1392130" lon="75.7756130">
    <ele>243.0</ele>
    <time>2025-11-26T11:17:14Z</time>
   </trkpt>
   <trkpt lat="31.1391490" lon="75.7756120">
    <ele>243.0</ele>
    <time>2025-11-26T11:17:15Z</time>
   </trkpt>
   <trkpt lat="31.1390840" lon="75.7756140">
    <ele>242.9</ele>
    <time>2025-11-26T11:17:16Z</time>
   </trkpt>
   <trkpt lat="31.1390180" lon="75.7756180">
    <ele>242.9</ele>
    <time>2025-11-26T11:17:17Z</time>
   </trkpt>
   <trkpt lat="31.1389520" lon="75.7756210">
    <ele>242.8</ele>
    <time>2025-11-26T11:17:18Z</time>
   </trkpt>
   <trkpt lat="31.1388860" lon="75.7756220">
    <ele>242.8</ele>
    <time>2025-11-26T11:17:19Z</time>
   </trkpt>
   <trkpt lat="31.1388210" lon="75.7756240">
    <ele>242.7</ele>
    <time>2025-11-26T11:17:20Z</time>
   </trkpt>
   <trkpt lat="31.1387560" lon="75.7756300">
    <ele>242.7</ele>
    <time>2025-11-26T11:17:21Z</time>
   </trkpt>
   <trkpt lat="31.1386250" lon="75.7756380">
    <ele>242.5</ele>
    <time>2025-11-26T11:17:22Z</time>
   </trkpt>
   <trkpt lat="31.1385610" lon="75.7756410">
    <ele>242.5</ele>
    <time>2025-11-26T11:17:23Z</time>
   </trkpt>
   <trkpt lat="31.1384980" lon="75.7756430">
    <ele>242.4</ele>
    <time>2025-11-26T11:17:24Z</time>
   </trkpt>
   <trkpt lat="31.1384330" lon="75.7756450">
    <ele>242.4</ele>
    <time>2025-11-26T11:17:25Z</time>
   </trkpt>
   <trkpt lat="31.1383680" lon="75.7756480">
    <ele>242.3</ele>
    <time>2025-11-26T11:17:26Z</time>
   </trkpt>
   <trkpt lat="31.1383040" lon="75.7756520">
    <ele>242.3</ele>
    <time>2025-11-26T11:17:27Z</time>
   </trkpt>
   <trkpt lat="31.1382400" lon="75.7756550">
    <ele>242.2</ele>
    <time>2025-11-26T11:17:28Z</time>
   </trkpt>
   <trkpt lat="31.1381750" lon="75.7756580">
    <ele>242.1</ele>
    <time>2025-11-26T11:17:29Z</time>
   </trkpt>
   <trkpt lat="31.1381090" lon="75.7756590">
    <ele>242.1</ele>
    <time>2025-11-26T11:17:30Z</time>
   </trkpt>
   <trkpt lat="31.1380450" lon="75.7756570">
    <ele>242.1</ele>
    <time>2025-11-26T11:17:31Z</time>
   </trkpt>
   <trkpt lat="31.1379820" lon="75.7756560">
    <ele>242.0</ele>
    <time>2025-11-26T11:17:32Z</time>
   </trkpt>
   <trkpt lat="31.1379170" lon="75.7756580">
    <ele>242.0</ele>
    <time>2025-11-26T11:17:33Z</time>
   </trkpt>
   <trkpt lat="31.1378540" lon="75.7756580">
    <ele>242.0</ele>
    <time>2025-11-26T11:17:34Z</time>
   </trkpt>
   <trkpt lat="31.1377890" lon="75.7756600">
    <ele>242.0</ele>
    <time>2025-11-26T11:17:35Z</time>
   </trkpt>
   <trkpt lat="31.1377240" lon="75.7756620">
    <ele>242.0</ele>
    <time>2025-11-26T11:17:36Z</time>
   </trkpt>
   <trkpt lat="31.1376600" lon="75.7756650">
    <ele>242.0</ele>
    <time>2025-11-26T11:17:37Z</time>
   </trkpt>
   <trkpt lat="31.1375960" lon="75.7756690">
    <ele>242.0</ele>
    <time>2025-11-26T11:17:38Z</time>
   </trkpt>
   <trkpt lat="31.1375330" lon="75.7756710">
    <ele>242.1</ele>
    <time>2025-11-26T11:17:39Z</time>
   </trkpt>
   <trkpt lat="31.1374700" lon="75.7756750">
    <ele>242.1</ele>
    <time>2025-11-26T11:17:40Z</time>
   </trkpt>
   <trkpt lat="31.1374090" lon="75.7756800">
    <ele>242.1</ele>
    <time>2025-11-26T11:17:41Z</time>
   </trkpt>
   <trkpt lat="31.1373460" lon="75.7756780">
    <ele>242.0</ele>
    <time>2025-11-26T11:17:42Z</time>
   </trkpt>
   <trkpt lat="31.1372850" lon="75.7756730">
    <ele>242.0</ele>
    <time>2025-11-26T11:17:43Z</time>
   </trkpt>
   <trkpt lat="31.1372230" lon="75.7756710">
    <ele>242.1</ele>
    <time>2025-11-26T11:17:44Z</time>
   </trkpt>
   <trkpt lat="31.1371620" lon="75.7756690">
    <ele>242.2</ele>
    <time>2025-11-26T11:17:45Z</time>
   </trkpt>
   <trkpt lat="31.1371010" lon="75.7756690">
    <ele>242.4</ele>
    <time>2025-11-26T11:17:46Z</time>
   </trkpt>
   <trkpt lat="31.1370390" lon="75.7756690">
    <ele>242.8</ele>
    <time>2025-11-26T11:17:47Z</time>
   </trkpt>
   <trkpt lat="31.1369790" lon="75.7756710">
    <ele>242.9</ele>
    <time>2025-11-26T11:17:48Z</time>
   </trkpt>
   <trkpt lat="31.1369180" lon="75.7756750">
    <ele>242.9</ele>
    <time>2025-11-26T11:17:49Z</time>
   </trkpt>
   <trkpt lat="31.1368560" lon="75.7756800">
    <ele>242.9</ele>
    <time>2025-11-26T11:17:50Z</time>
   </trkpt>
   <trkpt lat="31.1367950" lon="75.7756840">
    <ele>242.9</ele>
    <time>2025-11-26T11:17:51Z</time>
   </trkpt>
   <trkpt lat="31.1367330" lon="75.7756850">
    <ele>242.8</ele>
    <time>2025-11-26T11:17:52Z</time>
   </trkpt>
   <trkpt lat="31.1366720" lon="75.7756850">
    <ele>242.8</ele>
    <time>2025-11-26T11:17:53Z</time>
   </trkpt>
   <trkpt lat="31.1366090" lon="75.7756860">
    <ele>242.8</ele>
    <time>2025-11-26T11:17:54Z</time>
   </trkpt>
   <trkpt lat="31.1365470" lon="75.7756910">
    <ele>242.8</ele>
    <time>2025-11-26T11:17:55Z</time>
   </trkpt>
   <trkpt lat="31.1364850" lon="75.7756970">
    <ele>242.8</ele>
    <time>2025-11-26T11:17:56Z</time>
   </trkpt>
   <trkpt lat="31.1364230" lon="75.7757010">
    <ele>242.8</ele>
    <time>2025-11-26T11:17:57Z</time>
   </trkpt>
   <trkpt lat="31.1363620" lon="75.7757030">
    <ele>242.8</ele>
    <time>2025-11-26T11:17:58Z</time>
   </trkpt>
   <trkpt lat="31.1363010" lon="75.7757060">
    <ele>242.9</ele>
    <time>2025-11-26T11:17:59Z</time>
   </trkpt>
   <trkpt lat="31.1362400" lon="75.7757080">
    <ele>242.9</ele>
    <time>2025-11-26T11:18:00Z</time>
   </trkpt>
   <trkpt lat="31.1361790" lon="75.7757150">
    <ele>242.9</ele>
    <time>2025-11-26T11:18:01Z</time>
   </trkpt>
   <trkpt lat="31.1361180" lon="75.7757180">
    <ele>243.0</ele>
    <time>2025-11-26T11:18:02Z</time>
   </trkpt>
   <trkpt lat="31.1360570" lon="75.7757200">
    <ele>243.1</ele>
    <time>2025-11-26T11:18:03Z</time>
   </trkpt>
   <trkpt lat="31.1359960" lon="75.7757240">
    <ele>243.3</ele>
    <time>2025-11-26T11:18:04Z</time>
   </trkpt>
   <trkpt lat="31.1359360" lon="75.7757330">
    <ele>243.3</ele>
    <time>2025-11-26T11:18:05Z</time>
   </trkpt>
   <trkpt lat="31.1358750" lon="75.7757390">
    <ele>243.4</ele>
    <time>2025-11-26T11:18:06Z</time>
   </trkpt>
   <trkpt lat="31.1358140" lon="75.7757450">
    <ele>243.5</ele>
    <time>2025-11-26T11:18:07Z</time>
   </trkpt>
   <trkpt lat="31.1357490" lon="75.7757510">
    <ele>243.6</ele>
    <time>2025-11-26T11:18:08Z</time>
   </trkpt>
   <trkpt lat="31.1356870" lon="75.7757550">
    <ele>243.6</ele>
    <time>2025-11-26T11:18:09Z</time>
   </trkpt>
   <trkpt lat="31.1356230" lon="75.7757580">
    <ele>243.6</ele>
    <time>2025-11-26T11:18:10Z</time>
   </trkpt>
   <trkpt lat="31.1355610" lon="75.7757640">
    <ele>243.6</ele>
    <time>2025-11-26T11:18:11Z</time>
   </trkpt>
   <trkpt lat="31.1354970" lon="75.7757680">
    <ele>243.6</ele>
    <time>2025-11-26T11:18:12Z</time>
   </trkpt>
   <trkpt lat="31.1354340" lon="75.7757680">
    <ele>243.6</ele>
    <time>2025-11-26T11:18:13Z</time>
   </trkpt>
   <trkpt lat="31.1353670" lon="75.7757740">
    <ele>243.5</ele>
    <time>2025-11-26T11:18:14Z</time>
   </trkpt>
   <trkpt lat="31.1353040" lon="75.7757800">
    <ele>243.4</ele>
    <time>2025-11-26T11:18:15Z</time>
   </trkpt>
   <trkpt lat="31.1352410" lon="75.7757870">
    <ele>243.3</ele>
    <time>2025-11-26T11:18:16Z</time>
   </trkpt>
   <trkpt lat="31.1351740" lon="75.7757940">
    <ele>243.2</ele>
    <time>2025-11-26T11:18:17Z</time>
   </trkpt>
   <trkpt lat="31.1351070" lon="75.7757960">
    <ele>243.1</ele>
    <time>2025-11-26T11:18:18Z</time>
   </trkpt>
   <trkpt lat="31.1350400" lon="75.7757970">
    <ele>242.9</ele>
    <time>2025-11-26T11:18:19Z</time>
   </trkpt>
   <trkpt lat="31.1349740" lon="75.7757980">
    <ele>242.8</ele>
    <time>2025-11-26T11:18:20Z</time>
   </trkpt>
   <trkpt lat="31.1349070" lon="75.7758010">
    <ele>242.8</ele>
    <time>2025-11-26T11:18:21Z</time>
   </trkpt>
   <trkpt lat="31.1348410" lon="75.7758050">
    <ele>242.8</ele>
    <time>2025-11-26T11:18:22Z</time>
   </trkpt>
   <trkpt lat="31.1347740" lon="75.7758060">
    <ele>242.7</ele>
    <time>2025-11-26T11:18:23Z</time>
   </trkpt>
   <trkpt lat="31.1347060" lon="75.7758110">
    <ele>242.6</ele>
    <time>2025-11-26T11:18:24Z</time>
   </trkpt>
   <trkpt lat="31.1346390" lon="75.7758110">
    <ele>242.5</ele>
    <time>2025-11-26T11:18:25Z</time>
   </trkpt>
   <trkpt lat="31.1345720" lon="75.7758130">
    <ele>242.3</ele>
    <time>2025-11-26T11:18:26Z</time>
   </trkpt>
   <trkpt lat="31.1345040" lon="75.7758180">
    <ele>242.2</ele>
    <time>2025-11-26T11:18:27Z</time>
   </trkpt>
   <trkpt lat="31.1344360" lon="75.7758230">
    <ele>242.1</ele>
    <time>2025-11-26T11:18:28Z</time>
   </trkpt>
   <trkpt lat="31.1343700" lon="75.7758270">
    <ele>242.1</ele>
    <time>2025-11-26T11:18:29Z</time>
   </trkpt>
   <trkpt lat="31.1343020" lon="75.7758290">
    <ele>242.3</ele>
    <time>2025-11-26T11:18:30Z</time>
   </trkpt>
   <trkpt lat="31.1342340" lon="75.7758300">
    <ele>242.4</ele>
    <time>2025-11-26T11:18:31Z</time>
   </trkpt>
   <trkpt lat="31.1341650" lon="75.7758300">
    <ele>242.5</ele>
    <time>2025-11-26T11:18:32Z</time>
   </trkpt>
   <trkpt lat="31.1340970" lon="75.7758310">
    <ele>242.7</ele>
    <time>2025-11-26T11:18:33Z</time>
   </trkpt>
   <trkpt lat="31.1340300" lon="75.7758320">
    <ele>242.8</ele>
    <time>2025-11-26T11:18:34Z</time>
   </trkpt>
   <trkpt lat="31.1339630" lon="75.7758340">
    <ele>243.0</ele>
    <time>2025-11-26T11:18:35Z</time>
   </trkpt>
   <trkpt lat="31.1338950" lon="75.7758360">
    <ele>243.1</ele>
    <time>2025-11-26T11:18:36Z</time>
   </trkpt>
   <trkpt lat="31.1338290" lon="75.7758390">
    <ele>243.3</ele>
    <time>2025-11-26T11:18:37Z</time>
   </trkpt>
   <trkpt lat="31.1337640" lon="75.7758430">
    <ele>243.4</ele>
    <time>2025-11-26T11:18:38Z</time>
   </trkpt>
   <trkpt lat="31.1336960" lon="75.7758460">
    <ele>243.5</ele>
    <time>2025-11-26T11:18:39Z</time>
   </trkpt>
   <trkpt lat="31.1336290" lon="75.7758500">
    <ele>243.6</ele>
    <time>2025-11-26T11:18:40Z</time>
   </trkpt>
   <trkpt lat="31.1335600" lon="75.7758540">
    <ele>243.7</ele>
    <time>2025-11-26T11:18:42Z</time>
   </trkpt>
   <trkpt lat="31.1334940" lon="75.7758590">
    <ele>243.8</ele>
    <time>2025-11-26T11:18:43Z</time>
   </trkpt>
   <trkpt lat="31.1334260" lon="75.7758600">
    <ele>243.9</ele>
    <time>2025-11-26T11:18:44Z</time>
   </trkpt>
   <trkpt lat="31.1333570" lon="75.7758630">
    <ele>244.0</ele>
    <time>2025-11-26T11:18:45Z</time>
   </trkpt>
   <trkpt lat="31.1332900" lon="75.7758670">
    <ele>244.1</ele>
    <time>2025-11-26T11:18:46Z</time>
   </trkpt>
   <trkpt lat="31.1332220" lon="75.7758710">
    <ele>244.1</ele>
    <time>2025-11-26T11:18:47Z</time>
   </trkpt>
   <trkpt lat="31.1331540" lon="75.7758750">
    <ele>244.2</ele>
    <time>2025-11-26T11:18:48Z</time>
   </trkpt>
   <trkpt lat="31.1330850" lon="75.7758770">
    <ele>244.2</ele>
    <time>2025-11-26T11:18:49Z</time>
   </trkpt>
   <trkpt lat="31.1330170" lon="75.7758830">
    <ele>244.3</ele>
    <time>2025-11-26T11:18:50Z</time>
   </trkpt>
   <trkpt lat="31.1329500" lon="75.7758860">
    <ele>244.3</ele>
    <time>2025-11-26T11:18:51Z</time>
   </trkpt>
   <trkpt lat="31.1328800" lon="75.7758870">
    <ele>244.2</ele>
    <time>2025-11-26T11:18:52Z</time>
   </trkpt>
   <trkpt lat="31.1328120" lon="75.7758840">
    <ele>244.1</ele>
    <time>2025-11-26T11:18:53Z</time>
   </trkpt>
   <trkpt lat="31.1327440" lon="75.7758870">
    <ele>244.2</ele>
    <time>2025-11-26T11:18:54Z</time>
   </trkpt>
   <trkpt lat="31.1326770" lon="75.7758870">
    <ele>244.2</ele>
    <time>2025-11-26T11:18:55Z</time>
   </trkpt>
   <trkpt lat="31.1326080" lon="75.7758860">
    <ele>244.2</ele>
    <time>2025-11-26T11:18:56Z</time>
   </trkpt>
   <trkpt lat="31.1325390" lon="75.7758890">
    <ele>244.3</ele>
    <time>2025-11-26T11:18:57Z</time>
   </trkpt>
   <trkpt lat="31.1324700" lon="75.7758870">
    <ele>244.3</ele>
    <time>2025-11-26T11:18:58Z</time>
   </trkpt>
   <trkpt lat="31.1324020" lon="75.7758850">
    <ele>244.3</ele>
    <time>2025-11-26T11:18:59Z</time>
   </trkpt>
   <trkpt lat="31.1323330" lon="75.7758850">
    <ele>244.4</ele>
    <time>2025-11-26T11:19:00Z</time>
   </trkpt>
   <trkpt lat="31.1322640" lon="75.7758820">
    <ele>244.3</ele>
    <time>2025-11-26T11:19:01Z</time>
   </trkpt>
   <trkpt lat="31.1321960" lon="75.7758810">
    <ele>244.3</ele>
    <time>2025-11-26T11:19:02Z</time>
   </trkpt>
   <trkpt lat="31.1321250" lon="75.7758760">
    <ele>244.2</ele>
    <time>2025-11-26T11:19:03Z</time>
   </trkpt>
   <trkpt lat="31.1320570" lon="75.7758740">
    <ele>244.2</ele>
    <time>2025-11-26T11:19:04Z</time>
   </trkpt>
   <trkpt lat="31.1319870" lon="75.7758680">
    <ele>244.3</ele>
    <time>2025-11-26T11:19:05Z</time>
   </trkpt>
   <trkpt lat="31.1319150" lon="75.7758690">
    <ele>244.4</ele>
    <time>2025-11-26T11:19:06Z</time>
   </trkpt>
   <trkpt lat="31.1318440" lon="75.7758730">
    <ele>244.5</ele>
    <time>2025-11-26T11:19:07Z</time>
   </trkpt>
   <trkpt lat="31.1317730" lon="75.7758750">
    <ele>244.7</ele>
    <time>2025-11-26T11:19:08Z</time>
   </trkpt>
   <trkpt lat="31.1316980" lon="75.7758780">
    <ele>244.8</ele>
    <time>2025-11-26T11:19:09Z</time>
   </trkpt>
   <trkpt lat="31.1316240" lon="75.7758810">
    <ele>244.8</ele>
    <time>2025-11-26T11:19:10Z</time>
   </trkpt>
   <trkpt lat="31.1315500" lon="75.7758870">
    <ele>244.9</ele>
    <time>2025-11-26T11:19:11Z</time>
   </trkpt>
   <trkpt lat="31.1314750" lon="75.7758900">
    <ele>244.9</ele>
    <time>2025-11-26T11:19:12Z</time>
   </trkpt>
   <trkpt lat="31.1314000" lon="75.7758920">
    <ele>244.9</ele>
    <time>2025-11-26T11:19:13Z</time>
   </trkpt>
   <trkpt lat="31.1313260" lon="75.7758990">
    <ele>244.7</ele>
    <time>2025-11-26T11:19:14Z</time>
   </trkpt>
   <trkpt lat="31.1312500" lon="75.7759040">
    <ele>244.6</ele>
    <time>2025-11-26T11:19:15Z</time>
   </trkpt>
   <trkpt lat="31.1311730" lon="75.7759080">
    <ele>244.5</ele>
    <time>2025-11-26T11:19:16Z</time>
   </trkpt>
   <trkpt lat="31.1310950" lon="75.7759080">
    <ele>244.5</ele>
    <time>2025-11-26T11:19:17Z</time>
   </trkpt>
   <trkpt lat="31.1310170" lon="75.7759120">
    <ele>244.5</ele>
    <time>2025-11-26T11:19:18Z</time>
   </trkpt>
   <trkpt lat="31.1309390" lon="75.7759160">
    <ele>244.5</ele>
    <time>2025-11-26T11:19:19Z</time>
   </trkpt>
   <trkpt lat="31.1308610" lon="75.7759190">
    <ele>244.6</ele>
    <time>2025-11-26T11:19:20Z</time>
   </trkpt>
   <trkpt lat="31.1307030" lon="75.7759270">
    <ele>244.6</ele>
    <time>2025-11-26T11:19:21Z</time>
   </trkpt>
   <trkpt lat="31.1306230" lon="75.7759310">
    <ele>244.6</ele>
    <time>2025-11-26T11:19:22Z</time>
   </trkpt>
   <trkpt lat="31.1305420" lon="75.7759320">
    <ele>244.6</ele>
    <time>2025-11-26T11:19:23Z</time>
   </trkpt>
   <trkpt lat="31.1304610" lon="75.7759320">
    <ele>244.6</ele>
    <time>2025-11-26T11:19:24Z</time>
   </trkpt>
   <trkpt lat="31.1303790" lon="75.7759350">
    <ele>244.6</ele>
    <time>2025-11-26T11:19:25Z</time>
   </trkpt>
   <trkpt lat="31.1302990" lon="75.7759390">
    <ele>244.6</ele>
    <time>2025-11-26T11:19:26Z</time>
   </trkpt>
   <trkpt lat="31.1302150" lon="75.7759390">
    <ele>244.6</ele>
    <time>2025-11-26T11:19:27Z</time>
   </trkpt>
   <trkpt lat="31.1301300" lon="75.7759390">
    <ele>244.5</ele>
    <time>2025-11-26T11:19:28Z</time>
   </trkpt>
   <trkpt lat="31.1300460" lon="75.7759410">
    <ele>244.5</ele>
    <time>2025-11-26T11:19:29Z</time>
   </trkpt>
   <trkpt lat="31.1299630" lon="75.7759470">
    <ele>244.5</ele>
    <time>2025-11-26T11:19:30Z</time>
   </trkpt>
   <trkpt lat="31.1298770" lon="75.7759550">
    <ele>244.5</ele>
    <time>2025-11-26T11:19:31Z</time>
   </trkpt>
   <trkpt lat="31.1297870" lon="75.7759600">
    <ele>244.4</ele>
    <time>2025-11-26T11:19:32Z</time>
   </trkpt>
   <trkpt lat="31.1296950" lon="75.7759620">
    <ele>244.4</ele>
    <time>2025-11-26T11:19:33Z</time>
   </trkpt>
   <trkpt lat="31.1296010" lon="75.7759630">
    <ele>244.4</ele>
    <time>2025-11-26T11:19:34Z</time>
   </trkpt>
   <trkpt lat="31.1295040" lon="75.7759660">
    <ele>244.3</ele>
    <time>2025-11-26T11:19:35Z</time>
   </trkpt>
   <trkpt lat="31.1294080" lon="75.7759700">
    <ele>244.3</ele>
    <time>2025-11-26T11:19:36Z</time>
   </trkpt>
   <trkpt lat="31.1293150" lon="75.7759700">
    <ele>244.3</ele>
    <time>2025-11-26T11:19:37Z</time>
   </trkpt>
   <trkpt lat="31.1292200" lon="75.7759710">
    <ele>244.3</ele>
    <time>2025-11-26T11:19:38Z</time>
   </trkpt>
   <trkpt lat="31.1291240" lon="75.7759690">
    <ele>244.2</ele>
    <time>2025-11-26T11:19:39Z</time>
   </trkpt>
   <trkpt lat="31.1290300" lon="75.7759730">
    <ele>244.0</ele>
    <time>2025-11-26T11:19:40Z</time>
   </trkpt>
   <trkpt lat="31.1289370" lon="75.7759800">
    <ele>243.9</ele>
    <time>2025-11-26T11:19:41Z</time>
   </trkpt>
   <trkpt lat="31.1288440" lon="75.7759860">
    <ele>243.8</ele>
    <time>2025-11-26T11:19:42Z</time>
   </trkpt>
   <trkpt lat="31.1287520" lon="75.7759880">
    <ele>243.8</ele>
    <time>2025-11-26T11:19:43Z</time>
   </trkpt>
   <trkpt lat="31.1286580" lon="75.7759950">
    <ele>243.8</ele>
    <time>2025-11-26T11:19:44Z</time>
   </trkpt>
   <trkpt lat="31.1285650" lon="75.7760000">
    <ele>243.8</ele>
    <time>2025-11-26T11:19:45Z</time>
   </trkpt>
   <trkpt lat="31.1284740" lon="75.7760030">
    <ele>243.8</ele>
    <time>2025-11-26T11:19:46Z</time>
   </trkpt>
   <trkpt lat="31.1283820" lon="75.7760090">
    <ele>243.9</ele>
    <time>2025-11-26T11:19:47Z</time>
   </trkpt>
   <trkpt lat="31.1282910" lon="75.7760110">
    <ele>244.0</ele>
    <time>2025-11-26T11:19:48Z</time>
   </trkpt>
   <trkpt lat="31.1282010" lon="75.7760130">
    <ele>244.2</ele>
    <time>2025-11-26T11:19:49Z</time>
   </trkpt>
   <trkpt lat="31.1281110" lon="75.7760160">
    <ele>244.3</ele>
    <time>2025-11-26T11:19:50Z</time>
   </trkpt>
   <trkpt lat="31.1280230" lon="75.7760190">
    <ele>244.3</ele>
    <time>2025-11-26T11:19:51Z</time>
   </trkpt>
   <trkpt lat="31.1279330" lon="75.7760210">
    <ele>244.2</ele>
    <time>2025-11-26T11:19:52Z</time>
   </trkpt>
   <trkpt lat="31.1278440" lon="75.7760220">
    <ele>244.1</ele>
    <time>2025-11-26T11:19:53Z</time>
   </trkpt>
   <trkpt lat="31.1277560" lon="75.7760220">
    <ele>244.0</ele>
    <time>2025-11-26T11:19:54Z</time>
   </trkpt>
   <trkpt lat="31.1276680" lon="75.7760220">
    <ele>243.9</ele>
    <time>2025-11-26T11:19:55Z</time>
   </trkpt>
   <trkpt lat="31.1275820" lon="75.7760240">
    <ele>243.8</ele>
    <time>2025-11-26T11:19:56Z</time>
   </trkpt>
   <trkpt lat="31.1274960" lon="75.7760290">
    <ele>243.7</ele>
    <time>2025-11-26T11:19:57Z</time>
   </trkpt>
   <trkpt lat="31.1274110" lon="75.7760330">
    <ele>243.6</ele>
    <time>2025-11-26T11:19:58Z</time>
   </trkpt>
   <trkpt lat="31.1273270" lon="75.7760360">
    <ele>243.6</ele>
    <time>2025-11-26T11:19:59Z</time>
   </trkpt>
   <trkpt lat="31.1272420" lon="75.7760370">
    <ele>243.5</ele>
    <time>2025-11-26T11:20:00Z</time>
   </trkpt>
   <trkpt lat="31.1271600" lon="75.7760360">
    <ele>243.5</ele>
    <time>2025-11-26T11:20:01Z</time>
   </trkpt>
   <trkpt lat="31.1270790" lon="75.7760370">
    <ele>243.6</ele>
    <time>2025-11-26T11:20:02Z</time>
   </trkpt>
   <trkpt lat="31.1269930" lon="75.7760410">
    <ele>243.6</ele>
    <time>2025-11-26T11:20:03Z</time>
   </trkpt>
   <trkpt lat="31.1269060" lon="75.7760480">
    <ele>243.7</ele>
    <time>2025-11-26T11:20:04Z</time>
   </trkpt>
   <trkpt lat="31.1268170" lon="75.7760530">
    <ele>243.8</ele>
    <time>2025-11-26T11:20:05Z</time>
   </trkpt>
   <trkpt lat="31.1267260" lon="75.7760550">
    <ele>243.9</ele>
    <time>2025-11-26T11:20:06Z</time>
   </trkpt>
   <trkpt lat="31.1266340" lon="75.7760590">
    <ele>243.9</ele>
    <time>2025-11-26T11:20:07Z</time>
   </trkpt>
   <trkpt lat="31.1265390" lon="75.7760670">
    <ele>244.0</ele>
    <time>2025-11-26T11:20:08Z</time>
   </trkpt>
   <trkpt lat="31.1264480" lon="75.7760700">
    <ele>244.0</ele>
    <time>2025-11-26T11:20:09Z</time>
   </trkpt>
   <trkpt lat="31.1263580" lon="75.7760790">
    <ele>244.1</ele>
    <time>2025-11-26T11:20:10Z</time>
   </trkpt>
   <trkpt lat="31.1262680" lon="75.7760840">
    <ele>244.2</ele>
    <time>2025-11-26T11:20:11Z</time>
   </trkpt>
   <trkpt lat="31.1261790" lon="75.7760850">
    <ele>244.3</ele>
    <time>2025-11-26T11:20:12Z</time>
   </trkpt>
   <trkpt lat="31.1260940" lon="75.7760900">
    <ele>244.3</ele>
    <time>2025-11-26T11:20:13Z</time>
   </trkpt>
   <trkpt lat="31.1260050" lon="75.7760960">
    <ele>244.5</ele>
    <time>2025-11-26T11:20:14Z</time>
   </trkpt>
   <trkpt lat="31.1259250" lon="75.7761000">
    <ele>244.7</ele>
    <time>2025-11-26T11:20:15Z</time>
   </trkpt>
   <trkpt lat="31.1258420" lon="75.7761030">
    <ele>244.8</ele>
    <time>2025-11-26T11:20:16Z</time>
   </trkpt>
   <trkpt lat="31.1257620" lon="75.7761080">
    <ele>244.9</ele>
    <time>2025-11-26T11:20:17Z</time>
   </trkpt>
   <trkpt lat="31.1256830" lon="75.7761110">
    <ele>245.1</ele>
    <time>2025-11-26T11:20:18Z</time>
   </trkpt>
   <trkpt lat="31.1256010" lon="75.7761170">
    <ele>245.3</ele>
    <time>2025-11-26T11:20:19Z</time>
   </trkpt>
   <trkpt lat="31.1255220" lon="75.7761220">
    <ele>245.4</ele>
    <time>2025-11-26T11:20:20Z</time>
   </trkpt>
   <trkpt lat="31.1254440" lon="75.7761260">
    <ele>245.5</ele>
    <time>2025-11-26T11:20:21Z</time>
   </trkpt>
   <trkpt lat="31.1253670" lon="75.7761300">
    <ele>245.7</ele>
    <time>2025-11-26T11:20:22Z</time>
   </trkpt>
   <trkpt lat="31.1252910" lon="75.7761360">
    <ele>245.8</ele>
    <time>2025-11-26T11:20:23Z</time>
   </trkpt>
   <trkpt lat="31.1252150" lon="75.7761350">
    <ele>245.9</ele>
    <time>2025-11-26T11:20:24Z</time>
   </trkpt>
   <trkpt lat="31.1251430" lon="75.7761350">
    <ele>246.0</ele>
    <time>2025-11-26T11:20:25Z</time>
   </trkpt>
   <trkpt lat="31.1250690" lon="75.7761360">
    <ele>246.3</ele>
    <time>2025-11-26T11:20:26Z</time>
   </trkpt>
   <trkpt lat="31.1249970" lon="75.7761400">
    <ele>246.5</ele>
    <time>2025-11-26T11:20:27Z</time>
   </trkpt>
   <trkpt lat="31.1249250" lon="75.7761480">
    <ele>246.7</ele>
    <time>2025-11-26T11:20:28Z</time>
   </trkpt>
   <trkpt lat="31.1248550" lon="75.7761540">
    <ele>246.8</ele>
    <time>2025-11-26T11:20:29Z</time>
   </trkpt>
   <trkpt lat="31.1247830" lon="75.7761610">
    <ele>246.9</ele>
    <time>2025-11-26T11:20:30Z</time>
   </trkpt>
   <trkpt lat="31.1247130" lon="75.7761680">
    <ele>247.0</ele>
    <time>2025-11-26T11:20:31Z</time>
   </trkpt>
   <trkpt lat="31.1246440" lon="75.7761710">
    <ele>247.1</ele>
    <time>2025-11-26T11:20:32Z</time>
   </trkpt>
   <trkpt lat="31.1245750" lon="75.7761730">
    <ele>247.2</ele>
    <time>2025-11-26T11:20:33Z</time>
   </trkpt>
   <trkpt lat="31.1245080" lon="75.7761730">
    <ele>247.4</ele>
    <time>2025-11-26T11:20:34Z</time>
   </trkpt>
   <trkpt lat="31.1244400" lon="75.7761750">
    <ele>247.4</ele>
    <time>2025-11-26T11:20:35Z</time>
   </trkpt>
   <trkpt lat="31.1243730" lon="75.7761790">
    <ele>247.4</ele>
    <time>2025-11-26T11:20:36Z</time>
   </trkpt>
   <trkpt lat="31.1243060" lon="75.7761830">
    <ele>247.4</ele>
    <time>2025-11-26T11:20:37Z</time>
   </trkpt>
   <trkpt lat="31.1242400" lon="75.7761840">
    <ele>247.4</ele>
    <time>2025-11-26T11:20:38Z</time>
   </trkpt>
   <trkpt lat="31.1241740" lon="75.7761820">
    <ele>247.4</ele>
    <time>2025-11-26T11:20:39Z</time>
   </trkpt>
   <trkpt lat="31.1241090" lon="75.7761830">
    <ele>247.5</ele>
    <time>2025-11-26T11:20:40Z</time>
   </trkpt>
   <trkpt lat="31.1240450" lon="75.7761860">
    <ele>247.6</ele>
    <time>2025-11-26T11:20:41Z</time>
   </trkpt>
   <trkpt lat="31.1239800" lon="75.7761900">
    <ele>247.6</ele>
    <time>2025-11-26T11:20:42Z</time>
   </trkpt>
   <trkpt lat="31.1239150" lon="75.7761940">
    <ele>247.6</ele>
    <time>2025-11-26T11:20:43Z</time>
   </trkpt>
   <trkpt lat="31.1238530" lon="75.7761970">
    <ele>247.6</ele>
    <time>2025-11-26T11:20:44Z</time>
   </trkpt>
   <trkpt lat="31.1237890" lon="75.7761980">
    <ele>247.5</ele>
    <time>2025-11-26T11:20:45Z</time>
   </trkpt>
   <trkpt lat="31.1237260" lon="75.7762000">
    <ele>247.5</ele>
    <time>2025-11-26T11:20:46Z</time>
   </trkpt>
   <trkpt lat="31.1236630" lon="75.7762070">
    <ele>247.5</ele>
    <time>2025-11-26T11:20:48Z</time>
   </trkpt>
   <trkpt lat="31.1235990" lon="75.7762200">
    <ele>247.4</ele>
    <time>2025-11-26T11:20:49Z</time>
   </trkpt>
   <trkpt lat="31.1235370" lon="75.7762310">
    <ele>247.4</ele>
    <time>2025-11-26T11:20:50Z</time>
   </trkpt>
   <trkpt lat="31.1234760" lon="75.7762390">
    <ele>247.4</ele>
    <time>2025-11-26T11:20:51Z</time>
   </trkpt>
   <trkpt lat="31.1234180" lon="75.7762410">
    <ele>247.4</ele>
    <time>2025-11-26T11:20:52Z</time>
   </trkpt>
   <trkpt lat="31.1233610" lon="75.7762470">
    <ele>247.3</ele>
    <time>2025-11-26T11:20:53Z</time>
   </trkpt>
   <trkpt lat="31.1233070" lon="75.7762530">
    <ele>247.3</ele>
    <time>2025-11-26T11:20:54Z</time>
   </trkpt>
   <trkpt lat="31.1232520" lon="75.7762540">
    <ele>247.2</ele>
    <time>2025-11-26T11:20:55Z</time>
   </trkpt>
   <trkpt lat="31.1231980" lon="75.7762530">
    <ele>247.2</ele>
    <time>2025-11-26T11:20:56Z</time>
   </trkpt>
   <trkpt lat="31.1231470" lon="75.7762560">
    <ele>247.1</ele>
    <time>2025-11-26T11:20:57Z</time>
   </trkpt>
   <trkpt lat="31.1231020" lon="75.7762650">
    <ele>247.1</ele>
    <time>2025-11-26T11:20:58Z</time>
   </trkpt>
   <trkpt lat="31.1230560" lon="75.7762630">
    <ele>247.1</ele>
    <time>2025-11-26T11:20:59Z</time>
   </trkpt>
   <trkpt lat="31.1230040" lon="75.7762640">
    <ele>247.0</ele>
    <time>2025-11-26T11:21:00Z</time>
   </trkpt>
   <trkpt lat="31.1229520" lon="75.7762710">
    <ele>247.0</ele>
    <time>2025-11-26T11:21:01Z</time>
   </trkpt>
   <trkpt lat="31.1228980" lon="75.7762670">
    <ele>246.9</ele>
    <time>2025-11-26T11:21:02Z</time>
   </trkpt>
   <trkpt lat="31.1228510" lon="75.7762520">
    <ele>246.9</ele>
    <time>2025-11-26T11:21:03Z</time>
   </trkpt>
   <trkpt lat="31.1228050" lon="75.7762410">
    <ele>246.9</ele>
    <time>2025-11-26T11:21:04Z</time>
   </trkpt>
   <trkpt lat="31.1227580" lon="75.7762390">
    <ele>247.0</ele>
    <time>2025-11-26T11:21:05Z</time>
   </trkpt>
   <trkpt lat="31.1227050" lon="75.7762450">
    <ele>247.0</ele>
    <time>2025-11-26T11:21:06Z</time>
   </trkpt>
   <trkpt lat="31.1226500" lon="75.7762530">
    <ele>247.0</ele>
    <time>2025-11-26T11:21:07Z</time>
   </trkpt>
   <trkpt lat="31.1225910" lon="75.7762540">
    <ele>246.9</ele>
    <time>2025-11-26T11:21:08Z</time>
   </trkpt>
   <trkpt lat="31.1225340" lon="75.7762540">
    <ele>246.9</ele>
    <time>2025-11-26T11:21:09Z</time>
   </trkpt>
   <trkpt lat="31.1224750" lon="75.7762550">
    <ele>246.8</ele>
    <time>2025-11-26T11:21:10Z</time>
   </trkpt>
   <trkpt lat="31.1224170" lon="75.7762590">
    <ele>246.8</ele>
    <time>2025-11-26T11:21:11Z</time>
   </trkpt>
   <trkpt lat="31.1223570" lon="75.7762640">
    <ele>246.7</ele>
    <time>2025-11-26T11:21:12Z</time>
   </trkpt>
   <trkpt lat="31.1222950" lon="75.7762670">
    <ele>246.6</ele>
    <time>2025-11-26T11:21:13Z</time>
   </trkpt>
   <trkpt lat="31.1222330" lon="75.7762690">
    <ele>246.5</ele>
    <time>2025-11-26T11:21:14Z</time>
   </trkpt>
   <trkpt lat="31.1221030" lon="75.7762690">
    <ele>246.5</ele>
    <time>2025-11-26T11:21:15Z</time>
   </trkpt>
   <trkpt lat="31.1220380" lon="75.7762690">
    <ele>246.4</ele>
    <time>2025-11-26T11:21:16Z</time>
   </trkpt>
   <trkpt lat="31.1219730" lon="75.7762720">
    <ele>246.3</ele>
    <time>2025-11-26T11:21:17Z</time>
   </trkpt>
   <trkpt lat="31.1219080" lon="75.7762800">
    <ele>246.3</ele>
    <time>2025-11-26T11:21:18Z</time>
   </trkpt>
   <trkpt lat="31.1218430" lon="75.7762880">
    <ele>246.2</ele>
    <time>2025-11-26T11:21:19Z</time>
   </trkpt>
   <trkpt lat="31.1217740" lon="75.7762890">
    <ele>246.1</ele>
    <time>2025-11-26T11:21:20Z</time>
   </trkpt>
   <trkpt lat="31.1217050" lon="75.7762920">
    <ele>246.0</ele>
    <time>2025-11-26T11:21:21Z</time>
   </trkpt>
   <trkpt lat="31.1216350" lon="75.7762950">
    <ele>245.9</ele>
    <time>2025-11-26T11:21:22Z</time>
   </trkpt>
   <trkpt lat="31.1215630" lon="75.7762980">
    <ele>245.8</ele>
    <time>2025-11-26T11:21:23Z</time>
   </trkpt>
   <trkpt lat="31.1214920" lon="75.7763040">
    <ele>245.6</ele>
    <time>2025-11-26T11:21:24Z</time>
   </trkpt>
   <trkpt lat="31.1214200" lon="75.7763080">
    <ele>245.4</ele>
    <time>2025-11-26T11:21:25Z</time>
   </trkpt>
   <trkpt lat="31.1213470" lon="75.7763070">
    <ele>245.3</ele>
    <time>2025-11-26T11:21:26Z</time>
   </trkpt>
   <trkpt lat="31.1212720" lon="75.7763070">
    <ele>245.1</ele>
    <time>2025-11-26T11:21:27Z</time>
   </trkpt>
   <trkpt lat="31.1211930" lon="75.7763170">
    <ele>245.1</ele>
    <time>2025-11-26T11:21:28Z</time>
   </trkpt>
   <trkpt lat="31.1211160" lon="75.7763220">
    <ele>245.1</ele>
    <time>2025-11-26T11:21:29Z</time>
   </trkpt>
   <trkpt lat="31.1210420" lon="75.7763270">
    <ele>245.0</ele>
    <time>2025-11-26T11:21:30Z</time>
   </trkpt>
   <trkpt lat="31.1209660" lon="75.7763320">
    <ele>244.9</ele>
    <time>2025-11-26T11:21:31Z</time>
   </trkpt>
   <trkpt lat="31.1208930" lon="75.7763380">
    <ele>244.9</ele>
    <time>2025-11-26T11:21:32Z</time>
   </trkpt>
   <trkpt lat="31.1208190" lon="75.7763400">
    <ele>244.9</ele>
    <time>2025-11-26T11:21:33Z</time>
   </trkpt>
   <trkpt lat="31.1207420" lon="75.7763420">
    <ele>244.9</ele>
    <time>2025-11-26T11:21:34Z</time>
   </trkpt>
   <trkpt lat="31.1206650" lon="75.7763450">
    <ele>244.9</ele>
    <time>2025-11-26T11:21:35Z</time>
   </trkpt>
   <trkpt lat="31.1205880" lon="75.7763480">
    <ele>244.9</ele>
    <time>2025-11-26T11:21:36Z</time>
   </trkpt>
   <trkpt lat="31.1205100" lon="75.7763500">
    <ele>244.9</ele>
    <time>2025-11-26T11:21:37Z</time>
   </trkpt>
   <trkpt lat="31.1204290" lon="75.7763550">
    <ele>244.8</ele>
    <time>2025-11-26T11:21:38Z</time>
   </trkpt>
   <trkpt lat="31.1203480" lon="75.7763580">
    <ele>244.7</ele>
    <time>2025-11-26T11:21:39Z</time>
   </trkpt>
   <trkpt lat="31.1202670" lon="75.7763620">
    <ele>244.6</ele>
    <time>2025-11-26T11:21:40Z</time>
   </trkpt>
   <trkpt lat="31.1201850" lon="75.7763690">
    <ele>244.6</ele>
    <time>2025-11-26T11:21:41Z</time>
   </trkpt>
   <trkpt lat="31.1201050" lon="75.7763740">
    <ele>244.7</ele>
    <time>2025-11-26T11:21:42Z</time>
   </trkpt>
   <trkpt lat="31.1200250" lon="75.7763740">
    <ele>244.9</ele>
    <time>2025-11-26T11:21:43Z</time>
   </trkpt>
   <trkpt lat="31.1199480" lon="75.7763760">
    <ele>245.0</ele>
    <time>2025-11-26T11:21:44Z</time>
   </trkpt>
   <trkpt lat="31.1198730" lon="75.7763780">
    <ele>245.2</ele>
    <time>2025-11-26T11:21:45Z</time>
   </trkpt>
   <trkpt lat="31.1197990" lon="75.7763850">
    <ele>245.4</ele>
    <time>2025-11-26T11:21:46Z</time>
   </trkpt>
   <trkpt lat="31.1197240" lon="75.7763950">
    <ele>245.6</ele>
    <time>2025-11-26T11:21:47Z</time>
   </trkpt>
   <trkpt lat="31.1196530" lon="75.7764030">
    <ele>245.9</ele>
    <time>2025-11-26T11:21:48Z</time>
   </trkpt>
   <trkpt lat="31.1195850" lon="75.7764070">
    <ele>245.8</ele>
    <time>2025-11-26T11:21:49Z</time>
   </trkpt>
   <trkpt lat="31.1195100" lon="75.7764100">
    <ele>245.7</ele>
    <time>2025-11-26T11:21:50Z</time>
   </trkpt>
   <trkpt lat="31.1194390" lon="75.7764190">
    <ele>245.6</ele>
    <time>2025-11-26T11:21:51Z</time>
   </trkpt>
   <trkpt lat="31.1193710" lon="75.7764370">
    <ele>245.5</ele>
    <time>2025-11-26T11:21:52Z</time>
   </trkpt>
   <trkpt lat="31.1193030" lon="75.7764490">
    <ele>245.4</ele>
    <time>2025-11-26T11:21:53Z</time>
   </trkpt>
   <trkpt lat="31.1192370" lon="75.7764570">
    <ele>245.4</ele>
    <time>2025-11-26T11:21:54Z</time>
   </trkpt>
   <trkpt lat="31.1191740" lon="75.7764650">
    <ele>245.3</ele>
    <time>2025-11-26T11:21:55Z</time>
   </trkpt>
   <trkpt lat="31.1191120" lon="75.7764770">
    <ele>245.2</ele>
    <time>2025-11-26T11:21:56Z</time>
   </trkpt>
   <trkpt lat="31.1190490" lon="75.7764870">
    <ele>245.1</ele>
    <time>2025-11-26T11:21:57Z</time>
   </trkpt>
   <trkpt lat="31.1189860" lon="75.7764980">
    <ele>245.1</ele>
    <time>2025-11-26T11:21:58Z</time>
   </trkpt>
   <trkpt lat="31.1189230" lon="75.7765050">
    <ele>245.1</ele>
    <time>2025-11-26T11:21:59Z</time>
   </trkpt>
   <trkpt lat="31.1188620" lon="75.7765140">
    <ele>245.2</ele>
    <time>2025-11-26T11:22:00Z</time>
   </trkpt>
   <trkpt lat="31.1188010" lon="75.7765250">
    <ele>245.2</ele>
    <time>2025-11-26T11:22:01Z</time>
   </trkpt>
   <trkpt lat="31.1187360" lon="75.7765320">
    <ele>245.4</ele>
    <time>2025-11-26T11:22:02Z</time>
   </trkpt>
   <trkpt lat="31.1186740" lon="75.7765350">
    <ele>245.5</ele>
    <time>2025-11-26T11:22:03Z</time>
   </trkpt>
   <trkpt lat="31.1186110" lon="75.7765400">
    <ele>245.6</ele>
    <time>2025-11-26T11:22:04Z</time>
   </trkpt>
   <trkpt lat="31.1185470" lon="75.7765450">
    <ele>245.8</ele>
    <time>2025-11-26T11:22:05Z</time>
   </trkpt>
   <trkpt lat="31.1184820" lon="75.7765550">
    <ele>245.9</ele>
    <time>2025-11-26T11:22:06Z</time>
   </trkpt>
   <trkpt lat="31.1184190" lon="75.7765660">
    <ele>246.0</ele>
    <time>2025-11-26T11:22:07Z</time>
   </trkpt>
   <trkpt lat="31.1183570" lon="75.7765740">
    <ele>246.1</ele>
    <time>2025-11-26T11:22:08Z</time>
   </trkpt>
   <trkpt lat="31.1182940" lon="75.7765790">
    <ele>246.2</ele>
    <time>2025-11-26T11:22:09Z</time>
   </trkpt>
   <trkpt lat="31.1182300" lon="75.7765830">
    <ele>246.3</ele>
    <time>2025-11-26T11:22:10Z</time>
   </trkpt>
   <trkpt lat="31.1181660" lon="75.7765860">
    <ele>246.4</ele>
    <time>2025-11-26T11:22:11Z</time>
   </trkpt>
   <trkpt lat="31.1181010" lon="75.7765880">
    <ele>246.5</ele>
    <time>2025-11-26T11:22:12Z</time>
   </trkpt>
   <trkpt lat="31.1180370" lon="75.7765950">
    <ele>246.6</ele>
    <time>2025-11-26T11:22:13Z</time>
   </trkpt>
   <trkpt lat="31.1179750" lon="75.7765980">
    <ele>246.6</ele>
    <time>2025-11-26T11:22:14Z</time>
   </trkpt>
   <trkpt lat="31.1179160" lon="75.7766010">
    <ele>246.7</ele>
    <time>2025-11-26T11:22:15Z</time>
   </trkpt>
   <trkpt lat="31.1178570" lon="75.7766040">
    <ele>246.7</ele>
    <time>2025-11-26T11:22:16Z</time>
   </trkpt>
   <trkpt lat="31.1178000" lon="75.7766050">
    <ele>246.8</ele>
    <time>2025-11-26T11:22:17Z</time>
   </trkpt>
   <trkpt lat="31.1177410" lon="75.7766050">
    <ele>246.7</ele>
    <time>2025-11-26T11:22:18Z</time>
   </trkpt>
   <trkpt lat="31.1176820" lon="75.7766090">
    <ele>246.6</ele>
    <time>2025-11-26T11:22:19Z</time>
   </trkpt>
   <trkpt lat="31.1176230" lon="75.7766080">
    <ele>246.4</ele>
    <time>2025-11-26T11:22:20Z</time>
   </trkpt>
   <trkpt lat="31.1175630" lon="75.7766100">
    <ele>246.3</ele>
    <time>2025-11-26T11:22:21Z</time>
   </trkpt>
   <trkpt lat="31.1175010" lon="75.7766150">
    <ele>246.2</ele>
    <time>2025-11-26T11:22:22Z</time>
   </trkpt>
   <trkpt lat="31.1174390" lon="75.7766200">
    <ele>246.2</ele>
    <time>2025-11-26T11:22:23Z</time>
   </trkpt>
   <trkpt lat="31.1173760" lon="75.7766260">
    <ele>246.2</ele>
    <time>2025-11-26T11:22:24Z</time>
   </trkpt>
   <trkpt lat="31.1173150" lon="75.7766340">
    <ele>246.3</ele>
    <time>2025-11-26T11:22:25Z</time>
   </trkpt>
   <trkpt lat="31.1172540" lon="75.7766530">
    <ele>246.3</ele>
    <time>2025-11-26T11:22:26Z</time>
   </trkpt>
   <trkpt lat="31.1171910" lon="75.7766690">
    <ele>246.3</ele>
    <time>2025-11-26T11:22:27Z</time>
   </trkpt>
   <trkpt lat="31.1171260" lon="75.7766770">
    <ele>246.3</ele>
    <time>2025-11-26T11:22:28Z</time>
   </trkpt>
   <trkpt lat="31.1170600" lon="75.7766790">
    <ele>246.3</ele>
    <time>2025-11-26T11:22:29Z</time>
   </trkpt>
   <trkpt lat="31.1169930" lon="75.7766820">
    <ele>246.3</ele>
    <time>2025-11-26T11:22:30Z</time>
   </trkpt>
   <trkpt lat="31.1169240" lon="75.7766860">
    <ele>246.3</ele>
    <time>2025-11-26T11:22:31Z</time>
   </trkpt>
   <trkpt lat="31.1168550" lon="75.7766880">
    <ele>246.2</ele>
    <time>2025-11-26T11:22:32Z</time>
   </trkpt>
   <trkpt lat="31.1167850" lon="75.7766970">
    <ele>246.2</ele>
    <time>2025-11-26T11:22:33Z</time>
   </trkpt>
   <trkpt lat="31.1167140" lon="75.7767040">
    <ele>246.2</ele>
    <time>2025-11-26T11:22:34Z</time>
   </trkpt>
   <trkpt lat="31.1166440" lon="75.7767140">
    <ele>246.1</ele>
    <time>2025-11-26T11:22:35Z</time>
   </trkpt>
   <trkpt lat="31.1165730" lon="75.7767200">
    <ele>246.1</ele>
    <time>2025-11-26T11:22:36Z</time>
   </trkpt>
   <trkpt lat="31.1165020" lon="75.7767230">
    <ele>246.0</ele>
    <time>2025-11-26T11:22:37Z</time>
   </trkpt>
   <trkpt lat="31.1164300" lon="75.7767280">
    <ele>246.1</ele>
    <time>2025-11-26T11:22:38Z</time>
   </trkpt>
   <trkpt lat="31.1163570" lon="75.7767320">
    <ele>246.1</ele>
    <time>2025-11-26T11:22:39Z</time>
   </trkpt>
   <trkpt lat="31.1162830" lon="75.7767370">
    <ele>246.1</ele>
    <time>2025-11-26T11:22:40Z</time>
   </trkpt>
   <trkpt lat="31.1162110" lon="75.7767410">
    <ele>246.2</ele>
    <time>2025-11-26T11:22:41Z</time>
   </trkpt>
   <trkpt lat="31.1161360" lon="75.7767440">
    <ele>246.2</ele>
    <time>2025-11-26T11:22:42Z</time>
   </trkpt>
   <trkpt lat="31.1160630" lon="75.7767450">
    <ele>246.2</ele>
    <time>2025-11-26T11:22:43Z</time>
   </trkpt>
   <trkpt lat="31.1159890" lon="75.7767500">
    <ele>246.2</ele>
    <time>2025-11-26T11:22:44Z</time>
   </trkpt>
   <trkpt lat="31.1159140" lon="75.7767570">
    <ele>246.2</ele>
    <time>2025-11-26T11:22:45Z</time>
   </trkpt>
   <trkpt lat="31.1158390" lon="75.7767650">
    <ele>246.2</ele>
    <time>2025-11-26T11:22:46Z</time>
   </trkpt>
   <trkpt lat="31.1157650" lon="75.7767730">
    <ele>246.2</ele>
    <time>2025-11-26T11:22:47Z</time>
   </trkpt>
   <trkpt lat="31.1156940" lon="75.7767800">
    <ele>246.1</ele>
    <time>2025-11-26T11:22:48Z</time>
   </trkpt>
   <trkpt lat="31.1156220" lon="75.7767860">
    <ele>246.1</ele>
    <time>2025-11-26T11:22:49Z</time>
   </trkpt>
   <trkpt lat="31.1155500" lon="75.7767930">
    <ele>246.1</ele>
    <time>2025-11-26T11:22:50Z</time>
   </trkpt>
   <trkpt lat="31.1154800" lon="75.7768000">
    <ele>246.1</ele>
    <time>2025-11-26T11:22:51Z</time>
   </trkpt>
   <trkpt lat="31.1154080" lon="75.7768070">
    <ele>246.1</ele>
    <time>2025-11-26T11:22:53Z</time>
   </trkpt>
   <trkpt lat="31.1153370" lon="75.7768120">
    <ele>246.2</ele>
    <time>2025-11-26T11:22:54Z</time>
   </trkpt>
   <trkpt lat="31.1152680" lon="75.7768170">
    <ele>246.3</ele>
    <time>2025-11-26T11:22:55Z</time>
   </trkpt>
   <trkpt lat="31.1151980" lon="75.7768230">
    <ele>246.5</ele>
    <time>2025-11-26T11:22:56Z</time>
   </trkpt>
   <trkpt lat="31.1151290" lon="75.7768320">
    <ele>246.7</ele>
    <time>2025-11-26T11:22:57Z</time>
   </trkpt>
   <trkpt lat="31.1150600" lon="75.7768400">
    <ele>246.8</ele>
    <time>2025-11-26T11:22:58Z</time>
   </trkpt>
   <trkpt lat="31.1149900" lon="75.7768440">
    <ele>246.9</ele>
    <time>2025-11-26T11:22:59Z</time>
   </trkpt>
   <trkpt lat="31.1149230" lon="75.7768430">
    <ele>247.1</ele>
    <time>2025-11-26T11:23:00Z</time>
   </trkpt>
   <trkpt lat="31.1148550" lon="75.7768440">
    <ele>247.2</ele>
    <time>2025-11-26T11:23:01Z</time>
   </trkpt>
   <trkpt lat="31.1147880" lon="75.7768500">
    <ele>247.4</ele>
    <time>2025-11-26T11:23:02Z</time>
   </trkpt>
   <trkpt lat="31.1147210" lon="75.7768540">
    <ele>247.5</ele>
    <time>2025-11-26T11:23:03Z</time>
   </trkpt>
   <trkpt lat="31.1146550" lon="75.7768630">
    <ele>247.7</ele>
    <time>2025-11-26T11:23:04Z</time>
   </trkpt>
   <trkpt lat="31.1145890" lon="75.7768740">
    <ele>247.9</ele>
    <time>2025-11-26T11:23:05Z</time>
   </trkpt>
   <trkpt lat="31.1145200" lon="75.7768910">
    <ele>248.1</ele>
    <time>2025-11-26T11:23:06Z</time>
   </trkpt>
   <trkpt lat="31.1144500" lon="75.7769050">
    <ele>248.3</ele>
    <time>2025-11-26T11:23:07Z</time>
   </trkpt>
   <trkpt lat="31.1143800" lon="75.7769190">
    <ele>248.5</ele>
    <time>2025-11-26T11:23:08Z</time>
   </trkpt>
   <trkpt lat="31.1143100" lon="75.7769340">
    <ele>248.8</ele>
    <time>2025-11-26T11:23:09Z</time>
   </trkpt>
   <trkpt lat="31.1142420" lon="75.7769500">
    <ele>248.7</ele>
    <time>2025-11-26T11:23:10Z</time>
   </trkpt>
   <trkpt lat="31.1141040" lon="75.7769760">
    <ele>248.4</ele>
    <time>2025-11-26T11:23:11Z</time>
   </trkpt>
   <trkpt lat="31.1140340" lon="75.7769830">
    <ele>248.2</ele>
    <time>2025-11-26T11:23:12Z</time>
   </trkpt>
   <trkpt lat="31.1139640" lon="75.7769870">
    <ele>248.1</ele>
    <time>2025-11-26T11:23:13Z</time>
   </trkpt>
   <trkpt lat="31.1138930" lon="75.7769910">
    <ele>248.0</ele>
    <time>2025-11-26T11:23:14Z</time>
   </trkpt>
   <trkpt lat="31.1138240" lon="75.7769960">
    <ele>247.8</ele>
    <time>2025-11-26T11:23:15Z</time>
   </trkpt>
   <trkpt lat="31.1137540" lon="75.7770020">
    <ele>247.7</ele>
    <time>2025-11-26T11:23:16Z</time>
   </trkpt>
   <trkpt lat="31.1136840" lon="75.7770070">
    <ele>247.6</ele>
    <time>2025-11-26T11:23:17Z</time>
   </trkpt>
   <trkpt lat="31.1136140" lon="75.7770090">
    <ele>247.5</ele>
    <time>2025-11-26T11:23:18Z</time>
   </trkpt>
   <trkpt lat="31.1135430" lon="75.7770150">
    <ele>247.4</ele>
    <time>2025-11-26T11:23:19Z</time>
   </trkpt>
   <trkpt lat="31.1134720" lon="75.7770190">
    <ele>247.3</ele>
    <time>2025-11-26T11:23:20Z</time>
   </trkpt>
   <trkpt lat="31.1134010" lon="75.7770240">
    <ele>247.3</ele>
    <time>2025-11-26T11:23:21Z</time>
   </trkpt>
   <trkpt lat="31.1133300" lon="75.7770300">
    <ele>247.1</ele>
    <time>2025-11-26T11:23:22Z</time>
   </trkpt>
   <trkpt lat="31.1132590" lon="75.7770350">
    <ele>247.0</ele>
    <time>2025-11-26T11:23:23Z</time>
   </trkpt>
   <trkpt lat="31.1131910" lon="75.7770410">
    <ele>247.0</ele>
    <time>2025-11-26T11:23:24Z</time>
   </trkpt>
   <trkpt lat="31.1131240" lon="75.7770510">
    <ele>247.0</ele>
    <time>2025-11-26T11:23:25Z</time>
   </trkpt>
   <trkpt lat="31.1130560" lon="75.7770610">
    <ele>247.0</ele>
    <time>2025-11-26T11:23:26Z</time>
   </trkpt>
   <trkpt lat="31.1129880" lon="75.7770820">
    <ele>247.0</ele>
    <time>2025-11-26T11:23:27Z</time>
   </trkpt>
   <trkpt lat="31.1129180" lon="75.7770960">
    <ele>247.0</ele>
    <time>2025-11-26T11:23:28Z</time>
   </trkpt>
   <trkpt lat="31.1128410" lon="75.7771030">
    <ele>247.1</ele>
    <time>2025-11-26T11:23:29Z</time>
   </trkpt>
   <trkpt lat="31.1127620" lon="75.7771100">
    <ele>247.1</ele>
    <time>2025-11-26T11:23:30Z</time>
   </trkpt>
   <trkpt lat="31.1126820" lon="75.7771210">
    <ele>247.1</ele>
    <time>2025-11-26T11:23:31Z</time>
   </trkpt>
   <trkpt lat="31.1126030" lon="75.7771340">
    <ele>247.0</ele>
    <time>2025-11-26T11:23:32Z</time>
   </trkpt>
   <trkpt lat="31.1125210" lon="75.7771470">
    <ele>246.7</ele>
    <time>2025-11-26T11:23:33Z</time>
   </trkpt>
   <trkpt lat="31.1124390" lon="75.7771610">
    <ele>246.5</ele>
    <time>2025-11-26T11:23:34Z</time>
   </trkpt>
   <trkpt lat="31.1123590" lon="75.7771740">
    <ele>246.3</ele>
    <time>2025-11-26T11:23:35Z</time>
   </trkpt>
   <trkpt lat="31.1122790" lon="75.7771850">
    <ele>246.1</ele>
    <time>2025-11-26T11:23:36Z</time>
   </trkpt>
   <trkpt lat="31.1122000" lon="75.7771970">
    <ele>246.0</ele>
    <time>2025-11-26T11:23:37Z</time>
   </trkpt>
   <trkpt lat="31.1121210" lon="75.7772100">
    <ele>245.8</ele>
    <time>2025-11-26T11:23:38Z</time>
   </trkpt>
   <trkpt lat="31.1120420" lon="75.7772220">
    <ele>245.7</ele>
    <time>2025-11-26T11:23:39Z</time>
   </trkpt>
   <trkpt lat="31.1119600" lon="75.7772350">
    <ele>245.5</ele>
    <time>2025-11-26T11:23:40Z</time>
   </trkpt>
   <trkpt lat="31.1118800" lon="75.7772480">
    <ele>245.3</ele>
    <time>2025-11-26T11:23:41Z</time>
   </trkpt>
   <trkpt lat="31.1117990" lon="75.7772570">
    <ele>245.0</ele>
    <time>2025-11-26T11:23:42Z</time>
   </trkpt>
   <trkpt lat="31.1117180" lon="75.7772680">
    <ele>244.8</ele>
    <time>2025-11-26T11:23:43Z</time>
   </trkpt>
   <trkpt lat="31.1116350" lon="75.7772780">
    <ele>244.6</ele>
    <time>2025-11-26T11:23:44Z</time>
   </trkpt>
   <trkpt lat="31.1115530" lon="75.7772930">
    <ele>244.5</ele>
    <time>2025-11-26T11:23:45Z</time>
   </trkpt>
   <trkpt lat="31.1114730" lon="75.7773080">
    <ele>244.3</ele>
    <time>2025-11-26T11:23:46Z</time>
   </trkpt>
   <trkpt lat="31.1113930" lon="75.7773230">
    <ele>244.1</ele>
    <time>2025-11-26T11:23:47Z</time>
   </trkpt>
   <trkpt lat="31.1113110" lon="75.7773320">
    <ele>243.9</ele>
    <time>2025-11-26T11:23:48Z</time>
   </trkpt>
   <trkpt lat="31.1112310" lon="75.7773440">
    <ele>243.8</ele>
    <time>2025-11-26T11:23:49Z</time>
   </trkpt>
   <trkpt lat="31.1111510" lon="75.7773500">
    <ele>243.6</ele>
    <time>2025-11-26T11:23:50Z</time>
   </trkpt>
   <trkpt lat="31.1110710" lon="75.7773630">
    <ele>243.4</ele>
    <time>2025-11-26T11:23:51Z</time>
   </trkpt>
   <trkpt lat="31.1109920" lon="75.7773750">
    <ele>243.1</ele>
    <time>2025-11-26T11:23:52Z</time>
   </trkpt>
   <trkpt lat="31.1109130" lon="75.7773870">
    <ele>243.5</ele>
    <time>2025-11-26T11:23:53Z</time>
   </trkpt>
   <trkpt lat="31.1108350" lon="75.7773980">
    <ele>243.9</ele>
    <time>2025-11-26T11:23:54Z</time>
   </trkpt>
   <trkpt lat="31.1107580" lon="75.7774080">
    <ele>244.4</ele>
    <time>2025-11-26T11:23:55Z</time>
   </trkpt>
   <trkpt lat="31.1106800" lon="75.7774200">
    <ele>244.9</ele>
    <time>2025-11-26T11:23:56Z</time>
   </trkpt>
   <trkpt lat="31.1106040" lon="75.7774300">
    <ele>245.4</ele>
    <time>2025-11-26T11:23:57Z</time>
   </trkpt>
   <trkpt lat="31.1105280" lon="75.7774440">
    <ele>245.9</ele>
    <time>2025-11-26T11:23:58Z</time>
   </trkpt>
   <trkpt lat="31.1104500" lon="75.7774570">
    <ele>246.0</ele>
    <time>2025-11-26T11:23:59Z</time>
   </trkpt>
   <trkpt lat="31.1103740" lon="75.7774660">
    <ele>246.0</ele>
    <time>2025-11-26T11:24:00Z</time>
   </trkpt>
   <trkpt lat="31.1102970" lon="75.7774750">
    <ele>246.0</ele>
    <time>2025-11-26T11:24:01Z</time>
   </trkpt>
   <trkpt lat="31.1102200" lon="75.7774880">
    <ele>245.9</ele>
    <time>2025-11-26T11:24:02Z</time>
   </trkpt>
   <trkpt lat="31.1101420" lon="75.7774970">
    <ele>245.8</ele>
    <time>2025-11-26T11:24:03Z</time>
   </trkpt>
   <trkpt lat="31.1100650" lon="75.7775090">
    <ele>245.6</ele>
    <time>2025-11-26T11:24:04Z</time>
   </trkpt>
   <trkpt lat="31.1099880" lon="75.7775200">
    <ele>245.5</ele>
    <time>2025-11-26T11:24:05Z</time>
   </trkpt>
   <trkpt lat="31.1099120" lon="75.7775310">
    <ele>245.4</ele>
    <time>2025-11-26T11:24:06Z</time>
   </trkpt>
   <trkpt lat="31.1098340" lon="75.7775410">
    <ele>245.3</ele>
    <time>2025-11-26T11:24:07Z</time>
   </trkpt>
   <trkpt lat="31.1097570" lon="75.7775500">
    <ele>245.3</ele>
    <time>2025-11-26T11:24:08Z</time>
   </trkpt>
   <trkpt lat="31.1096800" lon="75.7775620">
    <ele>245.4</ele>
    <time>2025-11-26T11:24:09Z</time>
   </trkpt>
   <trkpt lat="31.1096030" lon="75.7775760">
    <ele>245.5</ele>
    <time>2025-11-26T11:24:10Z</time>
   </trkpt>
   <trkpt lat="31.1095250" lon="75.7775890">
    <ele>245.7</ele>
    <time>2025-11-26T11:24:11Z</time>
   </trkpt>
   <trkpt lat="31.1094460" lon="75.7776010">
    <ele>245.8</ele>
    <time>2025-11-26T11:24:12Z</time>
   </trkpt>
   <trkpt lat="31.1093670" lon="75.7776110">
    <ele>245.9</ele>
    <time>2025-11-26T11:24:13Z</time>
   </trkpt>
   <trkpt lat="31.1092900" lon="75.7776260">
    <ele>246.1</ele>
    <time>2025-11-26T11:24:14Z</time>
   </trkpt>
   <trkpt lat="31.1092120" lon="75.7776410">
    <ele>246.4</ele>
    <time>2025-11-26T11:24:15Z</time>
   </trkpt>
   <trkpt lat="31.1091340" lon="75.7776510">
    <ele>246.7</ele>
    <time>2025-11-26T11:24:16Z</time>
   </trkpt>
   <trkpt lat="31.1090560" lon="75.7776660">
    <ele>247.0</ele>
    <time>2025-11-26T11:24:17Z</time>
   </trkpt>
   <trkpt lat="31.1089790" lon="75.7776820">
    <ele>247.0</ele>
    <time>2025-11-26T11:24:18Z</time>
   </trkpt>
   <trkpt lat="31.1089010" lon="75.7776980">
    <ele>247.0</ele>
    <time>2025-11-26T11:24:19Z</time>
   </trkpt>
   <trkpt lat="31.1088260" lon="75.7777170">
    <ele>247.0</ele>
    <time>2025-11-26T11:24:20Z</time>
   </trkpt>
   <trkpt lat="31.1087500" lon="75.7777310">
    <ele>247.1</ele>
    <time>2025-11-26T11:24:21Z</time>
   </trkpt>
   <trkpt lat="31.1086740" lon="75.7777440">
    <ele>247.1</ele>
    <time>2025-11-26T11:24:22Z</time>
   </trkpt>
   <trkpt lat="31.1085990" lon="75.7777570">
    <ele>247.1</ele>
    <time>2025-11-26T11:24:23Z</time>
   </trkpt>
   <trkpt lat="31.1085250" lon="75.7777710">
    <ele>247.1</ele>
    <time>2025-11-26T11:24:24Z</time>
   </trkpt>
   <trkpt lat="31.1084520" lon="75.7777840">
    <ele>247.1</ele>
    <time>2025-11-26T11:24:25Z</time>
   </trkpt>
   <trkpt lat="31.1083770" lon="75.7777970">
    <ele>247.1</ele>
    <time>2025-11-26T11:24:26Z</time>
   </trkpt>
   <trkpt lat="31.1083040" lon="75.7778110">
    <ele>247.0</ele>
    <time>2025-11-26T11:24:27Z</time>
   </trkpt>
   <trkpt lat="31.1082300" lon="75.7778210">
    <ele>247.0</ele>
    <time>2025-11-26T11:24:28Z</time>
   </trkpt>
   <trkpt lat="31.1081560" lon="75.7778320">
    <ele>247.1</ele>
    <time>2025-11-26T11:24:29Z</time>
   </trkpt>
   <trkpt lat="31.1080810" lon="75.7778430">
    <ele>247.1</ele>
    <time>2025-11-26T11:24:30Z</time>
   </trkpt>
   <trkpt lat="31.1080090" lon="75.7778530">
    <ele>247.2</ele>
    <time>2025-11-26T11:24:31Z</time>
   </trkpt>
   <trkpt lat="31.1079340" lon="75.7778630">
    <ele>247.2</ele>
    <time>2025-11-26T11:24:32Z</time>
   </trkpt>
   <trkpt lat="31.1078620" lon="75.7778720">
    <ele>247.2</ele>
    <time>2025-11-26T11:24:33Z</time>
   </trkpt>
   <trkpt lat="31.1077880" lon="75.7778880">
    <ele>247.3</ele>
    <time>2025-11-26T11:24:34Z</time>
   </trkpt>
   <trkpt lat="31.1077150" lon="75.7779050">
    <ele>247.3</ele>
    <time>2025-11-26T11:24:35Z</time>
   </trkpt>
   <trkpt lat="31.1076440" lon="75.7779200">
    <ele>247.2</ele>
    <time>2025-11-26T11:24:36Z</time>
   </trkpt>
   <trkpt lat="31.1075730" lon="75.7779300">
    <ele>247.2</ele>
    <time>2025-11-26T11:24:37Z</time>
   </trkpt>
   <trkpt lat="31.1075010" lon="75.7779410">
    <ele>247.2</ele>
    <time>2025-11-26T11:24:38Z</time>
   </trkpt>
   <trkpt lat="31.1074310" lon="75.7779550">
    <ele>247.2</ele>
    <time>2025-11-26T11:24:39Z</time>
   </trkpt>
   <trkpt lat="31.1073590" lon="75.7779650">
    <ele>247.2</ele>
    <time>2025-11-26T11:24:40Z</time>
   </trkpt>
   <trkpt lat="31.1072860" lon="75.7779760">
    <ele>247.2</ele>
    <time>2025-11-26T11:24:41Z</time>
   </trkpt>
   <trkpt lat="31.1072160" lon="75.7779880">
    <ele>247.1</ele>
    <time>2025-11-26T11:24:42Z</time>
   </trkpt>
   <trkpt lat="31.1071460" lon="75.7779970">
    <ele>247.1</ele>
    <time>2025-11-26T11:24:43Z</time>
   </trkpt>
   <trkpt lat="31.1070740" lon="75.7780020">
    <ele>247.1</ele>
    <time>2025-11-26T11:24:44Z</time>
   </trkpt>
   <trkpt lat="31.1070040" lon="75.7780110">
    <ele>247.3</ele>
    <time>2025-11-26T11:24:45Z</time>
   </trkpt>
   <trkpt lat="31.1069340" lon="75.7780230">
    <ele>247.4</ele>
    <time>2025-11-26T11:24:46Z</time>
   </trkpt>
   <trkpt lat="31.1068650" lon="75.7780320">
    <ele>247.5</ele>
    <time>2025-11-26T11:24:47Z</time>
   </trkpt>
   <trkpt lat="31.1067970" lon="75.7780390">
    <ele>247.6</ele>
    <time>2025-11-26T11:24:48Z</time>
   </trkpt>
   <trkpt lat="31.1067270" lon="75.7780480">
    <ele>247.7</ele>
    <time>2025-11-26T11:24:49Z</time>
   </trkpt>
   <trkpt lat="31.1066590" lon="75.7780570">
    <ele>247.8</ele>
    <time>2025-11-26T11:24:50Z</time>
   </trkpt>
   <trkpt lat="31.1065920" lon="75.7780670">
    <ele>247.9</ele>
    <time>2025-11-26T11:24:51Z</time>
   </trkpt>
   <trkpt lat="31.1065270" lon="75.7780830">
    <ele>248.0</ele>
    <time>2025-11-26T11:24:52Z</time>
   </trkpt>
   <trkpt lat="31.1064650" lon="75.7780980">
    <ele>248.1</ele>
    <time>2025-11-26T11:24:53Z</time>
   </trkpt>
   <trkpt lat="31.1064060" lon="75.7781100">
    <ele>248.2</ele>
    <time>2025-11-26T11:24:54Z</time>
   </trkpt>
   <trkpt lat="31.1063470" lon="75.7781170">
    <ele>248.2</ele>
    <time>2025-11-26T11:24:55Z</time>
   </trkpt>
   <trkpt lat="31.1062890" lon="75.7781240">
    <ele>248.3</ele>
    <time>2025-11-26T11:24:56Z</time>
   </trkpt>
   <trkpt lat="31.1062330" lon="75.7781340">
    <ele>248.3</ele>
    <time>2025-11-26T11:24:57Z</time>
   </trkpt>
   <trkpt lat="31.1061820" lon="75.7781460">
    <ele>248.4</ele>
    <time>2025-11-26T11:24:58Z</time>
   </trkpt>
   <trkpt lat="31.1061270" lon="75.7781570">
    <ele>248.3</ele>
    <time>2025-11-26T11:24:59Z</time>
   </trkpt>
   <trkpt lat="31.1060700" lon="75.7781650">
    <ele>248.3</ele>
    <time>2025-11-26T11:25:00Z</time>
   </trkpt>
   <trkpt lat="31.1060060" lon="75.7781700">
    <ele>248.2</ele>
    <time>2025-11-26T11:25:01Z</time>
   </trkpt>
   <trkpt lat="31.1059390" lon="75.7781770">
    <ele>248.2</ele>
    <time>2025-11-26T11:25:02Z</time>
   </trkpt>
   <trkpt lat="31.1058680" lon="75.7781870">
    <ele>248.2</ele>
    <time>2025-11-26T11:25:03Z</time>
   </trkpt>
   <trkpt lat="31.1057910" lon="75.7781980">
    <ele>248.2</ele>
    <time>2025-11-26T11:25:04Z</time>
   </trkpt>
   <trkpt lat="31.1057140" lon="75.7782070">
    <ele>248.2</ele>
    <time>2025-11-26T11:25:05Z</time>
   </trkpt>
   <trkpt lat="31.1056310" lon="75.7782190">
    <ele>248.2</ele>
    <time>2025-11-26T11:25:06Z</time>
   </trkpt>
   <trkpt lat="31.1055440" lon="75.7782320">
    <ele>248.1</ele>
    <time>2025-11-26T11:25:07Z</time>
   </trkpt>
   <trkpt lat="31.1054540" lon="75.7782440">
    <ele>248.0</ele>
    <time>2025-11-26T11:25:08Z</time>
   </trkpt>
   <trkpt lat="31.1053680" lon="75.7782550">
    <ele>247.9</ele>
    <time>2025-11-26T11:25:09Z</time>
   </trkpt>
   <trkpt lat="31.1052850" lon="75.7782670">
    <ele>247.8</ele>
    <time>2025-11-26T11:25:10Z</time>
   </trkpt>
   <trkpt lat="31.1052080" lon="75.7782780">
    <ele>247.8</ele>
    <time>2025-11-26T11:25:11Z</time>
   </trkpt>
   <trkpt lat="31.1051290" lon="75.7782900">
    <ele>247.7</ele>
    <time>2025-11-26T11:25:12Z</time>
   </trkpt>
   <trkpt lat="31.1050540" lon="75.7782990">
    <ele>247.7</ele>
    <time>2025-11-26T11:25:13Z</time>
   </trkpt>
   <trkpt lat="31.1049780" lon="75.7783080">
    <ele>247.6</ele>
    <time>2025-11-26T11:25:14Z</time>
   </trkpt>
   <trkpt lat="31.1049030" lon="75.7783170">
    <ele>247.4</ele>
    <time>2025-11-26T11:25:15Z</time>
   </trkpt>
   <trkpt lat="31.1048320" lon="75.7783250">
    <ele>247.3</ele>
    <time>2025-11-26T11:25:16Z</time>
   </trkpt>
   <trkpt lat="31.1047600" lon="75.7783330">
    <ele>247.2</ele>
    <time>2025-11-26T11:25:17Z</time>
   </trkpt>
   <trkpt lat="31.1046890" lon="75.7783370">
    <ele>247.1</ele>
    <time>2025-11-26T11:25:18Z</time>
   </trkpt>
   <trkpt lat="31.1046210" lon="75.7783430">
    <ele>246.9</ele>
    <time>2025-11-26T11:25:19Z</time>
   </trkpt>
   <trkpt lat="31.1045530" lon="75.7783530">
    <ele>246.6</ele>
    <time>2025-11-26T11:25:20Z</time>
   </trkpt>
   <trkpt lat="31.1044840" lon="75.7783640">
    <ele>246.3</ele>
    <time>2025-11-26T11:25:21Z</time>
   </trkpt>
   <trkpt lat="31.1044140" lon="75.7783740">
    <ele>246.0</ele>
    <time>2025-11-26T11:25:22Z</time>
   </trkpt>
   <trkpt lat="31.1043450" lon="75.7783840">
    <ele>245.7</ele>
    <time>2025-11-26T11:25:23Z</time>
   </trkpt>
   <trkpt lat="31.1042760" lon="75.7783950">
    <ele>245.4</ele>
    <time>2025-11-26T11:25:24Z</time>
   </trkpt>
   <trkpt lat="31.1042070" lon="75.7784050">
    <ele>245.3</ele>
    <time>2025-11-26T11:25:25Z</time>
   </trkpt>
   <trkpt lat="31.1041390" lon="75.7784140">
    <ele>245.3</ele>
    <time>2025-11-26T11:25:26Z</time>
   </trkpt>
   <trkpt lat="31.1040710" lon="75.7784240">
    <ele>245.3</ele>
    <time>2025-11-26T11:25:27Z</time>
   </trkpt>
   <trkpt lat="31.1040040" lon="75.7784350">
    <ele>245.2</ele>
    <time>2025-11-26T11:25:28Z</time>
   </trkpt>
   <trkpt lat="31.1039360" lon="75.7784440">
    <ele>245.2</ele>
    <time>2025-11-26T11:25:29Z</time>
   </trkpt>
   <trkpt lat="31.1038680" lon="75.7784540">
    <ele>245.2</ele>
    <time>2025-11-26T11:25:30Z</time>
   </trkpt>
   <trkpt lat="31.1038000" lon="75.7784640">
    <ele>245.1</ele>
    <time>2025-11-26T11:25:31Z</time>
   </trkpt>
   <trkpt lat="31.1037330" lon="75.7784750">
    <ele>245.1</ele>
    <time>2025-11-26T11:25:32Z</time>
   </trkpt>
   <trkpt lat="31.1036660" lon="75.7784870">
    <ele>245.1</ele>
    <time>2025-11-26T11:25:33Z</time>
   </trkpt>
   <trkpt lat="31.1035980" lon="75.7784990">
    <ele>245.1</ele>
    <time>2025-11-26T11:25:34Z</time>
   </trkpt>
   <trkpt lat="31.1035280" lon="75.7785090">
    <ele>245.1</ele>
    <time>2025-11-26T11:25:35Z</time>
   </trkpt>
   <trkpt lat="31.1034600" lon="75.7785230">
    <ele>245.1</ele>
    <time>2025-11-26T11:25:36Z</time>
   </trkpt>
   <trkpt lat="31.1033940" lon="75.7785440">
    <ele>245.2</ele>
    <time>2025-11-26T11:25:37Z</time>
   </trkpt>
   <trkpt lat="31.1033180" lon="75.7785560">
    <ele>245.2</ele>
    <time>2025-11-26T11:25:38Z</time>
   </trkpt>
   <trkpt lat="31.1032590" lon="75.7785620">
    <ele>245.3</ele>
    <time>2025-11-26T11:25:39Z</time>
   </trkpt>
   <trkpt lat="31.1032070" lon="75.7785530">
    <ele>245.3</ele>
    <time>2025-11-26T11:25:40Z</time>
   </trkpt>
   <trkpt lat="31.1031360" lon="75.7785640">
    <ele>245.2</ele>
    <time>2025-11-26T11:25:41Z</time>
   </trkpt>
   <trkpt lat="31.1030740" lon="75.7785890">
    <ele>245.1</ele>
    <time>2025-11-26T11:25:42Z</time>
   </trkpt>
   <trkpt lat="31.1030150" lon="75.7786000">
    <ele>245.1</ele>
    <time>2025-11-26T11:25:43Z</time>
   </trkpt>
   <trkpt lat="31.1029560" lon="75.7786100">
    <ele>245.1</ele>
    <time>2025-11-26T11:25:44Z</time>
   </trkpt>
   <trkpt lat="31.1029000" lon="75.7786220">
    <ele>245.2</ele>
    <time>2025-11-26T11:25:45Z</time>
   </trkpt>
   <trkpt lat="31.1028460" lon="75.7786310">
    <ele>245.3</ele>
    <time>2025-11-26T11:25:46Z</time>
   </trkpt>
   <trkpt lat="31.1027850" lon="75.7786420">
    <ele>245.4</ele>
    <time>2025-11-26T11:25:47Z</time>
   </trkpt>
   <trkpt lat="31.1027300" lon="75.7786580">
    <ele>245.4</ele>
    <time>2025-11-26T11:25:48Z</time>
   </trkpt>
   <trkpt lat="31.1026760" lon="75.7786640">
    <ele>245.4</ele>
    <time>2025-11-26T11:25:49Z</time>
   </trkpt>
   <trkpt lat="31.1026190" lon="75.7786700">
    <ele>245.4</ele>
    <time>2025-11-26T11:25:50Z</time>
   </trkpt>
   <trkpt lat="31.1025630" lon="75.7786760">
    <ele>245.3</ele>
    <time>2025-11-26T11:25:51Z</time>
   </trkpt>
   <trkpt lat="31.1025010" lon="75.7786790">
    <ele>245.2</ele>
    <time>2025-11-26T11:25:52Z</time>
   </trkpt>
   <trkpt lat="31.1024500" lon="75.7786960">
    <ele>245.2</ele>
    <time>2025-11-26T11:25:53Z</time>
   </trkpt>
   <trkpt lat="31.1023930" lon="75.7787080">
    <ele>245.2</ele>
    <time>2025-11-26T11:25:54Z</time>
   </trkpt>
   <trkpt lat="31.1023380" lon="75.7787130">
    <ele>245.2</ele>
    <time>2025-11-26T11:25:55Z</time>
   </trkpt>
   <trkpt lat="31.1022820" lon="75.7787170">
    <ele>245.2</ele>
    <time>2025-11-26T11:25:56Z</time>
   </trkpt>
   <trkpt lat="31.1022260" lon="75.7787250">
    <ele>245.1</ele>
    <time>2025-11-26T11:25:57Z</time>
   </trkpt>
   <trkpt lat="31.1021690" lon="75.7787320">
    <ele>245.1</ele>
    <time>2025-11-26T11:25:58Z</time>
   </trkpt>
   <trkpt lat="31.1021100" lon="75.7787280">
    <ele>245.1</ele>
    <time>2025-11-26T11:25:59Z</time>
   </trkpt>
   <trkpt lat="31.1020540" lon="75.7787400">
    <ele>245.1</ele>
    <time>2025-11-26T11:26:00Z</time>
   </trkpt>
   <trkpt lat="31.1020000" lon="75.7787500">
    <ele>245.1</ele>
    <time>2025-11-26T11:26:01Z</time>
   </trkpt>
   <trkpt lat="31.1019410" lon="75.7787590">
    <ele>245.1</ele>
    <time>2025-11-26T11:26:02Z</time>
   </trkpt>
   <trkpt lat="31.1018830" lon="75.7787690">
    <ele>245.1</ele>
    <time>2025-11-26T11:26:03Z</time>
   </trkpt>
   <trkpt lat="31.1018250" lon="75.7787760">
    <ele>245.1</ele>
    <time>2025-11-26T11:26:04Z</time>
   </trkpt>
   <trkpt lat="31.1017690" lon="75.7787850">
    <ele>245.1</ele>
    <time>2025-11-26T11:26:05Z</time>
   </trkpt>
   <trkpt lat="31.1017120" lon="75.7787960">
    <ele>245.0</ele>
    <time>2025-11-26T11:26:06Z</time>
   </trkpt>
   <trkpt lat="31.1016540" lon="75.7788020">
    <ele>245.0</ele>
    <time>2025-11-26T11:26:07Z</time>
   </trkpt>
   <trkpt lat="31.1015960" lon="75.7788080">
    <ele>244.9</ele>
    <time>2025-11-26T11:26:08Z</time>
   </trkpt>
   <trkpt lat="31.1015370" lon="75.7788150">
    <ele>244.9</ele>
    <time>2025-11-26T11:26:09Z</time>
   </trkpt>
   <trkpt lat="31.1014780" lon="75.7788210">
    <ele>244.9</ele>
    <time>2025-11-26T11:26:10Z</time>
   </trkpt>
   <trkpt lat="31.1014120" lon="75.7788330">
    <ele>245.0</ele>
    <time>2025-11-26T11:26:11Z</time>
   </trkpt>
   <trkpt lat="31.1013630" lon="75.7788440">
    <ele>245.0</ele>
    <time>2025-11-26T11:26:12Z</time>
   </trkpt>
   <trkpt lat="31.1013070" lon="75.7788560">
    <ele>245.1</ele>
    <time>2025-11-26T11:26:13Z</time>
   </trkpt>
   <trkpt lat="31.1012530" lon="75.7788690">
    <ele>245.1</ele>
    <time>2025-11-26T11:26:14Z</time>
   </trkpt>
   <trkpt lat="31.1011960" lon="75.7788610">
    <ele>245.0</ele>
    <time>2025-11-26T11:26:15Z</time>
   </trkpt>
   <trkpt lat="31.1011460" lon="75.7788670">
    <ele>244.9</ele>
    <time>2025-11-26T11:26:16Z</time>
   </trkpt>
   <trkpt lat="31.1010910" lon="75.7788810">
    <ele>244.8</ele>
    <time>2025-11-26T11:26:17Z</time>
   </trkpt>
   <trkpt lat="31.1010370" lon="75.7788910">
    <ele>244.7</ele>
    <time>2025-11-26T11:26:18Z</time>
   </trkpt>
   <trkpt lat="31.1009840" lon="75.7788960">
    <ele>244.7</ele>
    <time>2025-11-26T11:26:19Z</time>
   </trkpt>
   <trkpt lat="31.1009190" lon="75.7788960">
    <ele>244.7</ele>
    <time>2025-11-26T11:26:20Z</time>
   </trkpt>
   <trkpt lat="31.1008570" lon="75.7789030">
    <ele>244.8</ele>
    <time>2025-11-26T11:26:21Z</time>
   </trkpt>
   <trkpt lat="31.1008100" lon="75.7789140">
    <ele>244.8</ele>
    <time>2025-11-26T11:26:22Z</time>
   </trkpt>
   <trkpt lat="31.1007570" lon="75.7789230">
    <ele>244.8</ele>
    <time>2025-11-26T11:26:23Z</time>
   </trkpt>
   <trkpt lat="31.1007070" lon="75.7789240">
    <ele>244.8</ele>
    <time>2025-11-26T11:26:24Z</time>
   </trkpt>
   <trkpt lat="31.1006480" lon="75.7789370">
    <ele>244.8</ele>
    <time>2025-11-26T11:26:25Z</time>
   </trkpt>
   <trkpt lat="31.1006000" lon="75.7789440">
    <ele>244.7</ele>
    <time>2025-11-26T11:26:26Z</time>
   </trkpt>
   <trkpt lat="31.1005630" lon="75.7789390">
    <ele>244.6</ele>
    <time>2025-11-26T11:26:27Z</time>
   </trkpt>
   <trkpt lat="31.1005410" lon="75.7789410">
    <ele>244.6</ele>
    <time>2025-11-26T11:26:28Z</time>
   </trkpt>
   <trkpt lat="31.1004670" lon="75.7789600">
    <ele>244.5</ele>
    <time>2025-11-26T11:26:29Z</time>
   </trkpt>
   <trkpt lat="31.1004060" lon="75.7789670">
    <ele>244.5</ele>
    <time>2025-11-26T11:26:30Z</time>
   </trkpt>
   <trkpt lat="31.1003440" lon="75.7789760">
    <ele>244.5</ele>
    <time>2025-11-26T11:26:31Z</time>
   </trkpt>
   <trkpt lat="31.1002830" lon="75.7789850">
    <ele>244.5</ele>
    <time>2025-11-26T11:26:32Z</time>
   </trkpt>
   <trkpt lat="31.1002220" lon="75.7789930">
    <ele>244.6</ele>
    <time>2025-11-26T11:26:33Z</time>
   </trkpt>
   <trkpt lat="31.1001610" lon="75.7790030">
    <ele>244.6</ele>
    <time>2025-11-26T11:26:34Z</time>
   </trkpt>
   <trkpt lat="31.1001010" lon="75.7790120">
    <ele>244.6</ele>
    <time>2025-11-26T11:26:35Z</time>
   </trkpt>
   <trkpt lat="31.1000400" lon="75.7790200">
    <ele>244.5</ele>
    <time>2025-11-26T11:26:36Z</time>
   </trkpt>
   <trkpt lat="31.0999790" lon="75.7790290">
    <ele>244.5</ele>
    <time>2025-11-26T11:26:37Z</time>
   </trkpt>
   <trkpt lat="31.0999180" lon="75.7790370">
    <ele>244.5</ele>
    <time>2025-11-26T11:26:38Z</time>
   </trkpt>
   <trkpt lat="31.0998570" lon="75.7790470">
    <ele>244.5</ele>
    <time>2025-11-26T11:26:39Z</time>
   </trkpt>
   <trkpt lat="31.0997960" lon="75.7790520">
    <ele>244.5</ele>
    <time>2025-11-26T11:26:40Z</time>
   </trkpt>
   <trkpt lat="31.0997370" lon="75.7790600">
    <ele>244.5</ele>
    <time>2025-11-26T11:26:41Z</time>
   </trkpt>
   <trkpt lat="31.0996770" lon="75.7790690">
    <ele>244.5</ele>
    <time>2025-11-26T11:26:42Z</time>
   </trkpt>
   <trkpt lat="31.0996160" lon="75.7790770">
    <ele>244.4</ele>
    <time>2025-11-26T11:26:43Z</time>
   </trkpt>
   <trkpt lat="31.0995550" lon="75.7790840">
    <ele>244.3</ele>
    <time>2025-11-26T11:26:44Z</time>
   </trkpt>
   <trkpt lat="31.0994930" lon="75.7790920">
    <ele>244.2</ele>
    <time>2025-11-26T11:26:45Z</time>
   </trkpt>
   <trkpt lat="31.0994320" lon="75.7791000">
    <ele>244.2</ele>
    <time>2025-11-26T11:26:46Z</time>
   </trkpt>
   <trkpt lat="31.0993720" lon="75.7791100">
    <ele>244.2</ele>
    <time>2025-11-26T11:26:47Z</time>
   </trkpt>
   <trkpt lat="31.0993100" lon="75.7791200">
    <ele>244.3</ele>
    <time>2025-11-26T11:26:48Z</time>
   </trkpt>
   <trkpt lat="31.0992480" lon="75.7791290">
    <ele>244.3</ele>
    <time>2025-11-26T11:26:49Z</time>
   </trkpt>
   <trkpt lat="31.0991840" lon="75.7791360">
    <ele>244.3</ele>
    <time>2025-11-26T11:26:50Z</time>
   </trkpt>
   <trkpt lat="31.0991220" lon="75.7791470">
    <ele>244.2</ele>
    <time>2025-11-26T11:26:51Z</time>
   </trkpt>
   <trkpt lat="31.0990590" lon="75.7791550">
    <ele>244.2</ele>
    <time>2025-11-26T11:26:52Z</time>
   </trkpt>
   <trkpt lat="31.0989960" lon="75.7791650">
    <ele>244.2</ele>
    <time>2025-11-26T11:26:53Z</time>
   </trkpt>
   <trkpt lat="31.0989340" lon="75.7791730">
    <ele>244.1</ele>
    <time>2025-11-26T11:26:54Z</time>
   </trkpt>
   <trkpt lat="31.0988720" lon="75.7791810">
    <ele>244.0</ele>
    <time>2025-11-26T11:26:55Z</time>
   </trkpt>
   <trkpt lat="31.0988110" lon="75.7791870">
    <ele>244.0</ele>
    <time>2025-11-26T11:26:56Z</time>
   </trkpt>
   <trkpt lat="31.0987500" lon="75.7791980">
    <ele>244.0</ele>
    <time>2025-11-26T11:26:57Z</time>
   </trkpt>
   <trkpt lat="31.0986900" lon="75.7792060">
    <ele>244.1</ele>
    <time>2025-11-26T11:26:58Z</time>
   </trkpt>
   <trkpt lat="31.0986320" lon="75.7792110">
    <ele>244.1</ele>
    <time>2025-11-26T11:26:59Z</time>
   </trkpt>
   <trkpt lat="31.0985740" lon="75.7792190">
    <ele>244.1</ele>
    <time>2025-11-26T11:27:00Z</time>
   </trkpt>
   <trkpt lat="31.0985190" lon="75.7792280">
    <ele>244.1</ele>
    <time>2025-11-26T11:27:01Z</time>
   </trkpt>
   <trkpt lat="31.0984640" lon="75.7792360">
    <ele>244.1</ele>
    <time>2025-11-26T11:27:02Z</time>
   </trkpt>
   <trkpt lat="31.0984090" lon="75.7792420">
    <ele>244.0</ele>
    <time>2025-11-26T11:27:03Z</time>
   </trkpt>
   <trkpt lat="31.0983590" lon="75.7792490">
    <ele>244.0</ele>
    <time>2025-11-26T11:27:04Z</time>
   </trkpt>
   <trkpt lat="31.0983190" lon="75.7792550">
    <ele>244.0</ele>
    <time>2025-11-26T11:27:05Z</time>
   </trkpt>
   <trkpt lat="31.0982920" lon="75.7792610">
    <ele>244.0</ele>
    <time>2025-11-26T11:27:06Z</time>
   </trkpt>
   <trkpt lat="31.0982740" lon="75.7792660">
    <ele>244.0</ele>
    <time>2025-11-26T11:27:07Z</time>
   </trkpt>
   <trkpt lat="31.0982620" lon="75.7792690">
    <ele>244.0</ele>
    <time>2025-11-26T11:27:08Z</time>
   </trkpt>
   <trkpt lat="31.0982620" lon="75.7792710">
    <ele>244.0</ele>
    <time>2025-11-26T11:27:09Z</time>
   </trkpt>
   <trkpt lat="31.0982650" lon="75.7792720">
    <ele>244.0</ele>
    <time>2025-11-26T11:27:10Z</time>
   </trkpt>
   <trkpt lat="31.0982670" lon="75.7792710">
    <ele>244.0</ele>
    <time>2025-11-26T11:27:11Z</time>
   </trkpt>
   <trkpt lat="31.0982660" lon="75.7792710">
    <ele>244.0</ele>
    <time>2025-11-26T11:27:12Z</time>
   </trkpt>
   <trkpt lat="31.0982660" lon="75.7792700">
    <ele>244.0</ele>
    <time>2025-11-26T11:27:13Z</time>
   </trkpt>
   <trkpt lat="31.0982670" lon="75.7792700">
    <ele>244.0</ele>
    <time>2025-11-26T11:27:14Z</time>
   </trkpt>
   <trkpt lat="31.0982670" lon="75.7792700">
    <ele>244.0</ele>
    <time>2025-11-26T11:27:15Z</time>
   </trkpt>
   <trkpt lat="31.0982680" lon="75.7792700">
    <ele>244.0</ele>
    <time>2025-11-26T11:27:16Z</time>
   </trkpt>
   <trkpt lat="31.0982680" lon="75.7792690">
    <ele>244.0</ele>
    <time>2025-11-26T11:27:17Z</time>
   </trkpt>
   <trkpt lat="31.0982680" lon="75.7792690">
    <ele>244.0</ele>
    <time>2025-11-26T11:27:18Z</time>
   </trkpt>
   <trkpt lat="31.0982680" lon="75.7792690">
    <ele>244.0</ele>
    <time>2025-11-26T11:27:19Z</time>
   </trkpt>
   <trkpt lat="31.0982680" lon="75.7792690">
    <ele>244.0</ele>
    <time>2025-11-26T11:27:20Z</time>
   </trkpt>
   <trkpt lat="31.0982670" lon="75.7792660">
    <ele>244.0</ele>
    <time>2025-11-26T11:27:21Z</time>
   </trkpt>
   <trkpt lat="31.0982670" lon="75.7792700">
    <ele>244.0</ele>
    <time>2025-11-26T11:27:22Z</time>
   </trkpt>
   <trkpt lat="31.0982670" lon="75.7792710">
    <ele>244.0</ele>
    <time>2025-11-26T11:27:23Z</time>
   </trkpt>
   <trkpt lat="31.0982650" lon="75.7792720">
    <ele>244.0</ele>
    <time>2025-11-26T11:27:24Z</time>
   </trkpt>
   <trkpt lat="31.0982660" lon="75.7792720">
    <ele>244.0</ele>
    <time>2025-11-26T11:27:25Z</time>
   </trkpt>
   <trkpt lat="31.0982660" lon="75.7792720">
    <ele>244.0</ele>
    <time>2025-11-26T11:27:26Z</time>
   </trkpt>
   <trkpt lat="31.0982640" lon="75.7792710">
    <ele>244.0</ele>
    <time>2025-11-26T11:27:27Z</time>
   </trkpt>
   <trkpt lat="31.0982630" lon="75.7792710">
    <ele>244.0</ele>
    <time>2025-11-26T11:27:28Z</time>
   </trkpt>
   <trkpt lat="31.0982570" lon="75.7792760">
    <ele>244.0</ele>
    <time>2025-11-26T11:27:29Z</time>
   </trkpt>
   <trkpt lat="31.0982480" lon="75.7792820">
    <ele>244.0</ele>
    <time>2025-11-26T11:27:30Z</time>
   </trkpt>
   <trkpt lat="31.0982470" lon="75.7792820">
    <ele>244.0</ele>
    <time>2025-11-26T11:27:31Z</time>
   </trkpt>
   <trkpt lat="31.0982490" lon="75.7792800">
    <ele>244.0</ele>
    <time>2025-11-26T11:27:32Z</time>
   </trkpt>
   <trkpt lat="31.0982480" lon="75.7792790">
    <ele>244.0</ele>
    <time>2025-11-26T11:27:33Z</time>
   </trkpt>
   <trkpt lat="31.0982490" lon="75.7792780">
    <ele>244.0</ele>
    <time>2025-11-26T11:27:34Z</time>
   </trkpt>
   <trkpt lat="31.0982470" lon="75.7792750">
    <ele>244.0</ele>
    <time>2025-11-26T11:27:35Z</time>
   </trkpt>
   <trkpt lat="31.0982490" lon="75.7792750">
    <ele>244.0</ele>
    <time>2025-11-26T11:27:36Z</time>
   </trkpt>
   <trkpt lat="31.0982520" lon="75.7792750">
    <ele>244.0</ele>
    <time>2025-11-26T11:27:37Z</time>
   </trkpt>
   <trkpt lat="31.0982530" lon="75.7792720">
    <ele>244.0</ele>
    <time>2025-11-26T11:27:38Z</time>
   </trkpt>
   <trkpt lat="31.0982570" lon="75.7792700">
    <ele>244.0</ele>
    <time>2025-11-26T11:27:39Z</time>
   </trkpt>
   <trkpt lat="31.0982560" lon="75.7792670">
    <ele>244.0</ele>
    <time>2025-11-26T11:27:40Z</time>
   </trkpt>
   <trkpt lat="31.0982610" lon="75.7792660">
    <ele>244.0</ele>
    <time>2025-11-26T11:27:41Z</time>
   </trkpt>
   <trkpt lat="31.0982670" lon="75.7792630">
    <ele>244.0</ele>
    <time>2025-11-26T11:27:42Z</time>
   </trkpt>
   <trkpt lat="31.0982670" lon="75.7792640">
    <ele>244.0</ele>
    <time>2025-11-26T11:27:43Z</time>
   </trkpt>
   <trkpt lat="31.0982680" lon="75.7792630">
    <ele>244.0</ele>
    <time>2025-11-26T11:27:44Z</time>
   </trkpt>
   <trkpt lat="31.0982730" lon="75.7792660">
    <ele>244.0</ele>
    <time>2025-11-26T11:27:45Z</time>
   </trkpt>
   <trkpt lat="31.0982760" lon="75.7792680">
    <ele>244.0</ele>
    <time>2025-11-26T11:27:46Z</time>
   </trkpt>
   <trkpt lat="31.0982780" lon="75.7792660">
    <ele>244.0</ele>
    <time>2025-11-26T11:27:47Z</time>
   </trkpt>
   <trkpt lat="31.0982780" lon="75.7792660">
    <ele>244.0</ele>
    <time>2025-11-26T11:27:48Z</time>
   </trkpt>
   <trkpt lat="31.0982750" lon="75.7792680">
    <ele>243.9</ele>
    <time>2025-11-26T11:27:49Z</time>
   </trkpt>
   <trkpt lat="31.0982730" lon="75.7792760">
    <ele>243.9</ele>
    <time>2025-11-26T11:27:50Z</time>
   </trkpt>
   <trkpt lat="31.0982700" lon="75.7792860">
    <ele>243.9</ele>
    <time>2025-11-26T11:27:51Z</time>
   </trkpt>
   <trkpt lat="31.0982740" lon="75.7792760">
    <ele>242.3</ele>
    <time>2025-11-26T11:27:52Z</time>
   </trkpt>
   <trkpt lat="31.0982790" lon="75.7792740">
    <ele>240.6</ele>
    <time>2025-11-26T11:27:53Z</time>
   </trkpt>
   <trkpt lat="31.0982750" lon="75.7792810">
    <ele>239.0</ele>
    <time>2025-11-26T11:27:54Z</time>
   </trkpt>
   <trkpt lat="31.0849590" lon="75.7809380">
    <ele>246.0</ele>
    <time>2025-11-26T11:43:21Z</time>
   </trkpt>
   <trkpt lat="31.0848850" lon="75.7809540">
    <ele>245.8</ele>
    <time>2025-11-26T11:43:22Z</time>
   </trkpt>
   <trkpt lat="31.0848520" lon="75.7809560">
    <ele>245.8</ele>
    <time>2025-11-26T11:43:23Z</time>
   </trkpt>
   <trkpt lat="31.0847940" lon="75.7809600">
    <ele>245.7</ele>
    <time>2025-11-26T11:43:24Z</time>
   </trkpt>
   <trkpt lat="31.0847400" lon="75.7809710">
    <ele>245.5</ele>
    <time>2025-11-26T11:43:25Z</time>
   </trkpt>
   <trkpt lat="31.0846800" lon="75.7809690">
    <ele>245.4</ele>
    <time>2025-11-26T11:43:26Z</time>
   </trkpt>
   <trkpt lat="31.0846060" lon="75.7809800">
    <ele>245.2</ele>
    <time>2025-11-26T11:43:28Z</time>
   </trkpt>
   <trkpt lat="31.0845430" lon="75.7809870">
    <ele>245.1</ele>
    <time>2025-11-26T11:43:29Z</time>
   </trkpt>
   <trkpt lat="31.0844870" lon="75.7809950">
    <ele>244.9</ele>
    <time>2025-11-26T11:43:30Z</time>
   </trkpt>
   <trkpt lat="31.0844240" lon="75.7810020">
    <ele>244.8</ele>
    <time>2025-11-26T11:43:31Z</time>
   </trkpt>
   <trkpt lat="31.0843670" lon="75.7810070">
    <ele>244.6</ele>
    <time>2025-11-26T11:43:32Z</time>
   </trkpt>
   <trkpt lat="31.0843080" lon="75.7810140">
    <ele>244.5</ele>
    <time>2025-11-26T11:43:33Z</time>
   </trkpt>
   <trkpt lat="31.0842500" lon="75.7810240">
    <ele>244.3</ele>
    <time>2025-11-26T11:43:34Z</time>
   </trkpt>
   <trkpt lat="31.0841850" lon="75.7810320">
    <ele>244.2</ele>
    <time>2025-11-26T11:43:35Z</time>
   </trkpt>
   <trkpt lat="31.0841080" lon="75.7810390">
    <ele>244.0</ele>
    <time>2025-11-26T11:43:36Z</time>
   </trkpt>
   <trkpt lat="31.0840320" lon="75.7810470">
    <ele>243.8</ele>
    <time>2025-11-26T11:43:37Z</time>
   </trkpt>
   <trkpt lat="31.0839610" lon="75.7810510">
    <ele>243.6</ele>
    <time>2025-11-26T11:43:38Z</time>
   </trkpt>
   <trkpt lat="31.0838940" lon="75.7810590">
    <ele>243.4</ele>
    <time>2025-11-26T11:43:39Z</time>
   </trkpt>
   <trkpt lat="31.0838280" lon="75.7810660">
    <ele>243.2</ele>
    <time>2025-11-26T11:43:40Z</time>
   </trkpt>
   <trkpt lat="31.0837510" lon="75.7810770">
    <ele>242.9</ele>
    <time>2025-11-26T11:43:41Z</time>
   </trkpt>
   <trkpt lat="31.0836780" lon="75.7810850">
    <ele>242.6</ele>
    <time>2025-11-26T11:43:42Z</time>
   </trkpt>
   <trkpt lat="31.0836020" lon="75.7810910">
    <ele>242.3</ele>
    <time>2025-11-26T11:43:43Z</time>
   </trkpt>
   <trkpt lat="31.0835170" lon="75.7811010">
    <ele>242.0</ele>
    <time>2025-11-26T11:43:44Z</time>
   </trkpt>
   <trkpt lat="31.0834300" lon="75.7811080">
    <ele>241.6</ele>
    <time>2025-11-26T11:43:45Z</time>
   </trkpt>
   <trkpt lat="31.0833410" lon="75.7811170">
    <ele>241.3</ele>
    <time>2025-11-26T11:43:46Z</time>
   </trkpt>
   <trkpt lat="31.0832540" lon="75.7811280">
    <ele>241.0</ele>
    <time>2025-11-26T11:43:47Z</time>
   </trkpt>
   <trkpt lat="31.0831660" lon="75.7811410">
    <ele>240.7</ele>
    <time>2025-11-26T11:43:48Z</time>
   </trkpt>
   <trkpt lat="31.0830740" lon="75.7811510">
    <ele>240.3</ele>
    <time>2025-11-26T11:43:49Z</time>
   </trkpt>
   <trkpt lat="31.0829810" lon="75.7811620">
    <ele>240.0</ele>
    <time>2025-11-26T11:43:50Z</time>
   </trkpt>
   <trkpt lat="31.0828860" lon="75.7811760">
    <ele>239.7</ele>
    <time>2025-11-26T11:43:51Z</time>
   </trkpt>
   <trkpt lat="31.0827920" lon="75.7811840">
    <ele>239.5</ele>
    <time>2025-11-26T11:43:52Z</time>
   </trkpt>
   <trkpt lat="31.0826820" lon="75.7811630">
    <ele>239.3</ele>
    <time>2025-11-26T11:43:53Z</time>
   </trkpt>
   <trkpt lat="31.0825860" lon="75.7811790">
    <ele>239.1</ele>
    <time>2025-11-26T11:43:54Z</time>
   </trkpt>
   <trkpt lat="31.0824870" lon="75.7811930">
    <ele>239.0</ele>
    <time>2025-11-26T11:43:55Z</time>
   </trkpt>
   <trkpt lat="31.0823920" lon="75.7812040">
    <ele>238.9</ele>
    <time>2025-11-26T11:43:56Z</time>
   </trkpt>
   <trkpt lat="31.0822940" lon="75.7812170">
    <ele>238.8</ele>
    <time>2025-11-26T11:43:57Z</time>
   </trkpt>
   <trkpt lat="31.0821020" lon="75.7812480">
    <ele>238.8</ele>
    <time>2025-11-26T11:43:58Z</time>
   </trkpt>
   <trkpt lat="31.0820060" lon="75.7812640">
    <ele>238.8</ele>
    <time>2025-11-26T11:43:59Z</time>
   </trkpt>
   <trkpt lat="31.0819060" lon="75.7812830">
    <ele>238.8</ele>
    <time>2025-11-26T11:44:00Z</time>
   </trkpt>
   <trkpt lat="31.0818110" lon="75.7812950">
    <ele>238.8</ele>
    <time>2025-11-26T11:44:01Z</time>
   </trkpt>
   <trkpt lat="31.0817180" lon="75.7813070">
    <ele>238.9</ele>
    <time>2025-11-26T11:44:02Z</time>
   </trkpt>
   <trkpt lat="31.0816220" lon="75.7813180">
    <ele>238.9</ele>
    <time>2025-11-26T11:44:03Z</time>
   </trkpt>
   <trkpt lat="31.0815300" lon="75.7813330">
    <ele>239.0</ele>
    <time>2025-11-26T11:44:04Z</time>
   </trkpt>
   <trkpt lat="31.0814340" lon="75.7813490">
    <ele>239.1</ele>
    <time>2025-11-26T11:44:05Z</time>
   </trkpt>
   <trkpt lat="31.0813410" lon="75.7813630">
    <ele>239.1</ele>
    <time>2025-11-26T11:44:06Z</time>
   </trkpt>
   <trkpt lat="31.0812470" lon="75.7813700">
    <ele>239.2</ele>
    <time>2025-11-26T11:44:07Z</time>
   </trkpt>
   <trkpt lat="31.0811560" lon="75.7813870">
    <ele>239.2</ele>
    <time>2025-11-26T11:44:08Z</time>
   </trkpt>
   <trkpt lat="31.0810640" lon="75.7813950">
    <ele>239.2</ele>
    <time>2025-11-26T11:44:09Z</time>
   </trkpt>
   <trkpt lat="31.0809670" lon="75.7814050">
    <ele>239.2</ele>
    <time>2025-11-26T11:44:10Z</time>
   </trkpt>
   <trkpt lat="31.0808730" lon="75.7814200">
    <ele>239.2</ele>
    <time>2025-11-26T11:44:11Z</time>
   </trkpt>
   <trkpt lat="31.0807790" lon="75.7814270">
    <ele>239.3</ele>
    <time>2025-11-26T11:44:12Z</time>
   </trkpt>
   <trkpt lat="31.0806830" lon="75.7814400">
    <ele>239.3</ele>
    <time>2025-11-26T11:44:13Z</time>
   </trkpt>
   <trkpt lat="31.0805920" lon="75.7814540">
    <ele>239.4</ele>
    <time>2025-11-26T11:44:14Z</time>
   </trkpt>
   <trkpt lat="31.0804990" lon="75.7814640">
    <ele>239.4</ele>
    <time>2025-11-26T11:44:15Z</time>
   </trkpt>
   <trkpt lat="31.0804090" lon="75.7814760">
    <ele>239.5</ele>
    <time>2025-11-26T11:44:16Z</time>
   </trkpt>
   <trkpt lat="31.0803200" lon="75.7814920">
    <ele>239.5</ele>
    <time>2025-11-26T11:44:17Z</time>
   </trkpt>
   <trkpt lat="31.0802270" lon="75.7815070">
    <ele>239.5</ele>
    <time>2025-11-26T11:44:18Z</time>
   </trkpt>
   <trkpt lat="31.0801350" lon="75.7815110">
    <ele>239.6</ele>
    <time>2025-11-26T11:44:19Z</time>
   </trkpt>
   <trkpt lat="31.0800430" lon="75.7815200">
    <ele>239.7</ele>
    <time>2025-11-26T11:44:20Z</time>
   </trkpt>
   <trkpt lat="31.0799570" lon="75.7815320">
    <ele>239.7</ele>
    <time>2025-11-26T11:44:21Z</time>
   </trkpt>
   <trkpt lat="31.0798630" lon="75.7815410">
    <ele>239.7</ele>
    <time>2025-11-26T11:44:22Z</time>
   </trkpt>
   <trkpt lat="31.0797730" lon="75.7815510">
    <ele>239.7</ele>
    <time>2025-11-26T11:44:23Z</time>
   </trkpt>
   <trkpt lat="31.0796810" lon="75.7815660">
    <ele>239.7</ele>
    <time>2025-11-26T11:44:24Z</time>
   </trkpt>
   <trkpt lat="31.0795870" lon="75.7815840">
    <ele>239.7</ele>
    <time>2025-11-26T11:44:25Z</time>
   </trkpt>
   <trkpt lat="31.0794910" lon="75.7815990">
    <ele>239.7</ele>
    <time>2025-11-26T11:44:26Z</time>
   </trkpt>
   <trkpt lat="31.0793990" lon="75.7816110">
    <ele>239.7</ele>
    <time>2025-11-26T11:44:27Z</time>
   </trkpt>
   <trkpt lat="31.0793020" lon="75.7816270">
    <ele>239.7</ele>
    <time>2025-11-26T11:44:28Z</time>
   </trkpt>
   <trkpt lat="31.0792070" lon="75.7816330">
    <ele>239.8</ele>
    <time>2025-11-26T11:44:29Z</time>
   </trkpt>
   <trkpt lat="31.0791120" lon="75.7816420">
    <ele>239.8</ele>
    <time>2025-11-26T11:44:30Z</time>
   </trkpt>
   <trkpt lat="31.0790140" lon="75.7816590">
    <ele>239.9</ele>
    <time>2025-11-26T11:44:31Z</time>
   </trkpt>
   <trkpt lat="31.0789160" lon="75.7816680">
    <ele>239.9</ele>
    <time>2025-11-26T11:44:32Z</time>
   </trkpt>
   <trkpt lat="31.0788210" lon="75.7816720">
    <ele>239.9</ele>
    <time>2025-11-26T11:44:33Z</time>
   </trkpt>
   <trkpt lat="31.0787230" lon="75.7816860">
    <ele>240.0</ele>
    <time>2025-11-26T11:44:34Z</time>
   </trkpt>
   <trkpt lat="31.0786280" lon="75.7816960">
    <ele>240.0</ele>
    <time>2025-11-26T11:44:35Z</time>
   </trkpt>
   <trkpt lat="31.0785320" lon="75.7817080">
    <ele>240.1</ele>
    <time>2025-11-26T11:44:36Z</time>
   </trkpt>
   <trkpt lat="31.0784410" lon="75.7817220">
    <ele>240.1</ele>
    <time>2025-11-26T11:44:37Z</time>
   </trkpt>
   <trkpt lat="31.0783470" lon="75.7817270">
    <ele>240.1</ele>
    <time>2025-11-26T11:44:38Z</time>
   </trkpt>
   <trkpt lat="31.0782520" lon="75.7817340">
    <ele>240.2</ele>
    <time>2025-11-26T11:44:39Z</time>
   </trkpt>
   <trkpt lat="31.0781620" lon="75.7817440">
    <ele>240.2</ele>
    <time>2025-11-26T11:44:40Z</time>
   </trkpt>
   <trkpt lat="31.0780680" lon="75.7817590">
    <ele>240.2</ele>
    <time>2025-11-26T11:44:41Z</time>
   </trkpt>
   <trkpt lat="31.0779770" lon="75.7817730">
    <ele>240.3</ele>
    <time>2025-11-26T11:44:42Z</time>
   </trkpt>
   <trkpt lat="31.0778900" lon="75.7817900">
    <ele>240.3</ele>
    <time>2025-11-26T11:44:43Z</time>
   </trkpt>
   <trkpt lat="31.0778020" lon="75.7818030">
    <ele>240.3</ele>
    <time>2025-11-26T11:44:44Z</time>
   </trkpt>
   <trkpt lat="31.0777180" lon="75.7818190">
    <ele>240.4</ele>
    <time>2025-11-26T11:44:45Z</time>
   </trkpt>
   <trkpt lat="31.0776350" lon="75.7818300">
    <ele>240.4</ele>
    <time>2025-11-26T11:44:46Z</time>
   </trkpt>
   <trkpt lat="31.0775450" lon="75.7818360">
    <ele>240.4</ele>
    <time>2025-11-26T11:44:47Z</time>
   </trkpt>
   <trkpt lat="31.0774600" lon="75.7818460">
    <ele>240.4</ele>
    <time>2025-11-26T11:44:48Z</time>
   </trkpt>
   <trkpt lat="31.0773750" lon="75.7818530">
    <ele>240.4</ele>
    <time>2025-11-26T11:44:49Z</time>
   </trkpt>
   <trkpt lat="31.0772920" lon="75.7818670">
    <ele>240.4</ele>
    <time>2025-11-26T11:44:50Z</time>
   </trkpt>
   <trkpt lat="31.0772080" lon="75.7818790">
    <ele>240.4</ele>
    <time>2025-11-26T11:44:51Z</time>
   </trkpt>
   <trkpt lat="31.0771220" lon="75.7818910">
    <ele>240.4</ele>
    <time>2025-11-26T11:44:52Z</time>
   </trkpt>
   <trkpt lat="31.0770390" lon="75.7819050">
    <ele>240.4</ele>
    <time>2025-11-26T11:44:53Z</time>
   </trkpt>
   <trkpt lat="31.0769530" lon="75.7819170">
    <ele>240.4</ele>
    <time>2025-11-26T11:44:54Z</time>
   </trkpt>
   <trkpt lat="31.0768680" lon="75.7819260">
    <ele>240.3</ele>
    <time>2025-11-26T11:44:55Z</time>
   </trkpt>
   <trkpt lat="31.0767820" lon="75.7819380">
    <ele>240.3</ele>
    <time>2025-11-26T11:44:56Z</time>
   </trkpt>
   <trkpt lat="31.0766980" lon="75.7819490">
    <ele>240.3</ele>
    <time>2025-11-26T11:44:57Z</time>
   </trkpt>
   <trkpt lat="31.0766110" lon="75.7819610">
    <ele>240.3</ele>
    <time>2025-11-26T11:44:58Z</time>
   </trkpt>
   <trkpt lat="31.0765200" lon="75.7819730">
    <ele>240.3</ele>
    <time>2025-11-26T11:44:59Z</time>
   </trkpt>
   <trkpt lat="31.0764330" lon="75.7819840">
    <ele>240.3</ele>
    <time>2025-11-26T11:45:00Z</time>
   </trkpt>
   <trkpt lat="31.0763430" lon="75.7819910">
    <ele>240.3</ele>
    <time>2025-11-26T11:45:01Z</time>
   </trkpt>
   <trkpt lat="31.0762490" lon="75.7820020">
    <ele>240.3</ele>
    <time>2025-11-26T11:45:02Z</time>
   </trkpt>
   <trkpt lat="31.0761590" lon="75.7820180">
    <ele>240.3</ele>
    <time>2025-11-26T11:45:03Z</time>
   </trkpt>
   <trkpt lat="31.0760680" lon="75.7820290">
    <ele>240.3</ele>
    <time>2025-11-26T11:45:04Z</time>
   </trkpt>
   <trkpt lat="31.0759740" lon="75.7820430">
    <ele>240.3</ele>
    <time>2025-11-26T11:45:05Z</time>
   </trkpt>
   <trkpt lat="31.0758820" lon="75.7820500">
    <ele>240.3</ele>
    <time>2025-11-26T11:45:06Z</time>
   </trkpt>
   <trkpt lat="31.0757960" lon="75.7820630">
    <ele>240.3</ele>
    <time>2025-11-26T11:45:07Z</time>
   </trkpt>
   <trkpt lat="31.0757060" lon="75.7820760">
    <ele>240.3</ele>
    <time>2025-11-26T11:45:08Z</time>
   </trkpt>
   <trkpt lat="31.0756200" lon="75.7820870">
    <ele>240.3</ele>
    <time>2025-11-26T11:45:09Z</time>
   </trkpt>
   <trkpt lat="31.0755340" lon="75.7820980">
    <ele>240.3</ele>
    <time>2025-11-26T11:45:10Z</time>
   </trkpt>
   <trkpt lat="31.0754460" lon="75.7821060">
    <ele>240.3</ele>
    <time>2025-11-26T11:45:11Z</time>
   </trkpt>
   <trkpt lat="31.0753580" lon="75.7821140">
    <ele>240.3</ele>
    <time>2025-11-26T11:45:12Z</time>
   </trkpt>
   <trkpt lat="31.0752680" lon="75.7821260">
    <ele>240.2</ele>
    <time>2025-11-26T11:45:13Z</time>
   </trkpt>
   <trkpt lat="31.0751780" lon="75.7821430">
    <ele>240.2</ele>
    <time>2025-11-26T11:45:14Z</time>
   </trkpt>
   <trkpt lat="31.0750930" lon="75.7821550">
    <ele>240.2</ele>
    <time>2025-11-26T11:45:15Z</time>
   </trkpt>
   <trkpt lat="31.0750080" lon="75.7821620">
    <ele>240.2</ele>
    <time>2025-11-26T11:45:16Z</time>
   </trkpt>
   <trkpt lat="31.0749250" lon="75.7821690">
    <ele>240.2</ele>
    <time>2025-11-26T11:45:17Z</time>
   </trkpt>
   <trkpt lat="31.0748430" lon="75.7821860">
    <ele>240.2</ele>
    <time>2025-11-26T11:45:18Z</time>
   </trkpt>
   <trkpt lat="31.0747630" lon="75.7821940">
    <ele>240.2</ele>
    <time>2025-11-26T11:45:19Z</time>
   </trkpt>
   <trkpt lat="31.0746780" lon="75.7822070">
    <ele>240.2</ele>
    <time>2025-11-26T11:45:20Z</time>
   </trkpt>
   <trkpt lat="31.0745900" lon="75.7822180">
    <ele>240.2</ele>
    <time>2025-11-26T11:45:21Z</time>
   </trkpt>
   <trkpt lat="31.0745030" lon="75.7822290">
    <ele>240.2</ele>
    <time>2025-11-26T11:45:22Z</time>
   </trkpt>
   <trkpt lat="31.0744180" lon="75.7822400">
    <ele>240.2</ele>
    <time>2025-11-26T11:45:23Z</time>
   </trkpt>
   <trkpt lat="31.0743360" lon="75.7822500">
    <ele>240.2</ele>
    <time>2025-11-26T11:45:24Z</time>
   </trkpt>
   <trkpt lat="31.0742550" lon="75.7822610">
    <ele>240.2</ele>
    <time>2025-11-26T11:45:25Z</time>
   </trkpt>
   <trkpt lat="31.0741700" lon="75.7822710">
    <ele>240.1</ele>
    <time>2025-11-26T11:45:26Z</time>
   </trkpt>
   <trkpt lat="31.0740870" lon="75.7822810">
    <ele>240.1</ele>
    <time>2025-11-26T11:45:27Z</time>
   </trkpt>
   <trkpt lat="31.0740020" lon="75.7822920">
    <ele>240.1</ele>
    <time>2025-11-26T11:45:28Z</time>
   </trkpt>
   <trkpt lat="31.0739150" lon="75.7823010">
    <ele>240.0</ele>
    <time>2025-11-26T11:45:29Z</time>
   </trkpt>
   <trkpt lat="31.0738340" lon="75.7823140">
    <ele>240.0</ele>
    <time>2025-11-26T11:45:30Z</time>
   </trkpt>
   <trkpt lat="31.0737470" lon="75.7823240">
    <ele>240.0</ele>
    <time>2025-11-26T11:45:32Z</time>
   </trkpt>
   <trkpt lat="31.0736670" lon="75.7823340">
    <ele>240.0</ele>
    <time>2025-11-26T11:45:33Z</time>
   </trkpt>
   <trkpt lat="31.0735860" lon="75.7823480">
    <ele>240.0</ele>
    <time>2025-11-26T11:45:34Z</time>
   </trkpt>
   <trkpt lat="31.0735070" lon="75.7823620">
    <ele>240.0</ele>
    <time>2025-11-26T11:45:35Z</time>
   </trkpt>
   <trkpt lat="31.0734350" lon="75.7823750">
    <ele>240.0</ele>
    <time>2025-11-26T11:45:36Z</time>
   </trkpt>
   <trkpt lat="31.0733620" lon="75.7823830">
    <ele>240.0</ele>
    <time>2025-11-26T11:45:37Z</time>
   </trkpt>
   <trkpt lat="31.0732890" lon="75.7823840">
    <ele>240.0</ele>
    <time>2025-11-26T11:45:38Z</time>
   </trkpt>
   <trkpt lat="31.0732120" lon="75.7823940">
    <ele>240.0</ele>
    <time>2025-11-26T11:45:39Z</time>
   </trkpt>
   <trkpt lat="31.0731310" lon="75.7824090">
    <ele>240.1</ele>
    <time>2025-11-26T11:45:40Z</time>
   </trkpt>
   <trkpt lat="31.0730560" lon="75.7824220">
    <ele>240.1</ele>
    <time>2025-11-26T11:45:41Z</time>
   </trkpt>
   <trkpt lat="31.0729890" lon="75.7824270">
    <ele>240.2</ele>
    <time>2025-11-26T11:45:42Z</time>
   </trkpt>
   <trkpt lat="31.0729190" lon="75.7824350">
    <ele>240.2</ele>
    <time>2025-11-26T11:45:43Z</time>
   </trkpt>
   <trkpt lat="31.0728560" lon="75.7824450">
    <ele>240.3</ele>
    <time>2025-11-26T11:45:44Z</time>
   </trkpt>
   <trkpt lat="31.0727880" lon="75.7824620">
    <ele>240.3</ele>
    <time>2025-11-26T11:45:45Z</time>
   </trkpt>
   <trkpt lat="31.0727120" lon="75.7824730">
    <ele>240.4</ele>
    <time>2025-11-26T11:45:46Z</time>
   </trkpt>
   <trkpt lat="31.0725630" lon="75.7824850">
    <ele>240.5</ele>
    <time>2025-11-26T11:45:47Z</time>
   </trkpt>
   <trkpt lat="31.0724880" lon="75.7824920">
    <ele>240.6</ele>
    <time>2025-11-26T11:45:48Z</time>
   </trkpt>
   <trkpt lat="31.0724120" lon="75.7825020">
    <ele>240.6</ele>
    <time>2025-11-26T11:45:49Z</time>
   </trkpt>
   <trkpt lat="31.0723390" lon="75.7825070">
    <ele>240.7</ele>
    <time>2025-11-26T11:45:50Z</time>
   </trkpt>
   <trkpt lat="31.0722660" lon="75.7825150">
    <ele>240.7</ele>
    <time>2025-11-26T11:45:51Z</time>
   </trkpt>
   <trkpt lat="31.0721910" lon="75.7825230">
    <ele>240.7</ele>
    <time>2025-11-26T11:45:52Z</time>
   </trkpt>
   <trkpt lat="31.0721110" lon="75.7825320">
    <ele>240.7</ele>
    <time>2025-11-26T11:45:53Z</time>
   </trkpt>
   <trkpt lat="31.0720380" lon="75.7825370">
    <ele>240.8</ele>
    <time>2025-11-26T11:45:54Z</time>
   </trkpt>
   <trkpt lat="31.0719610" lon="75.7825410">
    <ele>240.8</ele>
    <time>2025-11-26T11:45:55Z</time>
   </trkpt>
   <trkpt lat="31.0718880" lon="75.7825490">
    <ele>240.8</ele>
    <time>2025-11-26T11:45:56Z</time>
   </trkpt>
   <trkpt lat="31.0718110" lon="75.7825510">
    <ele>240.7</ele>
    <time>2025-11-26T11:45:57Z</time>
   </trkpt>
   <trkpt lat="31.0717380" lon="75.7825510">
    <ele>240.7</ele>
    <time>2025-11-26T11:45:58Z</time>
   </trkpt>
   <trkpt lat="31.0716600" lon="75.7825570">
    <ele>240.7</ele>
    <time>2025-11-26T11:45:59Z</time>
   </trkpt>
   <trkpt lat="31.0715850" lon="75.7825630">
    <ele>240.7</ele>
    <time>2025-11-26T11:46:00Z</time>
   </trkpt>
   <trkpt lat="31.0715090" lon="75.7825620">
    <ele>240.6</ele>
    <time>2025-11-26T11:46:01Z</time>
   </trkpt>
   <trkpt lat="31.0714360" lon="75.7825660">
    <ele>240.6</ele>
    <time>2025-11-26T11:46:02Z</time>
   </trkpt>
   <trkpt lat="31.0713620" lon="75.7825690">
    <ele>240.6</ele>
    <time>2025-11-26T11:46:03Z</time>
   </trkpt>
   <trkpt lat="31.0712910" lon="75.7825660">
    <ele>240.5</ele>
    <time>2025-11-26T11:46:04Z</time>
   </trkpt>
   <trkpt lat="31.0712170" lon="75.7825640">
    <ele>240.5</ele>
    <time>2025-11-26T11:46:05Z</time>
   </trkpt>
   <trkpt lat="31.0711410" lon="75.7825630">
    <ele>240.5</ele>
    <time>2025-11-26T11:46:06Z</time>
   </trkpt>
   <trkpt lat="31.0710670" lon="75.7825630">
    <ele>240.4</ele>
    <time>2025-11-26T11:46:07Z</time>
   </trkpt>
   <trkpt lat="31.0709930" lon="75.7825630">
    <ele>240.4</ele>
    <time>2025-11-26T11:46:08Z</time>
   </trkpt>
   <trkpt lat="31.0709220" lon="75.7825560">
    <ele>240.4</ele>
    <time>2025-11-26T11:46:09Z</time>
   </trkpt>
   <trkpt lat="31.0708530" lon="75.7825560">
    <ele>240.4</ele>
    <time>2025-11-26T11:46:10Z</time>
   </trkpt>
   <trkpt lat="31.0707830" lon="75.7825520">
    <ele>240.4</ele>
    <time>2025-11-26T11:46:11Z</time>
   </trkpt>
   <trkpt lat="31.0707140" lon="75.7825490">
    <ele>240.3</ele>
    <time>2025-11-26T11:46:12Z</time>
   </trkpt>
   <trkpt lat="31.0706400" lon="75.7825460">
    <ele>240.3</ele>
    <time>2025-11-26T11:46:13Z</time>
   </trkpt>
   <trkpt lat="31.0705720" lon="75.7825430">
    <ele>240.3</ele>
    <time>2025-11-26T11:46:14Z</time>
   </trkpt>
   <trkpt lat="31.0705020" lon="75.7825400">
    <ele>240.3</ele>
    <time>2025-11-26T11:46:15Z</time>
   </trkpt>
   <trkpt lat="31.0704310" lon="75.7825380">
    <ele>240.3</ele>
    <time>2025-11-26T11:46:16Z</time>
   </trkpt>
   <trkpt lat="31.0703590" lon="75.7825370">
    <ele>240.3</ele>
    <time>2025-11-26T11:46:17Z</time>
   </trkpt>
   <trkpt lat="31.0702910" lon="75.7825350">
    <ele>240.3</ele>
    <time>2025-11-26T11:46:18Z</time>
   </trkpt>
   <trkpt lat="31.0702200" lon="75.7825350">
    <ele>240.3</ele>
    <time>2025-11-26T11:46:19Z</time>
   </trkpt>
   <trkpt lat="31.0701460" lon="75.7825360">
    <ele>240.3</ele>
    <time>2025-11-26T11:46:20Z</time>
   </trkpt>
   <trkpt lat="31.0700790" lon="75.7825320">
    <ele>240.2</ele>
    <time>2025-11-26T11:46:21Z</time>
   </trkpt>
   <trkpt lat="31.0700090" lon="75.7825300">
    <ele>240.2</ele>
    <time>2025-11-26T11:46:22Z</time>
   </trkpt>
   <trkpt lat="31.0699350" lon="75.7825270">
    <ele>240.1</ele>
    <time>2025-11-26T11:46:23Z</time>
   </trkpt>
   <trkpt lat="31.0698660" lon="75.7825240">
    <ele>240.1</ele>
    <time>2025-11-26T11:46:24Z</time>
   </trkpt>
   <trkpt lat="31.0697970" lon="75.7825230">
    <ele>240.1</ele>
    <time>2025-11-26T11:46:25Z</time>
   </trkpt>
   <trkpt lat="31.0697280" lon="75.7825200">
    <ele>240.1</ele>
    <time>2025-11-26T11:46:26Z</time>
   </trkpt>
   <trkpt lat="31.0696650" lon="75.7825150">
    <ele>240.1</ele>
    <time>2025-11-26T11:46:27Z</time>
   </trkpt>
   <trkpt lat="31.0695970" lon="75.7825140">
    <ele>240.1</ele>
    <time>2025-11-26T11:46:28Z</time>
   </trkpt>
   <trkpt lat="31.0695280" lon="75.7825090">
    <ele>240.1</ele>
    <time>2025-11-26T11:46:29Z</time>
   </trkpt>
   <trkpt lat="31.0694580" lon="75.7825100">
    <ele>240.2</ele>
    <time>2025-11-26T11:46:30Z</time>
   </trkpt>
   <trkpt lat="31.0693850" lon="75.7825090">
    <ele>240.2</ele>
    <time>2025-11-26T11:46:31Z</time>
   </trkpt>
   <trkpt lat="31.0693170" lon="75.7825100">
    <ele>240.2</ele>
    <time>2025-11-26T11:46:32Z</time>
   </trkpt>
   <trkpt lat="31.0692480" lon="75.7825100">
    <ele>240.3</ele>
    <time>2025-11-26T11:46:33Z</time>
   </trkpt>
   <trkpt lat="31.0691840" lon="75.7825110">
    <ele>240.3</ele>
    <time>2025-11-26T11:46:34Z</time>
   </trkpt>
   <trkpt lat="31.0691150" lon="75.7825070">
    <ele>240.3</ele>
    <time>2025-11-26T11:46:35Z</time>
   </trkpt>
   <trkpt lat="31.0690470" lon="75.7825040">
    <ele>240.4</ele>
    <time>2025-11-26T11:46:36Z</time>
   </trkpt>
   <trkpt lat="31.0689790" lon="75.7825050">
    <ele>240.4</ele>
    <time>2025-11-26T11:46:37Z</time>
   </trkpt>
   <trkpt lat="31.0689070" lon="75.7825040">
    <ele>240.5</ele>
    <time>2025-11-26T11:46:38Z</time>
   </trkpt>
   <trkpt lat="31.0688360" lon="75.7824980">
    <ele>240.6</ele>
    <time>2025-11-26T11:46:39Z</time>
   </trkpt>
   <trkpt lat="31.0687710" lon="75.7824970">
    <ele>240.6</ele>
    <time>2025-11-26T11:46:40Z</time>
   </trkpt>
   <trkpt lat="31.0687030" lon="75.7825020">
    <ele>240.6</ele>
    <time>2025-11-26T11:46:41Z</time>
   </trkpt>
   <trkpt lat="31.0686400" lon="75.7824980">
    <ele>240.7</ele>
    <time>2025-11-26T11:46:42Z</time>
   </trkpt>
   <trkpt lat="31.0685720" lon="75.7824900">
    <ele>240.7</ele>
    <time>2025-11-26T11:46:43Z</time>
   </trkpt>
   <trkpt lat="31.0685040" lon="75.7824870">
    <ele>240.8</ele>
    <time>2025-11-26T11:46:44Z</time>
   </trkpt>
   <trkpt lat="31.0684360" lon="75.7824870">
    <ele>240.8</ele>
    <time>2025-11-26T11:46:45Z</time>
   </trkpt>
   <trkpt lat="31.0683690" lon="75.7824860">
    <ele>240.8</ele>
    <time>2025-11-26T11:46:46Z</time>
   </trkpt>
   <trkpt lat="31.0683010" lon="75.7824800">
    <ele>240.9</ele>
    <time>2025-11-26T11:46:47Z</time>
   </trkpt>
   <trkpt lat="31.0682330" lon="75.7824800">
    <ele>240.9</ele>
    <time>2025-11-26T11:46:48Z</time>
   </trkpt>
   <trkpt lat="31.0681630" lon="75.7824780">
    <ele>240.9</ele>
    <time>2025-11-26T11:46:49Z</time>
   </trkpt>
   <trkpt lat="31.0680960" lon="75.7824760">
    <ele>241.0</ele>
    <time>2025-11-26T11:46:50Z</time>
   </trkpt>
   <trkpt lat="31.0680280" lon="75.7824710">
    <ele>241.1</ele>
    <time>2025-11-26T11:46:51Z</time>
   </trkpt>
   <trkpt lat="31.0679610" lon="75.7824700">
    <ele>241.1</ele>
    <time>2025-11-26T11:46:52Z</time>
   </trkpt>
   <trkpt lat="31.0678990" lon="75.7824700">
    <ele>241.1</ele>
    <time>2025-11-26T11:46:53Z</time>
   </trkpt>
   <trkpt lat="31.0678270" lon="75.7824690">
    <ele>241.1</ele>
    <time>2025-11-26T11:46:54Z</time>
   </trkpt>
   <trkpt lat="31.0677570" lon="75.7824670">
    <ele>241.1</ele>
    <time>2025-11-26T11:46:55Z</time>
   </trkpt>
   <trkpt lat="31.0676930" lon="75.7824660">
    <ele>241.1</ele>
    <time>2025-11-26T11:46:56Z</time>
   </trkpt>
   <trkpt lat="31.0676260" lon="75.7824640">
    <ele>241.0</ele>
    <time>2025-11-26T11:46:57Z</time>
   </trkpt>
   <trkpt lat="31.0675530" lon="75.7824560">
    <ele>241.0</ele>
    <time>2025-11-26T11:46:58Z</time>
   </trkpt>
   <trkpt lat="31.0674810" lon="75.7824510">
    <ele>241.0</ele>
    <time>2025-11-26T11:46:59Z</time>
   </trkpt>
   <trkpt lat="31.0674050" lon="75.7824460">
    <ele>241.0</ele>
    <time>2025-11-26T11:47:00Z</time>
   </trkpt>
   <trkpt lat="31.0673300" lon="75.7824380">
    <ele>241.0</ele>
    <time>2025-11-26T11:47:01Z</time>
   </trkpt>
   <trkpt lat="31.0672570" lon="75.7824380">
    <ele>241.0</ele>
    <time>2025-11-26T11:47:02Z</time>
   </trkpt>
   <trkpt lat="31.0671840" lon="75.7824400">
    <ele>241.1</ele>
    <time>2025-11-26T11:47:03Z</time>
   </trkpt>
   <trkpt lat="31.0671100" lon="75.7824370">
    <ele>241.1</ele>
    <time>2025-11-26T11:47:04Z</time>
   </trkpt>
   <trkpt lat="31.0670390" lon="75.7824280">
    <ele>241.2</ele>
    <time>2025-11-26T11:47:05Z</time>
   </trkpt>
   <trkpt lat="31.0669640" lon="75.7824260">
    <ele>241.2</ele>
    <time>2025-11-26T11:47:06Z</time>
   </trkpt>
   <trkpt lat="31.0668920" lon="75.7824220">
    <ele>241.3</ele>
    <time>2025-11-26T11:47:07Z</time>
   </trkpt>
   <trkpt lat="31.0668230" lon="75.7824170">
    <ele>241.4</ele>
    <time>2025-11-26T11:47:08Z</time>
   </trkpt>
   <trkpt lat="31.0667510" lon="75.7824140">
    <ele>241.5</ele>
    <time>2025-11-26T11:47:09Z</time>
   </trkpt>
   <trkpt lat="31.0666840" lon="75.7824070">
    <ele>241.7</ele>
    <time>2025-11-26T11:47:10Z</time>
   </trkpt>
   <trkpt lat="31.0666160" lon="75.7824030">
    <ele>241.8</ele>
    <time>2025-11-26T11:47:11Z</time>
   </trkpt>
   <trkpt lat="31.0665520" lon="75.7824020">
    <ele>242.0</ele>
    <time>2025-11-26T11:47:12Z</time>
   </trkpt>
   <trkpt lat="31.0664950" lon="75.7824030">
    <ele>242.2</ele>
    <time>2025-11-26T11:47:13Z</time>
   </trkpt>
   <trkpt lat="31.0664340" lon="75.7824020">
    <ele>242.4</ele>
    <time>2025-11-26T11:47:14Z</time>
   </trkpt>
   <trkpt lat="31.0663720" lon="75.7824030">
    <ele>242.6</ele>
    <time>2025-11-26T11:47:15Z</time>
   </trkpt>
   <trkpt lat="31.0663140" lon="75.7824000">
    <ele>242.8</ele>
    <time>2025-11-26T11:47:16Z</time>
   </trkpt>
   <trkpt lat="31.0662590" lon="75.7824000">
    <ele>242.9</ele>
    <time>2025-11-26T11:47:17Z</time>
   </trkpt>
   <trkpt lat="31.0662030" lon="75.7824010">
    <ele>243.1</ele>
    <time>2025-11-26T11:47:18Z</time>
   </trkpt>
   <trkpt lat="31.0661420" lon="75.7823980">
    <ele>243.3</ele>
    <time>2025-11-26T11:47:19Z</time>
   </trkpt>
   <trkpt lat="31.0660870" lon="75.7823980">
    <ele>243.5</ele>
    <time>2025-11-26T11:47:20Z</time>
   </trkpt>
   <trkpt lat="31.0660350" lon="75.7823920">
    <ele>243.7</ele>
    <time>2025-11-26T11:47:21Z</time>
   </trkpt>
   <trkpt lat="31.0659810" lon="75.7823910">
    <ele>243.9</ele>
    <time>2025-11-26T11:47:22Z</time>
   </trkpt>
   <trkpt lat="31.0659290" lon="75.7823880">
    <ele>244.1</ele>
    <time>2025-11-26T11:47:23Z</time>
   </trkpt>
   <trkpt lat="31.0658760" lon="75.7823860">
    <ele>244.3</ele>
    <time>2025-11-26T11:47:24Z</time>
   </trkpt>
   <trkpt lat="31.0658270" lon="75.7823860">
    <ele>244.5</ele>
    <time>2025-11-26T11:47:25Z</time>
   </trkpt>
   <trkpt lat="31.0657760" lon="75.7823840">
    <ele>244.7</ele>
    <time>2025-11-26T11:47:26Z</time>
   </trkpt>
   <trkpt lat="31.0657250" lon="75.7823820">
    <ele>244.9</ele>
    <time>2025-11-26T11:47:27Z</time>
   </trkpt>
   <trkpt lat="31.0656800" lon="75.7823830">
    <ele>245.0</ele>
    <time>2025-11-26T11:47:28Z</time>
   </trkpt>
   <trkpt lat="31.0656320" lon="75.7823830">
    <ele>245.2</ele>
    <time>2025-11-26T11:47:29Z</time>
   </trkpt>
   <trkpt lat="31.0655810" lon="75.7823810">
    <ele>245.4</ele>
    <time>2025-11-26T11:47:30Z</time>
   </trkpt>
   <trkpt lat="31.0655280" lon="75.7823770">
    <ele>245.5</ele>
    <time>2025-11-26T11:47:31Z</time>
   </trkpt>
   <trkpt lat="31.0654740" lon="75.7823750">
    <ele>245.7</ele>
    <time>2025-11-26T11:47:32Z</time>
   </trkpt>
   <trkpt lat="31.0654200" lon="75.7823750">
    <ele>245.8</ele>
    <time>2025-11-26T11:47:33Z</time>
   </trkpt>
   <trkpt lat="31.0653690" lon="75.7823760">
    <ele>246.0</ele>
    <time>2025-11-26T11:47:34Z</time>
   </trkpt>
   <trkpt lat="31.0653150" lon="75.7823730">
    <ele>246.1</ele>
    <time>2025-11-26T11:47:35Z</time>
   </trkpt>
   <trkpt lat="31.0652590" lon="75.7823710">
    <ele>246.2</ele>
    <time>2025-11-26T11:47:36Z</time>
   </trkpt>
   <trkpt lat="31.0652020" lon="75.7823680">
    <ele>246.3</ele>
    <time>2025-11-26T11:47:37Z</time>
   </trkpt>
   <trkpt lat="31.0651440" lon="75.7823650">
    <ele>246.5</ele>
    <time>2025-11-26T11:47:38Z</time>
   </trkpt>
   <trkpt lat="31.0650880" lon="75.7823600">
    <ele>246.6</ele>
    <time>2025-11-26T11:47:39Z</time>
   </trkpt>
   <trkpt lat="31.0650300" lon="75.7823610">
    <ele>246.7</ele>
    <time>2025-11-26T11:47:40Z</time>
   </trkpt>
   <trkpt lat="31.0649810" lon="75.7823630">
    <ele>246.8</ele>
    <time>2025-11-26T11:47:41Z</time>
   </trkpt>
   <trkpt lat="31.0649230" lon="75.7823650">
    <ele>246.9</ele>
    <time>2025-11-26T11:47:42Z</time>
   </trkpt>
   <trkpt lat="31.0648700" lon="75.7823650">
    <ele>247.0</ele>
    <time>2025-11-26T11:47:43Z</time>
   </trkpt>
   <trkpt lat="31.0648180" lon="75.7823640">
    <ele>247.0</ele>
    <time>2025-11-26T11:47:44Z</time>
   </trkpt>
   <trkpt lat="31.0647640" lon="75.7823600">
    <ele>247.1</ele>
    <time>2025-11-26T11:47:45Z</time>
   </trkpt>
   <trkpt lat="31.0647090" lon="75.7823610">
    <ele>247.2</ele>
    <time>2025-11-26T11:47:46Z</time>
   </trkpt>
   <trkpt lat="31.0646520" lon="75.7823590">
    <ele>247.2</ele>
    <time>2025-11-26T11:47:47Z</time>
   </trkpt>
   <trkpt lat="31.0645990" lon="75.7823590">
    <ele>247.3</ele>
    <time>2025-11-26T11:47:48Z</time>
   </trkpt>
   <trkpt lat="31.0645460" lon="75.7823570">
    <ele>247.4</ele>
    <time>2025-11-26T11:47:49Z</time>
   </trkpt>
   <trkpt lat="31.0644860" lon="75.7823550">
    <ele>247.4</ele>
    <time>2025-11-26T11:47:50Z</time>
   </trkpt>
   <trkpt lat="31.0644300" lon="75.7823500">
    <ele>247.5</ele>
    <time>2025-11-26T11:47:51Z</time>
   </trkpt>
   <trkpt lat="31.0643700" lon="75.7823460">
    <ele>247.5</ele>
    <time>2025-11-26T11:47:52Z</time>
   </trkpt>
   <trkpt lat="31.0643130" lon="75.7823480">
    <ele>247.6</ele>
    <time>2025-11-26T11:47:53Z</time>
   </trkpt>
   <trkpt lat="31.0642520" lon="75.7823400">
    <ele>247.6</ele>
    <time>2025-11-26T11:47:54Z</time>
   </trkpt>
   <trkpt lat="31.0641910" lon="75.7823400">
    <ele>247.6</ele>
    <time>2025-11-26T11:47:55Z</time>
   </trkpt>
   <trkpt lat="31.0641260" lon="75.7823390">
    <ele>247.7</ele>
    <time>2025-11-26T11:47:56Z</time>
   </trkpt>
   <trkpt lat="31.0640680" lon="75.7823400">
    <ele>247.7</ele>
    <time>2025-11-26T11:47:57Z</time>
   </trkpt>
   <trkpt lat="31.0640050" lon="75.7823370">
    <ele>247.8</ele>
    <time>2025-11-26T11:47:58Z</time>
   </trkpt>
   <trkpt lat="31.0639440" lon="75.7823390">
    <ele>247.8</ele>
    <time>2025-11-26T11:47:59Z</time>
   </trkpt>
   <trkpt lat="31.0638780" lon="75.7823370">
    <ele>247.8</ele>
    <time>2025-11-26T11:48:00Z</time>
   </trkpt>
   <trkpt lat="31.0638210" lon="75.7823350">
    <ele>247.7</ele>
    <time>2025-11-26T11:48:01Z</time>
   </trkpt>
   <trkpt lat="31.0637630" lon="75.7823360">
    <ele>247.7</ele>
    <time>2025-11-26T11:48:02Z</time>
   </trkpt>
   <trkpt lat="31.0637070" lon="75.7823390">
    <ele>247.6</ele>
    <time>2025-11-26T11:48:03Z</time>
   </trkpt>
   <trkpt lat="31.0636390" lon="75.7823330">
    <ele>247.6</ele>
    <time>2025-11-26T11:48:04Z</time>
   </trkpt>
   <trkpt lat="31.0635750" lon="75.7823270">
    <ele>247.5</ele>
    <time>2025-11-26T11:48:05Z</time>
   </trkpt>
   <trkpt lat="31.0635110" lon="75.7823210">
    <ele>247.5</ele>
    <time>2025-11-26T11:48:06Z</time>
   </trkpt>
   <trkpt lat="31.0634440" lon="75.7823220">
    <ele>247.4</ele>
    <time>2025-11-26T11:48:07Z</time>
   </trkpt>
   <trkpt lat="31.0633780" lon="75.7823210">
    <ele>247.4</ele>
    <time>2025-11-26T11:48:08Z</time>
   </trkpt>
   <trkpt lat="31.0633130" lon="75.7823210">
    <ele>247.3</ele>
    <time>2025-11-26T11:48:09Z</time>
   </trkpt>
   <trkpt lat="31.0632460" lon="75.7823240">
    <ele>247.2</ele>
    <time>2025-11-26T11:48:10Z</time>
   </trkpt>
   <trkpt lat="31.0631730" lon="75.7823180">
    <ele>247.1</ele>
    <time>2025-11-26T11:48:11Z</time>
   </trkpt>
   <trkpt lat="31.0631060" lon="75.7823190">
    <ele>247.0</ele>
    <time>2025-11-26T11:48:12Z</time>
   </trkpt>
   <trkpt lat="31.0630350" lon="75.7823200">
    <ele>246.8</ele>
    <time>2025-11-26T11:48:13Z</time>
   </trkpt>
   <trkpt lat="31.0629660" lon="75.7823200">
    <ele>246.7</ele>
    <time>2025-11-26T11:48:14Z</time>
   </trkpt>
   <trkpt lat="31.0628930" lon="75.7823200">
    <ele>246.6</ele>
    <time>2025-11-26T11:48:15Z</time>
   </trkpt>
   <trkpt lat="31.0628220" lon="75.7823210">
    <ele>246.4</ele>
    <time>2025-11-26T11:48:16Z</time>
   </trkpt>
   <trkpt lat="31.0627480" lon="75.7823180">
    <ele>246.3</ele>
    <time>2025-11-26T11:48:17Z</time>
   </trkpt>
   <trkpt lat="31.0626690" lon="75.7823240">
    <ele>246.1</ele>
    <time>2025-11-26T11:48:18Z</time>
   </trkpt>
   <trkpt lat="31.0625970" lon="75.7823240">
    <ele>245.9</ele>
    <time>2025-11-26T11:48:19Z</time>
   </trkpt>
   <trkpt lat="31.0625230" lon="75.7823250">
    <ele>245.7</ele>
    <time>2025-11-26T11:48:20Z</time>
   </trkpt>
   <trkpt lat="31.0624450" lon="75.7823290">
    <ele>245.5</ele>
    <time>2025-11-26T11:48:21Z</time>
   </trkpt>
   <trkpt lat="31.0623710" lon="75.7823290">
    <ele>245.2</ele>
    <time>2025-11-26T11:48:22Z</time>
   </trkpt>
   <trkpt lat="31.0622870" lon="75.7823270">
    <ele>245.0</ele>
    <time>2025-11-26T11:48:23Z</time>
   </trkpt>
   <trkpt lat="31.0622040" lon="75.7823230">
    <ele>244.7</ele>
    <time>2025-11-26T11:48:24Z</time>
   </trkpt>
   <trkpt lat="31.0621180" lon="75.7823230">
    <ele>244.4</ele>
    <time>2025-11-26T11:48:25Z</time>
   </trkpt>
   <trkpt lat="31.0620320" lon="75.7823260">
    <ele>244.1</ele>
    <time>2025-11-26T11:48:26Z</time>
   </trkpt>
   <trkpt lat="31.0619430" lon="75.7823290">
    <ele>243.8</ele>
    <time>2025-11-26T11:48:27Z</time>
   </trkpt>
   <trkpt lat="31.0618520" lon="75.7823310">
    <ele>243.5</ele>
    <time>2025-11-26T11:48:28Z</time>
   </trkpt>
   <trkpt lat="31.0617610" lon="75.7823300">
    <ele>243.1</ele>
    <time>2025-11-26T11:48:29Z</time>
   </trkpt>
   <trkpt lat="31.0616680" lon="75.7823320">
    <ele>242.8</ele>
    <time>2025-11-26T11:48:30Z</time>
   </trkpt>
   <trkpt lat="31.0615720" lon="75.7823350">
    <ele>242.4</ele>
    <time>2025-11-26T11:48:31Z</time>
   </trkpt>
   <trkpt lat="31.0614740" lon="75.7823380">
    <ele>242.1</ele>
    <time>2025-11-26T11:48:32Z</time>
   </trkpt>
   <trkpt lat="31.0613760" lon="75.7823420">
    <ele>241.9</ele>
    <time>2025-11-26T11:48:33Z</time>
   </trkpt>
   <trkpt lat="31.0612770" lon="75.7823450">
    <ele>241.6</ele>
    <time>2025-11-26T11:48:34Z</time>
   </trkpt>
   <trkpt lat="31.0611740" lon="75.7823460">
    <ele>241.3</ele>
    <time>2025-11-26T11:48:35Z</time>
   </trkpt>
   <trkpt lat="31.0610720" lon="75.7823470">
    <ele>241.0</ele>
    <time>2025-11-26T11:48:36Z</time>
   </trkpt>
   <trkpt lat="31.0609690" lon="75.7823500">
    <ele>240.7</ele>
    <time>2025-11-26T11:48:37Z</time>
   </trkpt>
   <trkpt lat="31.0608660" lon="75.7823540">
    <ele>240.4</ele>
    <time>2025-11-26T11:48:38Z</time>
   </trkpt>
   <trkpt lat="31.0607610" lon="75.7823520">
    <ele>240.2</ele>
    <time>2025-11-26T11:48:39Z</time>
   </trkpt>
   <trkpt lat="31.0606560" lon="75.7823550">
    <ele>240.1</ele>
    <time>2025-11-26T11:48:40Z</time>
   </trkpt>
   <trkpt lat="31.0605540" lon="75.7823590">
    <ele>240.0</ele>
    <time>2025-11-26T11:48:41Z</time>
   </trkpt>
   <trkpt lat="31.0604590" lon="75.7823680">
    <ele>239.9</ele>
    <time>2025-11-26T11:48:42Z</time>
   </trkpt>
   <trkpt lat="31.0603620" lon="75.7823690">
    <ele>239.8</ele>
    <time>2025-11-26T11:48:43Z</time>
   </trkpt>
   <trkpt lat="31.0602590" lon="75.7823710">
    <ele>239.8</ele>
    <time>2025-11-26T11:48:44Z</time>
   </trkpt>
   <trkpt lat="31.0601600" lon="75.7823710">
    <ele>239.7</ele>
    <time>2025-11-26T11:48:45Z</time>
   </trkpt>
   <trkpt lat="31.0600580" lon="75.7823710">
    <ele>239.6</ele>
    <time>2025-11-26T11:48:46Z</time>
   </trkpt>
   <trkpt lat="31.0599550" lon="75.7823810">
    <ele>239.5</ele>
    <time>2025-11-26T11:48:47Z</time>
   </trkpt>
   <trkpt lat="31.0598560" lon="75.7823870">
    <ele>239.6</ele>
    <time>2025-11-26T11:48:48Z</time>
   </trkpt>
   <trkpt lat="31.0597550" lon="75.7824010">
    <ele>239.6</ele>
    <time>2025-11-26T11:48:49Z</time>
   </trkpt>
   <trkpt lat="31.0596450" lon="75.7824060">
    <ele>239.7</ele>
    <time>2025-11-26T11:48:50Z</time>
   </trkpt>
   <trkpt lat="31.0595360" lon="75.7824100">
    <ele>239.7</ele>
    <time>2025-11-26T11:48:51Z</time>
   </trkpt>
   <trkpt lat="31.0594230" lon="75.7824130">
    <ele>239.7</ele>
    <time>2025-11-26T11:48:52Z</time>
   </trkpt>
   <trkpt lat="31.0593120" lon="75.7824170">
    <ele>239.7</ele>
    <time>2025-11-26T11:48:53Z</time>
   </trkpt>
   <trkpt lat="31.0592010" lon="75.7824170">
    <ele>239.7</ele>
    <time>2025-11-26T11:48:54Z</time>
   </trkpt>
   <trkpt lat="31.0590820" lon="75.7824260">
    <ele>239.7</ele>
    <time>2025-11-26T11:48:55Z</time>
   </trkpt>
   <trkpt lat="31.0589650" lon="75.7824300">
    <ele>239.7</ele>
    <time>2025-11-26T11:48:56Z</time>
   </trkpt>
   <trkpt lat="31.0588480" lon="75.7824300">
    <ele>239.8</ele>
    <time>2025-11-26T11:48:57Z</time>
   </trkpt>
   <trkpt lat="31.0587280" lon="75.7824330">
    <ele>239.9</ele>
    <time>2025-11-26T11:48:58Z</time>
   </trkpt>
   <trkpt lat="31.0586100" lon="75.7824360">
    <ele>239.9</ele>
    <time>2025-11-26T11:48:59Z</time>
   </trkpt>
   <trkpt lat="31.0584930" lon="75.7824440">
    <ele>239.8</ele>
    <time>2025-11-26T11:49:00Z</time>
   </trkpt>
   <trkpt lat="31.0583700" lon="75.7824420">
    <ele>239.8</ele>
    <time>2025-11-26T11:49:01Z</time>
   </trkpt>
   <trkpt lat="31.0582440" lon="75.7824460">
    <ele>239.9</ele>
    <time>2025-11-26T11:49:02Z</time>
   </trkpt>
   <trkpt lat="31.0581220" lon="75.7824450">
    <ele>239.9</ele>
    <time>2025-11-26T11:49:03Z</time>
   </trkpt>
   <trkpt lat="31.0579970" lon="75.7824480">
    <ele>239.9</ele>
    <time>2025-11-26T11:49:04Z</time>
   </trkpt>
   <trkpt lat="31.0578750" lon="75.7824510">
    <ele>240.0</ele>
    <time>2025-11-26T11:49:05Z</time>
   </trkpt>
   <trkpt lat="31.0577520" lon="75.7824560">
    <ele>240.0</ele>
    <time>2025-11-26T11:49:06Z</time>
   </trkpt>
   <trkpt lat="31.0576250" lon="75.7824550">
    <ele>240.0</ele>
    <time>2025-11-26T11:49:07Z</time>
   </trkpt>
   <trkpt lat="31.0575010" lon="75.7824540">
    <ele>240.0</ele>
    <time>2025-11-26T11:49:08Z</time>
   </trkpt>
   <trkpt lat="31.0573830" lon="75.7824540">
    <ele>240.1</ele>
    <time>2025-11-26T11:49:09Z</time>
   </trkpt>
   <trkpt lat="31.0572650" lon="75.7824590">
    <ele>240.2</ele>
    <time>2025-11-26T11:49:10Z</time>
   </trkpt>
   <trkpt lat="31.0571490" lon="75.7824620">
    <ele>240.3</ele>
    <time>2025-11-26T11:49:11Z</time>
   </trkpt>
   <trkpt lat="31.0570320" lon="75.7824650">
    <ele>240.4</ele>
    <time>2025-11-26T11:49:12Z</time>
   </trkpt>
   <trkpt lat="31.0569180" lon="75.7824740">
    <ele>240.6</ele>
    <time>2025-11-26T11:49:13Z</time>
   </trkpt>
   <trkpt lat="31.0568090" lon="75.7824770">
    <ele>240.7</ele>
    <time>2025-11-26T11:49:14Z</time>
   </trkpt>
   <trkpt lat="31.0567030" lon="75.7824800">
    <ele>241.0</ele>
    <time>2025-11-26T11:49:15Z</time>
   </trkpt>
   <trkpt lat="31.0566020" lon="75.7824780">
    <ele>241.2</ele>
    <time>2025-11-26T11:49:16Z</time>
   </trkpt>
   <trkpt lat="31.0565010" lon="75.7824800">
    <ele>241.4</ele>
    <time>2025-11-26T11:49:17Z</time>
   </trkpt>
   <trkpt lat="31.0564040" lon="75.7824830">
    <ele>241.6</ele>
    <time>2025-11-26T11:49:18Z</time>
   </trkpt>
   <trkpt lat="31.0563100" lon="75.7824850">
    <ele>241.8</ele>
    <time>2025-11-26T11:49:19Z</time>
   </trkpt>
   <trkpt lat="31.0562180" lon="75.7824910">
    <ele>241.9</ele>
    <time>2025-11-26T11:49:20Z</time>
   </trkpt>
   <trkpt lat="31.0561280" lon="75.7824910">
    <ele>242.1</ele>
    <time>2025-11-26T11:49:21Z</time>
   </trkpt>
   <trkpt lat="31.0560390" lon="75.7824920">
    <ele>242.2</ele>
    <time>2025-11-26T11:49:22Z</time>
   </trkpt>
   <trkpt lat="31.0559520" lon="75.7824910">
    <ele>242.3</ele>
    <time>2025-11-26T11:49:23Z</time>
   </trkpt>
   <trkpt lat="31.0558650" lon="75.7824950">
    <ele>242.4</ele>
    <time>2025-11-26T11:49:24Z</time>
   </trkpt>
   <trkpt lat="31.0557780" lon="75.7824970">
    <ele>242.5</ele>
    <time>2025-11-26T11:49:25Z</time>
   </trkpt>
   <trkpt lat="31.0556930" lon="75.7824980">
    <ele>242.6</ele>
    <time>2025-11-26T11:49:26Z</time>
   </trkpt>
   <trkpt lat="31.0556080" lon="75.7824980">
    <ele>242.7</ele>
    <time>2025-11-26T11:49:27Z</time>
   </trkpt>
   <trkpt lat="31.0555240" lon="75.7824990">
    <ele>242.8</ele>
    <time>2025-11-26T11:49:28Z</time>
   </trkpt>
   <trkpt lat="31.0554410" lon="75.7825020">
    <ele>242.8</ele>
    <time>2025-11-26T11:49:29Z</time>
   </trkpt>
   <trkpt lat="31.0553590" lon="75.7825060">
    <ele>242.9</ele>
    <time>2025-11-26T11:49:30Z</time>
   </trkpt>
   <trkpt lat="31.0552790" lon="75.7825060">
    <ele>242.9</ele>
    <time>2025-11-26T11:49:31Z</time>
   </trkpt>
   <trkpt lat="31.0552000" lon="75.7825070">
    <ele>242.9</ele>
    <time>2025-11-26T11:49:32Z</time>
   </trkpt>
   <trkpt lat="31.0551210" lon="75.7825100">
    <ele>242.9</ele>
    <time>2025-11-26T11:49:33Z</time>
   </trkpt>
   <trkpt lat="31.0550440" lon="75.7825100">
    <ele>242.9</ele>
    <time>2025-11-26T11:49:34Z</time>
   </trkpt>
   <trkpt lat="31.0549660" lon="75.7825140">
    <ele>242.9</ele>
    <time>2025-11-26T11:49:35Z</time>
   </trkpt>
   <trkpt lat="31.0548860" lon="75.7825160">
    <ele>242.8</ele>
    <time>2025-11-26T11:49:36Z</time>
   </trkpt>
   <trkpt lat="31.0548060" lon="75.7825170">
    <ele>242.8</ele>
    <time>2025-11-26T11:49:37Z</time>
   </trkpt>
   <trkpt lat="31.0547270" lon="75.7825170">
    <ele>242.8</ele>
    <time>2025-11-26T11:49:38Z</time>
   </trkpt>
   <trkpt lat="31.0546470" lon="75.7825180">
    <ele>242.7</ele>
    <time>2025-11-26T11:49:39Z</time>
   </trkpt>
   <trkpt lat="31.0545670" lon="75.7825200">
    <ele>242.7</ele>
    <time>2025-11-26T11:49:40Z</time>
   </trkpt>
   <trkpt lat="31.0544890" lon="75.7825200">
    <ele>242.6</ele>
    <time>2025-11-26T11:49:41Z</time>
   </trkpt>
   <trkpt lat="31.0544060" lon="75.7825240">
    <ele>242.5</ele>
    <time>2025-11-26T11:49:42Z</time>
   </trkpt>
   <trkpt lat="31.0543270" lon="75.7825270">
    <ele>242.4</ele>
    <time>2025-11-26T11:49:43Z</time>
   </trkpt>
   <trkpt lat="31.0542460" lon="75.7825290">
    <ele>242.3</ele>
    <time>2025-11-26T11:49:44Z</time>
   </trkpt>
   <trkpt lat="31.0541640" lon="75.7825300">
    <ele>242.1</ele>
    <time>2025-11-26T11:49:45Z</time>
   </trkpt>
   <trkpt lat="31.0540800" lon="75.7825300">
    <ele>242.0</ele>
    <time>2025-11-26T11:49:46Z</time>
   </trkpt>
   <trkpt lat="31.0539970" lon="75.7825300">
    <ele>241.8</ele>
    <time>2025-11-26T11:49:47Z</time>
   </trkpt>
   <trkpt lat="31.0539140" lon="75.7825350">
    <ele>241.6</ele>
    <time>2025-11-26T11:49:48Z</time>
   </trkpt>
   <trkpt lat="31.0538310" lon="75.7825400">
    <ele>241.4</ele>
    <time>2025-11-26T11:49:49Z</time>
   </trkpt>
   <trkpt lat="31.0537490" lon="75.7825410">
    <ele>241.3</ele>
    <time>2025-11-26T11:49:50Z</time>
   </trkpt>
   <trkpt lat="31.0536660" lon="75.7825430">
    <ele>241.1</ele>
    <time>2025-11-26T11:49:51Z</time>
   </trkpt>
   <trkpt lat="31.0535820" lon="75.7825460">
    <ele>240.9</ele>
    <time>2025-11-26T11:49:52Z</time>
   </trkpt>
   <trkpt lat="31.0534990" lon="75.7825460">
    <ele>240.7</ele>
    <time>2025-11-26T11:49:53Z</time>
   </trkpt>
   <trkpt lat="31.0534150" lon="75.7825450">
    <ele>240.5</ele>
    <time>2025-11-26T11:49:54Z</time>
   </trkpt>
   <trkpt lat="31.0533320" lon="75.7825470">
    <ele>240.4</ele>
    <time>2025-11-26T11:49:55Z</time>
   </trkpt>
   <trkpt lat="31.0532520" lon="75.7825520">
    <ele>240.2</ele>
    <time>2025-11-26T11:49:56Z</time>
   </trkpt>
   <trkpt lat="31.0531700" lon="75.7825550">
    <ele>240.2</ele>
    <time>2025-11-26T11:49:57Z</time>
   </trkpt>
   <trkpt lat="31.0530900" lon="75.7825560">
    <ele>240.1</ele>
    <time>2025-11-26T11:49:58Z</time>
   </trkpt>
   <trkpt lat="31.0530060" lon="75.7825560">
    <ele>240.1</ele>
    <time>2025-11-26T11:49:59Z</time>
   </trkpt>
   <trkpt lat="31.0529240" lon="75.7825580">
    <ele>240.0</ele>
    <time>2025-11-26T11:50:00Z</time>
   </trkpt>
   <trkpt lat="31.0528420" lon="75.7825620">
    <ele>240.0</ele>
    <time>2025-11-26T11:50:01Z</time>
   </trkpt>
   <trkpt lat="31.0527590" lon="75.7825660">
    <ele>240.0</ele>
    <time>2025-11-26T11:50:02Z</time>
   </trkpt>
   <trkpt lat="31.0526750" lon="75.7825650">
    <ele>240.0</ele>
    <time>2025-11-26T11:50:03Z</time>
   </trkpt>
   <trkpt lat="31.0525910" lon="75.7825640">
    <ele>240.0</ele>
    <time>2025-11-26T11:50:04Z</time>
   </trkpt>
   <trkpt lat="31.0525060" lon="75.7825660">
    <ele>240.0</ele>
    <time>2025-11-26T11:50:05Z</time>
   </trkpt>
   <trkpt lat="31.0524200" lon="75.7825690">
    <ele>240.0</ele>
    <time>2025-11-26T11:50:06Z</time>
   </trkpt>
   <trkpt lat="31.0523330" lon="75.7825680">
    <ele>240.0</ele>
    <time>2025-11-26T11:50:07Z</time>
   </trkpt>
   <trkpt lat="31.0522470" lon="75.7825690">
    <ele>240.1</ele>
    <time>2025-11-26T11:50:08Z</time>
   </trkpt>
   <trkpt lat="31.0521610" lon="75.7825720">
    <ele>240.1</ele>
    <time>2025-11-26T11:50:09Z</time>
   </trkpt>
   <trkpt lat="31.0520750" lon="75.7825730">
    <ele>240.2</ele>
    <time>2025-11-26T11:50:10Z</time>
   </trkpt>
   <trkpt lat="31.0519890" lon="75.7825750">
    <ele>240.2</ele>
    <time>2025-11-26T11:50:11Z</time>
   </trkpt>
   <trkpt lat="31.0519030" lon="75.7825760">
    <ele>240.3</ele>
    <time>2025-11-26T11:50:12Z</time>
   </trkpt>
   <trkpt lat="31.0518170" lon="75.7825750">
    <ele>240.3</ele>
    <time>2025-11-26T11:50:13Z</time>
   </trkpt>
   <trkpt lat="31.0517320" lon="75.7825740">
    <ele>240.4</ele>
    <time>2025-11-26T11:50:14Z</time>
   </trkpt>
   <trkpt lat="31.0516480" lon="75.7825720">
    <ele>240.4</ele>
    <time>2025-11-26T11:50:15Z</time>
   </trkpt>
   <trkpt lat="31.0515630" lon="75.7825730">
    <ele>240.4</ele>
    <time>2025-11-26T11:50:16Z</time>
   </trkpt>
   <trkpt lat="31.0514780" lon="75.7825810">
    <ele>240.4</ele>
    <time>2025-11-26T11:50:17Z</time>
   </trkpt>
   <trkpt lat="31.0513930" lon="75.7825900">
    <ele>240.4</ele>
    <time>2025-11-26T11:50:18Z</time>
   </trkpt>
   <trkpt lat="31.0513070" lon="75.7825930">
    <ele>240.5</ele>
    <time>2025-11-26T11:50:19Z</time>
   </trkpt>
   <trkpt lat="31.0512230" lon="75.7825940">
    <ele>240.5</ele>
    <time>2025-11-26T11:50:20Z</time>
   </trkpt>
   <trkpt lat="31.0511390" lon="75.7825960">
    <ele>240.5</ele>
    <time>2025-11-26T11:50:21Z</time>
   </trkpt>
   <trkpt lat="31.0510560" lon="75.7825970">
    <ele>240.6</ele>
    <time>2025-11-26T11:50:22Z</time>
   </trkpt>
   <trkpt lat="31.0509720" lon="75.7825990">
    <ele>240.6</ele>
    <time>2025-11-26T11:50:23Z</time>
   </trkpt>
   <trkpt lat="31.0508890" lon="75.7826010">
    <ele>240.6</ele>
    <time>2025-11-26T11:50:24Z</time>
   </trkpt>
   <trkpt lat="31.0508070" lon="75.7826030">
    <ele>240.6</ele>
    <time>2025-11-26T11:50:25Z</time>
   </trkpt>
   <trkpt lat="31.0507240" lon="75.7826050">
    <ele>240.6</ele>
    <time>2025-11-26T11:50:26Z</time>
   </trkpt>
   <trkpt lat="31.0506420" lon="75.7826100">
    <ele>240.6</ele>
    <time>2025-11-26T11:50:27Z</time>
   </trkpt>
   <trkpt lat="31.0505610" lon="75.7826140">
    <ele>240.6</ele>
    <time>2025-11-26T11:50:29Z</time>
   </trkpt>
   <trkpt lat="31.0504810" lon="75.7826160">
    <ele>240.6</ele>
    <time>2025-11-26T11:50:30Z</time>
   </trkpt>
   <trkpt lat="31.0504000" lon="75.7826180">
    <ele>240.6</ele>
    <time>2025-11-26T11:50:31Z</time>
   </trkpt>
   <trkpt lat="31.0503210" lon="75.7826210">
    <ele>240.6</ele>
    <time>2025-11-26T11:50:32Z</time>
   </trkpt>
   <trkpt lat="31.0502400" lon="75.7826220">
    <ele>240.5</ele>
    <time>2025-11-26T11:50:33Z</time>
   </trkpt>
   <trkpt lat="31.0501590" lon="75.7826240">
    <ele>240.5</ele>
    <time>2025-11-26T11:50:34Z</time>
   </trkpt>
   <trkpt lat="31.0500790" lon="75.7826270">
    <ele>240.5</ele>
    <time>2025-11-26T11:50:35Z</time>
   </trkpt>
   <trkpt lat="31.0500000" lon="75.7826300">
    <ele>240.6</ele>
    <time>2025-11-26T11:50:36Z</time>
   </trkpt>
   <trkpt lat="31.0499210" lon="75.7826310">
    <ele>240.6</ele>
    <time>2025-11-26T11:50:37Z</time>
   </trkpt>
   <trkpt lat="31.0498410" lon="75.7826330">
    <ele>240.6</ele>
    <time>2025-11-26T11:50:38Z</time>
   </trkpt>
   <trkpt lat="31.0497630" lon="75.7826340">
    <ele>240.6</ele>
    <time>2025-11-26T11:50:39Z</time>
   </trkpt>
   <trkpt lat="31.0496880" lon="75.7826350">
    <ele>240.5</ele>
    <time>2025-11-26T11:50:40Z</time>
   </trkpt>
   <trkpt lat="31.0496130" lon="75.7826370">
    <ele>240.5</ele>
    <time>2025-11-26T11:50:41Z</time>
   </trkpt>
   <trkpt lat="31.0495400" lon="75.7826390">
    <ele>240.5</ele>
    <time>2025-11-26T11:50:42Z</time>
   </trkpt>
   <trkpt lat="31.0494690" lon="75.7826410">
    <ele>240.5</ele>
    <time>2025-11-26T11:50:43Z</time>
   </trkpt>
   <trkpt lat="31.0494010" lon="75.7826440">
    <ele>240.5</ele>
    <time>2025-11-26T11:50:44Z</time>
   </trkpt>
   <trkpt lat="31.0493320" lon="75.7826460">
    <ele>240.5</ele>
    <time>2025-11-26T11:50:45Z</time>
   </trkpt>
   <trkpt lat="31.0492630" lon="75.7826480">
    <ele>240.5</ele>
    <time>2025-11-26T11:50:46Z</time>
   </trkpt>
   <trkpt lat="31.0491970" lon="75.7826490">
    <ele>240.5</ele>
    <time>2025-11-26T11:50:47Z</time>
   </trkpt>
   <trkpt lat="31.0491310" lon="75.7826520">
    <ele>240.5</ele>
    <time>2025-11-26T11:50:48Z</time>
   </trkpt>
   <trkpt lat="31.0490660" lon="75.7826570">
    <ele>240.5</ele>
    <time>2025-11-26T11:50:49Z</time>
   </trkpt>
   <trkpt lat="31.0490030" lon="75.7826610">
    <ele>240.5</ele>
    <time>2025-11-26T11:50:50Z</time>
   </trkpt>
   <trkpt lat="31.0489390" lon="75.7826660">
    <ele>240.5</ele>
    <time>2025-11-26T11:50:51Z</time>
   </trkpt>
   <trkpt lat="31.0488740" lon="75.7826670">
    <ele>240.5</ele>
    <time>2025-11-26T11:50:52Z</time>
   </trkpt>
   <trkpt lat="31.0488090" lon="75.7826670">
    <ele>240.5</ele>
    <time>2025-11-26T11:50:53Z</time>
   </trkpt>
   <trkpt lat="31.0487430" lon="75.7826670">
    <ele>240.4</ele>
    <time>2025-11-26T11:50:54Z</time>
   </trkpt>
   <trkpt lat="31.0486750" lon="75.7826660">
    <ele>240.5</ele>
    <time>2025-11-26T11:50:55Z</time>
   </trkpt>
   <trkpt lat="31.0486070" lon="75.7826650">
    <ele>240.5</ele>
    <time>2025-11-26T11:50:56Z</time>
   </trkpt>
   <trkpt lat="31.0485390" lon="75.7826660">
    <ele>240.5</ele>
    <time>2025-11-26T11:50:57Z</time>
   </trkpt>
   <trkpt lat="31.0484710" lon="75.7826690">
    <ele>240.5</ele>
    <time>2025-11-26T11:50:58Z</time>
   </trkpt>
   <trkpt lat="31.0484020" lon="75.7826760">
    <ele>240.5</ele>
    <time>2025-11-26T11:50:59Z</time>
   </trkpt>
   <trkpt lat="31.0483320" lon="75.7826820">
    <ele>240.5</ele>
    <time>2025-11-26T11:51:00Z</time>
   </trkpt>
   <trkpt lat="31.0481890" lon="75.7826890">
    <ele>240.5</ele>
    <time>2025-11-26T11:51:01Z</time>
   </trkpt>
   <trkpt lat="31.0481180" lon="75.7826910">
    <ele>240.5</ele>
    <time>2025-11-26T11:51:02Z</time>
   </trkpt>
   <trkpt lat="31.0480450" lon="75.7826940">
    <ele>240.5</ele>
    <time>2025-11-26T11:51:03Z</time>
   </trkpt>
   <trkpt lat="31.0479720" lon="75.7827000">
    <ele>240.6</ele>
    <time>2025-11-26T11:51:04Z</time>
   </trkpt>
   <trkpt lat="31.0478990" lon="75.7827060">
    <ele>240.6</ele>
    <time>2025-11-26T11:51:05Z</time>
   </trkpt>
   <trkpt lat="31.0478250" lon="75.7827100">
    <ele>240.6</ele>
    <time>2025-11-26T11:51:06Z</time>
   </trkpt>
   <trkpt lat="31.0477510" lon="75.7827110">
    <ele>240.6</ele>
    <time>2025-11-26T11:51:07Z</time>
   </trkpt>
   <trkpt lat="31.0476750" lon="75.7827180">
    <ele>240.6</ele>
    <time>2025-11-26T11:51:08Z</time>
   </trkpt>
   <trkpt lat="31.0476000" lon="75.7827260">
    <ele>240.6</ele>
    <time>2025-11-26T11:51:09Z</time>
   </trkpt>
   <trkpt lat="31.0475250" lon="75.7827330">
    <ele>240.6</ele>
    <time>2025-11-26T11:51:10Z</time>
   </trkpt>
   <trkpt lat="31.0474500" lon="75.7827400">
    <ele>240.6</ele>
    <time>2025-11-26T11:51:11Z</time>
   </trkpt>
   <trkpt lat="31.0473750" lon="75.7827480">
    <ele>240.6</ele>
    <time>2025-11-26T11:51:12Z</time>
   </trkpt>
   <trkpt lat="31.0472990" lon="75.7827560">
    <ele>240.6</ele>
    <time>2025-11-26T11:51:13Z</time>
   </trkpt>
   <trkpt lat="31.0472240" lon="75.7827690">
    <ele>240.6</ele>
    <time>2025-11-26T11:51:14Z</time>
   </trkpt>
   <trkpt lat="31.0471490" lon="75.7827820">
    <ele>240.6</ele>
    <time>2025-11-26T11:51:15Z</time>
   </trkpt>
   <trkpt lat="31.0470720" lon="75.7827920">
    <ele>240.6</ele>
    <time>2025-11-26T11:51:16Z</time>
   </trkpt>
   <trkpt lat="31.0469960" lon="75.7828030">
    <ele>240.6</ele>
    <time>2025-11-26T11:51:17Z</time>
   </trkpt>
   <trkpt lat="31.0469200" lon="75.7828130">
    <ele>240.6</ele>
    <time>2025-11-26T11:51:18Z</time>
   </trkpt>
   <trkpt lat="31.0468450" lon="75.7828250">
    <ele>240.6</ele>
    <time>2025-11-26T11:51:19Z</time>
   </trkpt>
   <trkpt lat="31.0467700" lon="75.7828370">
    <ele>240.6</ele>
    <time>2025-11-26T11:51:20Z</time>
   </trkpt>
   <trkpt lat="31.0466950" lon="75.7828460">
    <ele>240.7</ele>
    <time>2025-11-26T11:51:21Z</time>
   </trkpt>
   <trkpt lat="31.0466200" lon="75.7828550">
    <ele>240.7</ele>
    <time>2025-11-26T11:51:22Z</time>
   </trkpt>
   <trkpt lat="31.0465460" lon="75.7828670">
    <ele>240.7</ele>
    <time>2025-11-26T11:51:23Z</time>
   </trkpt>
   <trkpt lat="31.0464710" lon="75.7828750">
    <ele>240.7</ele>
    <time>2025-11-26T11:51:24Z</time>
   </trkpt>
   <trkpt lat="31.0463970" lon="75.7828870">
    <ele>240.7</ele>
    <time>2025-11-26T11:51:25Z</time>
   </trkpt>
   <trkpt lat="31.0463230" lon="75.7829000">
    <ele>240.7</ele>
    <time>2025-11-26T11:51:26Z</time>
   </trkpt>
   <trkpt lat="31.0462480" lon="75.7829080">
    <ele>240.7</ele>
    <time>2025-11-26T11:51:27Z</time>
   </trkpt>
   <trkpt lat="31.0461740" lon="75.7829180">
    <ele>240.7</ele>
    <time>2025-11-26T11:51:28Z</time>
   </trkpt>
   <trkpt lat="31.0461000" lon="75.7829300">
    <ele>240.7</ele>
    <time>2025-11-26T11:51:29Z</time>
   </trkpt>
   <trkpt lat="31.0460260" lon="75.7829410">
    <ele>240.7</ele>
    <time>2025-11-26T11:51:30Z</time>
   </trkpt>
   <trkpt lat="31.0459520" lon="75.7829500">
    <ele>240.7</ele>
    <time>2025-11-26T11:51:31Z</time>
   </trkpt>
   <trkpt lat="31.0458770" lon="75.7829590">
    <ele>240.7</ele>
    <time>2025-11-26T11:51:32Z</time>
   </trkpt>
   <trkpt lat="31.0458050" lon="75.7829690">
    <ele>240.6</ele>
    <time>2025-11-26T11:51:33Z</time>
   </trkpt>
   <trkpt lat="31.0457320" lon="75.7829790">
    <ele>240.6</ele>
    <time>2025-11-26T11:51:34Z</time>
   </trkpt>
   <trkpt lat="31.0456590" lon="75.7829860">
    <ele>240.6</ele>
    <time>2025-11-26T11:51:35Z</time>
   </trkpt>
   <trkpt lat="31.0455850" lon="75.7829950">
    <ele>240.6</ele>
    <time>2025-11-26T11:51:36Z</time>
   </trkpt>
   <trkpt lat="31.0455100" lon="75.7830060">
    <ele>240.6</ele>
    <time>2025-11-26T11:51:37Z</time>
   </trkpt>
   <trkpt lat="31.0454380" lon="75.7830220">
    <ele>240.6</ele>
    <time>2025-11-26T11:51:38Z</time>
   </trkpt>
   <trkpt lat="31.0453630" lon="75.7830350">
    <ele>240.5</ele>
    <time>2025-11-26T11:51:39Z</time>
   </trkpt>
   <trkpt lat="31.0452870" lon="75.7830440">
    <ele>240.5</ele>
    <time>2025-11-26T11:51:40Z</time>
   </trkpt>
   <trkpt lat="31.0452120" lon="75.7830530">
    <ele>240.5</ele>
    <time>2025-11-26T11:51:41Z</time>
   </trkpt>
   <trkpt lat="31.0451350" lon="75.7830650">
    <ele>240.4</ele>
    <time>2025-11-26T11:51:42Z</time>
   </trkpt>
   <trkpt lat="31.0450580" lon="75.7830760">
    <ele>240.4</ele>
    <time>2025-11-26T11:51:43Z</time>
   </trkpt>
   <trkpt lat="31.0449810" lon="75.7830880">
    <ele>240.4</ele>
    <time>2025-11-26T11:51:44Z</time>
   </trkpt>
   <trkpt lat="31.0449040" lon="75.7831020">
    <ele>240.4</ele>
    <time>2025-11-26T11:51:45Z</time>
   </trkpt>
   <trkpt lat="31.0448250" lon="75.7831150">
    <ele>240.4</ele>
    <time>2025-11-26T11:51:46Z</time>
   </trkpt>
   <trkpt lat="31.0447470" lon="75.7831260">
    <ele>240.5</ele>
    <time>2025-11-26T11:51:48Z</time>
   </trkpt>
   <trkpt lat="31.0446680" lon="75.7831340">
    <ele>240.5</ele>
    <time>2025-11-26T11:51:49Z</time>
   </trkpt>
   <trkpt lat="31.0445900" lon="75.7831440">
    <ele>240.5</ele>
    <time>2025-11-26T11:51:50Z</time>
   </trkpt>
   <trkpt lat="31.0445140" lon="75.7831530">
    <ele>240.5</ele>
    <time>2025-11-26T11:51:51Z</time>
   </trkpt>
   <trkpt lat="31.0444400" lon="75.7831620">
    <ele>240.5</ele>
    <time>2025-11-26T11:51:52Z</time>
   </trkpt>
   <trkpt lat="31.0443680" lon="75.7831750">
    <ele>240.5</ele>
    <time>2025-11-26T11:51:53Z</time>
   </trkpt>
   <trkpt lat="31.0442980" lon="75.7831920">
    <ele>240.6</ele>
    <time>2025-11-26T11:51:54Z</time>
   </trkpt>
   <trkpt lat="31.0442250" lon="75.7832050">
    <ele>240.6</ele>
    <time>2025-11-26T11:51:55Z</time>
   </trkpt>
   <trkpt lat="31.0441540" lon="75.7832130">
    <ele>240.6</ele>
    <time>2025-11-26T11:51:56Z</time>
   </trkpt>
   <trkpt lat="31.0440820" lon="75.7832220">
    <ele>240.6</ele>
    <time>2025-11-26T11:51:57Z</time>
   </trkpt>
   <trkpt lat="31.0440090" lon="75.7832320">
    <ele>240.7</ele>
    <time>2025-11-26T11:51:58Z</time>
   </trkpt>
   <trkpt lat="31.0439370" lon="75.7832410">
    <ele>240.7</ele>
    <time>2025-11-26T11:51:59Z</time>
   </trkpt>
   <trkpt lat="31.0438660" lon="75.7832500">
    <ele>240.7</ele>
    <time>2025-11-26T11:52:00Z</time>
   </trkpt>
   <trkpt lat="31.0437950" lon="75.7832650">
    <ele>240.7</ele>
    <time>2025-11-26T11:52:01Z</time>
   </trkpt>
   <trkpt lat="31.0437260" lon="75.7832750">
    <ele>240.8</ele>
    <time>2025-11-26T11:52:02Z</time>
   </trkpt>
   <trkpt lat="31.0436570" lon="75.7832810">
    <ele>240.8</ele>
    <time>2025-11-26T11:52:03Z</time>
   </trkpt>
   <trkpt lat="31.0435900" lon="75.7832900">
    <ele>240.8</ele>
    <time>2025-11-26T11:52:04Z</time>
   </trkpt>
   <trkpt lat="31.0435230" lon="75.7833010">
    <ele>240.8</ele>
    <time>2025-11-26T11:52:05Z</time>
   </trkpt>
   <trkpt lat="31.0434580" lon="75.7833100">
    <ele>240.8</ele>
    <time>2025-11-26T11:52:06Z</time>
   </trkpt>
   <trkpt lat="31.0433950" lon="75.7833160">
    <ele>240.8</ele>
    <time>2025-11-26T11:52:07Z</time>
   </trkpt>
   <trkpt lat="31.0433330" lon="75.7833250">
    <ele>240.8</ele>
    <time>2025-11-26T11:52:08Z</time>
   </trkpt>
   <trkpt lat="31.0432710" lon="75.7833320">
    <ele>240.8</ele>
    <time>2025-11-26T11:52:09Z</time>
   </trkpt>
   <trkpt lat="31.0432100" lon="75.7833350">
    <ele>240.8</ele>
    <time>2025-11-26T11:52:10Z</time>
   </trkpt>
   <trkpt lat="31.0431470" lon="75.7833390">
    <ele>240.8</ele>
    <time>2025-11-26T11:52:11Z</time>
   </trkpt>
   <trkpt lat="31.0430810" lon="75.7833470">
    <ele>240.8</ele>
    <time>2025-11-26T11:52:12Z</time>
   </trkpt>
   <trkpt lat="31.0430160" lon="75.7833550">
    <ele>240.8</ele>
    <time>2025-11-26T11:52:13Z</time>
   </trkpt>
   <trkpt lat="31.0429480" lon="75.7833620">
    <ele>240.8</ele>
    <time>2025-11-26T11:52:14Z</time>
   </trkpt>
   <trkpt lat="31.0428800" lon="75.7833670">
    <ele>240.8</ele>
    <time>2025-11-26T11:52:15Z</time>
   </trkpt>
   <trkpt lat="31.0428100" lon="75.7833720">
    <ele>240.8</ele>
    <time>2025-11-26T11:52:16Z</time>
   </trkpt>
   <trkpt lat="31.0427390" lon="75.7833770">
    <ele>240.8</ele>
    <time>2025-11-26T11:52:17Z</time>
   </trkpt>
   <trkpt lat="31.0426700" lon="75.7833800">
    <ele>240.8</ele>
    <time>2025-11-26T11:52:18Z</time>
   </trkpt>
   <trkpt lat="31.0425990" lon="75.7833870">
    <ele>240.8</ele>
    <time>2025-11-26T11:52:19Z</time>
   </trkpt>
   <trkpt lat="31.0425280" lon="75.7833940">
    <ele>240.8</ele>
    <time>2025-11-26T11:52:20Z</time>
   </trkpt>
   <trkpt lat="31.0424560" lon="75.7833970">
    <ele>240.8</ele>
    <time>2025-11-26T11:52:21Z</time>
   </trkpt>
   <trkpt lat="31.0423850" lon="75.7834000">
    <ele>240.8</ele>
    <time>2025-11-26T11:52:22Z</time>
   </trkpt>
   <trkpt lat="31.0423120" lon="75.7834030">
    <ele>240.8</ele>
    <time>2025-11-26T11:52:23Z</time>
   </trkpt>
   <trkpt lat="31.0422390" lon="75.7834060">
    <ele>240.8</ele>
    <time>2025-11-26T11:52:24Z</time>
   </trkpt>
   <trkpt lat="31.0421680" lon="75.7834080">
    <ele>240.8</ele>
    <time>2025-11-26T11:52:25Z</time>
   </trkpt>
   <trkpt lat="31.0420980" lon="75.7834150">
    <ele>240.9</ele>
    <time>2025-11-26T11:52:26Z</time>
   </trkpt>
   <trkpt lat="31.0420290" lon="75.7834180">
    <ele>240.9</ele>
    <time>2025-11-26T11:52:27Z</time>
   </trkpt>
   <trkpt lat="31.0419620" lon="75.7834180">
    <ele>240.9</ele>
    <time>2025-11-26T11:52:28Z</time>
   </trkpt>
   <trkpt lat="31.0418940" lon="75.7834170">
    <ele>240.9</ele>
    <time>2025-11-26T11:52:29Z</time>
   </trkpt>
   <trkpt lat="31.0418250" lon="75.7834150">
    <ele>240.9</ele>
    <time>2025-11-26T11:52:30Z</time>
   </trkpt>
   <trkpt lat="31.0417550" lon="75.7834160">
    <ele>240.9</ele>
    <time>2025-11-26T11:52:31Z</time>
   </trkpt>
   <trkpt lat="31.0416820" lon="75.7834190">
    <ele>240.9</ele>
    <time>2025-11-26T11:52:32Z</time>
   </trkpt>
   <trkpt lat="31.0416090" lon="75.7834210">
    <ele>240.9</ele>
    <time>2025-11-26T11:52:33Z</time>
   </trkpt>
   <trkpt lat="31.0415360" lon="75.7834230">
    <ele>240.9</ele>
    <time>2025-11-26T11:52:34Z</time>
   </trkpt>
   <trkpt lat="31.0414640" lon="75.7834210">
    <ele>240.9</ele>
    <time>2025-11-26T11:52:35Z</time>
   </trkpt>
   <trkpt lat="31.0413910" lon="75.7834210">
    <ele>240.9</ele>
    <time>2025-11-26T11:52:36Z</time>
   </trkpt>
   <trkpt lat="31.0413170" lon="75.7834200">
    <ele>240.9</ele>
    <time>2025-11-26T11:52:37Z</time>
   </trkpt>
   <trkpt lat="31.0412420" lon="75.7834190">
    <ele>240.9</ele>
    <time>2025-11-26T11:52:38Z</time>
   </trkpt>
   <trkpt lat="31.0411660" lon="75.7834200">
    <ele>240.9</ele>
    <time>2025-11-26T11:52:39Z</time>
   </trkpt>
   <trkpt lat="31.0410910" lon="75.7834180">
    <ele>240.9</ele>
    <time>2025-11-26T11:52:40Z</time>
   </trkpt>
   <trkpt lat="31.0410150" lon="75.7834190">
    <ele>240.9</ele>
    <time>2025-11-26T11:52:41Z</time>
   </trkpt>
   <trkpt lat="31.0409400" lon="75.7834180">
    <ele>240.9</ele>
    <time>2025-11-26T11:52:42Z</time>
   </trkpt>
   <trkpt lat="31.0408640" lon="75.7834210">
    <ele>241.0</ele>
    <time>2025-11-26T11:52:43Z</time>
   </trkpt>
   <trkpt lat="31.0407870" lon="75.7834230">
    <ele>241.0</ele>
    <time>2025-11-26T11:52:44Z</time>
   </trkpt>
   <trkpt lat="31.0407110" lon="75.7834250">
    <ele>241.0</ele>
    <time>2025-11-26T11:52:45Z</time>
   </trkpt>
   <trkpt lat="31.0406340" lon="75.7834270">
    <ele>241.0</ele>
    <time>2025-11-26T11:52:46Z</time>
   </trkpt>
   <trkpt lat="31.0405580" lon="75.7834280">
    <ele>241.0</ele>
    <time>2025-11-26T11:52:47Z</time>
   </trkpt>
   <trkpt lat="31.0404820" lon="75.7834300">
    <ele>241.0</ele>
    <time>2025-11-26T11:52:48Z</time>
   </trkpt>
   <trkpt lat="31.0404050" lon="75.7834330">
    <ele>241.0</ele>
    <time>2025-11-26T11:52:49Z</time>
   </trkpt>
   <trkpt lat="31.0403290" lon="75.7834350">
    <ele>241.1</ele>
    <time>2025-11-26T11:52:50Z</time>
   </trkpt>
   <trkpt lat="31.0402520" lon="75.7834380">
    <ele>241.1</ele>
    <time>2025-11-26T11:52:51Z</time>
   </trkpt>
   <trkpt lat="31.0401000" lon="75.7834430">
    <ele>241.1</ele>
    <time>2025-11-26T11:52:52Z</time>
   </trkpt>
   <trkpt lat="31.0400240" lon="75.7834470">
    <ele>241.2</ele>
    <time>2025-11-26T11:52:53Z</time>
   </trkpt>
   <trkpt lat="31.0399460" lon="75.7834470">
    <ele>241.2</ele>
    <time>2025-11-26T11:52:54Z</time>
   </trkpt>
   <trkpt lat="31.0398700" lon="75.7834490">
    <ele>241.2</ele>
    <time>2025-11-26T11:52:55Z</time>
   </trkpt>
   <trkpt lat="31.0397930" lon="75.7834530">
    <ele>241.2</ele>
    <time>2025-11-26T11:52:56Z</time>
   </trkpt>
   <trkpt lat="31.0397160" lon="75.7834550">
    <ele>241.2</ele>
    <time>2025-11-26T11:52:57Z</time>
   </trkpt>
   <trkpt lat="31.0396400" lon="75.7834580">
    <ele>241.2</ele>
    <time>2025-11-26T11:52:58Z</time>
   </trkpt>
   <trkpt lat="31.0395640" lon="75.7834600">
    <ele>241.1</ele>
    <time>2025-11-26T11:52:59Z</time>
   </trkpt>
   <trkpt lat="31.0394860" lon="75.7834600">
    <ele>241.1</ele>
    <time>2025-11-26T11:53:00Z</time>
   </trkpt>
   <trkpt lat="31.0394100" lon="75.7834600">
    <ele>241.1</ele>
    <time>2025-11-26T11:53:01Z</time>
   </trkpt>
   <trkpt lat="31.0393340" lon="75.7834610">
    <ele>241.1</ele>
    <time>2025-11-26T11:53:02Z</time>
   </trkpt>
   <trkpt lat="31.0392580" lon="75.7834620">
    <ele>241.1</ele>
    <time>2025-11-26T11:53:03Z</time>
   </trkpt>
   <trkpt lat="31.0391810" lon="75.7834650">
    <ele>241.1</ele>
    <time>2025-11-26T11:53:04Z</time>
   </trkpt>
   <trkpt lat="31.0391040" lon="75.7834680">
    <ele>241.1</ele>
    <time>2025-11-26T11:53:05Z</time>
   </trkpt>
   <trkpt lat="31.0390270" lon="75.7834720">
    <ele>241.1</ele>
    <time>2025-11-26T11:53:06Z</time>
   </trkpt>
   <trkpt lat="31.0389510" lon="75.7834740">
    <ele>241.1</ele>
    <time>2025-11-26T11:53:07Z</time>
   </trkpt>
   <trkpt lat="31.0388740" lon="75.7834760">
    <ele>241.1</ele>
    <time>2025-11-26T11:53:08Z</time>
   </trkpt>
   <trkpt lat="31.0387940" lon="75.7834790">
    <ele>241.1</ele>
    <time>2025-11-26T11:53:09Z</time>
   </trkpt>
   <trkpt lat="31.0387170" lon="75.7834810">
    <ele>241.1</ele>
    <time>2025-11-26T11:53:10Z</time>
   </trkpt>
   <trkpt lat="31.0386380" lon="75.7834830">
    <ele>241.1</ele>
    <time>2025-11-26T11:53:11Z</time>
   </trkpt>
   <trkpt lat="31.0385590" lon="75.7834840">
    <ele>241.1</ele>
    <time>2025-11-26T11:53:12Z</time>
   </trkpt>
   <trkpt lat="31.0384810" lon="75.7834850">
    <ele>241.1</ele>
    <time>2025-11-26T11:53:13Z</time>
   </trkpt>
   <trkpt lat="31.0384020" lon="75.7834870">
    <ele>241.1</ele>
    <time>2025-11-26T11:53:14Z</time>
   </trkpt>
   <trkpt lat="31.0383250" lon="75.7834900">
    <ele>241.1</ele>
    <time>2025-11-26T11:53:15Z</time>
   </trkpt>
   <trkpt lat="31.0382450" lon="75.7834930">
    <ele>241.1</ele>
    <time>2025-11-26T11:53:16Z</time>
   </trkpt>
   <trkpt lat="31.0381660" lon="75.7834960">
    <ele>241.1</ele>
    <time>2025-11-26T11:53:17Z</time>
   </trkpt>
   <trkpt lat="31.0380870" lon="75.7834970">
    <ele>241.1</ele>
    <time>2025-11-26T11:53:18Z</time>
   </trkpt>
   <trkpt lat="31.0380080" lon="75.7835000">
    <ele>241.1</ele>
    <time>2025-11-26T11:53:19Z</time>
   </trkpt>
   <trkpt lat="31.0379310" lon="75.7835030">
    <ele>241.2</ele>
    <time>2025-11-26T11:53:20Z</time>
   </trkpt>
   <trkpt lat="31.0378560" lon="75.7835080">
    <ele>241.3</ele>
    <time>2025-11-26T11:53:21Z</time>
   </trkpt>
   <trkpt lat="31.0377730" lon="75.7835130">
    <ele>241.2</ele>
    <time>2025-11-26T11:53:22Z</time>
   </trkpt>
   <trkpt lat="31.0376900" lon="75.7835200">
    <ele>241.2</ele>
    <time>2025-11-26T11:53:23Z</time>
   </trkpt>
   <trkpt lat="31.0376270" lon="75.7835280">
    <ele>241.2</ele>
    <time>2025-11-26T11:53:24Z</time>
   </trkpt>
   <trkpt lat="31.0375550" lon="75.7835260">
    <ele>241.2</ele>
    <time>2025-11-26T11:53:25Z</time>
   </trkpt>
   <trkpt lat="31.0374840" lon="75.7835210">
    <ele>241.2</ele>
    <time>2025-11-26T11:53:26Z</time>
   </trkpt>
   <trkpt lat="31.0374130" lon="75.7835370">
    <ele>241.2</ele>
    <time>2025-11-26T11:53:27Z</time>
   </trkpt>
   <trkpt lat="31.0373430" lon="75.7835450">
    <ele>241.2</ele>
    <time>2025-11-26T11:53:28Z</time>
   </trkpt>
   <trkpt lat="31.0372740" lon="75.7835490">
    <ele>241.2</ele>
    <time>2025-11-26T11:53:29Z</time>
   </trkpt>
   <trkpt lat="31.0372030" lon="75.7835500">
    <ele>241.2</ele>
    <time>2025-11-26T11:53:30Z</time>
   </trkpt>
   <trkpt lat="31.0371320" lon="75.7835480">
    <ele>241.3</ele>
    <time>2025-11-26T11:53:31Z</time>
   </trkpt>
   <trkpt lat="31.0370610" lon="75.7835460">
    <ele>241.3</ele>
    <time>2025-11-26T11:53:32Z</time>
   </trkpt>
   <trkpt lat="31.0369910" lon="75.7835460">
    <ele>241.3</ele>
    <time>2025-11-26T11:53:33Z</time>
   </trkpt>
   <trkpt lat="31.0369190" lon="75.7835490">
    <ele>241.3</ele>
    <time>2025-11-26T11:53:34Z</time>
   </trkpt>
   <trkpt lat="31.0368460" lon="75.7835520">
    <ele>241.3</ele>
    <time>2025-11-26T11:53:35Z</time>
   </trkpt>
   <trkpt lat="31.0367720" lon="75.7835540">
    <ele>241.4</ele>
    <time>2025-11-26T11:53:36Z</time>
   </trkpt>
   <trkpt lat="31.0366990" lon="75.7835610">
    <ele>241.4</ele>
    <time>2025-11-26T11:53:37Z</time>
   </trkpt>
   <trkpt lat="31.0366260" lon="75.7835710">
    <ele>241.4</ele>
    <time>2025-11-26T11:53:38Z</time>
   </trkpt>
   <trkpt lat="31.0365520" lon="75.7835740">
    <ele>241.5</ele>
    <time>2025-11-26T11:53:39Z</time>
   </trkpt>
   <trkpt lat="31.0364780" lon="75.7835740">
    <ele>241.5</ele>
    <time>2025-11-26T11:53:40Z</time>
   </trkpt>
   <trkpt lat="31.0364020" lon="75.7835760">
    <ele>241.5</ele>
    <time>2025-11-26T11:53:41Z</time>
   </trkpt>
   <trkpt lat="31.0363270" lon="75.7835820">
    <ele>241.5</ele>
    <time>2025-11-26T11:53:42Z</time>
   </trkpt>
   <trkpt lat="31.0362470" lon="75.7835890">
    <ele>241.5</ele>
    <time>2025-11-26T11:53:43Z</time>
   </trkpt>
   <trkpt lat="31.0361710" lon="75.7836020">
    <ele>241.5</ele>
    <time>2025-11-26T11:53:44Z</time>
   </trkpt>
   <trkpt lat="31.0360970" lon="75.7836030">
    <ele>241.5</ele>
    <time>2025-11-26T11:53:45Z</time>
   </trkpt>
   <trkpt lat="31.0360220" lon="75.7836080">
    <ele>241.5</ele>
    <time>2025-11-26T11:53:46Z</time>
   </trkpt>
   <trkpt lat="31.0359480" lon="75.7836100">
    <ele>241.6</ele>
    <time>2025-11-26T11:53:47Z</time>
   </trkpt>
   <trkpt lat="31.0358810" lon="75.7836120">
    <ele>241.6</ele>
    <time>2025-11-26T11:53:48Z</time>
   </trkpt>
   <trkpt lat="31.0358150" lon="75.7836210">
    <ele>241.6</ele>
    <time>2025-11-26T11:53:49Z</time>
   </trkpt>
   <trkpt lat="31.0357480" lon="75.7836310">
    <ele>241.6</ele>
    <time>2025-11-26T11:53:50Z</time>
   </trkpt>
   <trkpt lat="31.0356790" lon="75.7836310">
    <ele>241.6</ele>
    <time>2025-11-26T11:53:51Z</time>
   </trkpt>
   <trkpt lat="31.0356070" lon="75.7836350">
    <ele>241.6</ele>
    <time>2025-11-26T11:53:52Z</time>
   </trkpt>
   <trkpt lat="31.0355350" lon="75.7836410">
    <ele>241.6</ele>
    <time>2025-11-26T11:53:54Z</time>
   </trkpt>
   <trkpt lat="31.0354600" lon="75.7836460">
    <ele>241.6</ele>
    <time>2025-11-26T11:53:55Z</time>
   </trkpt>
   <trkpt lat="31.0353850" lon="75.7836500">
    <ele>241.6</ele>
    <time>2025-11-26T11:53:56Z</time>
   </trkpt>
   <trkpt lat="31.0353090" lon="75.7836540">
    <ele>241.6</ele>
    <time>2025-11-26T11:53:57Z</time>
   </trkpt>
   <trkpt lat="31.0352350" lon="75.7836580">
    <ele>241.6</ele>
    <time>2025-11-26T11:53:58Z</time>
   </trkpt>
   <trkpt lat="31.0351620" lon="75.7836620">
    <ele>241.6</ele>
    <time>2025-11-26T11:53:59Z</time>
   </trkpt>
   <trkpt lat="31.0350870" lon="75.7836670">
    <ele>241.6</ele>
    <time>2025-11-26T11:54:00Z</time>
   </trkpt>
   <trkpt lat="31.0350120" lon="75.7836710">
    <ele>241.6</ele>
    <time>2025-11-26T11:54:01Z</time>
   </trkpt>
   <trkpt lat="31.0349380" lon="75.7836750">
    <ele>241.6</ele>
    <time>2025-11-26T11:54:02Z</time>
   </trkpt>
   <trkpt lat="31.0348660" lon="75.7836790">
    <ele>241.6</ele>
    <time>2025-11-26T11:54:03Z</time>
   </trkpt>
   <trkpt lat="31.0347940" lon="75.7836840">
    <ele>241.6</ele>
    <time>2025-11-26T11:54:04Z</time>
   </trkpt>
   <trkpt lat="31.0347220" lon="75.7836880">
    <ele>241.6</ele>
    <time>2025-11-26T11:54:05Z</time>
   </trkpt>
   <trkpt lat="31.0346500" lon="75.7836910">
    <ele>241.6</ele>
    <time>2025-11-26T11:54:06Z</time>
   </trkpt>
   <trkpt lat="31.0345760" lon="75.7836930">
    <ele>241.6</ele>
    <time>2025-11-26T11:54:07Z</time>
   </trkpt>
   <trkpt lat="31.0345020" lon="75.7836990">
    <ele>241.6</ele>
    <time>2025-11-26T11:54:08Z</time>
   </trkpt>
   <trkpt lat="31.0344260" lon="75.7837040">
    <ele>241.6</ele>
    <time>2025-11-26T11:54:09Z</time>
   </trkpt>
   <trkpt lat="31.0343490" lon="75.7837070">
    <ele>241.6</ele>
    <time>2025-11-26T11:54:10Z</time>
   </trkpt>
   <trkpt lat="31.0342730" lon="75.7837110">
    <ele>241.6</ele>
    <time>2025-11-26T11:54:11Z</time>
   </trkpt>
   <trkpt lat="31.0341960" lon="75.7837180">
    <ele>241.7</ele>
    <time>2025-11-26T11:54:12Z</time>
   </trkpt>
   <trkpt lat="31.0341200" lon="75.7837230">
    <ele>241.7</ele>
    <time>2025-11-26T11:54:13Z</time>
   </trkpt>
   <trkpt lat="31.0340440" lon="75.7837310">
    <ele>241.7</ele>
    <time>2025-11-26T11:54:14Z</time>
   </trkpt>
   <trkpt lat="31.0339670" lon="75.7837340">
    <ele>241.7</ele>
    <time>2025-11-26T11:54:15Z</time>
   </trkpt>
   <trkpt lat="31.0338890" lon="75.7837390">
    <ele>241.7</ele>
    <time>2025-11-26T11:54:16Z</time>
   </trkpt>
   <trkpt lat="31.0338110" lon="75.7837430">
    <ele>241.7</ele>
    <time>2025-11-26T11:54:17Z</time>
   </trkpt>
   <trkpt lat="31.0337340" lon="75.7837470">
    <ele>241.8</ele>
    <time>2025-11-26T11:54:18Z</time>
   </trkpt>
   <trkpt lat="31.0336580" lon="75.7837540">
    <ele>241.8</ele>
    <time>2025-11-26T11:54:19Z</time>
   </trkpt>
   <trkpt lat="31.0335820" lon="75.7837570">
    <ele>241.8</ele>
    <time>2025-11-26T11:54:20Z</time>
   </trkpt>
   <trkpt lat="31.0335040" lon="75.7837610">
    <ele>241.8</ele>
    <time>2025-11-26T11:54:21Z</time>
   </trkpt>
   <trkpt lat="31.0334260" lon="75.7837640">
    <ele>241.8</ele>
    <time>2025-11-26T11:54:22Z</time>
   </trkpt>
   <trkpt lat="31.0333480" lon="75.7837680">
    <ele>241.8</ele>
    <time>2025-11-26T11:54:23Z</time>
   </trkpt>
   <trkpt lat="31.0332690" lon="75.7837740">
    <ele>241.8</ele>
    <time>2025-11-26T11:54:24Z</time>
   </trkpt>
   <trkpt lat="31.0331930" lon="75.7837760">
    <ele>241.8</ele>
    <time>2025-11-26T11:54:25Z</time>
   </trkpt>
   <trkpt lat="31.0331150" lon="75.7837800">
    <ele>241.8</ele>
    <time>2025-11-26T11:54:26Z</time>
   </trkpt>
   <trkpt lat="31.0330380" lon="75.7837850">
    <ele>241.8</ele>
    <time>2025-11-26T11:54:27Z</time>
   </trkpt>
   <trkpt lat="31.0329600" lon="75.7837880">
    <ele>241.8</ele>
    <time>2025-11-26T11:54:28Z</time>
   </trkpt>
   <trkpt lat="31.0328800" lon="75.7837940">
    <ele>241.8</ele>
    <time>2025-11-26T11:54:29Z</time>
   </trkpt>
   <trkpt lat="31.0328010" lon="75.7837990">
    <ele>241.8</ele>
    <time>2025-11-26T11:54:30Z</time>
   </trkpt>
   <trkpt lat="31.0327230" lon="75.7838030">
    <ele>241.8</ele>
    <time>2025-11-26T11:54:31Z</time>
   </trkpt>
   <trkpt lat="31.0326450" lon="75.7838080">
    <ele>241.8</ele>
    <time>2025-11-26T11:54:32Z</time>
   </trkpt>
   <trkpt lat="31.0325680" lon="75.7838120">
    <ele>241.8</ele>
    <time>2025-11-26T11:54:33Z</time>
   </trkpt>
   <trkpt lat="31.0324890" lon="75.7838150">
    <ele>241.8</ele>
    <time>2025-11-26T11:54:34Z</time>
   </trkpt>
   <trkpt lat="31.0324120" lon="75.7838180">
    <ele>241.8</ele>
    <time>2025-11-26T11:54:35Z</time>
   </trkpt>
   <trkpt lat="31.0323340" lon="75.7838220">
    <ele>241.8</ele>
    <time>2025-11-26T11:54:36Z</time>
   </trkpt>
   <trkpt lat="31.0322570" lon="75.7838250">
    <ele>241.8</ele>
    <time>2025-11-26T11:54:37Z</time>
   </trkpt>
   <trkpt lat="31.0321790" lon="75.7838280">
    <ele>241.8</ele>
    <time>2025-11-26T11:54:38Z</time>
   </trkpt>
   <trkpt lat="31.0321000" lon="75.7838280">
    <ele>241.8</ele>
    <time>2025-11-26T11:54:39Z</time>
   </trkpt>
   <trkpt lat="31.0320220" lon="75.7838300">
    <ele>241.9</ele>
    <time>2025-11-26T11:54:40Z</time>
   </trkpt>
   <trkpt lat="31.0318630" lon="75.7838350">
    <ele>241.9</ele>
    <time>2025-11-26T11:54:41Z</time>
   </trkpt>
   <trkpt lat="31.0317840" lon="75.7838360">
    <ele>242.0</ele>
    <time>2025-11-26T11:54:42Z</time>
   </trkpt>
   <trkpt lat="31.0317060" lon="75.7838360">
    <ele>242.1</ele>
    <time>2025-11-26T11:54:43Z</time>
   </trkpt>
   <trkpt lat="31.0316280" lon="75.7838350">
    <ele>242.1</ele>
    <time>2025-11-26T11:54:44Z</time>
   </trkpt>
   <trkpt lat="31.0315470" lon="75.7838360">
    <ele>242.1</ele>
    <time>2025-11-26T11:54:45Z</time>
   </trkpt>
   <trkpt lat="31.0314660" lon="75.7838400">
    <ele>242.1</ele>
    <time>2025-11-26T11:54:46Z</time>
   </trkpt>
   <trkpt lat="31.0313850" lon="75.7838480">
    <ele>242.1</ele>
    <time>2025-11-26T11:54:47Z</time>
   </trkpt>
   <trkpt lat="31.0313040" lon="75.7838560">
    <ele>242.1</ele>
    <time>2025-11-26T11:54:48Z</time>
   </trkpt>
   <trkpt lat="31.0312210" lon="75.7838600">
    <ele>242.1</ele>
    <time>2025-11-26T11:54:49Z</time>
   </trkpt>
   <trkpt lat="31.0311410" lon="75.7838650">
    <ele>242.1</ele>
    <time>2025-11-26T11:54:50Z</time>
   </trkpt>
   <trkpt lat="31.0310610" lon="75.7838710">
    <ele>242.0</ele>
    <time>2025-11-26T11:54:51Z</time>
   </trkpt>
   <trkpt lat="31.0309810" lon="75.7838800">
    <ele>242.0</ele>
    <time>2025-11-26T11:54:52Z</time>
   </trkpt>
   <trkpt lat="31.0309020" lon="75.7838900">
    <ele>242.0</ele>
    <time>2025-11-26T11:54:53Z</time>
   </trkpt>
   <trkpt lat="31.0308240" lon="75.7838990">
    <ele>242.0</ele>
    <time>2025-11-26T11:54:54Z</time>
   </trkpt>
   <trkpt lat="31.0307460" lon="75.7839040">
    <ele>242.0</ele>
    <time>2025-11-26T11:54:55Z</time>
   </trkpt>
   <trkpt lat="31.0306640" lon="75.7839050">
    <ele>242.0</ele>
    <time>2025-11-26T11:54:56Z</time>
   </trkpt>
   <trkpt lat="31.0305740" lon="75.7839040">
    <ele>242.0</ele>
    <time>2025-11-26T11:54:57Z</time>
   </trkpt>
   <trkpt lat="31.0304840" lon="75.7839050">
    <ele>242.1</ele>
    <time>2025-11-26T11:54:58Z</time>
   </trkpt>
   <trkpt lat="31.0303940" lon="75.7839100">
    <ele>242.2</ele>
    <time>2025-11-26T11:54:59Z</time>
   </trkpt>
   <trkpt lat="31.0303030" lon="75.7839140">
    <ele>242.3</ele>
    <time>2025-11-26T11:55:00Z</time>
   </trkpt>
   <trkpt lat="31.0302100" lon="75.7839210">
    <ele>242.5</ele>
    <time>2025-11-26T11:55:01Z</time>
   </trkpt>
   <trkpt lat="31.0301180" lon="75.7839240">
    <ele>242.6</ele>
    <time>2025-11-26T11:55:02Z</time>
   </trkpt>
   <trkpt lat="31.0300280" lon="75.7839280">
    <ele>242.8</ele>
    <time>2025-11-26T11:55:03Z</time>
   </trkpt>
   <trkpt lat="31.0299390" lon="75.7839350">
    <ele>243.0</ele>
    <time>2025-11-26T11:55:04Z</time>
   </trkpt>
   <trkpt lat="31.0298520" lon="75.7839440">
    <ele>243.3</ele>
    <time>2025-11-26T11:55:05Z</time>
   </trkpt>
   <trkpt lat="31.0297690" lon="75.7839480">
    <ele>243.6</ele>
    <time>2025-11-26T11:55:06Z</time>
   </trkpt>
   <trkpt lat="31.0296900" lon="75.7839530">
    <ele>243.8</ele>
    <time>2025-11-26T11:55:07Z</time>
   </trkpt>
   <trkpt lat="31.0296160" lon="75.7839570">
    <ele>244.1</ele>
    <time>2025-11-26T11:55:08Z</time>
   </trkpt>
   <trkpt lat="31.0295450" lon="75.7839610">
    <ele>244.4</ele>
    <time>2025-11-26T11:55:09Z</time>
   </trkpt>
   <trkpt lat="31.0294770" lon="75.7839640">
    <ele>244.6</ele>
    <time>2025-11-26T11:55:10Z</time>
   </trkpt>
   <trkpt lat="31.0294130" lon="75.7839690">
    <ele>244.8</ele>
    <time>2025-11-26T11:55:11Z</time>
   </trkpt>
   <trkpt lat="31.0293490" lon="75.7839710">
    <ele>245.0</ele>
    <time>2025-11-26T11:55:12Z</time>
   </trkpt>
   <trkpt lat="31.0292870" lon="75.7839770">
    <ele>245.2</ele>
    <time>2025-11-26T11:55:13Z</time>
   </trkpt>
   <trkpt lat="31.0292260" lon="75.7839790">
    <ele>245.3</ele>
    <time>2025-11-26T11:55:14Z</time>
   </trkpt>
   <trkpt lat="31.0291690" lon="75.7839830">
    <ele>245.5</ele>
    <time>2025-11-26T11:55:15Z</time>
   </trkpt>
   <trkpt lat="31.0291140" lon="75.7839860">
    <ele>245.6</ele>
    <time>2025-11-26T11:55:16Z</time>
   </trkpt>
   <trkpt lat="31.0290610" lon="75.7839890">
    <ele>245.7</ele>
    <time>2025-11-26T11:55:17Z</time>
   </trkpt>
   <trkpt lat="31.0290080" lon="75.7839930">
    <ele>245.9</ele>
    <time>2025-11-26T11:55:18Z</time>
   </trkpt>
   <trkpt lat="31.0289570" lon="75.7839980">
    <ele>246.0</ele>
    <time>2025-11-26T11:55:19Z</time>
   </trkpt>
   <trkpt lat="31.0289030" lon="75.7840010">
    <ele>246.1</ele>
    <time>2025-11-26T11:55:20Z</time>
   </trkpt>
   <trkpt lat="31.0288510" lon="75.7840050">
    <ele>246.2</ele>
    <time>2025-11-26T11:55:21Z</time>
   </trkpt>
   <trkpt lat="31.0287940" lon="75.7840100">
    <ele>246.4</ele>
    <time>2025-11-26T11:55:22Z</time>
   </trkpt>
   <trkpt lat="31.0287370" lon="75.7840130">
    <ele>246.5</ele>
    <time>2025-11-26T11:55:23Z</time>
   </trkpt>
   <trkpt lat="31.0286800" lon="75.7840150">
    <ele>246.6</ele>
    <time>2025-11-26T11:55:24Z</time>
   </trkpt>
   <trkpt lat="31.0286210" lon="75.7840220">
    <ele>246.7</ele>
    <time>2025-11-26T11:55:25Z</time>
   </trkpt>
   <trkpt lat="31.0285640" lon="75.7840290">
    <ele>246.7</ele>
    <time>2025-11-26T11:55:26Z</time>
   </trkpt>
   <trkpt lat="31.0285090" lon="75.7840350">
    <ele>246.8</ele>
    <time>2025-11-26T11:55:27Z</time>
   </trkpt>
   <trkpt lat="31.0284530" lon="75.7840380">
    <ele>246.9</ele>
    <time>2025-11-26T11:55:28Z</time>
   </trkpt>
   <trkpt lat="31.0283970" lon="75.7840420">
    <ele>247.0</ele>
    <time>2025-11-26T11:55:29Z</time>
   </trkpt>
   <trkpt lat="31.0283410" lon="75.7840480">
    <ele>247.1</ele>
    <time>2025-11-26T11:55:30Z</time>
   </trkpt>
   <trkpt lat="31.0282850" lon="75.7840530">
    <ele>247.1</ele>
    <time>2025-11-26T11:55:31Z</time>
   </trkpt>
   <trkpt lat="31.0282290" lon="75.7840620">
    <ele>247.2</ele>
    <time>2025-11-26T11:55:32Z</time>
   </trkpt>
   <trkpt lat="31.0281710" lon="75.7840720">
    <ele>247.2</ele>
    <time>2025-11-26T11:55:33Z</time>
   </trkpt>
   <trkpt lat="31.0281150" lon="75.7840820">
    <ele>247.2</ele>
    <time>2025-11-26T11:55:34Z</time>
   </trkpt>
   <trkpt lat="31.0280550" lon="75.7840940">
    <ele>247.3</ele>
    <time>2025-11-26T11:55:35Z</time>
   </trkpt>
   <trkpt lat="31.0279970" lon="75.7841060">
    <ele>247.3</ele>
    <time>2025-11-26T11:55:36Z</time>
   </trkpt>
   <trkpt lat="31.0279400" lon="75.7841180">
    <ele>247.3</ele>
    <time>2025-11-26T11:55:37Z</time>
   </trkpt>
   <trkpt lat="31.0278820" lon="75.7841310">
    <ele>247.4</ele>
    <time>2025-11-26T11:55:38Z</time>
   </trkpt>
   <trkpt lat="31.0278270" lon="75.7841460">
    <ele>247.4</ele>
    <time>2025-11-26T11:55:39Z</time>
   </trkpt>
   <trkpt lat="31.0277740" lon="75.7841590">
    <ele>247.4</ele>
    <time>2025-11-26T11:55:40Z</time>
   </trkpt>
   <trkpt lat="31.0277210" lon="75.7841740">
    <ele>247.5</ele>
    <time>2025-11-26T11:55:41Z</time>
   </trkpt>
   <trkpt lat="31.0276680" lon="75.7841910">
    <ele>247.5</ele>
    <time>2025-11-26T11:55:42Z</time>
   </trkpt>
   <trkpt lat="31.0276130" lon="75.7842070">
    <ele>247.6</ele>
    <time>2025-11-26T11:55:43Z</time>
   </trkpt>
   <trkpt lat="31.0275580" lon="75.7842240">
    <ele>247.7</ele>
    <time>2025-11-26T11:55:44Z</time>
   </trkpt>
   <trkpt lat="31.0275040" lon="75.7842410">
    <ele>247.8</ele>
    <time>2025-11-26T11:55:45Z</time>
   </trkpt>
   <trkpt lat="31.0274500" lon="75.7842580">
    <ele>247.8</ele>
    <time>2025-11-26T11:55:46Z</time>
   </trkpt>
   <trkpt lat="31.0273940" lon="75.7842760">
    <ele>247.8</ele>
    <time>2025-11-26T11:55:47Z</time>
   </trkpt>
   <trkpt lat="31.0273420" lon="75.7842950">
    <ele>247.8</ele>
    <time>2025-11-26T11:55:48Z</time>
   </trkpt>
   <trkpt lat="31.0272880" lon="75.7843150">
    <ele>247.8</ele>
    <time>2025-11-26T11:55:49Z</time>
   </trkpt>
   <trkpt lat="31.0272330" lon="75.7843360">
    <ele>247.8</ele>
    <time>2025-11-26T11:55:50Z</time>
   </trkpt>
   <trkpt lat="31.0271770" lon="75.7843570">
    <ele>247.8</ele>
    <time>2025-11-26T11:55:51Z</time>
   </trkpt>
   <trkpt lat="31.0271180" lon="75.7843790">
    <ele>247.7</ele>
    <time>2025-11-26T11:55:52Z</time>
   </trkpt>
   <trkpt lat="31.0270590" lon="75.7844020">
    <ele>247.7</ele>
    <time>2025-11-26T11:55:53Z</time>
   </trkpt>
   <trkpt lat="31.0269980" lon="75.7844280">
    <ele>247.6</ele>
    <time>2025-11-26T11:55:54Z</time>
   </trkpt>
   <trkpt lat="31.0269380" lon="75.7844500">
    <ele>247.6</ele>
    <time>2025-11-26T11:55:55Z</time>
   </trkpt>
   <trkpt lat="31.0268770" lon="75.7844740">
    <ele>247.5</ele>
    <time>2025-11-26T11:55:56Z</time>
   </trkpt>
   <trkpt lat="31.0268170" lon="75.7844970">
    <ele>247.4</ele>
    <time>2025-11-26T11:55:57Z</time>
   </trkpt>
   <trkpt lat="31.0267560" lon="75.7845230">
    <ele>247.3</ele>
    <time>2025-11-26T11:55:58Z</time>
   </trkpt>
   <trkpt lat="31.0266930" lon="75.7845480">
    <ele>247.2</ele>
    <time>2025-11-26T11:56:00Z</time>
   </trkpt>
   <trkpt lat="31.0266280" lon="75.7845740">
    <ele>247.2</ele>
    <time>2025-11-26T11:56:01Z</time>
   </trkpt>
   <trkpt lat="31.0265620" lon="75.7846010">
    <ele>247.1</ele>
    <time>2025-11-26T11:56:02Z</time>
   </trkpt>
   <trkpt lat="31.0264950" lon="75.7846230">
    <ele>247.0</ele>
    <time>2025-11-26T11:56:03Z</time>
   </trkpt>
   <trkpt lat="31.0264290" lon="75.7846470">
    <ele>246.9</ele>
    <time>2025-11-26T11:56:04Z</time>
   </trkpt>
   <trkpt lat="31.0263640" lon="75.7846720">
    <ele>246.8</ele>
    <time>2025-11-26T11:56:05Z</time>
   </trkpt>
   <trkpt lat="31.0263000" lon="75.7847040">
    <ele>246.7</ele>
    <time>2025-11-26T11:56:06Z</time>
   </trkpt>
   <trkpt lat="31.0262370" lon="75.7847340">
    <ele>246.6</ele>
    <time>2025-11-26T11:56:07Z</time>
   </trkpt>
   <trkpt lat="31.0261730" lon="75.7847610">
    <ele>246.5</ele>
    <time>2025-11-26T11:56:08Z</time>
   </trkpt>
   <trkpt lat="31.0261090" lon="75.7847880">
    <ele>246.4</ele>
    <time>2025-11-26T11:56:09Z</time>
   </trkpt>
   <trkpt lat="31.0260450" lon="75.7848100">
    <ele>246.3</ele>
    <time>2025-11-26T11:56:10Z</time>
   </trkpt>
   <trkpt lat="31.0259790" lon="75.7848320">
    <ele>246.1</ele>
    <time>2025-11-26T11:56:11Z</time>
   </trkpt>
   <trkpt lat="31.0259110" lon="75.7848590">
    <ele>246.0</ele>
    <time>2025-11-26T11:56:12Z</time>
   </trkpt>
   <trkpt lat="31.0258400" lon="75.7848890">
    <ele>245.8</ele>
    <time>2025-11-26T11:56:13Z</time>
   </trkpt>
   <trkpt lat="31.0257680" lon="75.7849160">
    <ele>245.6</ele>
    <time>2025-11-26T11:56:14Z</time>
   </trkpt>
   <trkpt lat="31.0256950" lon="75.7849430">
    <ele>245.4</ele>
    <time>2025-11-26T11:56:15Z</time>
   </trkpt>
   <trkpt lat="31.0256230" lon="75.7849720">
    <ele>245.2</ele>
    <time>2025-11-26T11:56:16Z</time>
   </trkpt>
   <trkpt lat="31.0255490" lon="75.7849970">
    <ele>245.0</ele>
    <time>2025-11-26T11:56:17Z</time>
   </trkpt>
   <trkpt lat="31.0254780" lon="75.7850210">
    <ele>244.8</ele>
    <time>2025-11-26T11:56:18Z</time>
   </trkpt>
   <trkpt lat="31.0254030" lon="75.7850440">
    <ele>244.5</ele>
    <time>2025-11-26T11:56:19Z</time>
   </trkpt>
   <trkpt lat="31.0253270" lon="75.7850650">
    <ele>244.3</ele>
    <time>2025-11-26T11:56:20Z</time>
   </trkpt>
   <trkpt lat="31.0252500" lon="75.7850820">
    <ele>244.1</ele>
    <time>2025-11-26T11:56:21Z</time>
   </trkpt>
   <trkpt lat="31.0251710" lon="75.7851010">
    <ele>244.0</ele>
    <time>2025-11-26T11:56:22Z</time>
   </trkpt>
   <trkpt lat="31.0250910" lon="75.7851210">
    <ele>243.9</ele>
    <time>2025-11-26T11:56:23Z</time>
   </trkpt>
   <trkpt lat="31.0250130" lon="75.7851380">
    <ele>243.8</ele>
    <time>2025-11-26T11:56:24Z</time>
   </trkpt>
   <trkpt lat="31.0249320" lon="75.7851530">
    <ele>243.7</ele>
    <time>2025-11-26T11:56:25Z</time>
   </trkpt>
   <trkpt lat="31.0248580" lon="75.7851610">
    <ele>243.7</ele>
    <time>2025-11-26T11:56:26Z</time>
   </trkpt>
   <trkpt lat="31.0247830" lon="75.7851670">
    <ele>243.6</ele>
    <time>2025-11-26T11:56:27Z</time>
   </trkpt>
   <trkpt lat="31.0247040" lon="75.7851670">
    <ele>243.6</ele>
    <time>2025-11-26T11:56:28Z</time>
   </trkpt>
   <trkpt lat="31.0246240" lon="75.7851660">
    <ele>243.6</ele>
    <time>2025-11-26T11:56:29Z</time>
   </trkpt>
   <trkpt lat="31.0245430" lon="75.7851660">
    <ele>243.6</ele>
    <time>2025-11-26T11:56:30Z</time>
   </trkpt>
   <trkpt lat="31.0244650" lon="75.7851680">
    <ele>243.7</ele>
    <time>2025-11-26T11:56:31Z</time>
   </trkpt>
   <trkpt lat="31.0243880" lon="75.7851630">
    <ele>243.8</ele>
    <time>2025-11-26T11:56:32Z</time>
   </trkpt>
   <trkpt lat="31.0243130" lon="75.7851510">
    <ele>244.0</ele>
    <time>2025-11-26T11:56:33Z</time>
   </trkpt>
   <trkpt lat="31.0242380" lon="75.7851390">
    <ele>244.1</ele>
    <time>2025-11-26T11:56:34Z</time>
   </trkpt>
   <trkpt lat="31.0240940" lon="75.7851200">
    <ele>244.4</ele>
    <time>2025-11-26T11:56:35Z</time>
   </trkpt>
   <trkpt lat="31.0240250" lon="75.7851040">
    <ele>244.6</ele>
    <time>2025-11-26T11:56:36Z</time>
   </trkpt>
   <trkpt lat="31.0239560" lon="75.7850840">
    <ele>244.7</ele>
    <time>2025-11-26T11:56:37Z</time>
   </trkpt>
   <trkpt lat="31.0238900" lon="75.7850590">
    <ele>244.9</ele>
    <time>2025-11-26T11:56:38Z</time>
   </trkpt>
   <trkpt lat="31.0238240" lon="75.7850330">
    <ele>245.1</ele>
    <time>2025-11-26T11:56:39Z</time>
   </trkpt>
   <trkpt lat="31.0237550" lon="75.7850040">
    <ele>245.3</ele>
    <time>2025-11-26T11:56:40Z</time>
   </trkpt>
   <trkpt lat="31.0236840" lon="75.7849750">
    <ele>245.5</ele>
    <time>2025-11-26T11:56:41Z</time>
   </trkpt>
   <trkpt lat="31.0236070" lon="75.7849480">
    <ele>245.7</ele>
    <time>2025-11-26T11:56:42Z</time>
   </trkpt>
   <trkpt lat="31.0235290" lon="75.7849170">
    <ele>245.8</ele>
    <time>2025-11-26T11:56:43Z</time>
   </trkpt>
   <trkpt lat="31.0234520" lon="75.7848760">
    <ele>245.9</ele>
    <time>2025-11-26T11:56:44Z</time>
   </trkpt>
   <trkpt lat="31.0233740" lon="75.7848320">
    <ele>246.0</ele>
    <time>2025-11-26T11:56:45Z</time>
   </trkpt>
   <trkpt lat="31.0232930" lon="75.7847860">
    <ele>246.1</ele>
    <time>2025-11-26T11:56:46Z</time>
   </trkpt>
   <trkpt lat="31.0232100" lon="75.7847370">
    <ele>246.2</ele>
    <time>2025-11-26T11:56:47Z</time>
   </trkpt>
   <trkpt lat="31.0231310" lon="75.7846890">
    <ele>246.3</ele>
    <time>2025-11-26T11:56:48Z</time>
   </trkpt>
   <trkpt lat="31.0230560" lon="75.7846400">
    <ele>246.3</ele>
    <time>2025-11-26T11:56:49Z</time>
   </trkpt>
   <trkpt lat="31.0229830" lon="75.7845910">
    <ele>246.4</ele>
    <time>2025-11-26T11:56:50Z</time>
   </trkpt>
   <trkpt lat="31.0229120" lon="75.7845410">
    <ele>246.5</ele>
    <time>2025-11-26T11:56:51Z</time>
   </trkpt>
   <trkpt lat="31.0228430" lon="75.7844910">
    <ele>246.5</ele>
    <time>2025-11-26T11:56:52Z</time>
   </trkpt>
   <trkpt lat="31.0227760" lon="75.7844410">
    <ele>246.6</ele>
    <time>2025-11-26T11:56:53Z</time>
   </trkpt>
   <trkpt lat="31.0227090" lon="75.7843910">
    <ele>246.6</ele>
    <time>2025-11-26T11:56:54Z</time>
   </trkpt>
   <trkpt lat="31.0226420" lon="75.7843420">
    <ele>246.6</ele>
    <time>2025-11-26T11:56:55Z</time>
   </trkpt>
   <trkpt lat="31.0225780" lon="75.7842960">
    <ele>246.7</ele>
    <time>2025-11-26T11:56:56Z</time>
   </trkpt>
   <trkpt lat="31.0225130" lon="75.7842480">
    <ele>246.6</ele>
    <time>2025-11-26T11:56:57Z</time>
   </trkpt>
   <trkpt lat="31.0224540" lon="75.7842030">
    <ele>246.5</ele>
    <time>2025-11-26T11:56:58Z</time>
   </trkpt>
   <trkpt lat="31.0223910" lon="75.7841560">
    <ele>246.5</ele>
    <time>2025-11-26T11:56:59Z</time>
   </trkpt>
   <trkpt lat="31.0223240" lon="75.7841080">
    <ele>246.4</ele>
    <time>2025-11-26T11:57:00Z</time>
   </trkpt>
   <trkpt lat="31.0222550" lon="75.7840620">
    <ele>246.4</ele>
    <time>2025-11-26T11:57:01Z</time>
   </trkpt>
   <trkpt lat="31.0221830" lon="75.7840190">
    <ele>246.4</ele>
    <time>2025-11-26T11:57:02Z</time>
   </trkpt>
   <trkpt lat="31.0221120" lon="75.7839770">
    <ele>246.4</ele>
    <time>2025-11-26T11:57:03Z</time>
   </trkpt>
   <trkpt lat="31.0220450" lon="75.7839330">
    <ele>246.5</ele>
    <time>2025-11-26T11:57:04Z</time>
   </trkpt>
   <trkpt lat="31.0219780" lon="75.7838870">
    <ele>246.5</ele>
    <time>2025-11-26T11:57:05Z</time>
   </trkpt>
   <trkpt lat="31.0219170" lon="75.7838420">
    <ele>246.6</ele>
    <time>2025-11-26T11:57:06Z</time>
   </trkpt>
   <trkpt lat="31.0218550" lon="75.7837970">
    <ele>246.7</ele>
    <time>2025-11-26T11:57:07Z</time>
   </trkpt>
   <trkpt lat="31.0217950" lon="75.7837550">
    <ele>246.7</ele>
    <time>2025-11-26T11:57:08Z</time>
   </trkpt>
   <trkpt lat="31.0217340" lon="75.7837110">
    <ele>246.7</ele>
    <time>2025-11-26T11:57:09Z</time>
   </trkpt>
   <trkpt lat="31.0216720" lon="75.7836660">
    <ele>246.7</ele>
    <time>2025-11-26T11:57:10Z</time>
   </trkpt>
   <trkpt lat="31.0216120" lon="75.7836170">
    <ele>246.8</ele>
    <time>2025-11-26T11:57:11Z</time>
   </trkpt>
   <trkpt lat="31.0215500" lon="75.7835730">
    <ele>246.8</ele>
    <time>2025-11-26T11:57:12Z</time>
   </trkpt>
   <trkpt lat="31.0214860" lon="75.7835270">
    <ele>246.8</ele>
    <time>2025-11-26T11:57:13Z</time>
   </trkpt>
   <trkpt lat="31.0214240" lon="75.7834780">
    <ele>246.9</ele>
    <time>2025-11-26T11:57:14Z</time>
   </trkpt>
   <trkpt lat="31.0213610" lon="75.7834310">
    <ele>246.9</ele>
    <time>2025-11-26T11:57:15Z</time>
   </trkpt>
   <trkpt lat="31.0212980" lon="75.7833850">
    <ele>246.9</ele>
    <time>2025-11-26T11:57:16Z</time>
   </trkpt>
   <trkpt lat="31.0212330" lon="75.7833390">
    <ele>246.9</ele>
    <time>2025-11-26T11:57:17Z</time>
   </trkpt>
   <trkpt lat="31.0211660" lon="75.7832900">
    <ele>246.9</ele>
    <time>2025-11-26T11:57:18Z</time>
   </trkpt>
   <trkpt lat="31.0211000" lon="75.7832370">
    <ele>246.8</ele>
    <time>2025-11-26T11:57:19Z</time>
   </trkpt>
   <trkpt lat="31.0210330" lon="75.7831820">
    <ele>246.8</ele>
    <time>2025-11-26T11:57:20Z</time>
   </trkpt>
   <trkpt lat="31.0209630" lon="75.7831300">
    <ele>246.7</ele>
    <time>2025-11-26T11:57:21Z</time>
   </trkpt>
   <trkpt lat="31.0208910" lon="75.7830780">
    <ele>246.7</ele>
    <time>2025-11-26T11:57:22Z</time>
   </trkpt>
   <trkpt lat="31.0208180" lon="75.7830250">
    <ele>246.6</ele>
    <time>2025-11-26T11:57:23Z</time>
   </trkpt>
   <trkpt lat="31.0207440" lon="75.7829750">
    <ele>246.4</ele>
    <time>2025-11-26T11:57:24Z</time>
   </trkpt>
   <trkpt lat="31.0206690" lon="75.7829210">
    <ele>246.3</ele>
    <time>2025-11-26T11:57:25Z</time>
   </trkpt>
   <trkpt lat="31.0205910" lon="75.7828670">
    <ele>246.2</ele>
    <time>2025-11-26T11:57:26Z</time>
   </trkpt>
   <trkpt lat="31.0205120" lon="75.7828150">
    <ele>246.0</ele>
    <time>2025-11-26T11:57:27Z</time>
   </trkpt>
   <trkpt lat="31.0204300" lon="75.7827650">
    <ele>245.8</ele>
    <time>2025-11-26T11:57:28Z</time>
   </trkpt>
   <trkpt lat="31.0203460" lon="75.7827160">
    <ele>245.6</ele>
    <time>2025-11-26T11:57:29Z</time>
   </trkpt>
   <trkpt lat="31.0202590" lon="75.7826660">
    <ele>245.4</ele>
    <time>2025-11-26T11:57:30Z</time>
   </trkpt>
   <trkpt lat="31.0201680" lon="75.7826170">
    <ele>245.2</ele>
    <time>2025-11-26T11:57:31Z</time>
   </trkpt>
   <trkpt lat="31.0200740" lon="75.7825720">
    <ele>245.0</ele>
    <time>2025-11-26T11:57:32Z</time>
   </trkpt>
   <trkpt lat="31.0199770" lon="75.7825310">
    <ele>244.7</ele>
    <time>2025-11-26T11:57:33Z</time>
   </trkpt>
   <trkpt lat="31.0198790" lon="75.7824890">
    <ele>244.4</ele>
    <time>2025-11-26T11:57:34Z</time>
   </trkpt>
   <trkpt lat="31.0197790" lon="75.7824510">
    <ele>244.0</ele>
    <time>2025-11-26T11:57:35Z</time>
   </trkpt>
   <trkpt lat="31.0196770" lon="75.7824180">
    <ele>243.7</ele>
    <time>2025-11-26T11:57:36Z</time>
   </trkpt>
   <trkpt lat="31.0195730" lon="75.7823880">
    <ele>243.3</ele>
    <time>2025-11-26T11:57:37Z</time>
   </trkpt>
   <trkpt lat="31.0194660" lon="75.7823640">
    <ele>242.9</ele>
    <time>2025-11-26T11:57:38Z</time>
   </trkpt>
   <trkpt lat="31.0193560" lon="75.7823410">
    <ele>242.5</ele>
    <time>2025-11-26T11:57:39Z</time>
   </trkpt>
   <trkpt lat="31.0192450" lon="75.7823200">
    <ele>242.0</ele>
    <time>2025-11-26T11:57:40Z</time>
   </trkpt>
   <trkpt lat="31.0191310" lon="75.7823020">
    <ele>241.6</ele>
    <time>2025-11-26T11:57:41Z</time>
   </trkpt>
   <trkpt lat="31.0190140" lon="75.7822870">
    <ele>241.1</ele>
    <time>2025-11-26T11:57:42Z</time>
   </trkpt>
   <trkpt lat="31.0188950" lon="75.7822790">
    <ele>240.8</ele>
    <time>2025-11-26T11:57:43Z</time>
   </trkpt>
   <trkpt lat="31.0187740" lon="75.7822800">
    <ele>240.4</ele>
    <time>2025-11-26T11:57:44Z</time>
   </trkpt>
   <trkpt lat="31.0186550" lon="75.7822760">
    <ele>240.1</ele>
    <time>2025-11-26T11:57:45Z</time>
   </trkpt>
   <trkpt lat="31.0185360" lon="75.7822790">
    <ele>239.9</ele>
    <time>2025-11-26T11:57:46Z</time>
   </trkpt>
   <trkpt lat="31.0184160" lon="75.7822930">
    <ele>239.7</ele>
    <time>2025-11-26T11:57:47Z</time>
   </trkpt>
   <trkpt lat="31.0182950" lon="75.7823060">
    <ele>239.6</ele>
    <time>2025-11-26T11:57:48Z</time>
   </trkpt>
   <trkpt lat="31.0181790" lon="75.7823260">
    <ele>239.6</ele>
    <time>2025-11-26T11:57:49Z</time>
   </trkpt>
   <trkpt lat="31.0180590" lon="75.7823510">
    <ele>239.6</ele>
    <time>2025-11-26T11:57:50Z</time>
   </trkpt>
   <trkpt lat="31.0179430" lon="75.7823770">
    <ele>239.6</ele>
    <time>2025-11-26T11:57:51Z</time>
   </trkpt>
   <trkpt lat="31.0178290" lon="75.7824040">
    <ele>239.6</ele>
    <time>2025-11-26T11:57:52Z</time>
   </trkpt>
   <trkpt lat="31.0177140" lon="75.7824280">
    <ele>239.7</ele>
    <time>2025-11-26T11:57:53Z</time>
   </trkpt>
   <trkpt lat="31.0176020" lon="75.7824560">
    <ele>239.7</ele>
    <time>2025-11-26T11:57:54Z</time>
   </trkpt>
   <trkpt lat="31.0174930" lon="75.7824870">
    <ele>239.7</ele>
    <time>2025-11-26T11:57:55Z</time>
   </trkpt>
   <trkpt lat="31.0173880" lon="75.7825200">
    <ele>239.7</ele>
    <time>2025-11-26T11:57:56Z</time>
   </trkpt>
   <trkpt lat="31.0172810" lon="75.7825500">
    <ele>239.7</ele>
    <time>2025-11-26T11:57:57Z</time>
   </trkpt>
   <trkpt lat="31.0171750" lon="75.7825780">
    <ele>239.6</ele>
    <time>2025-11-26T11:57:58Z</time>
   </trkpt>
   <trkpt lat="31.0170690" lon="75.7826080">
    <ele>239.4</ele>
    <time>2025-11-26T11:57:59Z</time>
   </trkpt>
   <trkpt lat="31.0169620" lon="75.7826380">
    <ele>239.2</ele>
    <time>2025-11-26T11:58:00Z</time>
   </trkpt>
   <trkpt lat="31.0168530" lon="75.7826670">
    <ele>239.1</ele>
    <time>2025-11-26T11:58:01Z</time>
   </trkpt>
   <trkpt lat="31.0167470" lon="75.7826970">
    <ele>238.9</ele>
    <time>2025-11-26T11:58:02Z</time>
   </trkpt>
   <trkpt lat="31.0166400" lon="75.7827260">
    <ele>238.6</ele>
    <time>2025-11-26T11:58:03Z</time>
   </trkpt>
   <trkpt lat="31.0165370" lon="75.7827540">
    <ele>238.4</ele>
    <time>2025-11-26T11:58:04Z</time>
   </trkpt>
   <trkpt lat="31.0164420" lon="75.7827790">
    <ele>238.2</ele>
    <time>2025-11-26T11:58:06Z</time>
   </trkpt>
   <trkpt lat="31.0163550" lon="75.7828030">
    <ele>238.0</ele>
    <time>2025-11-26T11:58:07Z</time>
   </trkpt>
   <trkpt lat="31.0162690" lon="75.7828270">
    <ele>237.9</ele>
    <time>2025-11-26T11:58:08Z</time>
   </trkpt>
   <trkpt lat="31.0161870" lon="75.7828440">
    <ele>237.7</ele>
    <time>2025-11-26T11:58:09Z</time>
   </trkpt>
   <trkpt lat="31.0161050" lon="75.7828640">
    <ele>237.6</ele>
    <time>2025-11-26T11:58:10Z</time>
   </trkpt>
   <trkpt lat="31.0160240" lon="75.7828910">
    <ele>237.5</ele>
    <time>2025-11-26T11:58:11Z</time>
   </trkpt>
   <trkpt lat="31.0159440" lon="75.7829180">
    <ele>237.5</ele>
    <time>2025-11-26T11:58:12Z</time>
   </trkpt>
   <trkpt lat="31.0158620" lon="75.7829400">
    <ele>237.5</ele>
    <time>2025-11-26T11:58:13Z</time>
   </trkpt>
   <trkpt lat="31.0157800" lon="75.7829620">
    <ele>237.5</ele>
    <time>2025-11-26T11:58:14Z</time>
   </trkpt>
   <trkpt lat="31.0157020" lon="75.7829930">
    <ele>237.5</ele>
    <time>2025-11-26T11:58:15Z</time>
   </trkpt>
   <trkpt lat="31.0156230" lon="75.7830260">
    <ele>237.4</ele>
    <time>2025-11-26T11:58:16Z</time>
   </trkpt>
   <trkpt lat="31.0155510" lon="75.7830620">
    <ele>237.3</ele>
    <time>2025-11-26T11:58:17Z</time>
   </trkpt>
   <trkpt lat="31.0154750" lon="75.7831000">
    <ele>237.2</ele>
    <time>2025-11-26T11:58:18Z</time>
   </trkpt>
   <trkpt lat="31.0153960" lon="75.7831310">
    <ele>237.2</ele>
    <time>2025-11-26T11:58:19Z</time>
   </trkpt>
   <trkpt lat="31.0153160" lon="75.7831620">
    <ele>237.2</ele>
    <time>2025-11-26T11:58:20Z</time>
   </trkpt>
   <trkpt lat="31.0152330" lon="75.7831870">
    <ele>237.3</ele>
    <time>2025-11-26T11:58:21Z</time>
   </trkpt>
   <trkpt lat="31.0151470" lon="75.7832070">
    <ele>237.3</ele>
    <time>2025-11-26T11:58:22Z</time>
   </trkpt>
   <trkpt lat="31.0150580" lon="75.7832250">
    <ele>237.4</ele>
    <time>2025-11-26T11:58:23Z</time>
   </trkpt>
   <trkpt lat="31.0149680" lon="75.7832400">
    <ele>237.5</ele>
    <time>2025-11-26T11:58:24Z</time>
   </trkpt>
   <trkpt lat="31.0148780" lon="75.7832550">
    <ele>237.6</ele>
    <time>2025-11-26T11:58:25Z</time>
   </trkpt>
   <trkpt lat="31.0147890" lon="75.7832740">
    <ele>237.7</ele>
    <time>2025-11-26T11:58:26Z</time>
   </trkpt>
   <trkpt lat="31.0146990" lon="75.7832920">
    <ele>237.8</ele>
    <time>2025-11-26T11:58:27Z</time>
   </trkpt>
   <trkpt lat="31.0146080" lon="75.7833100">
    <ele>237.9</ele>
    <time>2025-11-26T11:58:28Z</time>
   </trkpt>
   <trkpt lat="31.0145170" lon="75.7833260">
    <ele>238.1</ele>
    <time>2025-11-26T11:58:29Z</time>
   </trkpt>
   <trkpt lat="31.0143370" lon="75.7833610">
    <ele>238.4</ele>
    <time>2025-11-26T11:58:30Z</time>
   </trkpt>
   <trkpt lat="31.0142480" lon="75.7833780">
    <ele>238.6</ele>
    <time>2025-11-26T11:58:31Z</time>
   </trkpt>
   <trkpt lat="31.0141610" lon="75.7833940">
    <ele>238.8</ele>
    <time>2025-11-26T11:58:32Z</time>
   </trkpt>
   <trkpt lat="31.0140750" lon="75.7834110">
    <ele>238.9</ele>
    <time>2025-11-26T11:58:33Z</time>
   </trkpt>
   <trkpt lat="31.0139890" lon="75.7834260">
    <ele>239.1</ele>
    <time>2025-11-26T11:58:34Z</time>
   </trkpt>
   <trkpt lat="31.0139060" lon="75.7834400">
    <ele>239.2</ele>
    <time>2025-11-26T11:58:35Z</time>
   </trkpt>
   <trkpt lat="31.0138240" lon="75.7834530">
    <ele>239.4</ele>
    <time>2025-11-26T11:58:36Z</time>
   </trkpt>
   <trkpt lat="31.0137440" lon="75.7834670">
    <ele>239.5</ele>
    <time>2025-11-26T11:58:37Z</time>
   </trkpt>
   <trkpt lat="31.0136650" lon="75.7834810">
    <ele>239.6</ele>
    <time>2025-11-26T11:58:38Z</time>
   </trkpt>
   <trkpt lat="31.0135860" lon="75.7834970">
    <ele>239.7</ele>
    <time>2025-11-26T11:58:39Z</time>
   </trkpt>
   <trkpt lat="31.0135090" lon="75.7835130">
    <ele>239.8</ele>
    <time>2025-11-26T11:58:40Z</time>
   </trkpt>
   <trkpt lat="31.0134340" lon="75.7835310">
    <ele>239.9</ele>
    <time>2025-11-26T11:58:41Z</time>
   </trkpt>
   <trkpt lat="31.0133590" lon="75.7835510">
    <ele>240.0</ele>
    <time>2025-11-26T11:58:42Z</time>
   </trkpt>
   <trkpt lat="31.0132850" lon="75.7835660">
    <ele>240.1</ele>
    <time>2025-11-26T11:58:43Z</time>
   </trkpt>
   <trkpt lat="31.0132100" lon="75.7835790">
    <ele>240.1</ele>
    <time>2025-11-26T11:58:44Z</time>
   </trkpt>
   <trkpt lat="31.0131380" lon="75.7835900">
    <ele>240.2</ele>
    <time>2025-11-26T11:58:45Z</time>
   </trkpt>
   <trkpt lat="31.0130690" lon="75.7836080">
    <ele>240.3</ele>
    <time>2025-11-26T11:58:46Z</time>
   </trkpt>
   <trkpt lat="31.0130150" lon="75.7836290">
    <ele>240.3</ele>
    <time>2025-11-26T11:58:47Z</time>
   </trkpt>
   <trkpt lat="31.0129650" lon="75.7836470">
    <ele>240.4</ele>
    <time>2025-11-26T11:58:48Z</time>
   </trkpt>
   <trkpt lat="31.0129140" lon="75.7836610">
    <ele>240.4</ele>
    <time>2025-11-26T11:58:49Z</time>
   </trkpt>
   <trkpt lat="31.0128610" lon="75.7836720">
    <ele>240.4</ele>
    <time>2025-11-26T11:58:50Z</time>
   </trkpt>
   <trkpt lat="31.0128080" lon="75.7836890">
    <ele>240.4</ele>
    <time>2025-11-26T11:58:51Z</time>
   </trkpt>
   <trkpt lat="31.0127540" lon="75.7837030">
    <ele>240.4</ele>
    <time>2025-11-26T11:58:52Z</time>
   </trkpt>
   <trkpt lat="31.0126970" lon="75.7837150">
    <ele>240.4</ele>
    <time>2025-11-26T11:58:53Z</time>
   </trkpt>
   <trkpt lat="31.0126400" lon="75.7837290">
    <ele>240.4</ele>
    <time>2025-11-26T11:58:54Z</time>
   </trkpt>
   <trkpt lat="31.0125850" lon="75.7837440">
    <ele>240.4</ele>
    <time>2025-11-26T11:58:55Z</time>
   </trkpt>
   <trkpt lat="31.0125290" lon="75.7837580">
    <ele>240.4</ele>
    <time>2025-11-26T11:58:56Z</time>
   </trkpt>
   <trkpt lat="31.0124750" lon="75.7837730">
    <ele>240.4</ele>
    <time>2025-11-26T11:58:57Z</time>
   </trkpt>
   <trkpt lat="31.0124220" lon="75.7837850">
    <ele>240.3</ele>
    <time>2025-11-26T11:58:58Z</time>
   </trkpt>
   <trkpt lat="31.0123690" lon="75.7838010">
    <ele>240.3</ele>
    <time>2025-11-26T11:58:59Z</time>
   </trkpt>
   <trkpt lat="31.0123150" lon="75.7838160">
    <ele>240.3</ele>
    <time>2025-11-26T11:59:00Z</time>
   </trkpt>
   <trkpt lat="31.0122620" lon="75.7838280">
    <ele>240.2</ele>
    <time>2025-11-26T11:59:01Z</time>
   </trkpt>
   <trkpt lat="31.0122080" lon="75.7838410">
    <ele>240.2</ele>
    <time>2025-11-26T11:59:02Z</time>
   </trkpt>
   <trkpt lat="31.0121530" lon="75.7838550">
    <ele>240.1</ele>
    <time>2025-11-26T11:59:03Z</time>
   </trkpt>
   <trkpt lat="31.0120980" lon="75.7838730">
    <ele>240.1</ele>
    <time>2025-11-26T11:59:04Z</time>
   </trkpt>
   <trkpt lat="31.0120430" lon="75.7838900">
    <ele>240.0</ele>
    <time>2025-11-26T11:59:05Z</time>
   </trkpt>
   <trkpt lat="31.0119900" lon="75.7839070">
    <ele>239.9</ele>
    <time>2025-11-26T11:59:06Z</time>
   </trkpt>
   <trkpt lat="31.0119350" lon="75.7839270">
    <ele>239.9</ele>
    <time>2025-11-26T11:59:07Z</time>
   </trkpt>
   <trkpt lat="31.0118740" lon="75.7839480">
    <ele>239.9</ele>
    <time>2025-11-26T11:59:08Z</time>
   </trkpt>
   <trkpt lat="31.0118120" lon="75.7839620">
    <ele>239.8</ele>
    <time>2025-11-26T11:59:09Z</time>
   </trkpt>
   <trkpt lat="31.0117570" lon="75.7839780">
    <ele>239.7</ele>
    <time>2025-11-26T11:59:10Z</time>
   </trkpt>
   <trkpt lat="31.0117040" lon="75.7839850">
    <ele>239.5</ele>
    <time>2025-11-26T11:59:11Z</time>
   </trkpt>
   <trkpt lat="31.0116480" lon="75.7840010">
    <ele>239.3</ele>
    <time>2025-11-26T11:59:12Z</time>
   </trkpt>
   <trkpt lat="31.0115920" lon="75.7840210">
    <ele>239.2</ele>
    <time>2025-11-26T11:59:13Z</time>
   </trkpt>
   <trkpt lat="31.0115360" lon="75.7840410">
    <ele>239.0</ele>
    <time>2025-11-26T11:59:14Z</time>
   </trkpt>
   <trkpt lat="31.0114800" lon="75.7840600">
    <ele>238.8</ele>
    <time>2025-11-26T11:59:15Z</time>
   </trkpt>
   <trkpt lat="31.0114230" lon="75.7840780">
    <ele>238.7</ele>
    <time>2025-11-26T11:59:16Z</time>
   </trkpt>
   <trkpt lat="31.0113660" lon="75.7840950">
    <ele>238.5</ele>
    <time>2025-11-26T11:59:17Z</time>
   </trkpt>
   <trkpt lat="31.0113090" lon="75.7841140">
    <ele>238.3</ele>
    <time>2025-11-26T11:59:18Z</time>
   </trkpt>
   <trkpt lat="31.0112540" lon="75.7841340">
    <ele>238.1</ele>
    <time>2025-11-26T11:59:19Z</time>
   </trkpt>
   <trkpt lat="31.0111990" lon="75.7841570">
    <ele>237.8</ele>
    <time>2025-11-26T11:59:20Z</time>
   </trkpt>
   <trkpt lat="31.0111450" lon="75.7841790">
    <ele>237.6</ele>
    <time>2025-11-26T11:59:21Z</time>
   </trkpt>
   <trkpt lat="31.0110890" lon="75.7841980">
    <ele>237.4</ele>
    <time>2025-11-26T11:59:22Z</time>
   </trkpt>
   <trkpt lat="31.0110340" lon="75.7842140">
    <ele>237.2</ele>
    <time>2025-11-26T11:59:23Z</time>
   </trkpt>
   <trkpt lat="31.0109780" lon="75.7842300">
    <ele>237.0</ele>
    <time>2025-11-26T11:59:24Z</time>
   </trkpt>
   <trkpt lat="31.0109230" lon="75.7842480">
    <ele>236.7</ele>
    <time>2025-11-26T11:59:25Z</time>
   </trkpt>
   <trkpt lat="31.0108690" lon="75.7842700">
    <ele>236.5</ele>
    <time>2025-11-26T11:59:26Z</time>
   </trkpt>
   <trkpt lat="31.0108150" lon="75.7842900">
    <ele>236.3</ele>
    <time>2025-11-26T11:59:27Z</time>
   </trkpt>
   <trkpt lat="31.0107610" lon="75.7843090">
    <ele>236.1</ele>
    <time>2025-11-26T11:59:28Z</time>
   </trkpt>
   <trkpt lat="31.0107070" lon="75.7843270">
    <ele>235.9</ele>
    <time>2025-11-26T11:59:29Z</time>
   </trkpt>
   <trkpt lat="31.0106540" lon="75.7843440">
    <ele>235.8</ele>
    <time>2025-11-26T11:59:30Z</time>
   </trkpt>
   <trkpt lat="31.0106000" lon="75.7843600">
    <ele>235.6</ele>
    <time>2025-11-26T11:59:31Z</time>
   </trkpt>
   <trkpt lat="31.0105460" lon="75.7843750">
    <ele>235.4</ele>
    <time>2025-11-26T11:59:32Z</time>
   </trkpt>
   <trkpt lat="31.0105040" lon="75.7843880">
    <ele>235.3</ele>
    <time>2025-11-26T11:59:33Z</time>
   </trkpt>
   <trkpt lat="31.0104560" lon="75.7844030">
    <ele>235.1</ele>
    <time>2025-11-26T11:59:34Z</time>
   </trkpt>
   <trkpt lat="31.0104040" lon="75.7844220">
    <ele>235.0</ele>
    <time>2025-11-26T11:59:35Z</time>
   </trkpt>
   <trkpt lat="31.0103470" lon="75.7844440">
    <ele>234.8</ele>
    <time>2025-11-26T11:59:36Z</time>
   </trkpt>
   <trkpt lat="31.0102970" lon="75.7844720">
    <ele>234.6</ele>
    <time>2025-11-26T11:59:37Z</time>
   </trkpt>
   <trkpt lat="31.0102470" lon="75.7844970">
    <ele>234.5</ele>
    <time>2025-11-26T11:59:38Z</time>
   </trkpt>
   <trkpt lat="31.0101970" lon="75.7845190">
    <ele>234.4</ele>
    <time>2025-11-26T11:59:39Z</time>
   </trkpt>
   <trkpt lat="31.0101470" lon="75.7845410">
    <ele>234.4</ele>
    <time>2025-11-26T11:59:40Z</time>
   </trkpt>
   <trkpt lat="31.0101000" lon="75.7845620">
    <ele>234.3</ele>
    <time>2025-11-26T11:59:41Z</time>
   </trkpt>
   <trkpt lat="31.0100500" lon="75.7845780">
    <ele>234.3</ele>
    <time>2025-11-26T11:59:42Z</time>
   </trkpt>
   <trkpt lat="31.0100030" lon="75.7845930">
    <ele>235.1</ele>
    <time>2025-11-26T11:59:43Z</time>
   </trkpt>
   <trkpt lat="31.0099550" lon="75.7846090">
    <ele>236.4</ele>
    <time>2025-11-26T11:59:44Z</time>
   </trkpt>
   <trkpt lat="31.0099090" lon="75.7846320">
    <ele>237.7</ele>
    <time>2025-11-26T11:59:45Z</time>
   </trkpt>
   <trkpt lat="31.0098680" lon="75.7846590">
    <ele>238.9</ele>
    <time>2025-11-26T11:59:46Z</time>
   </trkpt>
   <trkpt lat="31.0098410" lon="75.7846790">
    <ele>239.8</ele>
    <time>2025-11-26T11:59:47Z</time>
   </trkpt>
   <trkpt lat="31.0097990" lon="75.7846810">
    <ele>240.9</ele>
    <time>2025-11-26T11:59:48Z</time>
   </trkpt>
   <trkpt lat="31.0097810" lon="75.7846800">
    <ele>241.3</ele>
    <time>2025-11-26T11:59:49Z</time>
   </trkpt>
   <trkpt lat="31.0097430" lon="75.7846800">
    <ele>242.3</ele>
    <time>2025-11-26T11:59:50Z</time>
   </trkpt>
   <trkpt lat="31.0097060" lon="75.7846860">
    <ele>243.3</ele>
    <time>2025-11-26T11:59:51Z</time>
   </trkpt>
   <trkpt lat="31.0096700" lon="75.7846990">
    <ele>243.9</ele>
    <time>2025-11-26T11:59:52Z</time>
   </trkpt>
   <trkpt lat="31.0096380" lon="75.7847130">
    <ele>243.7</ele>
    <time>2025-11-26T11:59:53Z</time>
   </trkpt>
   <trkpt lat="31.0096020" lon="75.7847330">
    <ele>243.5</ele>
    <time>2025-11-26T11:59:54Z</time>
   </trkpt>
   <trkpt lat="31.0095890" lon="75.7847420">
    <ele>243.5</ele>
    <time>2025-11-26T11:59:55Z</time>
   </trkpt>
   <trkpt lat="31.0095660" lon="75.7847590">
    <ele>243.3</ele>
    <time>2025-11-26T11:59:56Z</time>
   </trkpt>
   <trkpt lat="31.0095310" lon="75.7847810">
    <ele>243.1</ele>
    <time>2025-11-26T11:59:57Z</time>
   </trkpt>
   <trkpt lat="31.0095180" lon="75.7847860">
    <ele>243.0</ele>
    <time>2025-11-26T11:59:58Z</time>
   </trkpt>
   <trkpt lat="31.0094900" lon="75.7847930">
    <ele>242.9</ele>
    <time>2025-11-26T11:59:59Z</time>
   </trkpt>
   <trkpt lat="31.0094590" lon="75.7848000">
    <ele>242.7</ele>
    <time>2025-11-26T12:00:00Z</time>
   </trkpt>
   <trkpt lat="31.0094270" lon="75.7848110">
    <ele>242.5</ele>
    <time>2025-11-26T12:00:01Z</time>
   </trkpt>
   <trkpt lat="31.0093960" lon="75.7848230">
    <ele>242.4</ele>
    <time>2025-11-26T12:00:02Z</time>
   </trkpt>
   <trkpt lat="31.0093620" lon="75.7848360">
    <ele>242.2</ele>
    <time>2025-11-26T12:00:03Z</time>
   </trkpt>
   <trkpt lat="31.0093280" lon="75.7848470">
    <ele>242.0</ele>
    <time>2025-11-26T12:00:04Z</time>
   </trkpt>
   <trkpt lat="31.0092920" lon="75.7848610">
    <ele>241.8</ele>
    <time>2025-11-26T12:00:05Z</time>
   </trkpt>
   <trkpt lat="31.0092560" lon="75.7848760">
    <ele>241.6</ele>
    <time>2025-11-26T12:00:06Z</time>
   </trkpt>
   <trkpt lat="31.0092210" lon="75.7848930">
    <ele>241.4</ele>
    <time>2025-11-26T12:00:07Z</time>
   </trkpt>
   <trkpt lat="31.0091870" lon="75.7849090">
    <ele>241.2</ele>
    <time>2025-11-26T12:00:08Z</time>
   </trkpt>
   <trkpt lat="31.0091510" lon="75.7849250">
    <ele>241.0</ele>
    <time>2025-11-26T12:00:09Z</time>
   </trkpt>
   <trkpt lat="31.0091160" lon="75.7849400">
    <ele>240.8</ele>
    <time>2025-11-26T12:00:10Z</time>
   </trkpt>
   <trkpt lat="31.0090870" lon="75.7849600">
    <ele>240.6</ele>
    <time>2025-11-26T12:00:11Z</time>
   </trkpt>
   <trkpt lat="31.0090620" lon="75.7849910">
    <ele>240.4</ele>
    <time>2025-11-26T12:00:12Z</time>
   </trkpt>
   <trkpt lat="31.0090510" lon="75.7850300">
    <ele>240.2</ele>
    <time>2025-11-26T12:00:13Z</time>
   </trkpt>
   <trkpt lat="31.0090520" lon="75.7850770">
    <ele>240.0</ele>
    <time>2025-11-26T12:00:14Z</time>
   </trkpt>
   <trkpt lat="31.0090560" lon="75.7851240">
    <ele>239.8</ele>
    <time>2025-11-26T12:00:15Z</time>
   </trkpt>
   <trkpt lat="31.0090570" lon="75.7851760">
    <ele>239.6</ele>
    <time>2025-11-26T12:00:16Z</time>
   </trkpt>
   <trkpt lat="31.0090510" lon="75.7852240">
    <ele>239.3</ele>
    <time>2025-11-26T12:00:17Z</time>
   </trkpt>
   <trkpt lat="31.0090480" lon="75.7852720">
    <ele>239.1</ele>
    <time>2025-11-26T12:00:18Z</time>
   </trkpt>
   <trkpt lat="31.0090460" lon="75.7853190">
    <ele>238.9</ele>
    <time>2025-11-26T12:00:19Z</time>
   </trkpt>
   <trkpt lat="31.0090450" lon="75.7853630">
    <ele>238.7</ele>
    <time>2025-11-26T12:00:20Z</time>
   </trkpt>
   <trkpt lat="31.0090430" lon="75.7854060">
    <ele>238.5</ele>
    <time>2025-11-26T12:00:21Z</time>
   </trkpt>
   <trkpt lat="31.0090460" lon="75.7854490">
    <ele>238.3</ele>
    <time>2025-11-26T12:00:22Z</time>
   </trkpt>
   <trkpt lat="31.0090520" lon="75.7854960">
    <ele>238.1</ele>
    <time>2025-11-26T12:00:23Z</time>
   </trkpt>
   <trkpt lat="31.0090550" lon="75.7855400">
    <ele>237.9</ele>
    <time>2025-11-26T12:00:24Z</time>
   </trkpt>
   <trkpt lat="31.0090530" lon="75.7855850">
    <ele>237.7</ele>
    <time>2025-11-26T12:00:25Z</time>
   </trkpt>
   <trkpt lat="31.0090530" lon="75.7856300">
    <ele>237.5</ele>
    <time>2025-11-26T12:00:26Z</time>
   </trkpt>
   <trkpt lat="31.0090500" lon="75.7856800">
    <ele>237.3</ele>
    <time>2025-11-26T12:00:27Z</time>
   </trkpt>
   <trkpt lat="31.0090480" lon="75.7857260">
    <ele>237.1</ele>
    <time>2025-11-26T12:00:28Z</time>
   </trkpt>
   <trkpt lat="31.0090490" lon="75.7857730">
    <ele>236.8</ele>
    <time>2025-11-26T12:00:29Z</time>
   </trkpt>
   <trkpt lat="31.0090480" lon="75.7858140">
    <ele>236.7</ele>
    <time>2025-11-26T12:00:30Z</time>
   </trkpt>
   <trkpt lat="31.0090480" lon="75.7858610">
    <ele>236.4</ele>
    <time>2025-11-26T12:00:31Z</time>
   </trkpt>
   <trkpt lat="31.0090450" lon="75.7859050">
    <ele>236.2</ele>
    <time>2025-11-26T12:00:32Z</time>
   </trkpt>
   <trkpt lat="31.0090450" lon="75.7859470">
    <ele>236.1</ele>
    <time>2025-11-26T12:00:33Z</time>
   </trkpt>
   <trkpt lat="31.0090440" lon="75.7859930">
    <ele>235.9</ele>
    <time>2025-11-26T12:00:34Z</time>
   </trkpt>
   <trkpt lat="31.0090400" lon="75.7860330">
    <ele>235.7</ele>
    <time>2025-11-26T12:00:35Z</time>
   </trkpt>
   <trkpt lat="31.0090400" lon="75.7860740">
    <ele>235.5</ele>
    <time>2025-11-26T12:00:36Z</time>
   </trkpt>
   <trkpt lat="31.0090410" lon="75.7861130">
    <ele>235.3</ele>
    <time>2025-11-26T12:00:37Z</time>
   </trkpt>
   <trkpt lat="31.0090400" lon="75.7861510">
    <ele>235.1</ele>
    <time>2025-11-26T12:00:38Z</time>
   </trkpt>
   <trkpt lat="31.0090420" lon="75.7861860">
    <ele>235.0</ele>
    <time>2025-11-26T12:00:39Z</time>
   </trkpt>
   <trkpt lat="31.0090450" lon="75.7862220">
    <ele>235.0</ele>
    <time>2025-11-26T12:00:40Z</time>
   </trkpt>
   <trkpt lat="31.0090450" lon="75.7862590">
    <ele>235.0</ele>
    <time>2025-11-26T12:00:41Z</time>
   </trkpt>
   <trkpt lat="31.0090390" lon="75.7862960">
    <ele>235.0</ele>
    <time>2025-11-26T12:00:42Z</time>
   </trkpt>
   <trkpt lat="31.0090360" lon="75.7863360">
    <ele>235.1</ele>
    <time>2025-11-26T12:00:43Z</time>
   </trkpt>
   <trkpt lat="31.0090350" lon="75.7863760">
    <ele>235.1</ele>
    <time>2025-11-26T12:00:44Z</time>
   </trkpt>
   <trkpt lat="31.0090360" lon="75.7864110">
    <ele>235.1</ele>
    <time>2025-11-26T12:00:45Z</time>
   </trkpt>
   <trkpt lat="31.0090320" lon="75.7864510">
    <ele>235.1</ele>
    <time>2025-11-26T12:00:46Z</time>
   </trkpt>
   <trkpt lat="31.0090270" lon="75.7864870">
    <ele>235.1</ele>
    <time>2025-11-26T12:00:47Z</time>
   </trkpt>
   <trkpt lat="31.0090290" lon="75.7865190">
    <ele>235.1</ele>
    <time>2025-11-26T12:00:48Z</time>
   </trkpt>
   <trkpt lat="31.0090320" lon="75.7865580">
    <ele>235.1</ele>
    <time>2025-11-26T12:00:49Z</time>
   </trkpt>
   <trkpt lat="31.0090310" lon="75.7865940">
    <ele>235.2</ele>
    <time>2025-11-26T12:00:50Z</time>
   </trkpt>
   <trkpt lat="31.0090280" lon="75.7866280">
    <ele>235.2</ele>
    <time>2025-11-26T12:00:51Z</time>
   </trkpt>
   <trkpt lat="31.0090260" lon="75.7866620">
    <ele>235.2</ele>
    <time>2025-11-26T12:00:52Z</time>
   </trkpt>
   <trkpt lat="31.0090270" lon="75.7866950">
    <ele>235.3</ele>
    <time>2025-11-26T12:00:53Z</time>
   </trkpt>
   <trkpt lat="31.0090330" lon="75.7867360">
    <ele>235.4</ele>
    <time>2025-11-26T12:00:54Z</time>
   </trkpt>
   <trkpt lat="31.0090410" lon="75.7867870">
    <ele>235.5</ele>
    <time>2025-11-26T12:00:55Z</time>
   </trkpt>
   <trkpt lat="31.0090460" lon="75.7868120">
    <ele>235.5</ele>
    <time>2025-11-26T12:00:56Z</time>
   </trkpt>
   <trkpt lat="31.0090400" lon="75.7868440">
    <ele>235.6</ele>
    <time>2025-11-26T12:00:57Z</time>
   </trkpt>
   <trkpt lat="31.0090430" lon="75.7868780">
    <ele>235.7</ele>
    <time>2025-11-26T12:00:58Z</time>
   </trkpt>
   <trkpt lat="31.0090440" lon="75.7869170">
    <ele>235.8</ele>
    <time>2025-11-26T12:00:59Z</time>
   </trkpt>
   <trkpt lat="31.0090460" lon="75.7869570">
    <ele>235.9</ele>
    <time>2025-11-26T12:01:00Z</time>
   </trkpt>
   <trkpt lat="31.0090480" lon="75.7869970">
    <ele>235.9</ele>
    <time>2025-11-26T12:01:01Z</time>
   </trkpt>
   <trkpt lat="31.0090500" lon="75.7870420">
    <ele>236.0</ele>
    <time>2025-11-26T12:01:02Z</time>
   </trkpt>
   <trkpt lat="31.0090500" lon="75.7870590">
    <ele>236.1</ele>
    <time>2025-11-26T12:01:03Z</time>
   </trkpt>
   <trkpt lat="31.0090540" lon="75.7870990">
    <ele>236.2</ele>
    <time>2025-11-26T12:01:04Z</time>
   </trkpt>
   <trkpt lat="31.0090580" lon="75.7871100">
    <ele>236.2</ele>
    <time>2025-11-26T12:01:05Z</time>
   </trkpt>
   <trkpt lat="31.0090840" lon="75.7871290">
    <ele>236.4</ele>
    <time>2025-11-26T12:01:06Z</time>
   </trkpt>
   <trkpt lat="31.0090930" lon="75.7871310">
    <ele>236.4</ele>
    <time>2025-11-26T12:01:07Z</time>
   </trkpt>
   <trkpt lat="31.0091320" lon="75.7871250">
    <ele>236.5</ele>
    <time>2025-11-26T12:01:08Z</time>
   </trkpt>
   <trkpt lat="31.0091450" lon="75.7871180">
    <ele>236.6</ele>
    <time>2025-11-26T12:01:09Z</time>
   </trkpt>
   <trkpt lat="31.0091670" lon="75.7870960">
    <ele>236.7</ele>
    <time>2025-11-26T12:01:10Z</time>
   </trkpt>
   <trkpt lat="31.0091920" lon="75.7870810">
    <ele>236.7</ele>
    <time>2025-11-26T12:01:11Z</time>
   </trkpt>
   <trkpt lat="31.0092030" lon="75.7870790">
    <ele>236.7</ele>
    <time>2025-11-26T12:01:12Z</time>
   </trkpt>
   <trkpt lat="31.0092380" lon="75.7870760">
    <ele>236.7</ele>
    <time>2025-11-26T12:01:13Z</time>
   </trkpt>
   <trkpt lat="31.0092490" lon="75.7870730">
    <ele>236.7</ele>
    <time>2025-11-26T12:01:14Z</time>
   </trkpt>
   <trkpt lat="31.0092740" lon="75.7870620">
    <ele>236.6</ele>
    <time>2025-11-26T12:01:15Z</time>
   </trkpt>
   <trkpt lat="31.0092850" lon="75.7870580">
    <ele>236.6</ele>
    <time>2025-11-26T12:01:16Z</time>
   </trkpt>
   <trkpt lat="31.0093170" lon="75.7870530">
    <ele>236.6</ele>
    <time>2025-11-26T12:01:17Z</time>
   </trkpt>
   <trkpt lat="31.0093270" lon="75.7870510">
    <ele>236.6</ele>
    <time>2025-11-26T12:01:18Z</time>
   </trkpt>
   <trkpt lat="31.0093400" lon="75.7870440">
    <ele>236.6</ele>
    <time>2025-11-26T12:01:19Z</time>
   </trkpt>
   <trkpt lat="31.0093550" lon="75.7870340">
    <ele>236.6</ele>
    <time>2025-11-26T12:01:20Z</time>
   </trkpt>
   <trkpt lat="31.0093830" lon="75.7870240">
    <ele>236.6</ele>
    <time>2025-11-26T12:01:21Z</time>
   </trkpt>
   <trkpt lat="31.0093910" lon="75.7870220">
    <ele>236.6</ele>
    <time>2025-11-26T12:01:22Z</time>
   </trkpt>
   <trkpt lat="31.0094210" lon="75.7870110">
    <ele>236.5</ele>
    <time>2025-11-26T12:01:23Z</time>
   </trkpt>
   <trkpt lat="31.0094290" lon="75.7870050">
    <ele>236.5</ele>
    <time>2025-11-26T12:01:24Z</time>
   </trkpt>
   <trkpt lat="31.0094500" lon="75.7869800">
    <ele>236.5</ele>
    <time>2025-11-26T12:01:25Z</time>
   </trkpt>
   <trkpt lat="31.0094570" lon="75.7869720">
    <ele>236.5</ele>
    <time>2025-11-26T12:01:26Z</time>
   </trkpt>
   <trkpt lat="31.0094900" lon="75.7869580">
    <ele>236.5</ele>
    <time>2025-11-26T12:01:27Z</time>
   </trkpt>
   <trkpt lat="31.0095000" lon="75.7869570">
    <ele>236.5</ele>
    <time>2025-11-26T12:01:28Z</time>
   </trkpt>
   <trkpt lat="31.0095340" lon="75.7869590">
    <ele>236.4</ele>
    <time>2025-11-26T12:01:29Z</time>
   </trkpt>
   <trkpt lat="31.0095470" lon="75.7869580">
    <ele>236.4</ele>
    <time>2025-11-26T12:01:30Z</time>
   </trkpt>
   <trkpt lat="31.0095810" lon="75.7869480">
    <ele>236.4</ele>
    <time>2025-11-26T12:01:31Z</time>
   </trkpt>
   <trkpt lat="31.0095910" lon="75.7869460">
    <ele>236.4</ele>
    <time>2025-11-26T12:01:32Z</time>
   </trkpt>
   <trkpt lat="31.0096210" lon="75.7869320">
    <ele>236.4</ele>
    <time>2025-11-26T12:01:33Z</time>
   </trkpt>
   <trkpt lat="31.0096330" lon="75.7869250">
    <ele>236.4</ele>
    <time>2025-11-26T12:01:34Z</time>
   </trkpt>
   <trkpt lat="31.0096620" lon="75.7869120">
    <ele>236.3</ele>
    <time>2025-11-26T12:01:35Z</time>
   </trkpt>
   <trkpt lat="31.0096700" lon="75.7869090">
    <ele>236.3</ele>
    <time>2025-11-26T12:01:36Z</time>
   </trkpt>
   <trkpt lat="31.0097040" lon="75.7869010">
    <ele>236.3</ele>
    <time>2025-11-26T12:01:37Z</time>
   </trkpt>
   <trkpt lat="31.0097160" lon="75.7868970">
    <ele>236.3</ele>
    <time>2025-11-26T12:01:38Z</time>
   </trkpt>
   <trkpt lat="31.0097480" lon="75.7868760">
    <ele>236.3</ele>
    <time>2025-11-26T12:01:39Z</time>
   </trkpt>
   <trkpt lat="31.0097570" lon="75.7868690">
    <ele>236.2</ele>
    <time>2025-11-26T12:01:40Z</time>
   </trkpt>
   <trkpt lat="31.0097870" lon="75.7868520">
    <ele>236.2</ele>
    <time>2025-11-26T12:01:41Z</time>
   </trkpt>
   <trkpt lat="31.0097960" lon="75.7868450">
    <ele>236.2</ele>
    <time>2025-11-26T12:01:42Z</time>
   </trkpt>
   <trkpt lat="31.0098130" lon="75.7868370">
    <ele>236.2</ele>
    <time>2025-11-26T12:01:43Z</time>
   </trkpt>
   <trkpt lat="31.0098280" lon="75.7868320">
    <ele>236.2</ele>
    <time>2025-11-26T12:01:44Z</time>
   </trkpt>
   <trkpt lat="31.0098440" lon="75.7868310">
    <ele>236.2</ele>
    <time>2025-11-26T12:01:45Z</time>
   </trkpt>
   <trkpt lat="31.0098630" lon="75.7868240">
    <ele>236.2</ele>
    <time>2025-11-26T12:01:46Z</time>
   </trkpt>
   <trkpt lat="31.0098890" lon="75.7868010">
    <ele>236.1</ele>
    <time>2025-11-26T12:01:47Z</time>
   </trkpt>
   <trkpt lat="31.0098940" lon="75.7867930">
    <ele>236.1</ele>
    <time>2025-11-26T12:01:48Z</time>
   </trkpt>
   <trkpt lat="31.0099060" lon="75.7867840">
    <ele>236.1</ele>
    <time>2025-11-26T12:01:49Z</time>
   </trkpt>
   <trkpt lat="31.0099180" lon="75.7867840">
    <ele>236.1</ele>
    <time>2025-11-26T12:01:50Z</time>
   </trkpt>
   <trkpt lat="31.0099270" lon="75.7867830">
    <ele>236.1</ele>
    <time>2025-11-26T12:01:51Z</time>
   </trkpt>
   <trkpt lat="31.0099310" lon="75.7867790">
    <ele>236.1</ele>
    <time>2025-11-26T12:01:52Z</time>
   </trkpt>
   <trkpt lat="31.0099290" lon="75.7867780">
    <ele>236.1</ele>
    <time>2025-11-26T12:01:53Z</time>
   </trkpt>
   <trkpt lat="31.0099300" lon="75.7867800">
    <ele>236.1</ele>
    <time>2025-11-26T12:01:54Z</time>
   </trkpt>
   <trkpt lat="31.0099340" lon="75.7867840">
    <ele>236.1</ele>
    <time>2025-11-26T12:01:55Z</time>
   </trkpt>
   <trkpt lat="31.0099340" lon="75.7867880">
    <ele>236.1</ele>
    <time>2025-11-26T12:01:56Z</time>
   </trkpt>
   <trkpt lat="31.0099310" lon="75.7867930">
    <ele>236.1</ele>
    <time>2025-11-26T12:01:57Z</time>
   </trkpt>
   <trkpt lat="31.0099330" lon="75.7867980">
    <ele>236.1</ele>
    <time>2025-11-26T12:01:58Z</time>
   </trkpt>
   <trkpt lat="31.0099320" lon="75.7868010">
    <ele>236.1</ele>
    <time>2025-11-26T12:01:59Z</time>
   </trkpt>
   <trkpt lat="31.0099330" lon="75.7868010">
    <ele>236.1</ele>
    <time>2025-11-26T12:02:00Z</time>
   </trkpt>
   <trkpt lat="31.0099340" lon="75.7867970">
    <ele>236.1</ele>
    <time>2025-11-26T12:02:01Z</time>
   </trkpt>
   <trkpt lat="31.0099340" lon="75.7868020">
    <ele>236.1</ele>
    <time>2025-11-26T12:02:02Z</time>
   </trkpt>
   <trkpt lat="31.0099370" lon="75.7867980">
    <ele>236.1</ele>
    <time>2025-11-26T12:02:03Z</time>
   </trkpt>
   <trkpt lat="31.0099390" lon="75.7867950">
    <ele>236.1</ele>
    <time>2025-11-26T12:02:04Z</time>
   </trkpt>
   <trkpt lat="31.0099380" lon="75.7867950">
    <ele>236.1</ele>
    <time>2025-11-26T12:02:05Z</time>
   </trkpt>
   <trkpt lat="31.0099390" lon="75.7867970">
    <ele>236.1</ele>
    <time>2025-11-26T12:02:06Z</time>
   </trkpt>
   <trkpt lat="31.0099390" lon="75.7867960">
    <ele>236.1</ele>
    <time>2025-11-26T12:02:07Z</time>
   </trkpt>
   <trkpt lat="31.0099400" lon="75.7867940">
    <ele>236.1</ele>
    <time>2025-11-26T12:02:08Z</time>
   </trkpt>
   <trkpt lat="31.0099420" lon="75.7867960">
    <ele>236.1</ele>
    <time>2025-11-26T12:02:09Z</time>
   </trkpt>
   <trkpt lat="31.0099420" lon="75.7868000">
    <ele>236.1</ele>
    <time>2025-11-26T12:02:10Z</time>
   </trkpt>
   <trkpt lat="31.0099440" lon="75.7868040">
    <ele>236.1</ele>
    <time>2025-11-26T12:02:11Z</time>
   </trkpt>
   <trkpt lat="31.0099450" lon="75.7868040">
    <ele>236.1</ele>
    <time>2025-11-26T12:02:12Z</time>
   </trkpt>
   <trkpt lat="31.0099480" lon="75.7868130">
    <ele>236.0</ele>
    <time>2025-11-26T12:02:13Z</time>
   </trkpt>
   <trkpt lat="31.0099490" lon="75.7868150">
    <ele>236.0</ele>
    <time>2025-11-26T12:02:14Z</time>
   </trkpt>
   <trkpt lat="31.0099520" lon="75.7868160">
    <ele>236.0</ele>
    <time>2025-11-26T12:02:15Z</time>
   </trkpt>
   <trkpt lat="31.0099500" lon="75.7868170">
    <ele>236.0</ele>
    <time>2025-11-26T12:02:16Z</time>
   </trkpt>
   <trkpt lat="31.0099540" lon="75.7868200">
    <ele>236.0</ele>
    <time>2025-11-26T12:02:17Z</time>
   </trkpt>
   <trkpt lat="31.0099500" lon="75.7868240">
    <ele>236.0</ele>
    <time>2025-11-26T12:02:18Z</time>
   </trkpt>
   <trkpt lat="31.0099590" lon="75.7868330">
    <ele>236.0</ele>
    <time>2025-11-26T12:02:19Z</time>
   </trkpt>
   <trkpt lat="31.0099640" lon="75.7868440">
    <ele>236.0</ele>
    <time>2025-11-26T12:02:20Z</time>
   </trkpt>
   <trkpt lat="31.0099690" lon="75.7868520">
    <ele>236.0</ele>
    <time>2025-11-26T12:02:21Z</time>
   </trkpt>
   <trkpt lat="31.0099750" lon="75.7868550">
    <ele>236.0</ele>
    <time>2025-11-26T12:02:22Z</time>
   </trkpt>
   <trkpt lat="31.0099850" lon="75.7868700">
    <ele>236.0</ele>
    <time>2025-11-26T12:02:23Z</time>
   </trkpt>
   <trkpt lat="31.0099930" lon="75.7868730">
    <ele>236.0</ele>
    <time>2025-11-26T12:02:24Z</time>
   </trkpt>
   <trkpt lat="31.0099900" lon="75.7868970">
    <ele>236.0</ele>
    <time>2025-11-26T12:02:25Z</time>
   </trkpt>
   <trkpt lat="31.0099880" lon="75.7869030">
    <ele>236.0</ele>
    <time>2025-11-26T12:02:26Z</time>
   </trkpt>
   <trkpt lat="31.0099950" lon="75.7869210">
    <ele>236.0</ele>
    <time>2025-11-26T12:02:27Z</time>
   </trkpt>
   <trkpt lat="31.0099950" lon="75.7869410">
    <ele>235.9</ele>
    <time>2025-11-26T12:02:28Z</time>
   </trkpt>
   <trkpt lat="31.0100030" lon="75.7869730">
    <ele>235.9</ele>
    <time>2025-11-26T12:02:29Z</time>
   </trkpt>
   <trkpt lat="31.0100020" lon="75.7869730">
    <ele>235.9</ele>
    <time>2025-11-26T12:02:30Z</time>
   </trkpt>
   <trkpt lat="31.0100000" lon="75.7869640">
    <ele>235.9</ele>
    <time>2025-11-26T12:02:31Z</time>
   </trkpt>
   <trkpt lat="31.0099990" lon="75.7869560">
    <ele>235.9</ele>
    <time>2025-11-26T12:02:32Z</time>
   </trkpt>
   <trkpt lat="31.0099980" lon="75.7869480">
    <ele>235.9</ele>
    <time>2025-11-26T12:02:33Z</time>
   </trkpt>
   <trkpt lat="31.0099970" lon="75.7869400">
    <ele>235.9</ele>
    <time>2025-11-26T12:02:34Z</time>
   </trkpt>
   <trkpt lat="31.0099950" lon="75.7869310">
    <ele>235.9</ele>
    <time>2025-11-26T12:02:35Z</time>
   </trkpt>
   <trkpt lat="31.0099940" lon="75.7869230">
    <ele>235.9</ele>
    <time>2025-11-26T12:02:36Z</time>
   </trkpt>
   <trkpt lat="31.0099870" lon="75.7869020">
    <ele>235.9</ele>
    <time>2025-11-26T12:02:37Z</time>
   </trkpt>
   <trkpt lat="31.0099870" lon="75.7869040">
    <ele>235.9</ele>
    <time>2025-11-26T12:02:38Z</time>
   </trkpt>
   <trkpt lat="31.0099860" lon="75.7869030">
    <ele>235.9</ele>
    <time>2025-11-26T12:02:39Z</time>
   </trkpt>
   <trkpt lat="31.0099830" lon="75.7868900">
    <ele>235.9</ele>
    <time>2025-11-26T12:02:40Z</time>
   </trkpt>
   <trkpt lat="31.0099780" lon="75.7868960">
    <ele>235.9</ele>
    <time>2025-11-26T12:02:41Z</time>
   </trkpt>
   <trkpt lat="31.0099690" lon="75.7868940">
    <ele>235.8</ele>
    <time>2025-11-26T12:02:42Z</time>
   </trkpt>
   <trkpt lat="31.0099780" lon="75.7868620">
    <ele>235.8</ele>
    <time>2025-11-26T12:02:43Z</time>
   </trkpt>
   <trkpt lat="31.0099790" lon="75.7868600">
    <ele>235.8</ele>
    <time>2025-11-26T12:02:44Z</time>
   </trkpt>
   <trkpt lat="31.0099700" lon="75.7868530">
    <ele>235.8</ele>
    <time>2025-11-26T12:02:45Z</time>
   </trkpt>
   <trkpt lat="31.0099750" lon="75.7868580">
    <ele>235.8</ele>
    <time>2025-11-26T12:02:46Z</time>
   </trkpt>
   <trkpt lat="31.0099760" lon="75.7868440">
    <ele>235.8</ele>
    <time>2025-11-26T12:02:47Z</time>
   </trkpt>
   <trkpt lat="31.0099720" lon="75.7868390">
    <ele>235.8</ele>
    <time>2025-11-26T12:02:48Z</time>
   </trkpt>
   <trkpt lat="31.0099660" lon="75.7868420">
    <ele>235.8</ele>
    <time>2025-11-26T12:02:49Z</time>
   </trkpt>
   <trkpt lat="31.0099680" lon="75.7868370">
    <ele>235.8</ele>
    <time>2025-11-26T12:02:50Z</time>
   </trkpt>
   <trkpt lat="31.0099630" lon="75.7868330">
    <ele>235.8</ele>
    <time>2025-11-26T12:02:51Z</time>
   </trkpt>
   <trkpt lat="31.0099600" lon="75.7868330">
    <ele>235.8</ele>
    <time>2025-11-26T12:02:52Z</time>
   </trkpt>
   <trkpt lat="31.0099580" lon="75.7868300">
    <ele>235.8</ele>
    <time>2025-11-26T12:02:53Z</time>
   </trkpt>
   <trkpt lat="31.0099600" lon="75.7868270">
    <ele>235.8</ele>
    <time>2025-11-26T12:02:54Z</time>
   </trkpt>
   <trkpt lat="31.0099610" lon="75.7868270">
    <ele>235.8</ele>
    <time>2025-11-26T12:02:55Z</time>
   </trkpt>
   <trkpt lat="31.0099600" lon="75.7868270">
    <ele>235.8</ele>
    <time>2025-11-26T12:02:56Z</time>
   </trkpt>
   <trkpt lat="31.0099600" lon="75.7868260">
    <ele>235.8</ele>
    <time>2025-11-26T12:02:57Z</time>
   </trkpt>
   <trkpt lat="31.0099620" lon="75.7868230">
    <ele>235.8</ele>
    <time>2025-11-26T12:02:58Z</time>
   </trkpt>
   <trkpt lat="31.0099620" lon="75.7868230">
    <ele>235.8</ele>
    <time>2025-11-26T12:02:59Z</time>
   </trkpt>
   <trkpt lat="31.0099620" lon="75.7868230">
    <ele>235.8</ele>
    <time>2025-11-26T12:03:00Z</time>
   </trkpt>
   <trkpt lat="31.0099620" lon="75.7868220">
    <ele>235.8</ele>
    <time>2025-11-26T12:03:01Z</time>
   </trkpt>
   <trkpt lat="31.0099620" lon="75.7868230">
    <ele>235.8</ele>
    <time>2025-11-26T12:03:02Z</time>
   </trkpt>
   <trkpt lat="31.0099620" lon="75.7868230">
    <ele>235.8</ele>
    <time>2025-11-26T12:03:03Z</time>
   </trkpt>
   <trkpt lat="31.0099580" lon="75.7868250">
    <ele>235.8</ele>
    <time>2025-11-26T12:03:04Z</time>
   </trkpt>
   <trkpt lat="31.0099580" lon="75.7868250">
    <ele>235.8</ele>
    <time>2025-11-26T12:03:05Z</time>
   </trkpt>
   <trkpt lat="31.0099510" lon="75.7868280">
    <ele>235.8</ele>
    <time>2025-11-26T12:03:06Z</time>
   </trkpt>
   <trkpt lat="31.0099510" lon="75.7868280">
    <ele>235.8</ele>
    <time>2025-11-26T12:03:07Z</time>
   </trkpt>
   <trkpt lat="31.0099510" lon="75.7868280">
    <ele>235.8</ele>
    <time>2025-11-26T12:03:08Z</time>
   </trkpt>
   <trkpt lat="31.0099510" lon="75.7868280">
    <ele>235.8</ele>
    <time>2025-11-26T12:03:09Z</time>
   </trkpt>
   <trkpt lat="31.0099490" lon="75.7868270">
    <ele>235.8</ele>
    <time>2025-11-26T12:03:10Z</time>
   </trkpt>
   <trkpt lat="31.0099510" lon="75.7868250">
    <ele>235.8</ele>
    <time>2025-11-26T12:03:11Z</time>
   </trkpt>
   <trkpt lat="31.0099520" lon="75.7868240">
    <ele>235.8</ele>
    <time>2025-11-26T12:03:12Z</time>
   </trkpt>
   <trkpt lat="31.0099540" lon="75.7868250">
    <ele>235.8</ele>
    <time>2025-11-26T12:03:13Z</time>
   </trkpt>
   <trkpt lat="31.0099540" lon="75.7868260">
    <ele>235.8</ele>
    <time>2025-11-26T12:03:14Z</time>
   </trkpt>
   <trkpt lat="31.0099540" lon="75.7868260">
    <ele>235.8</ele>
    <time>2025-11-26T12:03:15Z</time>
   </trkpt>
   <trkpt lat="31.0099540" lon="75.7868260">
    <ele>235.8</ele>
    <time>2025-11-26T12:03:16Z</time>
   </trkpt>
   <trkpt lat="31.0099540" lon="75.7868260">
    <ele>235.8</ele>
    <time>2025-11-26T12:03:17Z</time>
   </trkpt>
   <trkpt lat="31.0099540" lon="75.7868260">
    <ele>235.8</ele>
    <time>2025-11-26T12:03:18Z</time>
   </trkpt>
   <trkpt lat="31.0099540" lon="75.7868260">
    <ele>235.8</ele>
    <time>2025-11-26T12:03:19Z</time>
   </trkpt>
   <trkpt lat="31.0099540" lon="75.7868260">
    <ele>235.8</ele>
    <time>2025-11-26T12:03:20Z</time>
   </trkpt>
   <trkpt lat="31.0099540" lon="75.7868260">
    <ele>235.8</ele>
    <time>2025-11-26T12:03:21Z</time>
   </trkpt>
   <trkpt lat="31.0099540" lon="75.7868260">
    <ele>235.8</ele>
    <time>2025-11-26T12:03:22Z</time>
   </trkpt>
   <trkpt lat="31.0099540" lon="75.7868260">
    <ele>235.8</ele>
    <time>2025-11-26T12:03:23Z</time>
   </trkpt>
   <trkpt lat="31.0099540" lon="75.7868260">
    <ele>235.8</ele>
    <time>2025-11-26T12:03:24Z</time>
   </trkpt>
   <trkpt lat="31.0099540" lon="75.7868260">
    <ele>235.8</ele>
    <time>2025-11-26T12:03:25Z</time>
   </trkpt>
   <trkpt lat="31.0099540" lon="75.7868260">
    <ele>235.8</ele>
    <time>2025-11-26T12:03:26Z</time>
   </trkpt>
   <trkpt lat="31.0099540" lon="75.7868260">
    <ele>235.8</ele>
    <time>2025-11-26T12:03:27Z</time>
   </trkpt>
   <trkpt lat="31.0099540" lon="75.7868260">
    <ele>235.8</ele>
    <time>2025-11-26T12:03:28Z</time>
   </trkpt>
   <trkpt lat="31.0099540" lon="75.7868260">
    <ele>235.8</ele>
    <time>2025-11-26T12:03:29Z</time>
   </trkpt>
   <trkpt lat="31.0099540" lon="75.7868260">
    <ele>235.8</ele>
    <time>2025-11-26T12:03:30Z</time>
   </trkpt>
   <trkpt lat="31.0099540" lon="75.7868260">
    <ele>235.8</ele>
    <time>2025-11-26T12:03:31Z</time>
   </trkpt>
   <trkpt lat="31.0099540" lon="75.7868260">
    <ele>235.8</ele>
    <time>2025-11-26T12:03:32Z</time>
   </trkpt>
   <trkpt lat="31.0099540" lon="75.7868260">
    <ele>235.8</ele>
    <time>2025-11-26T12:03:33Z</time>
   </trkpt>
   <trkpt lat="31.0099540" lon="75.7868260">
    <ele>235.8</ele>
    <time>2025-11-26T12:03:34Z</time>
   </trkpt>
   <trkpt lat="31.0099540" lon="75.7868260">
    <ele>235.8</ele>
    <time>2025-11-26T12:03:35Z</time>
   </trkpt>
   <trkpt lat="31.0099540" lon="75.7868260">
    <ele>235.8</ele>
    <time>2025-11-26T12:03:36Z</time>
   </trkpt>
   <trkpt lat="31.0099540" lon="75.7868260">
    <ele>235.8</ele>
    <time>2025-11-26T12:03:37Z</time>
   </trkpt>
   <trkpt lat="31.0099540" lon="75.7868260">
    <ele>235.8</ele>
    <time>2025-11-26T12:03:38Z</time>
   </trkpt>
   <trkpt lat="31.0099540" lon="75.7868260">
    <ele>235.8</ele>
    <time>2025-11-26T12:03:39Z</time>
   </trkpt>
   <trkpt lat="31.0099540" lon="75.7868260">
    <ele>235.8</ele>
    <time>2025-11-26T12:03:40Z</time>
   </trkpt>
   <trkpt lat="31.0099540" lon="75.7868260">
    <ele>235.8</ele>
    <time>2025-11-26T12:03:41Z</time>
   </trkpt>
   <trkpt lat="31.0099540" lon="75.7868260">
    <ele>235.8</ele>
    <time>2025-11-26T12:03:42Z</time>
   </trkpt>
   <trkpt lat="31.0099540" lon="75.7868260">
    <ele>235.8</ele>
    <time>2025-11-26T12:03:43Z</time>
   </trkpt>
   <trkpt lat="31.0099540" lon="75.7868260">
    <ele>235.8</ele>
    <time>2025-11-26T12:03:44Z</time>
   </trkpt>
   <trkpt lat="31.0099540" lon="75.7868260">
    <ele>235.8</ele>
    <time>2025-11-26T12:03:45Z</time>
   </trkpt>
   <trkpt lat="31.0099540" lon="75.7868260">
    <ele>235.8</ele>
    <time>2025-11-26T12:03:46Z</time>
   </trkpt>
   <trkpt lat="31.0099540" lon="75.7868260">
    <ele>235.8</ele>
    <time>2025-11-26T12:03:47Z</time>
   </trkpt>
   <trkpt lat="31.0099540" lon="75.7868260">
    <ele>235.8</ele>
    <time>2025-11-26T12:03:48Z</time>
   </trkpt>
   <trkpt lat="31.0099540" lon="75.7868260">
    <ele>235.8</ele>
    <time>2025-11-26T12:03:49Z</time>
   </trkpt>
   <trkpt lat="31.0099540" lon="75.7868260">
    <ele>235.8</ele>
    <time>2025-11-26T12:03:50Z</time>
   </trkpt>
   <trkpt lat="31.0099540" lon="75.7868260">
    <ele>235.8</ele>
    <time>2025-11-26T12:03:51Z</time>
   </trkpt>
   <trkpt lat="31.0099540" lon="75.7868260">
    <ele>235.8</ele>
    <time>2025-11-26T12:03:52Z</time>
   </trkpt>
   <trkpt lat="31.0099540" lon="75.7868260">
    <ele>235.8</ele>
    <time>2025-11-26T12:03:53Z</time>
   </trkpt>
   <trkpt lat="31.0099540" lon="75.7868260">
    <ele>235.8</ele>
    <time>2025-11-26T12:03:54Z</time>
   </trkpt>
   <trkpt lat="31.0099540" lon="75.7868260">
    <ele>235.8</ele>
    <time>2025-11-26T12:03:55Z</time>
   </trkpt>
   <trkpt lat="31.0099540" lon="75.7868260">
    <ele>235.8</ele>
    <time>2025-11-26T12:03:56Z</time>
   </trkpt>
   <trkpt lat="31.0099540" lon="75.7868260">
    <ele>235.8</ele>
    <time>2025-11-26T12:03:57Z</time>
   </trkpt>
   <trkpt lat="31.0099540" lon="75.7868260">
    <ele>235.8</ele>
    <time>2025-11-26T12:03:58Z</time>
   </trkpt>
   <trkpt lat="31.0099540" lon="75.7868260">
    <ele>235.8</ele>
    <time>2025-11-26T12:03:59Z</time>
   </trkpt>
   <trkpt lat="31.0099540" lon="75.7868260">
    <ele>235.8</ele>
    <time>2025-11-26T12:04:00Z</time>
   </trkpt>
   <trkpt lat="31.0099540" lon="75.7868260">
    <ele>235.8</ele>
    <time>2025-11-26T12:04:01Z</time>
   </trkpt>
   <trkpt lat="31.0099540" lon="75.7868260">
    <ele>235.8</ele>
    <time>2025-11-26T12:04:02Z</time>
   </trkpt>
   <trkpt lat="31.0099540" lon="75.7868260">
    <ele>235.8</ele>
    <time>2025-11-26T12:04:03Z</time>
   </trkpt>
   <trkpt lat="31.0099540" lon="75.7868260">
    <ele>235.8</ele>
    <time>2025-11-26T12:04:04Z</time>
   </trkpt>
   <trkpt lat="31.0099540" lon="75.7868260">
    <ele>235.8</ele>
    <time>2025-11-26T12:04:05Z</time>
   </trkpt>
   <trkpt lat="31.0099540" lon="75.7868260">
    <ele>235.8</ele>
    <time>2025-11-26T12:04:06Z</time>
   </trkpt>
   <trkpt lat="31.0099540" lon="75.7868260">
    <ele>235.8</ele>
    <time>2025-11-26T12:04:07Z</time>
   </trkpt>
   <trkpt lat="31.0099540" lon="75.7868260">
    <ele>235.8</ele>
    <time>2025-11-26T12:04:08Z</time>
   </trkpt>
   <trkpt lat="31.0099540" lon="75.7868260">
    <ele>235.8</ele>
    <time>2025-11-26T12:04:09Z</time>
   </trkpt>
   <trkpt lat="31.0099630" lon="75.7868260">
    <ele>235.8</ele>
    <time>2025-11-26T12:04:10Z</time>
   </trkpt>
   <trkpt lat="31.0099580" lon="75.7868260">
    <ele>235.7</ele>
    <time>2025-11-26T12:04:11Z</time>
   </trkpt>
   <trkpt lat="31.0099570" lon="75.7868260">
    <ele>235.7</ele>
    <time>2025-11-26T12:04:12Z</time>
   </trkpt>
   <trkpt lat="31.0099570" lon="75.7868250">
    <ele>235.7</ele>
    <time>2025-11-26T12:04:13Z</time>
   </trkpt>
   <trkpt lat="31.0099570" lon="75.7868250">
    <ele>235.7</ele>
    <time>2025-11-26T12:04:14Z</time>
   </trkpt>
   <trkpt lat="31.0099570" lon="75.7868250">
    <ele>235.7</ele>
    <time>2025-11-26T12:04:15Z</time>
   </trkpt>
   <trkpt lat="31.0099570" lon="75.7868250">
    <ele>235.7</ele>
    <time>2025-11-26T12:04:16Z</time>
   </trkpt>
   <trkpt lat="31.0099570" lon="75.7868250">
    <ele>235.7</ele>
    <time>2025-11-26T12:04:17Z</time>
   </trkpt>
   <trkpt lat="31.0099570" lon="75.7868250">
    <ele>235.7</ele>
    <time>2025-11-26T12:04:18Z</time>
   </trkpt>
   <trkpt lat="31.0099570" lon="75.7868250">
    <ele>235.7</ele>
    <time>2025-11-26T12:04:19Z</time>
   </trkpt>
   <trkpt lat="31.0099570" lon="75.7868250">
    <ele>235.7</ele>
    <time>2025-11-26T12:04:20Z</time>
   </trkpt>
   <trkpt lat="31.0099570" lon="75.7868250">
    <ele>235.7</ele>
    <time>2025-11-26T12:04:21Z</time>
   </trkpt>
   <trkpt lat="31.0099570" lon="75.7868250">
    <ele>235.7</ele>
    <time>2025-11-26T12:04:22Z</time>
   </trkpt>
   <trkpt lat="31.0099570" lon="75.7868250">
    <ele>235.7</ele>
    <time>2025-11-26T12:04:23Z</time>
   </trkpt>
   <trkpt lat="31.0099570" lon="75.7868250">
    <ele>235.7</ele>
    <time>2025-11-26T12:04:24Z</time>
   </trkpt>
   <trkpt lat="31.0099570" lon="75.7868250">
    <ele>235.7</ele>
    <time>2025-11-26T12:04:25Z</time>
   </trkpt>
   <trkpt lat="31.0099570" lon="75.7868250">
    <ele>235.7</ele>
    <time>2025-11-26T12:04:26Z</time>
   </trkpt>
   <trkpt lat="31.0099570" lon="75.7868160">
    <ele>235.7</ele>
    <time>2025-11-26T12:04:27Z</time>
   </trkpt>
   <trkpt lat="31.0099580" lon="75.7868160">
    <ele>235.7</ele>
    <time>2025-11-26T12:04:28Z</time>
   </trkpt>
   <trkpt lat="31.0099580" lon="75.7868160">
    <ele>235.7</ele>
    <time>2025-11-26T12:04:29Z</time>
   </trkpt>
   <trkpt lat="31.0099610" lon="75.7868160">
    <ele>235.7</ele>
    <time>2025-11-26T12:04:30Z</time>
   </trkpt>
   <trkpt lat="31.0099600" lon="75.7868160">
    <ele>235.7</ele>
    <time>2025-11-26T12:04:31Z</time>
   </trkpt>
   <trkpt lat="31.0099600" lon="75.7868160">
    <ele>235.7</ele>
    <time>2025-11-26T12:04:32Z</time>
   </trkpt>
   <trkpt lat="31.0099600" lon="75.7868160">
    <ele>235.7</ele>
    <time>2025-11-26T12:04:33Z</time>
   </trkpt>
   <trkpt lat="31.0099600" lon="75.7868160">
    <ele>235.7</ele>
    <time>2025-11-26T12:04:34Z</time>
   </trkpt>
   <trkpt lat="31.0099600" lon="75.7868160">
    <ele>235.7</ele>
    <time>2025-11-26T12:04:35Z</time>
   </trkpt>
   <trkpt lat="31.0099600" lon="75.7868160">
    <ele>235.7</ele>
    <time>2025-11-26T12:04:36Z</time>
   </trkpt>
   <trkpt lat="31.0099600" lon="75.7868160">
    <ele>235.7</ele>
    <time>2025-11-26T12:04:37Z</time>
   </trkpt>
   <trkpt lat="31.0099600" lon="75.7868160">
    <ele>235.7</ele>
    <time>2025-11-26T12:04:38Z</time>
   </trkpt>
   <trkpt lat="31.0099600" lon="75.7868160">
    <ele>235.7</ele>
    <time>2025-11-26T12:04:39Z</time>
   </trkpt>
   <trkpt lat="31.0099600" lon="75.7868160">
    <ele>235.7</ele>
    <time>2025-11-26T12:04:40Z</time>
   </trkpt>
   <trkpt lat="31.0099600" lon="75.7868160">
    <ele>235.7</ele>
    <time>2025-11-26T12:04:41Z</time>
   </trkpt>
   <trkpt lat="31.0099600" lon="75.7868160">
    <ele>235.7</ele>
    <time>2025-11-26T12:04:42Z</time>
   </trkpt>
   <trkpt lat="31.0099600" lon="75.7868160">
    <ele>235.7</ele>
    <time>2025-11-26T12:04:43Z</time>
   </trkpt>
   <trkpt lat="31.0099600" lon="75.7868160">
    <ele>235.7</ele>
    <time>2025-11-26T12:04:44Z</time>
   </trkpt>
   <trkpt lat="31.0099600" lon="75.7868160">
    <ele>235.7</ele>
    <time>2025-11-26T12:04:45Z</time>
   </trkpt>
   <trkpt lat="31.0099600" lon="75.7868160">
    <ele>235.7</ele>
    <time>2025-11-26T12:04:46Z</time>
   </trkpt>
   <trkpt lat="31.0099600" lon="75.7868160">
    <ele>235.7</ele>
    <time>2025-11-26T12:04:47Z</time>
   </trkpt>
   <trkpt lat="31.0099600" lon="75.7868160">
    <ele>235.7</ele>
    <time>2025-11-26T12:04:48Z</time>
   </trkpt>
   <trkpt lat="31.0099600" lon="75.7868160">
    <ele>235.7</ele>
    <time>2025-11-26T12:04:49Z</time>
   </trkpt>
   <trkpt lat="31.0099600" lon="75.7868160">
    <ele>235.7</ele>
    <time>2025-11-26T12:04:50Z</time>
   </trkpt>
   <trkpt lat="31.0099600" lon="75.7868160">
    <ele>235.7</ele>
    <time>2025-11-26T12:04:51Z</time>
   </trkpt>
   <trkpt lat="31.0099600" lon="75.7868160">
    <ele>235.7</ele>
    <time>2025-11-26T12:04:52Z</time>
   </trkpt>
   <trkpt lat="31.0099600" lon="75.7868160">
    <ele>235.7</ele>
    <time>2025-11-26T12:04:53Z</time>
   </trkpt>
   <trkpt lat="31.0099600" lon="75.7868160">
    <ele>235.7</ele>
    <time>2025-11-26T12:04:54Z</time>
   </trkpt>
   <trkpt lat="31.0099600" lon="75.7868160">
    <ele>235.7</ele>
    <time>2025-11-26T12:04:55Z</time>
   </trkpt>
   <trkpt lat="31.0099600" lon="75.7868160">
    <ele>235.7</ele>
    <time>2025-11-26T12:04:56Z</time>
   </trkpt>
   <trkpt lat="31.0099600" lon="75.7868160">
    <ele>235.7</ele>
    <time>2025-11-26T12:04:57Z</time>
   </trkpt>
   <trkpt lat="31.0099600" lon="75.7868160">
    <ele>235.7</ele>
    <time>2025-11-26T12:04:58Z</time>
   </trkpt>
   <trkpt lat="31.0099600" lon="75.7868160">
    <ele>235.7</ele>
    <time>2025-11-26T12:04:59Z</time>
   </trkpt>
   <trkpt lat="31.0099600" lon="75.7868160">
    <ele>235.7</ele>
    <time>2025-11-26T12:05:00Z</time>
   </trkpt>
   <trkpt lat="31.0099600" lon="75.7868160">
    <ele>235.7</ele>
    <time>2025-11-26T12:05:01Z</time>
   </trkpt>
   <trkpt lat="31.0099600" lon="75.7868160">
    <ele>235.7</ele>
    <time>2025-11-26T12:05:02Z</time>
   </trkpt>
   <trkpt lat="31.0099600" lon="75.7868160">
    <ele>235.7</ele>
    <time>2025-11-26T12:05:03Z</time>
   </trkpt>
   <trkpt lat="31.0099600" lon="75.7868160">
    <ele>235.7</ele>
    <time>2025-11-26T12:05:04Z</time>
   </trkpt>
   <trkpt lat="31.0099600" lon="75.7868160">
    <ele>235.7</ele>
    <time>2025-11-26T12:05:05Z</time>
   </trkpt>
   <trkpt lat="31.0099600" lon="75.7868160">
    <ele>235.7</ele>
    <time>2025-11-26T12:05:06Z</time>
   </trkpt>
   <trkpt lat="31.0099600" lon="75.7868160">
    <ele>235.7</ele>
    <time>2025-11-26T12:05:07Z</time>
   </trkpt>
   <trkpt lat="31.0099600" lon="75.7868160">
    <ele>235.7</ele>
    <time>2025-11-26T12:05:08Z</time>
   </trkpt>
   <trkpt lat="31.0099600" lon="75.7868160">
    <ele>235.7</ele>
    <time>2025-11-26T12:05:09Z</time>
   </trkpt>
   <trkpt lat="31.0099600" lon="75.7868160">
    <ele>235.7</ele>
    <time>2025-11-26T12:05:10Z</time>
   </trkpt>
   <trkpt lat="31.0099600" lon="75.7868160">
    <ele>235.7</ele>
    <time>2025-11-26T12:05:11Z</time>
   </trkpt>
   <trkpt lat="31.0099600" lon="75.7868160">
    <ele>235.7</ele>
    <time>2025-11-26T12:05:12Z</time>
   </trkpt>
   <trkpt lat="31.0099600" lon="75.7868160">
    <ele>235.7</ele>
    <time>2025-11-26T12:05:13Z</time>
   </trkpt>
   <trkpt lat="31.0099600" lon="75.7868160">
    <ele>235.7</ele>
    <time>2025-11-26T12:05:14Z</time>
   </trkpt>
   <trkpt lat="31.0099600" lon="75.7868160">
    <ele>235.7</ele>
    <time>2025-11-26T12:05:15Z</time>
   </trkpt>
   <trkpt lat="31.0099440" lon="75.7868270">
    <ele>235.7</ele>
    <time>2025-11-26T12:05:16Z</time>
   </trkpt>
   <trkpt lat="31.0099490" lon="75.7868320">
    <ele>235.7</ele>
    <time>2025-11-26T12:05:17Z</time>
   </trkpt>
   <trkpt lat="31.0099510" lon="75.7868420">
    <ele>235.7</ele>
    <time>2025-11-26T12:05:18Z</time>
   </trkpt>
   <trkpt lat="31.0099550" lon="75.7868530">
    <ele>235.7</ele>
    <time>2025-11-26T12:05:19Z</time>
   </trkpt>
   <trkpt lat="31.0099590" lon="75.7868520">
    <ele>235.7</ele>
    <time>2025-11-26T12:05:20Z</time>
   </trkpt>
   <trkpt lat="31.0099600" lon="75.7868560">
    <ele>235.7</ele>
    <time>2025-11-26T12:05:21Z</time>
   </trkpt>
   <trkpt lat="31.0099370" lon="75.7868720">
    <ele>235.7</ele>
    <time>2025-11-26T12:05:22Z</time>
   </trkpt>
   <trkpt lat="31.0099290" lon="75.7868810">
    <ele>235.7</ele>
    <time>2025-11-26T12:05:23Z</time>
   </trkpt>
   <trkpt lat="31.0099420" lon="75.7868750">
    <ele>235.7</ele>
    <time>2025-11-26T12:05:24Z</time>
   </trkpt>
   <trkpt lat="31.0099530" lon="75.7868720">
    <ele>235.6</ele>
    <time>2025-11-26T12:05:25Z</time>
   </trkpt>
   <trkpt lat="31.0099650" lon="75.7868690">
    <ele>235.6</ele>
    <time>2025-11-26T12:05:26Z</time>
   </trkpt>
   <trkpt lat="31.0099560" lon="75.7868730">
    <ele>235.6</ele>
    <time>2025-11-26T12:05:27Z</time>
   </trkpt>
   <trkpt lat="31.0099680" lon="75.7868550">
    <ele>235.6</ele>
    <time>2025-11-26T12:05:28Z</time>
   </trkpt>
   <trkpt lat="31.0099660" lon="75.7868530">
    <ele>235.6</ele>
    <time>2025-11-26T12:05:29Z</time>
   </trkpt>
   <trkpt lat="31.0099630" lon="75.7868530">
    <ele>235.6</ele>
    <time>2025-11-26T12:05:30Z</time>
   </trkpt>
   <trkpt lat="31.0099680" lon="75.7868530">
    <ele>235.6</ele>
    <time>2025-11-26T12:05:31Z</time>
   </trkpt>
   <trkpt lat="31.0099690" lon="75.7868550">
    <ele>235.6</ele>
    <time>2025-11-26T12:05:32Z</time>
   </trkpt>
   <trkpt lat="31.0099640" lon="75.7868620">
    <ele>235.6</ele>
    <time>2025-11-26T12:05:33Z</time>
   </trkpt>
   <trkpt lat="31.0099590" lon="75.7868650">
    <ele>235.6</ele>
    <time>2025-11-26T12:05:34Z</time>
   </trkpt>
   <trkpt lat="31.0099570" lon="75.7868650">
    <ele>235.6</ele>
    <time>2025-11-26T12:05:35Z</time>
   </trkpt>
   <trkpt lat="31.0099540" lon="75.7868730">
    <ele>235.6</ele>
    <time>2025-11-26T12:05:36Z</time>
   </trkpt>
   <trkpt lat="31.0099540" lon="75.7868740">
    <ele>235.6</ele>
    <time>2025-11-26T12:05:37Z</time>
   </trkpt>
   <trkpt lat="31.0099540" lon="75.7868740">
    <ele>235.6</ele>
    <time>2025-11-26T12:05:38Z</time>
   </trkpt>
   <trkpt lat="31.0099540" lon="75.7868740">
    <ele>235.6</ele>
    <time>2025-11-26T12:05:39Z</time>
   </trkpt>
   <trkpt lat="31.0099540" lon="75.7868740">
    <ele>235.6</ele>
    <time>2025-11-26T12:05:40Z</time>
   </trkpt>
   <trkpt lat="31.0099580" lon="75.7868690">
    <ele>235.6</ele>
    <time>2025-11-26T12:05:41Z</time>
   </trkpt>
   <trkpt lat="31.0099580" lon="75.7868700">
    <ele>235.6</ele>
    <time>2025-11-26T12:05:42Z</time>
   </trkpt>
   <trkpt lat="31.0099580" lon="75.7868700">
    <ele>235.6</ele>
    <time>2025-11-26T12:05:43Z</time>
   </trkpt>
   <trkpt lat="31.0099580" lon="75.7868680">
    <ele>235.6</ele>
    <time>2025-11-26T12:05:44Z</time>
   </trkpt>
   <trkpt lat="31.0099630" lon="75.7868680">
    <ele>235.6</ele>
    <time>2025-11-26T12:05:45Z</time>
   </trkpt>
   <trkpt lat="31.0099610" lon="75.7868670">
    <ele>235.6</ele>
    <time>2025-11-26T12:05:46Z</time>
   </trkpt>
   <trkpt lat="31.0099610" lon="75.7868680">
    <ele>235.6</ele>
    <time>2025-11-26T12:05:47Z</time>
   </trkpt>
   <trkpt lat="31.0099610" lon="75.7868680">
    <ele>235.6</ele>
    <time>2025-11-26T12:05:48Z</time>
   </trkpt>
   <trkpt lat="31.0099610" lon="75.7868680">
    <ele>235.6</ele>
    <time>2025-11-26T12:05:49Z</time>
   </trkpt>
   <trkpt lat="31.0099610" lon="75.7868680">
    <ele>235.6</ele>
    <time>2025-11-26T12:05:50Z</time>
   </trkpt>
   <trkpt lat="31.0099610" lon="75.7868680">
    <ele>235.6</ele>
    <time>2025-11-26T12:05:51Z</time>
   </trkpt>
   <trkpt lat="31.0099670" lon="75.7868720">
    <ele>235.6</ele>
    <time>2025-11-26T12:05:52Z</time>
   </trkpt>
   <trkpt lat="31.0099670" lon="75.7868730">
    <ele>235.6</ele>
    <time>2025-11-26T12:05:53Z</time>
   </trkpt>
   <trkpt lat="31.0099680" lon="75.7868720">
    <ele>235.6</ele>
    <time>2025-11-26T12:05:54Z</time>
   </trkpt>
   <trkpt lat="31.0099680" lon="75.7868720">
    <ele>235.6</ele>
    <time>2025-11-26T12:05:55Z</time>
   </trkpt>
   <trkpt lat="31.0099700" lon="75.7868690">
    <ele>235.6</ele>
    <time>2025-11-26T12:05:56Z</time>
   </trkpt>
   <trkpt lat="31.0099700" lon="75.7868700">
    <ele>235.6</ele>
    <time>2025-11-26T12:05:57Z</time>
   </trkpt>
   <trkpt lat="31.0099700" lon="75.7868700">
    <ele>235.6</ele>
    <time>2025-11-26T12:05:58Z</time>
   </trkpt>
   <trkpt lat="31.0099700" lon="75.7868700">
    <ele>235.6</ele>
    <time>2025-11-26T12:05:59Z</time>
   </trkpt>
   <trkpt lat="31.0099700" lon="75.7868700">
    <ele>235.6</ele>
    <time>2025-11-26T12:06:00Z</time>
   </trkpt>
   <trkpt lat="31.0099710" lon="75.7868690">
    <ele>235.6</ele>
    <time>2025-11-26T12:06:01Z</time>
   </trkpt>
   <trkpt lat="31.0099710" lon="75.7868670">
    <ele>235.6</ele>
    <time>2025-11-26T12:06:02Z</time>
   </trkpt>
   <trkpt lat="31.0099710" lon="75.7868670">
    <ele>235.6</ele>
    <time>2025-11-26T12:06:03Z</time>
   </trkpt>
   <trkpt lat="31.0099720" lon="75.7868680">
    <ele>235.6</ele>
    <time>2025-11-26T12:06:04Z</time>
   </trkpt>
   <trkpt lat="31.0099730" lon="75.7868670">
    <ele>235.6</ele>
    <time>2025-11-26T12:06:05Z</time>
   </trkpt>
   <trkpt lat="31.0099730" lon="75.7868680">
    <ele>235.6</ele>
    <time>2025-11-26T12:06:06Z</time>
   </trkpt>
   <trkpt lat="31.0099720" lon="75.7868690">
    <ele>235.6</ele>
    <time>2025-11-26T12:06:07Z</time>
   </trkpt>
   <trkpt lat="31.0099750" lon="75.7868690">
    <ele>235.6</ele>
    <time>2025-11-26T12:06:08Z</time>
   </trkpt>
   <trkpt lat="31.0099750" lon="75.7868690">
    <ele>235.6</ele>
    <time>2025-11-26T12:06:09Z</time>
   </trkpt>
   <trkpt lat="31.0099750" lon="75.7868690">
    <ele>235.6</ele>
    <time>2025-11-26T12:06:10Z</time>
   </trkpt>
   <trkpt lat="31.0099750" lon="75.7868690">
    <ele>235.6</ele>
    <time>2025-11-26T12:06:11Z</time>
   </trkpt>
   <trkpt lat="31.0099810" lon="75.7868720">
    <ele>235.6</ele>
    <time>2025-11-26T12:06:12Z</time>
   </trkpt>
   <trkpt lat="31.0099800" lon="75.7868740">
    <ele>235.6</ele>
    <time>2025-11-26T12:06:13Z</time>
   </trkpt>
   <trkpt lat="31.0099800" lon="75.7868750">
    <ele>235.6</ele>
    <time>2025-11-26T12:06:14Z</time>
   </trkpt>
   <trkpt lat="31.0099800" lon="75.7868750">
    <ele>235.6</ele>
    <time>2025-11-26T12:06:15Z</time>
   </trkpt>
   <trkpt lat="31.0099800" lon="75.7868750">
    <ele>235.6</ele>
    <time>2025-11-26T12:06:16Z</time>
   </trkpt>
   <trkpt lat="31.0099800" lon="75.7868750">
    <ele>235.6</ele>
    <time>2025-11-26T12:06:17Z</time>
   </trkpt>
   <trkpt lat="31.0099790" lon="75.7868690">
    <ele>235.5</ele>
    <time>2025-11-26T12:06:18Z</time>
   </trkpt>
   <trkpt lat="31.0099750" lon="75.7868730">
    <ele>235.5</ele>
    <time>2025-11-26T12:06:19Z</time>
   </trkpt>
   <trkpt lat="31.0099710" lon="75.7868760">
    <ele>235.5</ele>
    <time>2025-11-26T12:06:20Z</time>
   </trkpt>
   <trkpt lat="31.0099740" lon="75.7868730">
    <ele>235.5</ele>
    <time>2025-11-26T12:06:21Z</time>
   </trkpt>
   <trkpt lat="31.0099730" lon="75.7868690">
    <ele>235.5</ele>
    <time>2025-11-26T12:06:22Z</time>
   </trkpt>
   <trkpt lat="31.0099710" lon="75.7868700">
    <ele>235.5</ele>
    <time>2025-11-26T12:06:23Z</time>
   </trkpt>
   <trkpt lat="31.0099720" lon="75.7868690">
    <ele>235.5</ele>
    <time>2025-11-26T12:06:24Z</time>
   </trkpt>
   <trkpt lat="31.0099720" lon="75.7868690">
    <ele>235.5</ele>
    <time>2025-11-26T12:06:25Z</time>
   </trkpt>
   <trkpt lat="31.0099760" lon="75.7868650">
    <ele>235.5</ele>
    <time>2025-11-26T12:06:26Z</time>
   </trkpt>
   <trkpt lat="31.0099760" lon="75.7868580">
    <ele>235.5</ele>
    <time>2025-11-26T12:06:27Z</time>
   </trkpt>
   <trkpt lat="31.0099730" lon="75.7868580">
    <ele>235.5</ele>
    <time>2025-11-26T12:06:28Z</time>
   </trkpt>
   <trkpt lat="31.0099710" lon="75.7868480">
    <ele>235.5</ele>
    <time>2025-11-26T12:06:29Z</time>
   </trkpt>
   <trkpt lat="31.0099710" lon="75.7868430">
    <ele>235.5</ele>
    <time>2025-11-26T12:06:30Z</time>
   </trkpt>
   <trkpt lat="31.0099670" lon="75.7868470">
    <ele>235.5</ele>
    <time>2025-11-26T12:06:31Z</time>
   </trkpt>
   <trkpt lat="31.0099660" lon="75.7868480">
    <ele>235.5</ele>
    <time>2025-11-26T12:06:32Z</time>
   </trkpt>
   <trkpt lat="31.0099670" lon="75.7868480">
    <ele>235.5</ele>
    <time>2025-11-26T12:06:33Z</time>
   </trkpt>
   <trkpt lat="31.0099600" lon="75.7868460">
    <ele>235.5</ele>
    <time>2025-11-26T12:06:34Z</time>
   </trkpt>
   <trkpt lat="31.0099690" lon="75.7868330">
    <ele>235.5</ele>
    <time>2025-11-26T12:06:35Z</time>
   </trkpt>
   <trkpt lat="31.0099710" lon="75.7868300">
    <ele>235.5</ele>
    <time>2025-11-26T12:06:36Z</time>
   </trkpt>
   <trkpt lat="31.0099760" lon="75.7868300">
    <ele>235.5</ele>
    <time>2025-11-26T12:06:37Z</time>
   </trkpt>
   <trkpt lat="31.0099760" lon="75.7868470">
    <ele>235.5</ele>
    <time>2025-11-26T12:06:38Z</time>
   </trkpt>
   <trkpt lat="31.0099750" lon="75.7868630">
    <ele>235.5</ele>
    <time>2025-11-26T12:06:39Z</time>
   </trkpt>
   <trkpt lat="31.0099760" lon="75.7868690">
    <ele>235.5</ele>
    <time>2025-11-26T12:06:40Z</time>
   </trkpt>
   <trkpt lat="31.0099720" lon="75.7868680">
    <ele>235.5</ele>
    <time>2025-11-26T12:06:41Z</time>
   </trkpt>
   <trkpt lat="31.0099710" lon="75.7868720">
    <ele>235.5</ele>
    <time>2025-11-26T12:06:42Z</time>
   </trkpt>
   <trkpt lat="31.0099610" lon="75.7868640">
    <ele>235.4</ele>
    <time>2025-11-26T12:06:43Z</time>
   </trkpt>
   <trkpt lat="31.0099560" lon="75.7868430">
    <ele>235.4</ele>
    <time>2025-11-26T12:06:44Z</time>
   </trkpt>
   <trkpt lat="31.0099480" lon="75.7868220">
    <ele>235.4</ele>
    <time>2025-11-26T12:06:45Z</time>
   </trkpt>
   <trkpt lat="31.0099480" lon="75.7868220">
    <ele>235.4</ele>
    <time>2025-11-26T12:06:46Z</time>
   </trkpt>
  </trkseg>
 </trk>
</gpx>
